ora,Temperatura interna(℃),Umidità interna(%),Temperatura esterna(℃),Umidità esterna(%),Dew Point(℃),Feels Like(℃),Vento(km/h),Raffica(km/h),Direzione del vento(°),Pressione ass.(hpa),Pressione rel.(hpa),Radiazione Solare(w/m2),UVI,Piog. oraria(mm),Pioggia dell'evento(mm),Piog. Giorno(mm),Pioggia settimanale(mm),Pioggia mensile(mm),Pioggia annuale(mm),Pm2.5(ug/m3)
2025/8/31 23:59,24.7,64,15.2,93,14.0,15.2,0.0,3.2,3,950.2,1020.0,0.0,0,0.0,0.0,0.0,0.0,93.1,781.3,--
2025/8/31 23:59,24.7,64,15.2,93,14.0,15.2,2.5,3.2,2,950.3,1020.1,0.0,0,0.0,0.0,0.0,0.0,93.1,781.3,--
2025/9/1 0:00,24.7,64,15.2,93,14.0,15.2,2.5,3.2,2,950.3,1020.1,0.0,0,0.0,0.0,0.0,0.0,0.0,781.3,--
2025/9/1 0:01,24.7,64,15.2,93,14.0,15.2,0.0,2.5,86,950.4,1020.2,0.0,0,0.0,0.0,0.0,0.0,0.0,781.3,--
2025/9/1 0:02,24.7,64,15.2,93,14.0,15.2,1.8,1.8,8,950.4,1020.2,0.0,0,0.0,0.0,0.0,0.0,0.0,781.3,--
2025/9/1 0:03,24.7,64,15.1,93,13.9,15.1,0.0,2.2,332,950.3,1020.1,0.0,0,0.0,0.0,0.0,0.0,0.0,781.3,--
2025/9/1 0:04,24.7,64,15.1,93,13.9,15.1,0.0,1.8,168,950.4,1020.2,0.0,0,0.0,0.0,0.0,0.0,0.0,781.3,--
2025/9/1 0:05,24.7,64,15.1,93,13.9,15.1,0.0,2.5,16,950.4,1020.2,0.0,0,0.0,0.0,0.0,0.0,0.0,781.3,--
2025/9/1 0:06,24.7,64,15.0,93,13.9,15.0,2.2,3.2,61,950.4,1020.2,0.0,0,0.0,0.0,0.0,0.0,0.0,781.3,--
2025/9/1 0:07,24.7,64,15.0,93,13.9,15.0,0.0,1.8,63,950.3,1020.1,0.0,0,0.0,0.0,0.0,0.0,0.0,781.3,--
2025/9/1 0:08,24.7,64,15.0,93,13.9,15.0,0.0,2.5,52,950.3,1020.1,0.0,0,0.0,0.0,0.0,0.0,0.0,781.3,--
2025/9/1 0:09,24.7,64,14.9,93,13.8,14.9,0.0,2.5,99,950.1,1019.9,0.0,0,0.0,0.0,0.0,0.0,0.0,781.3,--
2025/9/1 0:10,24.7,64,14.9,93,13.8,14.9,0.0,2.5,77,950.3,1020.1,0.0,0,0.0,0.0,0.0,0.0,0.0,781.3,--
2025/9/1 0:11,24.7,64,14.9,94,13.9,14.9,2.2,2.9,334,950.2,1020.0,0.0,0,0.0,0.0,0.0,0.0,0.0,781.3,--
2025/9/1 0:12,24.7,64,14.9,94,13.9,14.9,0.0,2.9,310,950.3,1020.1,0.0,0,0.0,0.0,0.0,0.0,0.0,781.3,--
2025/9/1 0:13,24.7,64,14.8,94,13.8,14.8,0.0,2.9,1,950.3,1020.1,0.0,0,0.0,0.0,0.0,0.0,0.0,781.3,--
2025/9/1 0:14,24.7,64,14.8,94,13.8,14.8,1.8,3.2,29,950.4,1020.2,0.0,0,0.0,0.0,0.0,0.0,0.0,781.3,--
2025/9/1 0:15,24.7,64,14.8,94,13.8,14.8,2.9,4.7,17,950.3,1020.1,0.0,0,0.0,0.0,0.0,0.0,0.0,781.3,--
2025/9/1 0:16,24.7,64,14.7,94,13.7,14.7,2.9,4.3,19,950.5,1020.3,0.0,0,0.0,0.0,0.0,0.0,0.0,781.3,--
2025/9/1 0:17,24.7,64,14.7,94,13.7,14.7,0.0,2.2,21,950.4,1020.2,0.0,0,0.0,0.0,0.0,0.0,0.0,781.3,--
2025/9/1 0:18,24.7,64,14.7,94,13.7,14.7,2.5,2.9,22,950.3,1020.1,0.0,0,0.0,0.0,0.0,0.0,0.0,781.3,--
2025/9/1 0:19,24.7,64,14.7,94,13.7,14.7,0.0,1.8,358,950.1,1019.9,0.0,0,0.0,0.0,0.0,0.0,0.0,781.3,--
2025/9/1 0:20,24.7,64,14.6,94,13.6,14.6,0.0,2.2,46,950.2,1020.0,0.0,0,0.0,0.0,0.0,0.0,0.0,781.3,--
2025/9/1 0:21,24.7,64,14.6,95,13.8,14.6,0.0,2.9,17,950.2,1020.0,0.0,0,0.0,0.0,0.0,0.0,0.0,781.3,--
2025/9/1 0:22,24.7,64,14.6,95,13.8,14.6,0.0,2.5,45,950.0,1019.8,0.0,0,0.0,0.0,0.0,0.0,0.0,781.3,--
2025/9/1 0:23,24.7,64,14.6,95,13.8,14.6,2.2,3.2,17,950.4,1020.2,0.0,0,0.0,0.0,0.0,0.0,0.0,781.3,--
2025/9/1 0:24,24.8,64,14.6,95,13.8,14.6,2.5,2.5,353,950.4,1020.2,0.0,0,0.0,0.0,0.0,0.0,0.0,781.3,--
2025/9/1 0:25,24.7,64,14.6,95,13.8,14.6,1.8,2.5,328,950.2,1020.0,0.0,0,0.0,0.0,0.0,0.0,0.0,781.3,--
2025/9/1 0:26,24.7,64,14.6,95,13.8,14.6,2.5,3.2,19,950.2,1020.0,0.0,0,0.0,0.0,0.0,0.0,0.0,781.3,--
2025/9/1 0:27,24.7,64,14.6,95,13.8,14.6,0.0,2.2,37,950.3,1020.1,0.0,0,0.0,0.0,0.0,0.0,0.0,781.3,--
2025/9/1 0:28,24.7,64,14.6,95,13.8,14.6,0.0,0.0,359,950.2,1020.0,0.0,0,0.0,0.0,0.0,0.0,0.0,781.3,--
2025/9/1 0:29,24.7,64,14.5,95,13.7,14.5,0.0,2.5,51,950.3,1020.1,0.0,0,0.0,0.0,0.0,0.0,0.0,781.3,--
2025/9/1 0:30,24.7,65,14.5,95,13.7,14.5,0.0,1.8,137,950.2,1020.0,0.0,0,0.0,0.0,0.0,0.0,0.0,781.3,--
2025/9/1 0:31,24.7,65,14.5,95,13.7,14.5,2.9,2.9,33,950.2,1020.0,0.0,0,0.0,0.0,0.0,0.0,0.0,781.3,--
2025/9/1 0:32,24.7,65,14.5,95,13.7,14.5,0.0,0.0,240,950.3,1020.1,0.0,0,0.0,0.0,0.0,0.0,0.0,781.3,--
2025/9/1 0:33,24.7,65,14.5,95,13.7,14.5,2.2,2.5,104,950.1,1019.9,0.0,0,0.0,0.0,0.0,0.0,0.0,781.3,--
2025/9/1 0:34,24.7,65,14.5,95,13.7,14.5,0.0,0.0,44,950.1,1019.9,0.0,0,0.0,0.0,0.0,0.0,0.0,781.3,--
2025/9/1 0:35,24.7,65,14.5,95,13.7,14.5,1.8,2.5,123,950.1,1019.9,0.0,0,0.0,0.0,0.0,0.0,0.0,781.3,--
2025/9/1 0:36,24.7,65,14.5,95,13.7,14.5,0.0,1.8,301,950.1,1019.9,0.0,0,0.0,0.0,0.0,0.0,0.0,781.3,--
2025/9/1 0:37,24.7,65,14.5,95,13.7,14.5,0.0,2.9,341,950.1,1019.9,0.0,0,0.0,0.0,0.0,0.0,0.0,781.3,--
2025/9/1 0:38,24.7,65,14.5,95,13.7,14.5,0.0,2.9,7,950.2,1020.0,0.0,0,0.0,0.0,0.0,0.0,0.0,781.3,--
2025/9/1 0:39,24.7,65,14.5,95,13.7,14.5,2.2,3.2,78,950.1,1019.9,0.0,0,0.0,0.0,0.0,0.0,0.0,781.3,--
2025/9/1 0:40,24.7,65,14.5,95,13.7,14.5,2.5,3.6,62,950.3,1020.1,0.0,0,0.0,0.0,0.0,0.0,0.0,781.3,--
2025/9/1 0:41,24.7,65,14.6,95,13.8,14.6,2.9,3.2,49,950.3,1020.1,0.0,0,0.0,0.0,0.0,0.0,0.0,781.3,--
2025/9/1 0:42,24.7,65,14.6,95,13.8,14.6,1.8,4.0,70,950.1,1019.9,0.0,0,0.0,0.0,0.0,0.0,0.0,781.3,--
2025/9/1 0:43,24.7,65,14.7,94,13.7,14.7,2.2,2.9,36,950.2,1020.0,0.0,0,0.0,0.0,0.0,0.0,0.0,781.3,--
2025/9/1 0:44,24.7,65,14.7,94,13.7,14.7,2.5,2.9,71,950.1,1019.9,0.0,0,0.0,0.0,0.0,0.0,0.0,781.3,--
2025/9/1 0:45,24.8,65,14.7,94,13.7,14.7,0.0,2.2,80,950.3,1020.1,0.0,0,0.0,0.0,0.0,0.0,0.0,781.3,--
2025/9/1 0:46,24.8,65,14.7,94,13.7,14.7,0.0,2.9,31,950.3,1020.1,0.0,0,0.0,0.0,0.0,0.0,0.0,781.3,--
2025/9/1 0:47,24.7,65,14.6,94,13.6,14.6,0.0,4.0,355,950.3,1020.1,0.0,0,0.0,0.0,0.0,0.0,0.0,781.3,--
2025/9/1 0:48,24.8,65,14.6,94,13.6,14.6,1.8,2.2,4,950.2,1020.0,0.0,0,0.0,0.0,0.0,0.0,0.0,781.3,--
2025/9/1 0:49,24.8,65,14.6,94,13.6,14.6,0.0,2.2,69,950.3,1020.1,0.0,0,0.0,0.0,0.0,0.0,0.0,781.3,--
2025/9/1 0:50,24.8,65,14.6,94,13.6,14.6,0.0,2.2,41,950.4,1020.2,0.0,0,0.0,0.0,0.0,0.0,0.0,781.3,--
2025/9/1 0:51,24.8,65,14.6,94,13.6,14.6,0.0,1.8,193,950.1,1019.9,0.0,0,0.0,0.0,0.0,0.0,0.0,781.3,--
2025/9/1 0:52,24.8,65,14.5,94,13.5,14.5,2.2,2.9,58,950.4,1020.2,0.0,0,0.0,0.0,0.0,0.0,0.0,781.3,--
2025/9/1 0:53,24.8,65,14.6,94,13.6,14.6,0.0,2.2,289,950.2,1020.0,0.0,0,0.0,0.0,0.0,0.0,0.0,781.3,--
2025/9/1 0:54,24.8,65,14.6,94,13.6,14.6,1.8,3.6,291,950.3,1020.1,0.0,0,0.0,0.0,0.0,0.0,0.0,781.3,--
2025/9/1 0:55,24.8,65,14.7,93,13.6,14.7,2.5,4.3,279,950.2,1020.0,0.0,0,0.0,0.0,0.0,0.0,0.0,781.3,--
2025/9/1 0:56,24.8,65,15.0,92,13.8,15.0,0.0,2.9,194,950.3,1020.1,0.0,0,0.0,0.0,0.0,0.0,0.0,781.3,--
2025/9/1 0:57,24.8,65,15.1,92,13.8,15.1,2.2,2.5,315,950.2,1020.0,0.0,0,0.0,0.0,0.0,0.0,0.0,781.3,--
2025/9/1 0:58,24.8,65,15.1,91,13.7,15.1,1.8,2.5,24,950.2,1020.0,0.0,0,0.0,0.0,0.0,0.0,0.0,781.3,--
2025/9/1 0:59,24.8,65,15.2,91,13.8,15.2,2.2,3.2,342,950.2,1020.0,0.0,0,0.0,0.0,0.0,0.0,0.0,781.3,--
2025/9/1 1:00,24.8,65,15.2,91,13.8,15.2,1.8,3.2,3,950.2,1020.0,0.0,0,0.0,0.0,0.0,0.0,0.0,781.3,--
2025/9/1 1:01,24.8,65,15.2,91,13.8,15.2,2.2,3.2,321,950.3,1020.1,0.0,0,0.0,0.0,0.0,0.0,0.0,781.3,--
2025/9/1 1:02,24.7,65,15.2,91,13.8,15.2,0.0,2.9,25,950.1,1019.9,0.0,0,0.0,0.0,0.0,0.0,0.0,781.3,--
2025/9/1 1:03,24.7,65,15.2,91,13.8,15.2,2.2,2.9,11,950.2,1020.0,0.0,0,0.0,0.0,0.0,0.0,0.0,781.3,--
2025/9/1 1:04,24.8,65,15.2,91,13.8,15.2,0.0,2.5,344,950.1,1019.9,0.0,0,0.0,0.0,0.0,0.0,0.0,781.3,--
2025/9/1 1:05,24.8,65,15.2,91,13.8,15.2,0.0,1.8,298,950.1,1019.9,0.0,0,0.0,0.0,0.0,0.0,0.0,781.3,--
2025/9/1 1:06,24.8,65,15.2,91,13.8,15.2,0.0,2.9,30,950.1,1019.9,0.0,0,0.0,0.0,0.0,0.0,0.0,781.3,--
2025/9/1 1:07,24.8,65,15.2,91,13.8,15.2,0.0,2.2,356,950.2,1020.0,0.0,0,0.0,0.0,0.0,0.0,0.0,781.3,--
2025/9/1 1:08,24.8,65,15.2,91,13.8,15.2,0.0,2.2,30,950.0,1019.8,0.0,0,0.0,0.0,0.0,0.0,0.0,781.3,--
2025/9/1 1:09,24.8,65,15.1,91,13.7,15.1,0.0,1.8,35,950.1,1019.9,0.0,0,0.0,0.0,0.0,0.0,0.0,781.3,--
2025/9/1 1:10,24.9,65,15.1,91,13.7,15.1,0.0,2.9,0,950.2,1020.0,0.0,0,0.0,0.0,0.0,0.0,0.0,781.3,--
2025/9/1 1:11,24.8,65,15.1,91,13.7,15.1,2.2,2.9,12,950.0,1019.8,0.0,0,0.0,0.0,0.0,0.0,0.0,781.3,--
2025/9/1 1:12,24.8,65,15.1,91,13.7,15.1,2.5,3.6,44,950.0,1019.8,0.0,0,0.0,0.0,0.0,0.0,0.0,781.3,--
2025/9/1 1:13,24.8,65,15.2,91,13.8,15.2,2.5,3.6,98,950.0,1019.8,0.0,0,0.0,0.0,0.0,0.0,0.0,781.3,--
2025/9/1 1:14,24.8,65,15.2,91,13.8,15.2,0.0,2.2,70,950.0,1019.8,0.0,0,0.0,0.0,0.0,0.0,0.0,781.3,--
2025/9/1 1:15,24.8,65,15.2,91,13.8,15.2,0.0,0.0,56,950.0,1019.8,0.0,0,0.0,0.0,0.0,0.0,0.0,781.3,--
2025/9/1 1:16,24.8,65,15.2,91,13.8,15.2,2.9,2.9,132,950.2,1020.0,0.0,0,0.0,0.0,0.0,0.0,0.0,781.3,--
2025/9/1 1:17,24.8,65,15.3,91,13.9,15.3,2.9,5.0,122,950.0,1019.8,0.0,0,0.0,0.0,0.0,0.0,0.0,781.3,--
2025/9/1 1:18,24.8,65,15.5,91,14.1,15.5,4.0,4.0,108,950.0,1019.8,0.0,0,0.0,0.0,0.0,0.0,0.0,781.3,--
2025/9/1 1:19,24.8,65,15.5,90,13.9,15.5,3.2,5.0,98,950.1,1019.9,0.0,0,0.0,0.0,0.0,0.0,0.0,781.3,--
2025/9/1 1:20,24.8,65,15.5,90,13.9,15.5,4.3,4.3,120,950.0,1019.8,0.0,0,0.0,0.0,0.0,0.0,0.0,781.3,--
2025/9/1 1:21,24.8,65,15.6,90,14.0,15.6,2.9,4.3,134,950.1,1019.9,0.0,0,0.0,0.0,0.0,0.0,0.0,781.3,--
2025/9/1 1:22,24.8,65,15.6,90,14.0,15.6,1.8,4.3,126,950.2,1020.0,0.0,0,0.0,0.0,0.0,0.0,0.0,781.3,--
2025/9/1 1:23,24.7,65,15.5,90,13.9,15.5,2.2,2.5,62,950.1,1019.9,0.0,0,0.0,0.0,0.0,0.0,0.0,781.3,--
2025/9/1 1:24,24.8,65,15.5,90,13.9,15.5,1.8,2.9,46,950.2,1020.0,0.0,0,0.0,0.0,0.0,0.0,0.0,781.3,--
2025/9/1 1:25,24.8,65,15.5,90,13.9,15.5,0.0,1.8,84,950.3,1020.1,0.0,0,0.0,0.0,0.0,0.0,0.0,781.3,--
2025/9/1 1:26,24.8,65,15.4,90,13.8,15.4,2.2,4.3,23,950.1,1019.9,0.0,0,0.0,0.0,0.0,0.0,0.0,781.3,--
2025/9/1 1:27,24.8,65,15.4,90,13.8,15.4,2.9,4.0,56,950.3,1020.1,0.0,0,0.0,0.0,0.0,0.0,0.0,781.3,--
2025/9/1 1:28,24.8,65,15.4,90,13.8,15.4,0.0,2.5,80,950.2,1020.0,0.0,0,0.0,0.0,0.0,0.0,0.0,781.3,--
2025/9/1 1:29,24.8,65,15.3,90,13.7,15.3,1.8,2.5,36,950.2,1020.0,0.0,0,0.0,0.0,0.0,0.0,0.0,781.3,--
2025/9/1 1:30,24.8,65,15.2,91,13.8,15.2,0.0,2.9,14,950.0,1019.8,0.0,0,0.0,0.0,0.0,0.0,0.0,781.3,--
2025/9/1 1:31,24.8,65,15.1,92,13.8,15.1,2.2,2.2,314,950.3,1020.1,0.0,0,0.0,0.0,0.0,0.0,0.0,781.3,--
2025/9/1 1:32,24.8,65,15.0,92,13.8,15.0,1.8,2.5,354,950.4,1020.2,0.0,0,0.0,0.0,0.0,0.0,0.0,781.3,--
2025/9/1 1:33,24.8,65,14.9,92,13.7,14.9,0.0,2.5,342,950.2,1020.0,0.0,0,0.0,0.0,0.0,0.0,0.0,781.3,--
2025/9/1 1:34,24.8,65,14.8,93,13.7,14.8,0.0,2.2,296,950.3,1020.1,0.0,0,0.0,0.0,0.0,0.0,0.0,781.3,--
2025/9/1 1:35,24.8,65,14.7,93,13.6,14.7,2.5,3.2,43,950.1,1019.9,0.0,0,0.0,0.0,0.0,0.0,0.0,781.3,--
2025/9/1 1:36,24.8,65,14.7,93,13.6,14.7,0.0,2.2,31,950.1,1019.9,0.0,0,0.0,0.0,0.0,0.0,0.0,781.3,--
2025/9/1 1:37,24.8,65,14.7,93,13.6,14.7,0.0,2.5,357,950.2,1020.0,0.0,0,0.0,0.0,0.0,0.0,0.0,781.3,--
2025/9/1 1:38,24.8,65,14.6,93,13.5,14.6,0.0,2.2,4,950.4,1020.2,0.0,0,0.0,0.0,0.0,0.0,0.0,781.3,--
2025/9/1 1:39,24.8,65,14.6,93,13.5,14.6,0.0,1.8,342,950.2,1020.0,0.0,0,0.0,0.0,0.0,0.0,0.0,781.3,--
2025/9/1 1:40,24.8,65,14.6,93,13.5,14.6,0.0,2.2,202,950.3,1020.1,0.0,0,0.0,0.0,0.0,0.0,0.0,781.3,--
2025/9/1 1:41,24.8,65,14.6,93,13.5,14.6,0.0,2.5,21,950.2,1020.0,0.0,0,0.0,0.0,0.0,0.0,0.0,781.3,--
2025/9/1 1:42,24.8,65,14.6,94,13.6,14.6,2.9,2.9,34,950.2,1020.0,0.0,0,0.0,0.0,0.0,0.0,0.0,781.3,--
2025/9/1 1:43,24.8,65,14.6,94,13.6,14.6,2.5,4.3,25,950.3,1020.1,0.0,0,0.0,0.0,0.0,0.0,0.0,781.3,--
2025/9/1 1:44,24.8,65,14.6,94,13.6,14.6,1.8,2.5,331,950.1,1019.9,0.0,0,0.0,0.0,0.0,0.0,0.0,781.3,--
2025/9/1 1:45,24.8,65,14.6,94,13.6,14.6,0.0,2.9,358,950.2,1020.0,0.0,0,0.0,0.0,0.0,0.0,0.0,781.3,--
2025/9/1 1:46,24.8,65,14.5,94,13.5,14.5,2.2,3.6,26,950.1,1019.9,0.0,0,0.0,0.0,0.0,0.0,0.0,781.3,--
2025/9/1 1:47,24.8,65,14.5,94,13.5,14.5,0.0,3.2,93,950.0,1019.8,0.0,0,0.0,0.0,0.0,0.0,0.0,781.3,--
2025/9/1 1:48,24.8,65,14.5,94,13.5,14.5,2.2,2.9,55,950.0,1019.8,0.0,0,0.0,0.0,0.0,0.0,0.0,781.3,--
2025/9/1 1:49,24.8,65,14.4,94,13.4,14.4,0.0,3.2,50,950.1,1019.9,0.0,0,0.0,0.0,0.0,0.0,0.0,781.3,--
2025/9/1 1:50,24.8,66,14.4,94,13.4,14.4,2.5,3.2,10,950.1,1019.9,0.0,0,0.0,0.0,0.0,0.0,0.0,781.3,--
2025/9/1 1:51,24.8,66,14.4,94,13.4,14.4,1.8,2.9,5,950.0,1019.8,0.0,0,0.0,0.0,0.0,0.0,0.0,781.3,--
2025/9/1 1:52,24.8,65,14.4,94,13.4,14.4,1.8,2.5,331,950.0,1019.8,0.0,0,0.0,0.0,0.0,0.0,0.0,781.3,--
2025/9/1 1:53,24.8,65,14.4,94,13.4,14.4,2.2,3.2,310,950.1,1019.9,0.0,0,0.0,0.0,0.0,0.0,0.0,781.3,--
2025/9/1 1:54,24.8,66,14.5,94,13.5,14.5,1.8,2.2,329,949.9,1019.7,0.0,0,0.0,0.0,0.0,0.0,0.0,781.3,--
2025/9/1 1:55,24.8,65,14.6,94,13.6,14.6,1.8,3.6,358,949.9,1019.7,0.0,0,0.0,0.0,0.0,0.0,0.0,781.3,--
2025/9/1 1:56,24.8,65,14.6,94,13.6,14.6,1.8,1.8,16,949.9,1019.7,0.0,0,0.0,0.0,0.0,0.0,0.0,781.3,--
2025/9/1 1:57,24.8,65,14.6,94,13.6,14.6,3.6,3.6,311,950.0,1019.8,0.0,0,0.0,0.0,0.0,0.0,0.0,781.3,--
2025/9/1 1:58,24.8,65,14.6,94,13.6,14.6,2.2,3.6,292,949.9,1019.7,0.0,0,0.0,0.0,0.0,0.0,0.0,781.3,--
2025/9/1 1:59,24.8,65,14.7,93,13.6,14.7,2.2,3.2,289,949.9,1019.7,0.0,0,0.0,0.0,0.0,0.0,0.0,781.3,--
2025/9/1 2:00,24.8,65,14.8,93,13.7,14.8,2.5,4.0,310,950.0,1019.8,0.0,0,0.0,0.0,0.0,0.0,0.0,781.3,--
2025/9/1 2:01,24.8,65,14.8,92,13.6,14.8,2.5,3.6,28,949.8,1019.6,0.0,0,0.0,0.0,0.0,0.0,0.0,781.3,--
2025/9/1 2:02,24.8,65,14.8,93,13.7,14.8,0.0,2.5,323,949.6,1019.4,0.0,0,0.0,0.0,0.0,0.0,0.0,781.3,--
2025/9/1 2:03,24.8,65,14.8,93,13.7,14.8,2.5,3.6,34,949.8,1019.6,0.0,0,0.0,0.0,0.0,0.0,0.0,781.3,--
2025/9/1 2:04,24.8,65,14.7,93,13.6,14.7,0.0,2.2,330,949.8,1019.6,0.0,0,0.0,0.0,0.0,0.0,0.0,781.3,--
2025/9/1 2:05,24.8,65,14.7,93,13.6,14.7,0.0,2.5,341,949.9,1019.7,0.0,0,0.0,0.0,0.0,0.0,0.0,781.3,--
2025/9/1 2:06,24.8,65,14.6,93,13.5,14.6,0.0,2.5,112,949.9,1019.7,0.0,0,0.0,0.0,0.0,0.0,0.0,781.3,--
2025/9/1 2:07,24.8,65,14.6,93,13.5,14.6,0.0,2.9,347,949.7,1019.5,0.0,0,0.0,0.0,0.0,0.0,0.0,781.3,--
2025/9/1 2:08,24.8,65,14.5,93,13.4,14.5,1.8,2.2,127,949.6,1019.4,0.0,0,0.0,0.0,0.0,0.0,0.0,781.3,--
2025/9/1 2:09,24.8,65,14.5,93,13.4,14.5,2.9,4.3,32,949.8,1019.6,0.0,0,0.0,0.0,0.0,0.0,0.0,781.3,--
2025/9/1 2:10,24.8,65,14.5,93,13.4,14.5,2.9,3.6,55,949.7,1019.5,0.0,0,0.0,0.0,0.0,0.0,0.0,781.3,--
2025/9/1 2:11,24.8,65,14.5,94,13.5,14.5,2.5,3.2,15,949.6,1019.4,0.0,0,0.0,0.0,0.0,0.0,0.0,781.3,--
2025/9/1 2:12,24.8,65,14.4,94,13.4,14.4,4.0,5.8,48,949.6,1019.4,0.0,0,0.0,0.0,0.0,0.0,0.0,781.3,--
2025/9/1 2:13,24.8,65,14.4,94,13.4,14.4,0.0,2.5,87,949.6,1019.4,0.0,0,0.0,0.0,0.0,0.0,0.0,781.3,--
2025/9/1 2:14,24.8,65,14.3,94,13.3,14.3,1.8,2.2,262,949.7,1019.5,0.0,0,0.0,0.0,0.0,0.0,0.0,781.3,--
2025/9/1 2:15,24.8,65,14.2,94,13.2,14.2,2.2,3.6,29,949.6,1019.4,0.0,0,0.0,0.0,0.0,0.0,0.0,781.3,--
2025/9/1 2:16,24.8,65,14.2,94,13.2,14.2,0.0,2.5,101,949.8,1019.6,0.0,0,0.0,0.0,0.0,0.0,0.0,781.3,--
2025/9/1 2:17,24.8,65,14.2,95,13.4,14.2,2.2,3.6,1,949.8,1019.6,0.0,0,0.0,0.0,0.0,0.0,0.0,781.3,--
2025/9/1 2:18,24.8,65,14.2,94,13.2,14.2,4.0,5.4,29,949.7,1019.5,0.0,0,0.0,0.0,0.0,0.0,0.0,781.3,--
2025/9/1 2:19,24.8,65,14.2,94,13.2,14.2,2.2,3.6,20,949.7,1019.5,0.0,0,0.0,0.0,0.0,0.0,0.0,781.3,--
2025/9/1 2:20,24.8,65,14.2,94,13.2,14.2,0.0,0.0,135,949.7,1019.5,0.0,0,0.0,0.0,0.0,0.0,0.0,781.3,--
2025/9/1 2:21,24.8,65,14.1,94,13.1,14.1,0.0,1.8,39,949.7,1019.5,0.0,0,0.0,0.0,0.0,0.0,0.0,781.3,--
2025/9/1 2:22,24.8,65,14.1,94,13.1,14.1,2.2,3.2,6,949.6,1019.4,0.0,0,0.0,0.0,0.0,0.0,0.0,781.3,--
2025/9/1 2:23,24.8,65,14.1,95,13.3,14.1,3.2,4.0,27,949.6,1019.4,0.0,0,0.0,0.0,0.0,0.0,0.0,781.3,--
2025/9/1 2:24,24.9,65,14.1,95,13.3,14.1,0.0,3.2,340,949.7,1019.5,0.0,0,0.0,0.0,0.0,0.0,0.0,781.3,--
2025/9/1 2:25,24.8,65,14.1,95,13.3,14.1,2.2,2.5,10,949.7,1019.5,0.0,0,0.0,0.0,0.0,0.0,0.0,781.3,--
2025/9/1 2:26,24.8,65,14.1,95,13.3,14.1,2.9,4.7,9,949.7,1019.5,0.0,0,0.0,0.0,0.0,0.0,0.0,781.3,--
2025/9/1 2:27,24.8,65,14.0,95,13.2,14.0,5.0,5.4,22,949.7,1019.5,0.0,0,0.0,0.0,0.0,0.0,0.0,781.3,--
2025/9/1 2:28,24.9,65,14.0,95,13.2,14.0,3.6,4.0,19,949.8,1019.6,0.0,0,0.0,0.0,0.0,0.0,0.0,781.3,--
2025/9/1 2:29,24.8,65,14.0,95,13.2,14.0,2.2,4.0,45,949.7,1019.5,0.0,0,0.0,0.0,0.0,0.0,0.0,781.3,--
2025/9/1 2:30,24.8,65,14.0,95,13.2,14.0,2.9,3.6,313,949.8,1019.6,0.0,0,0.0,0.0,0.0,0.0,0.0,781.3,--
2025/9/1 2:31,24.8,65,14.0,95,13.2,14.0,1.8,2.5,70,949.7,1019.5,0.0,0,0.0,0.0,0.0,0.0,0.0,781.3,--
2025/9/1 2:32,24.8,65,14.0,95,13.2,14.0,1.8,2.2,268,949.8,1019.6,0.0,0,0.0,0.0,0.0,0.0,0.0,781.3,--
2025/9/1 2:33,24.8,65,14.0,95,13.2,14.0,4.0,4.0,324,949.7,1019.5,0.0,0,0.0,0.0,0.0,0.0,0.0,781.3,--
2025/9/1 2:34,24.8,65,14.0,95,13.2,14.0,1.8,1.8,328,949.7,1019.5,0.0,0,0.0,0.0,0.0,0.0,0.0,781.3,--
2025/9/1 2:35,24.8,65,14.1,95,13.3,14.1,2.2,3.2,347,949.5,1019.3,0.0,0,0.0,0.0,0.0,0.0,0.0,781.3,--
2025/9/1 2:36,24.8,65,14.2,95,13.4,14.2,2.2,2.9,331,949.7,1019.5,0.0,0,0.0,0.0,0.0,0.0,0.0,781.3,--
2025/9/1 2:37,24.8,65,14.1,95,13.3,14.1,0.0,3.2,60,949.8,1019.6,0.0,0,0.0,0.0,0.0,0.0,0.0,781.3,--
2025/9/1 2:38,24.9,65,14.1,95,13.3,14.1,0.0,1.8,320,949.4,1019.2,0.0,0,0.0,0.0,0.0,0.0,0.0,781.3,--
2025/9/1 2:39,24.9,65,14.2,95,13.4,14.2,2.9,3.6,29,949.7,1019.5,0.0,0,0.0,0.0,0.0,0.0,0.0,781.3,--
2025/9/1 2:40,24.8,65,14.2,95,13.4,14.2,0.0,3.6,333,949.6,1019.4,0.0,0,0.0,0.0,0.0,0.0,0.0,781.3,--
2025/9/1 2:41,24.8,65,14.2,94,13.2,14.2,2.5,2.5,357,949.8,1019.6,0.0,0,0.0,0.0,0.0,0.0,0.0,781.3,--
2025/9/1 2:42,24.8,65,14.2,94,13.2,14.2,1.8,2.2,68,949.6,1019.4,0.0,0,0.0,0.0,0.0,0.0,0.0,781.3,--
2025/9/1 2:43,24.9,65,14.2,94,13.2,14.2,0.0,3.6,42,949.7,1019.5,0.0,0,0.0,0.0,0.0,0.0,0.0,781.3,--
2025/9/1 2:44,24.9,65,14.3,94,13.3,14.3,2.9,3.6,45,949.8,1019.6,0.0,0,0.0,0.0,0.0,0.0,0.0,781.3,--
2025/9/1 2:45,24.9,65,14.3,94,13.3,14.3,0.0,2.5,22,949.8,1019.6,0.0,0,0.0,0.0,0.0,0.0,0.0,781.3,--
2025/9/1 2:46,24.9,65,14.2,94,13.2,14.2,0.0,2.2,23,949.7,1019.5,0.0,0,0.0,0.0,0.0,0.0,0.0,781.3,--
2025/9/1 2:47,24.9,65,14.2,94,13.2,14.2,0.0,2.2,352,949.8,1019.6,0.0,0,0.0,0.0,0.0,0.0,0.0,781.3,--
2025/9/1 2:48,24.9,65,14.1,94,13.1,14.1,0.0,2.9,46,949.8,1019.6,0.0,0,0.0,0.0,0.0,0.0,0.0,781.3,--
2025/9/1 2:49,24.9,65,14.0,94,13.0,14.0,1.8,2.5,30,949.7,1019.5,0.0,0,0.0,0.0,0.0,0.0,0.0,781.3,--
2025/9/1 2:50,24.9,65,14.0,95,13.2,14.0,3.6,4.0,23,949.8,1019.6,0.0,0,0.0,0.0,0.0,0.0,0.0,781.3,--
2025/9/1 2:51,24.9,65,14.0,95,13.2,14.0,2.9,4.0,9,949.9,1019.7,0.0,0,0.0,0.0,0.0,0.0,0.0,781.3,--
2025/9/1 2:52,24.9,65,13.9,95,13.1,13.9,0.0,3.2,355,949.9,1019.7,0.0,0,0.0,0.0,0.0,0.0,0.0,781.3,--
2025/9/1 2:53,24.9,65,13.8,95,13.0,13.8,0.0,2.2,332,949.8,1019.6,0.0,0,0.0,0.0,0.0,0.0,0.0,781.3,--
2025/9/1 2:54,24.9,65,13.8,95,13.0,13.8,0.0,2.2,206,949.8,1019.6,0.0,0,0.0,0.0,0.0,0.0,0.0,781.3,--
2025/9/1 2:55,24.9,65,13.8,95,13.0,13.8,0.0,2.5,75,949.7,1019.5,0.0,0,0.0,0.0,0.0,0.0,0.0,781.3,--
2025/9/1 2:56,24.9,65,13.8,95,13.0,13.8,0.0,2.9,354,950.0,1019.8,0.0,0,0.0,0.0,0.0,0.0,0.0,781.3,--
2025/9/1 2:57,24.9,65,13.8,95,13.0,13.8,0.0,2.5,336,949.7,1019.5,0.0,0,0.0,0.0,0.0,0.0,0.0,781.3,--
2025/9/1 2:58,24.9,65,13.7,96,13.1,13.7,0.0,3.6,12,949.8,1019.6,0.0,0,0.0,0.0,0.0,0.0,0.0,781.3,--
2025/9/1 2:59,24.9,65,13.7,96,13.1,13.7,0.0,2.9,325,949.9,1019.7,0.0,0,0.0,0.0,0.0,0.0,0.0,781.3,--
2025/9/1 3:00,24.9,65,13.7,96,13.1,13.7,1.8,3.2,293,949.6,1019.4,0.0,0,0.0,0.0,0.0,0.0,0.0,781.3,--
2025/9/1 3:01,24.9,65,13.7,96,13.1,13.7,0.0,2.5,59,949.8,1019.6,0.0,0,0.0,0.0,0.0,0.0,0.0,781.3,--
2025/9/1 3:02,24.9,64,13.7,96,13.1,13.7,2.2,2.2,340,949.7,1019.5,0.0,0,0.0,0.0,0.0,0.0,0.0,781.3,--
2025/9/1 3:03,24.9,64,13.7,96,13.1,13.7,2.2,3.6,15,949.9,1019.7,0.0,0,0.0,0.0,0.0,0.0,0.0,781.3,--
2025/9/1 3:04,24.9,64,13.7,96,13.1,13.7,2.2,3.2,35,949.9,1019.7,0.0,0,0.0,0.0,0.0,0.0,0.0,781.3,--
2025/9/1 3:05,24.9,64,13.7,96,13.1,13.7,0.0,2.9,355,949.9,1019.7,0.0,0,0.0,0.0,0.0,0.0,0.0,781.3,--
2025/9/1 3:06,24.9,64,13.7,96,13.1,13.7,3.2,4.0,8,949.7,1019.5,0.0,0,0.0,0.0,0.0,0.0,0.0,781.3,--
2025/9/1 3:07,24.9,65,13.7,96,13.1,13.7,2.9,4.3,21,949.9,1019.7,0.0,0,0.0,0.0,0.0,0.0,0.0,781.3,--
2025/9/1 3:08,24.9,65,13.7,96,13.1,13.7,1.8,2.9,279,949.9,1019.7,0.0,0,0.0,0.0,0.0,0.0,0.0,781.3,--
2025/9/1 3:09,24.9,64,13.7,96,13.1,13.7,0.0,3.2,20,949.8,1019.6,0.0,0,0.0,0.0,0.0,0.0,0.0,781.3,--
2025/9/1 3:10,24.9,64,13.7,96,13.1,13.7,2.5,3.2,354,949.9,1019.7,0.0,0,0.0,0.0,0.0,0.0,0.0,781.3,--
2025/9/1 3:11,24.9,65,13.7,96,13.1,13.7,2.9,4.0,18,949.9,1019.7,0.0,0,0.0,0.0,0.0,0.0,0.0,781.3,--
2025/9/1 3:12,24.9,65,13.7,96,13.1,13.7,2.9,4.0,352,949.7,1019.5,0.0,0,0.0,0.0,0.0,0.0,0.0,781.3,--
2025/9/1 3:13,24.9,65,13.7,96,13.1,13.7,2.5,3.2,11,949.8,1019.6,0.0,0,0.0,0.0,0.0,0.0,0.0,781.3,--
2025/9/1 3:14,24.9,65,13.7,96,13.1,13.7,1.8,2.5,29,949.8,1019.6,0.0,0,0.0,0.0,0.0,0.0,0.0,781.3,--
2025/9/1 3:15,24.9,65,13.7,96,13.1,13.7,0.0,2.9,358,949.6,1019.4,0.0,0,0.0,0.0,0.0,0.0,0.0,781.3,--
2025/9/1 3:16,24.9,65,13.7,96,13.1,13.7,0.0,2.9,269,949.8,1019.6,0.0,0,0.0,0.0,0.0,0.0,0.0,781.3,--
2025/9/1 3:17,24.9,65,13.7,96,13.1,13.7,0.0,2.2,300,949.8,1019.6,0.0,0,0.0,0.0,0.0,0.0,0.0,781.3,--
2025/9/1 3:18,24.9,65,13.7,96,13.1,13.7,2.2,3.6,25,949.7,1019.5,0.0,0,0.0,0.0,0.0,0.0,0.0,781.3,--
2025/9/1 3:19,24.8,65,13.8,96,13.2,13.8,1.8,2.5,332,949.9,1019.7,0.0,0,0.0,0.0,0.0,0.0,0.0,781.3,--
2025/9/1 3:20,24.9,65,13.9,96,13.3,13.9,2.2,3.2,22,949.7,1019.5,0.0,0,0.0,0.0,0.0,0.0,0.0,781.3,--
2025/9/1 3:21,24.9,65,13.9,96,13.3,13.9,3.6,4.0,24,949.7,1019.5,0.0,0,0.0,0.0,0.0,0.0,0.0,781.3,--
2025/9/1 3:22,24.8,65,13.9,96,13.3,13.9,3.6,4.3,28,949.6,1019.4,0.0,0,0.0,0.0,0.0,0.0,0.0,781.3,--
2025/9/1 3:23,24.8,65,13.9,96,13.3,13.9,2.2,3.6,46,949.7,1019.5,0.0,0,0.0,0.0,0.0,0.0,0.0,781.3,--
2025/9/1 3:24,24.8,65,13.9,96,13.3,13.9,0.0,2.2,97,949.6,1019.4,0.0,0,0.0,0.0,0.0,0.0,0.0,781.3,--
2025/9/1 3:25,24.9,65,13.9,95,13.1,13.9,3.2,3.2,18,949.7,1019.5,0.0,0,0.0,0.0,0.0,0.0,0.0,781.3,--
2025/9/1 3:26,24.8,65,13.8,95,13.0,13.8,2.2,3.6,20,949.6,1019.4,0.0,0,0.0,0.0,0.0,0.0,0.0,781.3,--
2025/9/1 3:27,24.8,65,13.7,95,12.9,13.7,2.9,4.0,17,949.5,1019.3,0.0,0,0.0,0.0,0.0,0.0,0.0,781.3,--
2025/9/1 3:28,24.8,65,13.6,95,12.8,13.6,0.0,3.6,36,949.7,1019.5,0.0,0,0.0,0.0,0.0,0.0,0.0,781.3,--
2025/9/1 3:29,24.8,65,13.5,95,12.7,13.5,0.0,2.9,8,949.5,1019.3,0.0,0,0.0,0.0,0.0,0.0,0.0,781.3,--
2025/9/1 3:30,24.8,65,13.5,96,12.9,13.5,1.8,2.5,338,949.6,1019.4,0.0,0,0.0,0.0,0.0,0.0,0.0,781.3,--
2025/9/1 3:31,24.8,65,13.5,96,12.9,13.5,2.5,2.9,34,949.6,1019.4,0.0,0,0.0,0.0,0.0,0.0,0.0,781.3,--
2025/9/1 3:32,24.8,65,13.5,96,12.9,13.5,3.2,4.0,9,949.8,1019.6,0.0,0,0.0,0.0,0.0,0.0,0.0,781.3,--
2025/9/1 3:33,24.8,65,13.5,96,12.9,13.5,2.2,3.2,10,949.6,1019.4,0.0,0,0.0,0.0,0.0,0.0,0.0,781.3,--
2025/9/1 3:34,24.8,65,13.4,96,12.8,13.4,2.5,3.6,39,949.8,1019.6,0.0,0,0.0,0.0,0.0,0.0,0.0,781.3,--
2025/9/1 3:35,24.9,65,13.4,96,12.8,13.4,2.2,2.9,16,949.7,1019.5,0.0,0,0.0,0.0,0.0,0.0,0.0,781.3,--
2025/9/1 3:36,24.9,65,13.4,96,12.8,13.4,0.0,2.2,247,949.7,1019.5,0.0,0,0.0,0.0,0.0,0.0,0.0,781.3,--
2025/9/1 3:37,24.8,65,13.4,96,12.8,13.4,1.8,2.5,349,949.6,1019.4,0.0,0,0.0,0.0,0.0,0.0,0.0,781.3,--
2025/9/1 3:38,24.8,65,13.4,96,12.8,13.4,0.0,2.9,5,949.7,1019.5,0.0,0,0.0,0.0,0.0,0.0,0.0,781.3,--
2025/9/1 3:39,24.8,65,13.4,96,12.8,13.4,3.6,4.3,6,949.7,1019.5,0.0,0,0.0,0.0,0.0,0.0,0.0,781.3,--
2025/9/1 3:40,24.8,65,13.4,96,12.8,13.4,4.0,5.0,15,949.7,1019.5,0.0,0,0.0,0.0,0.0,0.0,0.0,781.3,--
2025/9/1 3:41,24.8,66,13.4,96,12.8,13.4,3.2,4.0,18,949.7,1019.5,0.0,0,0.0,0.0,0.0,0.0,0.0,781.3,--
2025/9/1 3:42,24.8,65,13.4,96,12.8,13.4,0.0,3.2,338,949.5,1019.3,0.0,0,0.0,0.0,0.0,0.0,0.0,781.3,--
2025/9/1 3:43,24.8,65,13.5,96,12.9,13.5,2.5,3.2,21,949.7,1019.5,0.0,0,0.0,0.0,0.0,0.0,0.0,781.3,--
2025/9/1 3:44,24.8,66,13.5,96,12.9,13.5,2.2,3.6,4,949.6,1019.4,0.0,0,0.0,0.0,0.0,0.0,0.0,781.3,--
2025/9/1 3:45,24.8,66,13.5,96,12.9,13.5,3.2,4.0,52,949.6,1019.4,0.0,0,0.0,0.0,0.0,0.0,0.0,781.3,--
2025/9/1 3:46,24.8,66,13.6,96,13.0,13.6,2.2,2.2,358,949.6,1019.4,0.0,0,0.0,0.0,0.0,0.0,0.0,781.3,--
2025/9/1 3:47,24.8,65,13.5,96,12.9,13.5,0.0,3.6,27,949.6,1019.4,0.0,0,0.0,0.0,0.0,0.0,0.0,781.3,--
2025/9/1 3:48,24.9,66,13.5,96,12.9,13.5,2.2,2.2,35,949.8,1019.6,0.0,0,0.0,0.0,0.0,0.0,0.0,781.3,--
2025/9/1 3:49,24.9,65,13.5,96,12.9,13.5,2.2,3.6,47,949.6,1019.4,0.0,0,0.0,0.0,0.0,0.0,0.0,781.3,--
2025/9/1 3:50,24.8,65,13.5,96,12.9,13.5,2.2,3.2,50,949.8,1019.6,0.0,0,0.0,0.0,0.0,0.0,0.0,781.3,--
2025/9/1 3:51,24.9,66,13.5,96,12.9,13.5,0.0,1.8,331,949.7,1019.5,0.0,0,0.0,0.0,0.0,0.0,0.0,781.3,--
2025/9/1 3:52,24.9,66,13.5,96,12.9,13.5,2.9,3.2,23,949.6,1019.4,0.0,0,0.0,0.0,0.0,0.0,0.0,781.3,--
2025/9/1 3:53,24.8,65,13.4,96,12.8,13.4,3.6,3.6,37,949.8,1019.6,0.0,0,0.0,0.0,0.0,0.0,0.0,781.3,--
2025/9/1 3:54,24.9,66,13.4,96,12.8,13.4,2.5,3.6,21,949.7,1019.5,0.0,0,0.0,0.0,0.0,0.0,0.0,781.3,--
2025/9/1 3:55,24.8,65,13.3,96,12.7,13.3,0.0,4.0,11,949.7,1019.5,0.0,0,0.0,0.0,0.0,0.0,0.0,781.3,--
2025/9/1 3:56,24.8,65,13.3,96,12.7,13.3,0.0,2.5,5,949.6,1019.4,0.0,0,0.0,0.0,0.0,0.0,0.0,781.3,--
2025/9/1 3:57,24.8,66,13.3,96,12.7,13.3,0.0,2.5,12,949.7,1019.5,0.0,0,0.0,0.0,0.0,0.0,0.0,781.3,--
2025/9/1 3:58,24.8,66,13.3,96,12.7,13.3,0.0,2.9,30,949.5,1019.3,0.0,0,0.0,0.0,0.0,0.0,0.0,781.3,--
2025/9/1 3:59,24.8,66,13.3,96,12.7,13.3,0.0,2.5,27,949.7,1019.5,0.0,0,0.0,0.0,0.0,0.0,0.0,781.3,--
2025/9/1 4:00,24.8,66,13.3,96,12.7,13.3,2.9,3.2,351,949.6,1019.4,0.0,0,0.0,0.0,0.0,0.0,0.0,781.3,--
2025/9/1 4:01,24.8,66,13.2,96,12.6,13.2,1.8,2.5,357,949.7,1019.5,0.0,0,0.0,0.0,0.0,0.0,0.0,781.3,--
2025/9/1 4:02,24.8,66,13.3,96,12.7,13.3,0.0,2.2,53,949.8,1019.6,0.0,0,0.0,0.0,0.0,0.0,0.0,781.3,--
2025/9/1 4:03,24.8,66,13.3,96,12.7,13.3,0.0,4.3,17,949.6,1019.4,0.0,0,0.0,0.0,0.0,0.0,0.0,781.3,--
2025/9/1 4:04,24.8,66,13.3,96,12.7,13.3,0.0,3.2,29,949.6,1019.4,0.0,0,0.0,0.0,0.0,0.0,0.0,781.3,--
2025/9/1 4:05,24.8,66,13.3,96,12.7,13.3,2.2,4.0,16,949.6,1019.4,0.0,0,0.0,0.0,0.0,0.0,0.0,781.3,--
2025/9/1 4:06,24.8,66,13.3,96,12.7,13.3,2.2,2.9,10,949.8,1019.6,0.0,0,0.0,0.0,0.0,0.0,0.0,781.3,--
2025/9/1 4:07,24.8,66,13.2,96,12.6,13.2,2.9,2.9,8,949.6,1019.4,0.0,0,0.0,0.0,0.0,0.0,0.0,781.3,--
2025/9/1 4:08,24.8,66,13.2,97,12.8,13.2,3.6,4.0,16,949.6,1019.4,0.0,0,0.0,0.0,0.0,0.0,0.0,781.3,--
2025/9/1 4:09,24.8,66,13.2,96,12.6,13.2,0.0,2.5,12,949.7,1019.5,0.0,0,0.0,0.0,0.0,0.0,0.0,781.3,--
2025/9/1 4:10,24.8,66,13.2,96,12.6,13.2,2.2,2.5,171,949.7,1019.5,0.0,0,0.0,0.0,0.0,0.0,0.0,781.3,--
2025/9/1 4:11,24.8,66,13.2,96,12.6,13.2,2.2,2.9,50,949.7,1019.5,0.0,0,0.0,0.0,0.0,0.0,0.0,781.3,--
2025/9/1 4:12,24.8,66,13.2,97,12.8,13.2,1.8,2.5,42,949.6,1019.4,0.0,0,0.0,0.0,0.0,0.0,0.0,781.3,--
2025/9/1 4:13,24.8,66,13.2,97,12.8,13.2,3.6,3.6,17,949.6,1019.4,0.0,0,0.0,0.0,0.0,0.0,0.0,781.3,--
2025/9/1 4:14,24.8,66,13.2,97,12.8,13.2,2.2,2.5,326,949.5,1019.3,0.0,0,0.0,0.0,0.0,0.0,0.0,781.3,--
2025/9/1 4:15,24.8,66,13.3,97,12.9,13.3,1.8,2.9,125,949.5,1019.3,0.0,0,0.0,0.0,0.0,0.0,0.0,781.3,--
2025/9/1 4:16,24.8,66,13.2,97,12.8,13.2,2.5,2.9,42,949.7,1019.5,0.0,0,0.0,0.0,0.0,0.0,0.0,781.3,--
2025/9/1 4:17,24.8,65,13.2,97,12.8,13.2,0.0,2.5,33,949.7,1019.5,0.0,0,0.0,0.0,0.0,0.0,0.0,781.3,--
2025/9/1 4:18,24.8,66,13.2,97,12.8,13.2,2.2,2.5,57,949.6,1019.4,0.0,0,0.0,0.0,0.0,0.0,0.0,781.3,--
2025/9/1 4:19,24.8,66,13.3,97,12.9,13.3,2.9,3.6,111,949.6,1019.4,0.0,0,0.0,0.0,0.0,0.0,0.0,781.3,--
2025/9/1 4:20,24.8,66,13.5,97,13.1,13.5,3.6,4.0,107,949.6,1019.4,0.0,0,0.0,0.0,0.0,0.0,0.0,781.3,--
2025/9/1 4:21,24.8,66,13.6,97,13.2,13.6,2.2,2.9,127,949.7,1019.5,0.0,0,0.0,0.0,0.0,0.0,0.0,781.3,--
2025/9/1 4:22,24.8,66,13.6,97,13.2,13.6,3.2,3.6,68,949.6,1019.4,0.0,0,0.0,0.0,0.0,0.0,0.0,781.3,--
2025/9/1 4:23,24.8,66,13.7,97,13.3,13.7,0.0,2.9,63,949.7,1019.5,0.0,0,0.0,0.0,0.0,0.0,0.0,781.3,--
2025/9/1 4:24,24.8,66,13.7,96,13.1,13.7,2.9,3.2,56,949.8,1019.6,0.0,0,0.0,0.0,0.0,0.0,0.0,781.3,--
2025/9/1 4:25,24.8,65,13.6,96,13.0,13.6,3.6,4.3,34,949.6,1019.4,0.0,0,0.0,0.0,0.0,0.0,0.0,781.3,--
2025/9/1 4:26,24.7,66,13.6,96,13.0,13.6,0.0,3.6,30,949.5,1019.3,0.0,0,0.0,0.0,0.0,0.0,0.0,781.3,--
2025/9/1 4:27,24.8,66,13.5,96,12.9,13.5,1.8,3.2,28,949.7,1019.5,0.0,0,0.0,0.0,0.0,0.0,0.0,781.3,--
2025/9/1 4:28,24.7,66,13.5,96,12.9,13.5,2.2,3.6,4,949.7,1019.5,0.0,0,0.0,0.0,0.0,0.0,0.0,781.3,--
2025/9/1 4:29,24.8,66,13.4,96,12.8,13.4,1.8,3.2,49,949.7,1019.5,0.0,0,0.0,0.0,0.0,0.0,0.0,781.3,--
2025/9/1 4:30,24.7,66,13.3,96,12.7,13.3,2.2,2.5,39,949.8,1019.6,0.0,0,0.0,0.0,0.0,0.0,0.0,781.3,--
2025/9/1 4:31,24.8,66,13.3,96,12.7,13.3,0.0,2.2,18,949.8,1019.6,0.0,0,0.0,0.0,0.0,0.0,0.0,781.3,--
2025/9/1 4:32,24.8,66,13.2,96,12.6,13.2,0.0,2.2,142,949.6,1019.4,0.0,0,0.0,0.0,0.0,0.0,0.0,781.3,--
2025/9/1 4:33,24.8,66,13.2,97,12.8,13.2,2.2,2.2,313,949.7,1019.5,0.0,0,0.0,0.0,0.0,0.0,0.0,781.3,--
2025/9/1 4:34,24.8,66,13.2,97,12.8,13.2,2.2,3.2,359,949.8,1019.6,0.0,0,0.0,0.0,0.0,0.0,0.0,781.3,--
2025/9/1 4:35,24.8,66,13.3,97,12.9,13.3,2.9,2.9,41,949.7,1019.5,0.0,0,0.0,0.0,0.0,0.0,0.0,781.3,--
2025/9/1 4:36,24.8,65,13.3,97,12.9,13.3,2.5,2.5,58,949.8,1019.6,0.0,0,0.0,0.0,0.0,0.0,0.0,781.3,--
2025/9/1 4:37,24.8,65,13.3,97,12.9,13.3,0.0,3.2,29,949.8,1019.6,0.0,0,0.0,0.0,0.0,0.0,0.0,781.3,--
2025/9/1 4:38,24.8,66,13.3,97,12.9,13.3,0.0,2.2,25,949.6,1019.4,0.0,0,0.0,0.0,0.0,0.0,0.0,781.3,--
2025/9/1 4:39,24.8,66,13.3,97,12.9,13.3,0.0,2.5,347,949.6,1019.4,0.0,0,0.0,0.0,0.0,0.0,0.0,781.3,--
2025/9/1 4:40,24.8,66,13.3,97,12.9,13.3,0.0,2.2,1,949.7,1019.5,0.0,0,0.0,0.0,0.0,0.0,0.0,781.3,--
2025/9/1 4:41,24.8,66,13.3,97,12.9,13.3,2.2,2.9,353,949.7,1019.5,0.0,0,0.0,0.0,0.0,0.0,0.0,781.3,--
2025/9/1 4:42,24.8,66,13.3,97,12.9,13.3,0.0,1.8,172,949.5,1019.3,0.0,0,0.0,0.0,0.0,0.0,0.0,781.3,--
2025/9/1 4:43,24.8,66,13.3,97,12.9,13.3,0.0,2.2,49,949.5,1019.3,0.0,0,0.0,0.0,0.0,0.0,0.0,781.3,--
2025/9/1 4:44,24.8,66,13.3,97,12.9,13.3,3.2,3.6,38,949.7,1019.5,0.0,0,0.0,0.0,0.0,0.0,0.0,781.3,--
2025/9/1 4:45,24.8,65,13.3,97,12.9,13.3,1.8,2.2,91,949.8,1019.6,0.0,0,0.0,0.0,0.0,0.0,0.0,781.3,--
2025/9/1 4:46,24.8,65,13.3,97,12.9,13.3,1.8,2.2,39,949.7,1019.5,0.0,0,0.0,0.0,0.0,0.0,0.0,781.3,--
2025/9/1 4:47,24.8,65,13.3,97,12.9,13.3,0.0,3.2,341,949.9,1019.7,0.0,0,0.0,0.0,0.0,0.0,0.0,781.3,--
2025/9/1 4:48,24.8,65,13.3,97,12.9,13.3,2.5,2.5,356,949.9,1019.7,0.0,0,0.0,0.0,0.0,0.0,0.0,781.3,--
2025/9/1 4:49,24.8,65,13.3,97,12.9,13.3,0.0,2.5,25,950.0,1019.8,0.0,0,0.0,0.0,0.0,0.0,0.0,781.3,--
2025/9/1 4:50,24.8,65,13.3,97,12.9,13.3,0.0,2.5,7,949.7,1019.5,0.0,0,0.0,0.0,0.0,0.0,0.0,781.3,--
2025/9/1 4:51,24.8,65,13.3,97,12.9,13.3,0.0,2.2,323,949.7,1019.5,0.0,0,0.0,0.0,0.0,0.0,0.0,781.3,--
2025/9/1 4:52,24.9,65,13.3,97,12.9,13.3,1.8,2.5,333,949.7,1019.5,0.0,0,0.0,0.0,0.0,0.0,0.0,781.3,--
2025/9/1 4:53,24.9,65,13.3,97,12.9,13.3,0.0,1.8,102,949.7,1019.5,0.0,0,0.0,0.0,0.0,0.0,0.0,781.3,--
2025/9/1 4:54,24.9,65,13.3,97,12.9,13.3,1.8,2.9,54,949.8,1019.6,0.0,0,0.0,0.0,0.0,0.0,0.0,781.3,--
2025/9/1 4:55,24.9,65,13.3,97,12.9,13.3,0.0,1.8,353,949.8,1019.6,0.0,0,0.0,0.0,0.0,0.0,0.0,781.3,--
2025/9/1 4:56,24.9,65,13.4,97,13.0,13.4,2.9,2.9,26,949.7,1019.5,0.0,0,0.0,0.0,0.0,0.0,0.0,781.3,--
2025/9/1 4:57,24.9,65,13.4,97,13.0,13.4,0.0,2.2,340,949.6,1019.4,0.0,0,0.0,0.0,0.0,0.0,0.0,781.3,--
2025/9/1 4:58,24.9,65,13.4,97,13.0,13.4,1.8,1.8,17,949.7,1019.5,0.0,0,0.0,0.0,0.0,0.0,0.0,781.3,--
2025/9/1 4:59,24.9,65,13.4,97,13.0,13.4,0.0,2.2,44,949.7,1019.5,0.0,0,0.0,0.0,0.0,0.0,0.0,781.3,--
2025/9/1 5:00,24.9,65,13.3,97,12.9,13.3,0.0,3.2,306,949.7,1019.5,0.0,0,0.0,0.0,0.0,0.0,0.0,781.3,--
2025/9/1 5:01,24.9,65,13.3,97,12.9,13.3,2.9,4.0,350,949.8,1019.6,0.0,0,0.0,0.0,0.0,0.0,0.0,781.3,--
2025/9/1 5:02,24.9,65,13.4,97,13.0,13.4,0.0,1.8,55,949.8,1019.6,0.0,0,0.0,0.0,0.0,0.0,0.0,781.3,--
2025/9/1 5:03,24.9,65,13.3,97,12.9,13.3,0.0,2.9,21,949.9,1019.7,0.0,0,0.0,0.0,0.0,0.0,0.0,781.3,--
2025/9/1 5:04,24.9,65,13.3,97,12.9,13.3,2.2,3.2,353,949.8,1019.6,0.0,0,0.0,0.0,0.0,0.0,0.0,781.3,--
2025/9/1 5:05,24.8,65,13.3,97,12.9,13.3,0.0,1.8,44,949.6,1019.4,0.0,0,0.0,0.0,0.0,0.0,0.0,781.3,--
2025/9/1 5:06,24.9,65,13.3,97,12.9,13.3,0.0,2.9,35,949.7,1019.5,0.0,0,0.0,0.0,0.0,0.0,0.0,781.3,--
2025/9/1 5:07,24.8,65,13.3,97,12.9,13.3,1.8,3.6,27,949.7,1019.5,0.0,0,0.0,0.0,0.0,0.0,0.0,781.3,--
2025/9/1 5:08,24.8,65,13.2,97,12.8,13.2,0.0,3.2,27,949.7,1019.5,0.0,0,0.0,0.0,0.0,0.0,0.0,781.3,--
2025/9/1 5:09,24.8,65,13.2,97,12.8,13.2,0.0,2.2,37,949.8,1019.6,0.0,0,0.0,0.0,0.0,0.0,0.0,781.3,--
2025/9/1 5:10,24.8,65,13.2,97,12.8,13.2,0.0,2.5,104,949.7,1019.5,0.0,0,0.0,0.0,0.0,0.0,0.0,781.3,--
2025/9/1 5:11,24.8,65,13.2,97,12.8,13.2,2.2,3.2,23,949.7,1019.5,0.0,0,0.0,0.0,0.0,0.0,0.0,781.3,--
2025/9/1 5:12,24.8,65,13.2,97,12.8,13.2,2.2,2.5,355,949.6,1019.4,0.0,0,0.0,0.0,0.0,0.0,0.0,781.3,--
2025/9/1 5:13,24.8,65,13.3,97,12.9,13.3,5.0,5.8,28,949.7,1019.5,0.0,0,0.0,0.0,0.0,0.0,0.0,781.3,--
2025/9/1 5:14,24.8,65,13.2,97,12.8,13.2,0.0,2.5,46,949.6,1019.4,0.0,0,0.0,0.0,0.0,0.0,0.0,781.3,--
2025/9/1 5:15,24.8,65,13.2,97,12.8,13.2,2.9,2.9,19,949.8,1019.6,0.0,0,0.0,0.0,0.0,0.0,0.0,781.3,--
2025/9/1 5:16,24.8,65,13.1,97,12.7,13.1,2.5,4.7,16,949.9,1019.7,0.0,0,0.0,0.0,0.0,0.0,0.0,781.3,--
2025/9/1 5:17,24.8,65,13.1,97,12.7,13.1,2.5,3.2,12,949.9,1019.7,0.0,0,0.0,0.0,0.0,0.0,0.0,781.3,--
2025/9/1 5:18,24.8,65,13.1,97,12.7,13.1,1.8,2.2,299,949.9,1019.7,0.0,0,0.0,0.0,0.0,0.0,0.0,781.3,--
2025/9/1 5:19,24.8,65,13.0,97,12.6,13.0,0.0,2.5,14,949.8,1019.6,0.0,0,0.0,0.0,0.0,0.0,0.0,781.3,--
2025/9/1 5:20,24.8,65,13.0,97,12.6,13.0,0.0,2.9,13,950.0,1019.8,0.0,0,0.0,0.0,0.0,0.0,0.0,781.3,--
2025/9/1 5:21,24.8,66,13.0,97,12.6,13.0,0.0,2.2,0,949.6,1019.4,0.0,0,0.0,0.0,0.0,0.0,0.0,781.3,--
2025/9/1 5:22,24.8,65,12.9,97,12.5,12.9,1.8,2.2,22,949.6,1019.4,0.0,0,0.0,0.0,0.0,0.0,0.0,781.3,--
2025/9/1 5:23,24.8,65,12.9,97,12.5,12.9,0.0,1.8,352,949.7,1019.5,0.0,0,0.0,0.0,0.0,0.0,0.0,781.3,--
2025/9/1 5:24,24.8,65,13.0,97,12.6,13.0,0.0,3.6,302,949.7,1019.5,0.0,0,0.0,0.0,0.0,0.0,0.0,781.3,--
2025/9/1 5:25,24.8,66,13.0,97,12.6,13.0,1.8,2.9,328,949.8,1019.6,0.0,0,0.0,0.0,0.0,0.0,0.0,781.3,--
2025/9/1 5:26,24.8,65,13.0,97,12.6,13.0,0.0,3.6,356,949.8,1019.6,0.0,0,0.0,0.0,0.0,0.0,0.0,781.3,--
2025/9/1 5:27,24.8,66,12.9,97,12.5,12.9,0.0,2.5,68,949.7,1019.5,0.0,0,0.0,0.0,0.0,0.0,0.0,781.3,--
2025/9/1 5:28,24.8,66,12.9,97,12.5,12.9,0.0,0.0,8,949.7,1019.5,0.0,0,0.0,0.0,0.0,0.0,0.0,781.3,--
2025/9/1 5:29,24.8,65,13.0,97,12.6,13.0,0.0,2.2,13,949.8,1019.6,0.0,0,0.0,0.0,0.0,0.0,0.0,781.3,--
2025/9/1 5:30,24.8,65,13.0,97,12.6,13.0,1.8,3.6,354,949.8,1019.6,0.0,0,0.0,0.0,0.0,0.0,0.0,781.3,--
2025/9/1 5:31,24.8,65,13.0,98,12.7,13.0,2.9,3.2,16,949.9,1019.7,0.0,0,0.0,0.0,0.0,0.0,0.0,781.3,--
2025/9/1 5:32,24.8,66,13.1,98,12.8,13.1,2.2,2.5,37,949.5,1019.3,0.0,0,0.0,0.0,0.0,0.0,0.0,781.3,--
2025/9/1 5:33,24.8,66,13.1,97,12.7,13.1,2.2,3.2,330,949.5,1019.3,0.0,0,0.0,0.0,0.0,0.0,0.0,781.3,--
2025/9/1 5:34,24.8,66,13.1,97,12.7,13.1,3.2,3.6,2,949.8,1019.6,0.0,0,0.0,0.0,0.0,0.0,0.0,781.3,--
2025/9/1 5:35,24.8,66,13.1,97,12.7,13.1,2.2,2.2,43,949.9,1019.7,0.0,0,0.0,0.0,0.0,0.0,0.0,781.3,--
2025/9/1 5:36,24.8,66,13.0,97,12.6,13.0,0.0,2.9,22,949.8,1019.6,0.0,0,0.0,0.0,0.0,0.0,0.0,781.3,--
2025/9/1 5:37,24.8,66,13.0,97,12.6,13.0,0.0,1.8,36,949.8,1019.6,0.0,0,0.0,0.0,0.0,0.0,0.0,781.3,--
2025/9/1 5:38,24.8,66,13.0,97,12.6,13.0,0.0,2.2,9,949.6,1019.4,0.0,0,0.0,0.0,0.0,0.0,0.0,781.3,--
2025/9/1 5:39,24.8,66,13.0,97,12.6,13.0,0.0,1.8,50,949.7,1019.5,0.0,0,0.0,0.0,0.0,0.0,0.0,781.3,--
2025/9/1 5:40,24.8,66,12.9,97,12.5,12.9,2.2,2.2,24,949.7,1019.5,0.0,0,0.0,0.0,0.0,0.0,0.0,781.3,--
2025/9/1 5:41,24.8,66,12.9,97,12.5,12.9,2.9,2.9,22,949.7,1019.5,0.0,0,0.0,0.0,0.0,0.0,0.0,781.3,--
2025/9/1 5:42,24.8,66,12.9,97,12.5,12.9,0.0,2.2,240,949.7,1019.5,0.0,0,0.0,0.0,0.0,0.0,0.0,781.3,--
2025/9/1 5:43,24.8,66,12.9,97,12.5,12.9,0.0,0.0,10,949.8,1019.6,0.0,0,0.0,0.0,0.0,0.0,0.0,781.3,--
2025/9/1 5:44,24.8,66,12.8,97,12.4,12.8,0.0,2.2,76,949.6,1019.4,0.0,0,0.0,0.0,0.0,0.0,0.0,781.3,--
2025/9/1 5:45,24.8,66,12.8,97,12.4,12.8,3.6,4.0,26,949.7,1019.5,0.0,0,0.0,0.0,0.0,0.0,0.0,781.3,--
2025/9/1 5:46,24.8,66,12.8,98,12.5,12.8,2.2,3.2,7,949.7,1019.5,0.0,0,0.0,0.0,0.0,0.0,0.0,781.3,--
2025/9/1 5:47,24.8,66,12.9,98,12.6,12.9,2.2,2.9,341,949.8,1019.6,0.0,0,0.0,0.0,0.0,0.0,0.0,781.3,--
2025/9/1 5:48,24.8,66,12.9,98,12.6,12.9,2.2,2.9,2,949.8,1019.6,0.0,0,0.0,0.0,0.0,0.0,0.0,781.3,--
2025/9/1 5:49,24.8,66,12.9,98,12.6,12.9,0.0,4.0,353,949.8,1019.6,0.0,0,0.0,0.0,0.0,0.0,0.0,781.3,--
2025/9/1 5:50,24.8,65,13.0,98,12.7,13.0,1.8,4.0,347,949.7,1019.5,0.0,0,0.0,0.0,0.0,0.0,0.0,781.3,--
2025/9/1 5:51,24.8,65,13.0,98,12.7,13.0,0.0,2.9,0,949.9,1019.7,0.0,0,0.0,0.0,0.0,0.0,0.0,781.3,--
2025/9/1 5:52,24.8,65,13.0,97,12.6,13.0,0.0,2.5,54,949.8,1019.6,0.0,0,0.0,0.0,0.0,0.0,0.0,781.3,--
2025/9/1 5:53,24.8,65,12.9,97,12.5,12.9,2.9,3.2,24,949.8,1019.6,0.0,0,0.0,0.0,0.0,0.0,0.0,781.3,--
2025/9/1 5:54,24.8,66,12.9,97,12.5,12.9,0.0,3.2,34,949.8,1019.6,0.0,0,0.0,0.0,0.0,0.0,0.0,781.3,--
2025/9/1 5:55,24.8,66,12.9,97,12.5,12.9,2.9,2.9,15,949.8,1019.6,0.0,0,0.0,0.0,0.0,0.0,0.0,781.3,--
2025/9/1 5:56,24.8,65,12.9,97,12.5,12.9,1.8,2.5,27,949.7,1019.5,0.0,0,0.0,0.0,0.0,0.0,0.0,781.3,--
2025/9/1 5:57,24.8,65,12.9,97,12.5,12.9,2.5,3.2,18,949.6,1019.4,0.0,0,0.0,0.0,0.0,0.0,0.0,781.3,--
2025/9/1 5:58,24.8,65,12.9,97,12.5,12.9,0.0,3.6,336,949.6,1019.4,0.0,0,0.0,0.0,0.0,0.0,0.0,781.3,--
2025/9/1 5:59,24.8,66,13.0,98,12.7,13.0,0.0,2.2,311,949.8,1019.6,0.0,0,0.0,0.0,0.0,0.0,0.0,781.3,--
2025/9/1 6:00,24.8,65,13.1,97,12.7,13.1,1.8,2.2,351,949.7,1019.5,0.0,0,0.0,0.0,0.0,0.0,0.0,781.3,--
2025/9/1 6:01,24.8,65,13.1,97,12.7,13.1,2.9,5.0,17,949.6,1019.4,0.0,0,0.0,0.0,0.0,0.0,0.0,781.3,--
2025/9/1 6:02,24.8,65,13.1,97,12.7,13.1,2.2,3.6,20,949.7,1019.5,0.0,0,0.0,0.0,0.0,0.0,0.0,781.3,--
2025/9/1 6:03,24.8,65,13.1,97,12.7,13.1,3.2,5.0,35,949.7,1019.5,0.0,0,0.0,0.0,0.0,0.0,0.0,781.3,--
2025/9/1 6:04,24.8,65,13.0,97,12.6,13.0,0.0,4.0,352,949.6,1019.4,0.0,0,0.0,0.0,0.0,0.0,0.0,781.3,--
2025/9/1 6:05,24.8,65,13.0,97,12.6,13.0,2.2,2.9,351,949.7,1019.5,0.0,0,0.0,0.0,0.0,0.0,0.0,781.3,--
2025/9/1 6:06,24.7,66,13.0,97,12.6,13.0,2.9,2.9,8,949.8,1019.6,0.0,0,0.0,0.0,0.0,0.0,0.0,781.3,--
2025/9/1 6:07,24.8,65,12.9,97,12.5,12.9,0.0,2.2,14,949.6,1019.4,0.0,0,0.0,0.0,0.0,0.0,0.0,781.3,--
2025/9/1 6:08,24.8,65,12.9,97,12.5,12.9,0.0,1.8,227,949.6,1019.4,0.0,0,0.0,0.0,0.0,0.0,0.0,781.3,--
2025/9/1 6:09,24.8,65,12.8,97,12.4,12.8,2.2,3.6,320,949.7,1019.5,0.0,0,0.0,0.0,0.0,0.0,0.0,781.3,--
2025/9/1 6:10,24.8,65,12.9,97,12.5,12.9,1.8,4.0,25,949.7,1019.5,0.0,0,0.0,0.0,0.0,0.0,0.0,781.3,--
2025/9/1 6:11,24.7,65,13.0,97,12.6,13.0,0.0,2.5,206,949.8,1019.6,0.0,0,0.0,0.0,0.0,0.0,0.0,781.3,--
2025/9/1 6:12,24.8,65,13.0,97,12.6,13.0,0.0,2.5,302,949.8,1019.6,0.0,0,0.0,0.0,0.0,0.0,0.0,781.3,--
2025/9/1 6:13,24.8,65,13.0,97,12.6,13.0,0.0,2.9,129,949.7,1019.5,0.1,0,0.0,0.0,0.0,0.0,0.0,781.3,--
2025/9/1 6:14,24.8,65,13.0,97,12.6,13.0,1.8,2.9,51,949.8,1019.6,0.1,0,0.0,0.0,0.0,0.0,0.0,781.3,--
2025/9/1 6:15,24.7,65,13.0,97,12.6,13.0,3.2,4.0,35,949.7,1019.5,0.2,0,0.0,0.0,0.0,0.0,0.0,781.3,--
2025/9/1 6:16,24.7,65,13.0,97,12.6,13.0,3.6,3.6,30,949.7,1019.5,0.3,0,0.0,0.0,0.0,0.0,0.0,781.3,--
2025/9/1 6:17,24.7,65,13.0,97,12.6,13.0,0.0,3.6,39,949.7,1019.5,0.3,0,0.0,0.0,0.0,0.0,0.0,781.3,--
2025/9/1 6:18,24.7,65,12.9,97,12.5,12.9,2.5,3.2,47,949.7,1019.5,0.4,0,0.0,0.0,0.0,0.0,0.0,781.3,--
2025/9/1 6:19,24.7,65,12.8,97,12.4,12.8,0.0,3.6,9,949.8,1019.6,0.5,0,0.0,0.0,0.0,0.0,0.0,781.3,--
2025/9/1 6:20,24.8,65,12.8,97,12.4,12.8,0.0,2.9,21,949.7,1019.5,0.7,0,0.0,0.0,0.0,0.0,0.0,781.3,--
2025/9/1 6:21,24.8,65,12.8,97,12.4,12.8,0.0,2.5,1,949.8,1019.6,0.8,0,0.0,0.0,0.0,0.0,0.0,781.3,--
2025/9/1 6:22,24.8,65,12.7,97,12.3,12.7,1.8,2.5,24,949.9,1019.7,1.0,0,0.0,0.0,0.0,0.0,0.0,781.3,--
2025/9/1 6:23,24.8,65,12.7,97,12.3,12.7,0.0,2.5,322,949.7,1019.5,1.1,0,0.0,0.0,0.0,0.0,0.0,781.3,--
2025/9/1 6:24,24.7,66,12.7,97,12.3,12.7,2.5,2.5,251,949.7,1019.5,1.4,0,0.0,0.0,0.0,0.0,0.0,781.3,--
2025/9/1 6:25,24.7,65,12.8,97,12.4,12.8,0.0,2.9,39,950.0,1019.8,1.5,0,0.0,0.0,0.0,0.0,0.0,781.3,--
2025/9/1 6:26,24.8,65,12.8,97,12.4,12.8,2.9,4.3,20,949.8,1019.6,1.8,0,0.0,0.0,0.0,0.0,0.0,781.3,--
2025/9/1 6:27,24.8,65,12.8,97,12.4,12.8,2.2,4.3,22,949.8,1019.6,2.1,0,0.0,0.0,0.0,0.0,0.0,781.3,--
2025/9/1 6:28,24.8,65,12.8,97,12.4,12.8,2.2,4.0,5,949.6,1019.4,2.3,0,0.0,0.0,0.0,0.0,0.0,781.3,--
2025/9/1 6:29,24.8,65,12.8,97,12.4,12.8,0.0,2.5,25,949.8,1019.6,2.7,0,0.0,0.0,0.0,0.0,0.0,781.3,--
2025/9/1 6:30,24.8,65,12.7,97,12.3,12.7,1.8,2.9,53,949.8,1019.6,3.0,0,0.0,0.0,0.0,0.0,0.0,781.3,--
2025/9/1 6:31,24.8,65,12.7,97,12.3,12.7,0.0,2.9,15,950.0,1019.8,3.3,0,0.0,0.0,0.0,0.0,0.0,781.3,--
2025/9/1 6:32,24.8,66,12.7,97,12.3,12.7,2.2,3.2,20,949.9,1019.7,3.7,0,0.0,0.0,0.0,0.0,0.0,781.3,--
2025/9/1 6:33,24.7,65,12.7,97,12.3,12.7,0.0,2.5,344,949.8,1019.6,4.2,0,0.0,0.0,0.0,0.0,0.0,781.3,--
2025/9/1 6:34,24.7,65,12.7,97,12.3,12.7,2.2,2.5,37,949.8,1019.6,4.6,0,0.0,0.0,0.0,0.0,0.0,781.3,--
2025/9/1 6:35,24.7,65,12.8,98,12.5,12.8,2.2,3.2,15,949.8,1019.6,5.1,0,0.0,0.0,0.0,0.0,0.0,781.3,--
2025/9/1 6:36,24.7,65,12.8,97,12.4,12.8,0.0,3.2,56,949.8,1019.6,5.5,0,0.0,0.0,0.0,0.0,0.0,781.3,--
2025/9/1 6:37,24.7,66,12.7,97,12.3,12.7,0.0,2.5,0,949.7,1019.5,5.9,0,0.0,0.0,0.0,0.0,0.0,781.3,--
2025/9/1 6:38,24.7,66,12.7,97,12.3,12.7,0.0,3.2,18,949.7,1019.5,6.4,0,0.0,0.0,0.0,0.0,0.0,781.3,--
2025/9/1 6:39,24.7,65,12.7,97,12.3,12.7,0.0,2.9,107,949.9,1019.7,6.9,0,0.0,0.0,0.0,0.0,0.0,781.3,--
2025/9/1 6:40,24.7,65,12.7,97,12.3,12.7,0.0,2.2,332,949.9,1019.7,7.4,0,0.0,0.0,0.0,0.0,0.0,781.3,--
2025/9/1 6:41,24.7,65,12.7,98,12.4,12.7,0.0,2.2,312,949.9,1019.7,7.9,0,0.0,0.0,0.0,0.0,0.0,781.3,--
2025/9/1 6:42,24.7,65,12.8,98,12.5,12.8,0.0,3.2,265,949.9,1019.7,8.4,0,0.0,0.0,0.0,0.0,0.0,781.3,--
2025/9/1 6:43,24.7,65,12.9,98,12.6,12.9,0.0,3.2,15,950.0,1019.8,8.9,0,0.0,0.0,0.0,0.0,0.0,781.3,--
2025/9/1 6:44,24.7,65,12.9,98,12.6,12.9,0.0,2.9,303,949.8,1019.6,9.3,0,0.0,0.0,0.0,0.0,0.0,781.3,--
2025/9/1 6:45,24.7,65,13.0,98,12.7,13.0,1.8,3.2,296,950.0,1019.8,9.9,0,0.0,0.0,0.0,0.0,0.0,781.3,--
2025/9/1 6:46,24.7,65,13.0,97,12.6,13.0,2.2,2.9,0,950.1,1019.9,10.4,0,0.0,0.0,0.0,0.0,0.0,781.3,--
2025/9/1 6:47,24.7,66,13.0,97,12.6,13.0,0.0,2.2,353,949.9,1019.7,10.9,0,0.0,0.0,0.0,0.0,0.0,781.3,--
2025/9/1 6:48,24.7,66,13.0,97,12.6,13.0,2.9,3.6,15,950.1,1019.9,11.4,0,0.0,0.0,0.0,0.0,0.0,781.3,--
2025/9/1 6:49,24.7,66,13.0,97,12.6,13.0,3.2,4.0,20,950.1,1019.9,11.9,0,0.0,0.0,0.0,0.0,0.0,781.3,--
2025/9/1 6:50,24.8,66,12.9,97,12.5,12.9,3.2,3.6,18,950.0,1019.8,12.4,0,0.0,0.0,0.0,0.0,0.0,781.3,--
2025/9/1 6:51,24.8,66,12.9,97,12.5,12.9,2.2,3.6,353,949.9,1019.7,12.9,0,0.0,0.0,0.0,0.0,0.0,781.3,--
2025/9/1 6:52,24.8,66,12.9,97,12.5,12.9,0.0,2.5,20,949.8,1019.6,13.4,0,0.0,0.0,0.0,0.0,0.0,781.3,--
2025/9/1 6:53,24.8,65,12.8,97,12.4,12.8,0.0,2.5,294,949.9,1019.7,13.8,0,0.0,0.0,0.0,0.0,0.0,781.3,--
2025/9/1 6:54,24.8,65,12.9,97,12.5,12.9,0.0,3.6,219,949.8,1019.6,14.4,0,0.0,0.0,0.0,0.0,0.0,781.3,--
2025/9/1 6:55,24.8,66,13.0,97,12.6,13.0,0.0,2.9,316,949.9,1019.7,14.9,0,0.0,0.0,0.0,0.0,0.0,781.3,--
2025/9/1 6:56,24.7,66,13.0,97,12.6,13.0,0.0,2.9,134,949.9,1019.7,15.3,0,0.0,0.0,0.0,0.0,0.0,781.3,--
2025/9/1 6:57,24.7,66,13.0,97,12.6,13.0,2.2,2.2,69,949.9,1019.7,15.8,0,0.0,0.0,0.0,0.0,0.0,781.3,--
2025/9/1 6:58,24.7,66,13.0,97,12.6,13.0,0.0,3.6,18,949.9,1019.7,16.3,0,0.0,0.0,0.0,0.0,0.0,781.3,--
2025/9/1 6:59,24.7,66,13.1,97,12.7,13.1,2.2,2.5,22,949.9,1019.7,16.8,0,0.0,0.0,0.0,0.0,0.0,781.3,--
2025/9/1 7:00,24.7,66,13.1,97,12.7,13.1,0.0,1.8,13,949.9,1019.7,17.2,0,0.0,0.0,0.0,0.0,0.0,781.3,--
2025/9/1 7:01,24.7,66,13.1,97,12.7,13.1,2.5,2.9,9,950.0,1019.8,17.7,0,0.0,0.0,0.0,0.0,0.0,781.3,--
2025/9/1 7:02,24.7,66,13.1,97,12.7,13.1,0.0,3.2,49,949.9,1019.7,18.1,0,0.0,0.0,0.0,0.0,0.0,781.3,--
2025/9/1 7:03,24.7,66,13.1,97,12.7,13.1,0.0,2.5,0,950.1,1019.9,18.6,0,0.0,0.0,0.0,0.0,0.0,781.3,--
2025/9/1 7:04,24.7,66,13.1,97,12.7,13.1,0.0,2.5,330,950.1,1019.9,19.0,0,0.0,0.0,0.0,0.0,0.0,781.3,--
2025/9/1 7:05,24.7,66,13.1,97,12.7,13.1,0.0,2.2,333,949.8,1019.6,19.4,0,0.0,0.0,0.0,0.0,0.0,781.3,--
2025/9/1 7:06,24.7,66,13.1,97,12.7,13.1,0.0,2.2,33,949.8,1019.6,19.8,0,0.0,0.0,0.0,0.0,0.0,781.3,--
2025/9/1 7:07,24.7,66,13.1,97,12.7,13.1,0.0,2.9,310,950.0,1019.8,20.2,0,0.0,0.0,0.0,0.0,0.0,781.3,--
2025/9/1 7:08,24.7,66,13.1,97,12.7,13.1,2.2,2.5,329,949.8,1019.6,20.7,0,0.0,0.0,0.0,0.0,0.0,781.3,--
2025/9/1 7:09,24.7,66,13.1,97,12.7,13.1,1.8,2.5,23,949.9,1019.7,21.0,0,0.0,0.0,0.0,0.0,0.0,781.3,--
2025/9/1 7:10,24.7,66,13.1,97,12.7,13.1,0.0,0.0,357,949.9,1019.7,21.5,0,0.0,0.0,0.0,0.0,0.0,781.3,--
2025/9/1 7:11,24.7,66,13.0,97,12.6,13.0,2.2,2.9,10,949.9,1019.7,21.9,0,0.0,0.0,0.0,0.0,0.0,781.3,--
2025/9/1 7:12,24.7,66,13.0,97,12.6,13.0,1.8,3.2,352,949.9,1019.7,22.2,0,0.0,0.0,0.0,0.0,0.0,781.3,--
2025/9/1 7:13,24.7,66,13.0,97,12.6,13.0,0.0,2.5,12,949.9,1019.7,22.7,0,0.0,0.0,0.0,0.0,0.0,781.3,--
2025/9/1 7:14,24.7,65,13.0,97,12.6,13.0,1.8,2.9,19,949.9,1019.7,23.0,0,0.0,0.0,0.0,0.0,0.0,781.3,--
2025/9/1 7:15,24.7,65,13.1,97,12.7,13.1,3.2,3.6,323,949.8,1019.6,23.4,0,0.0,0.0,0.0,0.0,0.0,781.3,--
2025/9/1 7:16,24.7,65,13.1,97,12.7,13.1,2.2,2.5,342,949.9,1019.7,23.8,0,0.0,0.0,0.0,0.0,0.0,781.3,--
2025/9/1 7:17,24.7,66,13.1,97,12.7,13.1,1.8,2.5,6,949.7,1019.5,24.2,0,0.0,0.0,0.0,0.0,0.0,781.3,--
2025/9/1 7:18,24.7,66,13.1,97,12.7,13.1,1.8,2.2,17,950.0,1019.8,24.6,0,0.0,0.0,0.0,0.0,0.0,781.3,--
2025/9/1 7:19,24.7,65,13.1,97,12.7,13.1,1.8,2.5,8,950.1,1019.9,25.0,0,0.0,0.0,0.0,0.0,0.0,781.3,--
2025/9/1 7:20,24.7,65,13.1,97,12.7,13.1,1.8,2.9,43,950.1,1019.9,25.4,0,0.0,0.0,0.0,0.0,0.0,781.3,--
2025/9/1 7:21,24.7,66,13.1,97,12.7,13.1,2.2,3.2,29,949.9,1019.7,25.8,0,0.0,0.0,0.0,0.0,0.0,781.3,--
2025/9/1 7:22,24.7,66,13.1,97,12.7,13.1,3.2,4.3,14,950.1,1019.9,26.1,0,0.0,0.0,0.0,0.0,0.0,781.3,--
2025/9/1 7:23,24.7,66,13.1,97,12.7,13.1,2.5,3.2,1,950.1,1019.9,26.5,0,0.0,0.0,0.0,0.0,0.0,781.3,--
2025/9/1 7:24,24.7,66,13.1,97,12.7,13.1,2.2,2.9,4,949.9,1019.7,26.9,0,0.0,0.0,0.0,0.0,0.0,781.3,--
2025/9/1 7:25,24.7,66,13.1,97,12.7,13.1,2.2,3.2,47,950.1,1019.9,27.2,0,0.0,0.0,0.0,0.0,0.0,781.3,--
2025/9/1 7:26,24.7,66,13.2,97,12.8,13.2,2.2,3.6,9,950.1,1019.9,27.5,0,0.0,0.0,0.0,0.0,0.0,781.3,--
2025/9/1 7:27,24.7,66,13.2,97,12.8,13.2,2.5,2.9,356,950.1,1019.9,27.8,0,0.0,0.0,0.0,0.0,0.0,781.3,--
2025/9/1 7:28,24.7,66,13.2,97,12.8,13.2,3.2,4.0,315,950.1,1019.9,28.1,0,0.0,0.0,0.0,0.0,0.0,781.3,--
2025/9/1 7:29,24.7,66,13.2,97,12.8,13.2,3.2,3.2,313,950.0,1019.8,28.4,0,0.0,0.0,0.0,0.0,0.0,781.3,--
2025/9/1 7:30,24.7,66,13.2,97,12.8,13.2,2.2,3.6,331,949.9,1019.7,28.7,0,0.0,0.0,0.0,0.0,0.0,781.3,--
2025/9/1 7:31,24.7,66,13.1,97,12.7,13.1,0.0,2.2,304,949.8,1019.6,28.9,0,0.0,0.0,0.0,0.0,0.0,781.3,--
2025/9/1 7:32,24.7,66,13.1,97,12.7,13.1,0.0,2.2,346,950.1,1019.9,29.2,0,0.0,0.0,0.0,0.0,0.0,781.3,--
2025/9/1 7:33,24.7,66,13.1,97,12.7,13.1,0.0,2.5,4,950.1,1019.9,29.5,0,0.0,0.0,0.0,0.0,0.0,781.3,--
2025/9/1 7:34,24.7,66,13.2,97,12.8,13.2,0.0,1.8,25,950.1,1019.9,29.7,0,0.0,0.0,0.0,0.0,0.0,781.3,--
2025/9/1 7:35,24.7,66,13.2,97,12.8,13.2,2.2,2.5,10,950.0,1019.8,29.9,0,0.0,0.0,0.0,0.0,0.0,781.3,--
2025/9/1 7:36,24.7,66,13.2,97,12.8,13.2,0.0,2.2,356,950.0,1019.8,30.1,0,0.0,0.0,0.0,0.0,0.0,781.3,--
2025/9/1 7:37,24.7,66,13.2,97,12.8,13.2,2.5,3.2,35,949.8,1019.6,30.3,0,0.0,0.0,0.0,0.0,0.0,781.3,--
2025/9/1 7:38,24.7,66,13.2,97,12.8,13.2,3.6,4.3,13,950.0,1019.8,30.6,0,0.0,0.0,0.0,0.0,0.0,781.3,--
2025/9/1 7:39,24.7,66,13.2,97,12.8,13.2,5.0,5.4,20,950.0,1019.8,30.8,0,0.0,0.0,0.0,0.0,0.0,781.3,--
2025/9/1 7:40,24.7,66,13.2,97,12.8,13.2,3.6,5.4,14,950.1,1019.9,31.0,0,0.0,0.0,0.0,0.0,0.0,781.3,--
2025/9/1 7:41,24.7,66,13.2,97,12.8,13.2,3.6,4.3,3,950.0,1019.8,31.2,0,0.0,0.0,0.0,0.0,0.0,781.3,--
2025/9/1 7:42,24.7,66,13.3,97,12.9,13.3,2.9,5.0,5,950.1,1019.9,31.4,0,0.0,0.0,0.0,0.0,0.0,781.3,--
2025/9/1 7:43,24.7,66,13.3,97,12.9,13.3,0.0,3.2,17,950.1,1019.9,31.7,0,0.0,0.0,0.0,0.0,0.0,781.3,--
2025/9/1 7:44,24.7,66,13.4,97,13.0,13.4,3.6,3.6,358,950.1,1019.9,31.8,0,0.0,0.0,0.0,0.0,0.0,781.3,--
2025/9/1 7:45,24.7,66,13.4,97,13.0,13.4,4.0,4.0,19,949.9,1019.7,32.1,0,0.0,0.0,0.0,0.0,0.0,781.3,--
2025/9/1 7:46,24.7,67,13.4,97,13.0,13.4,2.9,4.7,16,950.1,1019.9,32.3,0,0.0,0.0,0.0,0.0,0.0,781.3,--
2025/9/1 7:47,24.7,66,13.5,97,13.1,13.5,2.2,4.0,12,950.1,1019.9,32.5,0,0.0,0.0,0.0,0.0,0.0,781.3,--
2025/9/1 7:48,24.7,66,13.5,97,13.1,13.5,2.5,3.2,359,950.1,1019.9,32.7,0,0.0,0.0,0.0,0.0,0.0,781.3,--
2025/9/1 7:49,24.7,66,13.5,97,13.1,13.5,0.0,2.2,12,950.1,1019.9,32.9,0,0.0,0.0,0.0,0.0,0.0,781.3,--
2025/9/1 7:50,24.7,66,13.5,97,13.1,13.5,0.0,1.8,238,950.0,1019.8,33.1,0,0.0,0.0,0.0,0.0,0.0,781.3,--
2025/9/1 7:51,24.7,66,13.6,97,13.2,13.6,0.0,2.9,359,950.1,1019.9,33.3,0,0.0,0.0,0.0,0.0,0.0,781.3,--
2025/9/1 7:52,24.7,66,13.6,97,13.2,13.6,0.0,1.8,218,950.1,1019.9,33.5,0,0.0,0.0,0.0,0.0,0.0,781.3,--
2025/9/1 7:53,24.7,67,13.6,97,13.2,13.6,1.8,2.5,328,950.0,1019.8,33.7,0,0.0,0.0,0.0,0.0,0.0,781.3,--
2025/9/1 7:54,24.7,67,13.6,97,13.2,13.6,0.0,1.8,286,950.1,1019.9,33.9,0,0.0,0.0,0.0,0.0,0.0,781.3,--
2025/9/1 7:55,24.7,67,13.6,97,13.2,13.6,0.0,2.5,330,950.1,1019.9,34.0,0,0.0,0.0,0.0,0.0,0.0,781.3,--
2025/9/1 7:56,24.6,67,13.7,97,13.3,13.7,0.0,1.8,5,950.1,1019.9,34.3,0,0.0,0.0,0.0,0.0,0.0,781.3,--
2025/9/1 7:57,24.7,67,13.7,97,13.3,13.7,0.0,2.5,335,950.1,1019.9,34.4,0,0.0,0.0,0.0,0.0,0.0,781.3,--
2025/9/1 7:58,24.7,67,13.7,97,13.3,13.7,0.0,2.2,30,950.2,1020.0,34.6,0,0.0,0.0,0.0,0.0,0.0,781.3,--
2025/9/1 7:59,24.7,67,13.7,97,13.3,13.7,0.0,1.8,329,950.2,1020.0,34.8,0,0.0,0.0,0.0,0.0,0.0,781.3,--
2025/9/1 8:00,24.7,67,13.8,97,13.4,13.8,2.5,3.2,27,950.1,1019.9,35.1,0,0.0,0.0,0.0,0.0,0.0,781.3,--
2025/9/1 8:01,24.7,67,13.8,97,13.4,13.8,0.0,2.9,18,950.1,1019.9,35.3,0,0.0,0.0,0.0,0.0,0.0,781.3,--
2025/9/1 8:02,24.7,67,13.9,97,13.5,13.9,2.5,2.5,312,950.0,1019.8,35.5,0,0.0,0.0,0.0,0.0,0.0,781.3,--
2025/9/1 8:03,24.7,67,13.9,97,13.5,13.9,0.0,2.5,14,950.2,1020.0,35.7,0,0.0,0.0,0.0,0.0,0.0,781.3,--
2025/9/1 8:04,24.7,66,13.9,97,13.5,13.9,1.8,2.5,31,950.1,1019.9,35.9,0,0.0,0.0,0.0,0.0,0.0,781.3,--
2025/9/1 8:05,24.7,66,13.9,97,13.5,13.9,0.0,2.5,13,950.1,1019.9,36.0,0,0.0,0.0,0.0,0.0,0.0,781.3,--
2025/9/1 8:06,24.7,66,13.9,97,13.5,13.9,0.0,2.5,21,950.1,1019.9,36.3,0,0.0,0.0,0.0,0.0,0.0,781.3,--
2025/9/1 8:07,24.7,67,13.9,97,13.5,13.9,0.0,3.2,7,950.0,1019.8,36.4,0,0.0,0.0,0.0,0.0,0.0,781.3,--
2025/9/1 8:08,24.7,67,14.0,96,13.4,14.0,1.8,2.5,32,950.3,1020.1,36.6,0,0.0,0.0,0.0,0.0,0.0,781.3,--
2025/9/1 8:09,24.7,67,14.0,96,13.4,14.0,0.0,3.6,1,950.2,1020.0,36.7,0,0.0,0.0,0.0,0.0,0.0,781.3,--
2025/9/1 8:10,24.6,67,14.1,96,13.5,14.1,2.9,3.6,17,950.1,1019.9,37.0,0,0.0,0.0,0.0,0.0,0.0,781.3,--
2025/9/1 8:11,24.6,67,14.1,96,13.5,14.1,2.2,3.6,56,950.2,1020.0,37.1,0,0.0,0.0,0.0,0.0,0.0,781.3,--
2025/9/1 8:12,24.7,67,14.2,96,13.6,14.2,1.8,1.8,61,950.0,1019.8,37.3,0,0.0,0.0,0.0,0.0,0.0,781.3,--
2025/9/1 8:13,24.7,67,14.2,96,13.6,14.2,0.0,2.2,25,950.1,1019.9,37.4,0,0.0,0.0,0.0,0.0,0.0,781.3,--
2025/9/1 8:14,24.7,67,14.2,96,13.6,14.2,0.0,2.5,53,950.1,1019.9,37.6,0,0.0,0.0,0.0,0.0,0.0,781.3,--
2025/9/1 8:15,24.7,67,14.3,96,13.7,14.3,0.0,2.2,49,950.0,1019.8,37.8,0,0.0,0.0,0.0,0.0,0.0,781.3,--
2025/9/1 8:16,24.7,66,14.3,97,13.9,14.3,0.0,2.5,35,950.1,1019.9,38.0,0,0.0,0.0,0.0,0.0,0.0,781.3,--
2025/9/1 8:17,24.7,66,14.4,96,13.8,14.4,2.9,4.0,23,950.1,1019.9,38.2,0,0.0,0.0,0.0,0.0,0.0,781.3,--
2025/9/1 8:18,24.6,67,14.4,96,13.8,14.4,2.5,4.0,40,950.0,1019.8,38.4,0,0.0,0.0,0.0,0.0,0.0,781.3,--
2025/9/1 8:19,24.6,67,14.4,96,13.8,14.4,3.2,4.0,49,950.0,1019.8,38.9,0,0.0,0.0,0.0,0.0,0.0,781.3,--
2025/9/1 8:20,24.6,67,14.4,96,13.8,14.4,2.5,2.9,66,950.1,1019.9,41.4,0,0.0,0.0,0.0,0.0,0.0,781.3,--
2025/9/1 8:21,24.7,66,14.4,96,13.8,14.4,2.5,4.0,35,950.2,1020.0,42.3,0,0.0,0.0,0.0,0.0,0.0,781.3,--
2025/9/1 8:22,24.7,66,14.5,95,13.7,14.5,1.8,4.0,32,950.2,1020.0,59.6,0,0.0,0.0,0.0,0.0,0.0,781.3,--
2025/9/1 8:23,24.7,66,14.5,95,13.7,14.5,2.9,2.9,58,950.1,1019.9,56.7,0,0.0,0.0,0.0,0.0,0.0,781.3,--
2025/9/1 8:24,24.6,67,14.7,96,14.1,14.7,0.0,2.9,104,950.0,1019.8,42.0,0,0.0,0.0,0.0,0.0,0.0,781.3,--
2025/9/1 8:25,24.6,66,14.8,95,14.0,14.8,2.2,2.5,35,950.0,1019.8,39.4,0,0.0,0.0,0.0,0.0,0.0,781.3,--
2025/9/1 8:26,24.7,66,14.8,95,14.0,14.8,2.9,3.2,38,950.1,1019.9,39.5,0,0.0,0.0,0.0,0.0,0.0,781.3,--
2025/9/1 8:27,24.7,66,14.9,95,14.1,14.9,2.9,2.9,30,950.0,1019.8,39.7,0,0.0,0.0,0.0,0.0,0.0,781.3,--
2025/9/1 8:28,24.7,66,15.0,94,14.0,15.0,2.2,3.2,21,950.2,1020.0,39.7,0,0.0,0.0,0.0,0.0,0.0,781.3,--
2025/9/1 8:29,24.7,66,15.1,93,13.9,15.1,2.9,4.3,29,950.0,1019.8,39.9,0,0.0,0.0,0.0,0.0,0.0,781.3,--
2025/9/1 8:30,24.7,66,15.1,93,13.9,15.1,0.0,3.6,34,950.0,1019.8,40.0,0,0.0,0.0,0.0,0.0,0.0,781.3,--
2025/9/1 8:31,24.7,66,15.2,93,14.0,15.2,2.2,2.9,60,950.1,1019.9,40.1,0,0.0,0.0,0.0,0.0,0.0,781.3,--
2025/9/1 8:32,24.7,66,15.3,93,14.1,15.3,2.5,4.0,78,950.2,1020.0,40.2,0,0.0,0.0,0.0,0.0,0.0,781.3,--
2025/9/1 8:33,24.7,66,15.4,92,14.1,15.4,1.8,3.2,18,950.2,1020.0,40.4,0,0.0,0.0,0.0,0.0,0.0,781.3,--
2025/9/1 8:34,24.7,66,15.5,92,14.2,15.5,3.2,3.6,61,950.1,1019.9,40.8,0,0.0,0.0,0.0,0.0,0.0,781.3,--
2025/9/1 8:35,24.7,66,15.6,92,14.3,15.6,2.2,3.6,68,950.0,1019.8,40.9,0,0.0,0.0,0.0,0.0,0.0,781.3,--
2025/9/1 8:36,24.7,66,15.7,92,14.4,15.7,0.0,3.2,82,950.1,1019.9,40.8,0,0.0,0.0,0.0,0.0,0.0,781.3,--
2025/9/1 8:37,24.7,66,15.8,92,14.5,15.8,2.2,2.9,54,950.0,1019.8,41.2,0,0.0,0.0,0.0,0.0,0.0,781.3,--
2025/9/1 8:38,24.7,66,15.9,92,14.6,15.9,0.0,2.9,27,950.1,1019.9,41.8,0,0.0,0.0,0.0,0.0,0.0,781.3,--
2025/9/1 8:39,24.7,66,15.9,92,14.6,15.9,0.0,3.2,358,950.1,1019.9,42.2,0,0.0,0.0,0.0,0.0,0.0,781.3,--
2025/9/1 8:40,24.7,66,16.0,92,14.7,16.0,2.2,4.3,57,949.9,1019.7,41.8,0,0.0,0.0,0.0,0.0,0.0,781.3,--
2025/9/1 8:41,24.7,66,16.1,92,14.8,16.1,0.0,2.2,10,950.1,1019.9,41.4,0,0.0,0.0,0.0,0.0,0.0,781.3,--
2025/9/1 8:42,24.7,66,16.2,92,14.9,16.2,0.0,2.9,22,950.1,1019.9,41.5,0,0.0,0.0,0.0,0.0,0.0,781.3,--
2025/9/1 8:43,24.7,66,16.3,92,15.0,16.3,2.2,4.0,88,950.1,1019.9,41.5,0,0.0,0.0,0.0,0.0,0.0,781.3,--
2025/9/1 8:44,24.7,66,16.3,91,14.9,16.3,3.6,4.3,39,950.2,1020.0,41.7,0,0.0,0.0,0.0,0.0,0.0,781.3,--
2025/9/1 8:45,24.7,66,16.4,90,14.8,16.4,2.2,2.9,64,950.1,1019.9,41.9,0,0.0,0.0,0.0,0.0,0.0,781.3,--
2025/9/1 8:46,24.7,66,16.5,91,15.1,16.5,3.2,3.2,43,950.1,1019.9,41.9,0,0.0,0.0,0.0,0.0,0.0,781.3,--
2025/9/1 8:47,24.7,66,16.6,91,15.2,16.6,2.5,2.9,28,950.4,1020.2,42.1,0,0.0,0.0,0.0,0.0,0.0,781.3,--
2025/9/1 8:48,24.7,66,16.7,91,15.3,16.7,2.5,3.2,60,950.4,1020.2,42.3,0,0.0,0.0,0.0,0.0,0.0,781.3,--
2025/9/1 8:49,24.7,66,16.8,90,15.1,16.8,3.2,4.0,50,950.1,1019.9,42.4,0,0.0,0.0,0.0,0.0,0.0,781.3,--
2025/9/1 8:50,24.7,66,16.8,90,15.1,16.8,2.9,3.2,95,950.2,1020.0,42.6,0,0.0,0.0,0.0,0.0,0.0,781.3,--
2025/9/1 8:51,24.7,66,16.9,90,15.2,16.9,0.0,3.2,29,950.2,1020.0,42.7,0,0.0,0.0,0.0,0.0,0.0,781.3,--
2025/9/1 8:52,24.7,66,17.0,89,15.2,17.0,2.9,2.9,79,950.3,1020.1,42.9,0,0.0,0.0,0.0,0.0,0.0,781.3,--
2025/9/1 8:53,24.7,66,17.1,88,15.1,17.1,5.0,5.0,119,950.1,1019.9,43.1,0,0.0,0.0,0.0,0.0,0.0,781.3,--
2025/9/1 8:54,24.7,66,17.2,87,15.0,17.2,4.0,4.7,95,950.1,1019.9,43.4,0,0.0,0.0,0.0,0.0,0.0,781.3,--
2025/9/1 8:55,24.7,66,17.3,86,15.0,17.3,4.3,7.6,120,950.1,1019.9,43.7,0,0.0,0.0,0.0,0.0,0.0,781.3,--
2025/9/1 8:56,24.7,66,17.5,85,15.0,17.5,5.0,6.5,106,950.1,1019.9,43.9,0,0.0,0.0,0.0,0.0,0.0,781.3,--
2025/9/1 8:57,24.7,66,17.8,85,15.2,17.8,5.8,7.6,107,950.2,1020.0,44.1,0,0.0,0.0,0.0,0.0,0.0,781.3,--
2025/9/1 8:58,24.7,66,17.9,85,15.3,17.9,4.3,7.2,110,950.2,1020.0,44.3,0,0.0,0.0,0.0,0.0,0.0,781.3,--
2025/9/1 8:59,24.7,66,17.9,85,15.3,17.9,6.5,8.3,114,950.4,1020.2,44.4,0,0.0,0.0,0.0,0.0,0.0,781.3,--
2025/9/1 9:00,24.8,66,18.0,84,15.3,18.0,5.4,6.1,110,950.2,1020.0,44.4,0,0.0,0.0,0.0,0.0,0.0,781.3,--
2025/9/1 9:01,24.8,66,18.0,84,15.3,18.0,5.4,6.1,115,950.2,1020.0,44.3,0,0.0,0.0,0.0,0.0,0.0,781.3,--
2025/9/1 9:02,24.8,66,18.0,84,15.3,18.0,5.4,5.8,113,950.1,1019.9,44.3,0,0.0,0.0,0.0,0.0,0.0,781.3,--
2025/9/1 9:03,24.7,65,18.1,84,15.4,18.1,6.8,6.8,110,950.2,1020.0,44.2,0,0.0,0.0,0.0,0.0,0.0,781.3,--
2025/9/1 9:04,24.8,65,18.1,85,15.5,18.1,2.9,3.6,94,950.1,1019.9,44.2,0,0.0,0.0,0.0,0.0,0.0,781.3,--
2025/9/1 9:05,24.8,65,18.1,84,15.4,18.1,6.8,7.6,123,950.3,1020.1,44.3,0,0.0,0.0,0.0,0.0,0.0,781.3,--
2025/9/1 9:06,24.7,66,18.1,84,15.4,18.1,4.7,5.8,106,950.2,1020.0,44.4,0,0.0,0.0,0.0,0.0,0.0,781.3,--
2025/9/1 9:07,24.7,66,18.1,84,15.4,18.1,5.8,6.5,129,950.5,1020.3,44.4,0,0.0,0.0,0.0,0.0,0.0,781.3,--
2025/9/1 9:08,24.7,66,18.2,84,15.5,18.2,3.2,3.2,117,950.4,1020.2,44.5,0,0.0,0.0,0.0,0.0,0.0,781.3,--
2025/9/1 9:09,24.7,66,18.2,81,14.9,18.2,5.0,6.1,106,950.4,1020.2,44.5,0,0.0,0.0,0.0,0.0,0.0,781.3,--
2025/9/1 9:10,24.7,66,18.3,82,15.2,18.3,7.2,9.0,121,950.3,1020.1,44.5,0,0.0,0.0,0.0,0.0,0.0,781.3,--
2025/9/1 9:11,24.7,66,18.3,81,15.0,18.3,8.6,8.6,127,950.4,1020.2,44.6,0,0.0,0.0,0.0,0.0,0.0,781.3,--
2025/9/1 9:12,24.7,66,18.3,82,15.2,18.3,3.2,4.7,107,950.2,1020.0,44.5,0,0.0,0.0,0.0,0.0,0.0,781.3,--
2025/9/1 9:13,24.7,66,18.4,81,15.1,18.4,5.8,7.2,115,950.2,1020.0,44.5,0,0.0,0.0,0.0,0.0,0.0,781.3,--
2025/9/1 9:14,24.7,66,18.4,81,15.1,18.4,4.0,5.0,124,950.6,1020.4,44.5,0,0.0,0.0,0.0,0.0,0.0,781.3,--
2025/9/1 9:15,24.7,66,18.4,81,15.1,18.4,5.4,7.6,106,950.3,1020.1,45.4,0,0.0,0.0,0.0,0.0,0.0,781.3,--
2025/9/1 9:16,24.7,66,18.5,82,15.4,18.5,1.8,2.5,98,950.5,1020.3,44.9,0,0.0,0.0,0.0,0.0,0.0,781.3,--
2025/9/1 9:17,24.7,66,18.5,82,15.4,18.5,6.1,7.9,117,950.2,1020.0,44.9,0,0.0,0.0,0.0,0.0,0.0,781.3,--
2025/9/1 9:18,24.6,67,18.5,81,15.2,18.5,5.0,6.1,105,950.4,1020.2,44.8,0,0.0,0.0,0.0,0.0,0.0,781.3,--
2025/9/1 9:19,24.6,66,18.6,81,15.3,18.6,4.0,6.5,122,950.4,1020.2,45.2,0,0.0,0.0,0.0,0.0,0.0,781.3,--
2025/9/1 9:20,24.6,66,18.6,80,15.1,18.6,6.5,6.5,114,950.4,1020.2,45.0,0,0.0,0.0,0.0,0.0,0.0,781.3,--
2025/9/1 9:21,24.7,66,18.6,81,15.3,18.6,4.3,5.4,132,950.5,1020.3,45.0,0,0.0,0.0,0.0,0.0,0.0,781.3,--
2025/9/1 9:22,24.6,66,18.6,80,15.1,18.6,3.2,4.3,124,950.3,1020.1,45.1,0,0.0,0.0,0.0,0.0,0.0,781.3,--
2025/9/1 9:23,24.6,66,18.6,80,15.1,18.6,4.0,4.7,107,950.3,1020.1,45.2,0,0.0,0.0,0.0,0.0,0.0,781.3,--
2025/9/1 9:24,24.7,66,18.6,80,15.1,18.6,2.9,5.4,102,950.4,1020.2,45.3,0,0.0,0.0,0.0,0.0,0.0,781.3,--
2025/9/1 9:25,24.6,66,18.6,80,15.1,18.6,3.6,4.7,122,950.4,1020.2,45.4,0,0.0,0.0,0.0,0.0,0.0,781.3,--
2025/9/1 9:26,24.7,66,18.7,81,15.4,18.7,2.5,2.9,76,950.4,1020.2,45.4,0,0.0,0.0,0.0,0.0,0.0,781.3,--
2025/9/1 9:27,24.6,66,18.8,81,15.5,18.8,2.2,3.2,54,950.4,1020.2,45.5,0,0.0,0.0,0.0,0.0,0.0,781.3,--
2025/9/1 9:28,24.6,66,18.8,81,15.5,18.8,2.5,4.0,44,950.4,1020.2,45.6,0,0.0,0.0,0.0,0.0,0.0,781.3,--
2025/9/1 9:29,24.6,66,18.9,82,15.8,18.9,2.2,2.9,102,950.3,1020.1,45.8,0,0.0,0.0,0.0,0.0,0.0,781.3,--
2025/9/1 9:30,24.7,66,18.9,80,15.4,18.9,0.0,2.2,129,950.3,1020.1,47.2,0,0.0,0.0,0.0,0.0,0.0,781.3,--
2025/9/1 9:31,24.6,66,18.9,81,15.6,18.9,0.0,2.5,88,950.5,1020.3,49.9,0,0.0,0.0,0.0,0.0,0.0,781.3,--
2025/9/1 9:32,24.7,66,19.0,82,15.9,19.0,2.2,2.9,1,950.3,1020.1,47.0,0,0.0,0.0,0.0,0.0,0.0,781.3,--
2025/9/1 9:33,24.7,66,19.1,82,15.9,19.1,2.2,2.9,85,950.5,1020.3,46.0,0,0.0,0.0,0.0,0.0,0.0,781.3,--
2025/9/1 9:34,24.7,66,19.1,79,15.4,19.1,3.2,3.6,126,950.2,1020.0,46.0,0,0.0,0.0,0.0,0.0,0.0,781.3,--
2025/9/1 9:35,24.7,66,19.1,80,15.6,19.1,0.0,0.0,37,950.4,1020.2,46.1,0,0.0,0.0,0.0,0.0,0.0,781.3,--
2025/9/1 9:36,24.7,66,19.1,80,15.6,19.1,3.6,4.7,111,950.5,1020.3,46.2,0,0.0,0.0,0.0,0.0,0.0,781.3,--
2025/9/1 9:37,24.7,66,19.1,79,15.4,19.1,4.0,5.0,122,950.4,1020.2,46.4,0,0.0,0.0,0.0,0.0,0.0,781.3,--
2025/9/1 9:38,24.7,66,19.1,78,15.2,19.1,4.7,5.8,123,950.4,1020.2,46.4,0,0.0,0.0,0.0,0.0,0.0,781.3,--
2025/9/1 9:39,24.7,66,19.1,79,15.4,19.1,2.9,3.2,115,950.4,1020.2,46.5,0,0.0,0.0,0.0,0.0,0.0,781.3,--
2025/9/1 9:40,24.7,66,19.2,79,15.5,19.2,3.6,4.3,110,950.3,1020.1,46.7,0,0.0,0.0,0.0,0.0,0.0,781.3,--
2025/9/1 9:41,24.7,66,19.2,79,15.5,19.2,4.7,5.0,103,950.4,1020.2,46.8,0,0.0,0.0,0.0,0.0,0.0,781.3,--
2025/9/1 9:42,24.7,66,19.3,79,15.6,19.3,2.5,3.6,110,950.3,1020.1,47.0,0,0.0,0.0,0.0,0.0,0.0,781.3,--
2025/9/1 9:43,24.6,66,19.4,80,15.9,19.4,0.0,2.2,76,950.3,1020.1,47.2,0,0.0,0.0,0.0,0.0,0.0,781.3,--
2025/9/1 9:44,24.6,66,19.5,79,15.8,19.5,3.2,3.6,69,950.5,1020.3,47.4,0,0.0,0.0,0.0,0.0,0.0,781.3,--
2025/9/1 9:45,24.6,66,19.5,80,16.0,19.5,2.9,3.2,35,950.2,1020.0,47.5,0,0.0,0.0,0.0,0.0,0.0,781.3,--
2025/9/1 9:46,24.6,66,19.6,79,15.9,19.6,0.0,0.0,58,950.2,1020.0,47.6,0,0.0,0.0,0.0,0.0,0.0,781.3,--
2025/9/1 9:47,24.6,66,19.6,78,15.7,19.6,7.9,7.9,124,950.5,1020.3,47.8,0,0.0,0.0,0.0,0.0,0.0,781.3,--
2025/9/1 9:48,24.6,66,19.6,77,15.4,19.6,6.1,6.1,114,950.5,1020.3,47.9,0,0.0,0.0,0.0,0.0,0.0,781.3,--
2025/9/1 9:49,24.6,66,19.6,78,15.7,19.6,5.0,6.1,116,950.2,1020.0,48.1,0,0.0,0.0,0.0,0.0,0.0,781.3,--
2025/9/1 9:50,24.6,66,19.7,77,15.5,19.7,2.5,4.7,135,950.4,1020.2,48.3,0,0.0,0.0,0.0,0.0,0.0,781.3,--
2025/9/1 9:51,24.6,66,19.7,77,15.5,19.7,0.0,1.8,0,950.4,1020.2,48.3,0,0.0,0.0,0.0,0.0,0.0,781.3,--
2025/9/1 9:52,24.6,66,19.7,77,15.5,19.7,0.0,2.5,98,950.4,1020.2,48.5,0,0.0,0.0,0.0,0.0,0.0,781.3,--
2025/9/1 9:53,24.6,66,19.8,78,15.9,19.8,3.2,3.6,95,950.2,1020.0,48.7,0,0.0,0.0,0.0,0.0,0.0,781.3,--
2025/9/1 9:54,24.6,66,19.8,77,15.6,19.8,7.9,9.0,116,950.5,1020.3,48.9,0,0.0,0.0,0.0,0.0,0.0,781.3,--
2025/9/1 9:55,24.6,66,19.8,78,15.9,19.8,1.8,2.9,133,950.5,1020.3,49.1,0,0.0,0.0,0.0,0.0,0.0,781.3,--
2025/9/1 9:56,24.6,66,19.8,77,15.6,19.8,2.2,2.9,306,950.4,1020.2,49.3,0,0.0,0.0,0.0,0.0,0.0,781.3,--
2025/9/1 9:57,24.6,66,19.9,77,15.7,19.9,0.0,1.8,344,950.4,1020.2,49.4,0,0.0,0.0,0.0,0.0,0.0,781.3,--
2025/9/1 9:58,24.6,66,19.9,78,16.0,19.9,2.5,4.7,96,950.2,1020.0,49.4,0,0.0,0.0,0.0,0.0,0.0,781.3,--
2025/9/1 9:59,24.6,66,19.9,77,15.7,19.9,1.8,5.4,128,950.5,1020.3,49.6,0,0.0,0.0,0.0,0.0,0.0,781.3,--
2025/9/1 10:00,24.6,66,19.9,78,16.0,19.9,5.4,5.4,105,950.4,1020.2,50.0,0,0.0,0.0,0.0,0.0,0.0,781.3,--
2025/9/1 10:01,24.6,66,20.0,78,16.1,20.0,1.8,3.6,117,950.3,1020.1,50.4,0,0.0,0.0,0.0,0.0,0.0,781.3,--
2025/9/1 10:02,24.6,66,20.2,77,16.0,20.2,6.5,6.5,108,950.3,1020.1,67.2,0,0.0,0.0,0.0,0.0,0.0,781.3,--
2025/9/1 10:03,24.6,66,20.2,76,15.8,20.2,6.8,7.6,119,950.3,1020.1,59.5,0,0.0,0.0,0.0,0.0,0.0,781.3,--
2025/9/1 10:04,24.6,66,20.2,76,15.8,20.2,3.6,6.5,108,950.5,1020.3,50.9,0,0.0,0.0,0.0,0.0,0.0,781.3,--
2025/9/1 10:05,24.6,66,20.2,76,15.8,20.2,5.8,6.1,110,950.4,1020.2,64.6,0,0.0,0.0,0.0,0.0,0.0,781.3,--
2025/9/1 10:06,24.6,66,20.2,76,15.8,20.2,5.8,5.8,116,950.5,1020.3,57.2,0,0.0,0.0,0.0,0.0,0.0,781.3,--
2025/9/1 10:07,24.6,66,20.1,76,15.7,20.1,4.0,4.7,109,950.5,1020.3,67.1,0,0.0,0.0,0.0,0.0,0.0,781.3,--
2025/9/1 10:08,24.6,66,20.2,76,15.8,20.2,0.0,1.8,80,950.4,1020.2,68.4,0,0.0,0.0,0.0,0.0,0.0,781.3,--
2025/9/1 10:09,24.6,66,20.2,76,15.8,20.2,4.0,7.6,113,950.5,1020.3,56.6,0,0.0,0.0,0.0,0.0,0.0,781.3,--
2025/9/1 10:10,24.6,66,20.2,76,15.8,20.2,2.9,3.2,350,950.4,1020.2,51.9,0,0.0,0.0,0.0,0.0,0.0,781.3,--
2025/9/1 10:11,24.6,66,20.2,76,15.8,20.2,4.7,4.7,315,950.7,1020.5,52.1,0,0.0,0.0,0.0,0.0,0.0,781.3,--
2025/9/1 10:12,24.6,66,20.2,78,16.3,20.2,2.5,4.7,106,950.5,1020.3,52.5,0,0.0,0.0,0.0,0.0,0.0,781.3,--
2025/9/1 10:13,24.7,66,20.3,77,16.1,20.3,1.8,3.6,46,950.3,1020.1,52.9,0,0.0,0.0,0.0,0.0,0.0,781.3,--
2025/9/1 10:14,24.7,66,20.4,77,16.2,20.4,9.0,9.4,105,950.3,1020.1,53.2,0,0.0,0.0,0.0,0.0,0.0,781.3,--
2025/9/1 10:15,24.6,66,20.4,76,16.0,20.4,6.5,11.9,143,950.6,1020.4,53.3,0,0.0,0.0,0.0,0.0,0.0,781.3,--
2025/9/1 10:16,24.6,66,20.4,78,16.5,20.4,3.6,3.6,248,950.6,1020.4,53.3,0,0.0,0.0,0.0,0.0,0.0,781.3,--
2025/9/1 10:17,24.6,66,20.4,77,16.2,20.4,4.0,4.0,99,950.4,1020.2,53.5,0,0.0,0.0,0.0,0.0,0.0,781.3,--
2025/9/1 10:18,24.6,66,20.5,76,16.1,20.5,2.9,5.4,129,950.4,1020.2,53.4,0,0.0,0.0,0.0,0.0,0.0,781.3,--
2025/9/1 10:19,24.6,66,20.6,75,16.0,20.6,6.8,9.0,128,950.4,1020.2,53.4,0,0.0,0.0,0.0,0.0,0.0,781.3,--
2025/9/1 10:20,24.6,66,20.5,76,16.1,20.5,2.2,2.2,67,950.3,1020.1,53.3,0,0.0,0.0,0.0,0.0,0.0,781.3,--
2025/9/1 10:21,24.6,66,20.5,75,15.9,20.5,2.9,5.0,99,950.5,1020.3,53.5,0,0.0,0.0,0.0,0.0,0.0,781.3,--
2025/9/1 10:22,24.6,66,20.6,76,16.2,20.6,2.9,5.0,107,950.4,1020.2,53.6,0,0.0,0.0,0.0,0.0,0.0,781.3,--
2025/9/1 10:23,24.6,66,20.7,76,16.3,20.7,4.0,5.8,126,950.4,1020.2,53.7,0,0.0,0.0,0.0,0.0,0.0,781.3,--
2025/9/1 10:24,24.6,66,20.7,76,16.3,20.7,2.9,3.6,275,950.4,1020.2,53.6,0,0.0,0.0,0.0,0.0,0.0,781.3,--
2025/9/1 10:25,24.6,66,20.7,77,16.5,20.7,2.5,4.3,246,950.4,1020.2,53.6,0,0.0,0.0,0.0,0.0,0.0,781.3,--
2025/9/1 10:26,24.6,66,20.6,74,15.8,20.6,3.2,8.3,134,950.5,1020.3,54.4,0,0.0,0.0,0.0,0.0,0.0,781.3,--
2025/9/1 10:27,24.6,66,20.6,75,16.0,20.6,5.4,5.8,128,950.4,1020.2,66.1,0,0.0,0.0,0.0,0.0,0.0,781.3,--
2025/9/1 10:28,24.6,66,20.6,75,16.0,20.6,6.5,6.5,109,950.5,1020.3,105.0,0,0.0,0.0,0.0,0.0,0.0,781.3,--
2025/9/1 10:29,24.6,66,20.7,75,16.1,20.7,4.0,6.5,120,950.3,1020.1,92.6,0,0.0,0.0,0.0,0.0,0.0,781.3,--
2025/9/1 10:30,24.6,66,20.8,74,16.0,20.8,7.2,7.2,125,950.4,1020.2,56.0,0,0.0,0.0,0.0,0.0,0.0,781.3,--
2025/9/1 10:31,24.6,66,20.7,75,16.1,20.7,6.5,6.5,116,950.4,1020.2,85.7,0,0.0,0.0,0.0,0.0,0.0,781.3,--
2025/9/1 10:32,24.6,66,20.7,74,15.9,20.7,4.7,4.7,113,950.3,1020.1,61.2,0,0.0,0.0,0.0,0.0,0.0,781.3,--
2025/9/1 10:33,24.6,66,20.8,75,16.2,20.8,0.0,2.5,82,950.3,1020.1,55.6,0,0.0,0.0,0.0,0.0,0.0,781.3,--
2025/9/1 10:34,24.6,66,20.9,74,16.1,20.9,0.0,2.2,352,950.5,1020.3,56.6,0,0.0,0.0,0.0,0.0,0.0,781.3,--
2025/9/1 10:35,24.6,66,20.9,74,16.1,20.9,0.0,2.2,89,950.4,1020.2,55.2,0,0.0,0.0,0.0,0.0,0.0,781.3,--
2025/9/1 10:36,24.6,66,21.0,74,16.2,21.0,5.8,5.8,99,950.4,1020.2,55.1,0,0.0,0.0,0.0,0.0,0.0,781.3,--
2025/9/1 10:37,24.6,66,21.0,74,16.2,21.0,0.0,3.6,72,950.5,1020.3,61.3,0,0.0,0.0,0.0,0.0,0.0,781.3,--
2025/9/1 10:38,24.6,66,21.0,74,16.2,21.0,5.4,5.4,98,950.4,1020.2,61.4,0,0.0,0.0,0.0,0.0,0.0,781.3,--
2025/9/1 10:39,24.6,66,20.9,73,15.9,20.9,4.0,4.3,120,950.3,1020.1,67.8,0,0.0,0.0,0.0,0.0,0.0,781.3,--
2025/9/1 10:40,24.6,66,20.9,74,16.1,20.9,4.0,7.2,122,950.3,1020.1,60.7,0,0.0,0.0,0.0,0.0,0.0,781.3,--
2025/9/1 10:41,24.6,66,21.1,73,16.1,21.1,1.8,2.9,246,950.5,1020.3,56.2,0,0.0,0.0,0.0,0.0,0.0,781.3,--
2025/9/1 10:42,24.5,66,21.1,75,16.5,21.1,0.0,2.5,89,950.4,1020.2,56.9,0,0.0,0.0,0.0,0.0,0.0,781.3,--
2025/9/1 10:43,24.5,66,21.1,74,16.3,21.1,2.5,5.0,110,950.4,1020.2,58.0,0,0.0,0.0,0.0,0.0,0.0,781.3,--
2025/9/1 10:44,24.5,66,21.2,74,16.4,21.2,5.4,6.8,109,950.5,1020.3,70.9,0,0.0,0.0,0.0,0.0,0.0,781.3,--
2025/9/1 10:45,24.5,66,21.3,73,16.3,21.3,5.4,7.6,100,950.2,1020.0,72.2,0,0.0,0.0,0.0,0.0,0.0,781.3,--
2025/9/1 10:46,24.6,66,21.1,73,16.1,21.1,6.5,7.9,115,950.6,1020.4,60.4,0,0.0,0.0,0.0,0.0,0.0,781.3,--
2025/9/1 10:47,24.6,66,21.0,73,16.0,21.0,3.6,4.7,101,950.3,1020.1,59.9,0,0.0,0.0,0.0,0.0,0.0,781.3,--
2025/9/1 10:48,24.6,66,21.0,75,16.4,21.0,4.7,6.1,109,950.3,1020.1,64.0,0,0.0,0.0,0.0,0.0,0.0,781.3,--
2025/9/1 10:49,24.6,66,21.1,73,16.1,21.1,6.8,9.4,121,950.4,1020.2,62.1,0,0.0,0.0,0.0,0.0,0.0,781.3,--
2025/9/1 10:50,24.6,66,21.0,74,16.2,21.0,2.9,5.0,105,950.3,1020.1,129.9,1,0.0,0.0,0.0,0.0,0.0,781.3,--
2025/9/1 10:51,24.6,66,21.1,74,16.3,21.1,2.2,4.0,333,950.3,1020.1,106.4,0,0.0,0.0,0.0,0.0,0.0,781.3,--
2025/9/1 10:52,24.5,66,21.1,74,16.3,21.1,2.2,4.0,121,950.5,1020.3,70.9,0,0.0,0.0,0.0,0.0,0.0,781.3,--
2025/9/1 10:53,24.6,66,21.1,75,16.5,21.1,2.9,4.0,249,950.4,1020.2,66.9,0,0.0,0.0,0.0,0.0,0.0,781.3,--
2025/9/1 10:54,24.5,66,21.1,74,16.3,21.1,1.8,2.5,281,950.2,1020.0,75.6,0,0.0,0.0,0.0,0.0,0.0,781.3,--
2025/9/1 10:55,24.5,66,21.2,74,16.4,21.2,7.6,7.6,118,950.3,1020.1,99.4,0,0.0,0.0,0.0,0.0,0.0,781.3,--
2025/9/1 10:56,24.5,66,21.2,72,15.9,21.2,3.6,6.5,122,950.2,1020.0,190.2,1,0.0,0.0,0.0,0.0,0.0,781.3,--
2025/9/1 10:57,24.5,66,21.2,73,16.2,21.2,0.0,3.2,54,950.2,1020.0,260.2,2,0.0,0.0,0.0,0.0,0.0,781.3,--
2025/9/1 10:58,24.6,66,21.2,74,16.4,21.2,3.6,4.7,115,950.3,1020.1,124.0,1,0.0,0.0,0.0,0.0,0.0,781.3,--
2025/9/1 10:59,24.6,66,21.4,74,16.6,21.4,6.1,6.1,121,950.4,1020.2,77.4,0,0.0,0.0,0.0,0.0,0.0,781.3,--
2025/9/1 11:00,24.6,66,21.5,73,16.5,21.5,5.4,5.4,112,950.3,1020.1,93.8,0,0.0,0.0,0.0,0.0,0.0,781.3,--
2025/9/1 11:01,24.6,66,21.6,73,16.6,21.6,2.2,3.6,114,950.3,1020.1,95.7,0,0.0,0.0,0.0,0.0,0.0,781.3,--
2025/9/1 11:02,24.6,66,21.5,73,16.5,21.5,4.3,5.8,127,950.4,1020.2,137.5,1,0.0,0.0,0.0,0.0,0.0,781.3,--
2025/9/1 11:03,24.6,66,21.4,72,16.1,21.4,4.0,5.8,128,950.3,1020.1,77.5,0,0.0,0.0,0.0,0.0,0.0,781.3,--
2025/9/1 11:04,24.6,66,21.4,74,16.6,21.4,0.0,3.2,49,950.2,1020.0,78.6,0,0.0,0.0,0.0,0.0,0.0,781.3,--
2025/9/1 11:05,24.6,66,21.6,73,16.6,21.6,7.2,9.0,117,950.2,1020.0,78.2,0,0.0,0.0,0.0,0.0,0.0,781.3,--
2025/9/1 11:06,24.5,66,21.7,74,16.9,21.7,2.2,5.0,313,950.4,1020.2,80.2,0,0.0,0.0,0.0,0.0,0.0,781.3,--
2025/9/1 11:07,24.5,66,21.7,72,16.4,21.7,5.4,6.1,104,950.4,1020.2,82.7,0,0.0,0.0,0.0,0.0,0.0,781.3,--
2025/9/1 11:08,24.5,66,21.8,74,17.0,21.8,3.6,6.5,238,950.4,1020.2,87.6,0,0.0,0.0,0.0,0.0,0.0,781.3,--
2025/9/1 11:09,24.6,66,21.7,72,16.4,21.7,0.0,3.2,228,950.2,1020.0,89.8,0,0.0,0.0,0.0,0.0,0.0,781.3,--
2025/9/1 11:10,24.5,66,21.8,74,17.0,21.8,2.2,2.9,10,950.3,1020.1,94.3,0,0.0,0.0,0.0,0.0,0.0,781.3,--
2025/9/1 11:11,24.5,66,21.9,73,16.9,21.9,4.0,4.0,99,950.3,1020.1,147.1,1,0.0,0.0,0.0,0.0,0.0,781.3,--
2025/9/1 11:12,24.5,66,22.1,72,16.8,22.1,5.4,8.3,97,950.1,1019.9,116.8,1,0.0,0.0,0.0,0.0,0.0,781.3,--
2025/9/1 11:13,24.5,66,22.2,71,16.7,22.2,0.0,7.2,95,950.4,1020.2,215.2,2,0.0,0.0,0.0,0.0,0.0,781.3,--
2025/9/1 11:14,24.5,66,22.2,71,16.7,22.2,6.5,6.5,100,950.4,1020.2,152.8,1,0.0,0.0,0.0,0.0,0.0,781.3,--
2025/9/1 11:15,24.5,66,22.1,70,16.4,22.1,5.4,6.8,108,950.4,1020.2,119.8,1,0.0,0.0,0.0,0.0,0.0,781.3,--
2025/9/1 11:16,24.5,66,21.8,70,16.1,21.8,1.8,5.0,339,950.3,1020.1,128.3,1,0.0,0.0,0.0,0.0,0.0,781.3,--
2025/9/1 11:17,24.5,66,21.8,72,16.5,21.8,2.2,5.8,40,950.4,1020.2,143.4,1,0.0,0.0,0.0,0.0,0.0,781.3,--
2025/9/1 11:18,24.5,66,22.0,72,16.7,22.0,1.8,4.7,155,950.3,1020.1,190.7,1,0.0,0.0,0.0,0.0,0.0,781.3,--
2025/9/1 11:19,24.6,66,22.0,72,16.7,22.0,4.0,4.7,101,950.3,1020.1,201.8,1,0.0,0.0,0.0,0.0,0.0,781.3,--
2025/9/1 11:20,24.5,67,21.9,73,16.9,21.9,0.0,4.0,226,950.4,1020.2,240.3,2,0.0,0.0,0.0,0.0,0.0,781.3,--
2025/9/1 11:21,24.5,67,22.0,73,17.0,22.0,3.2,3.2,75,950.3,1020.1,208.2,1,0.0,0.0,0.0,0.0,0.0,781.3,--
2025/9/1 11:22,24.5,67,22.0,71,16.5,22.0,7.9,10.4,112,950.3,1020.1,239.0,2,0.0,0.0,0.0,0.0,0.0,781.3,--
2025/9/1 11:23,24.5,67,21.9,72,16.6,21.9,6.8,7.6,110,950.3,1020.1,242.8,2,0.0,0.0,0.0,0.0,0.0,781.3,--
2025/9/1 11:24,24.5,67,21.8,72,16.5,21.8,7.2,7.6,106,950.3,1020.1,155.0,1,0.0,0.0,0.0,0.0,0.0,781.3,--
2025/9/1 11:25,24.5,67,21.8,74,17.0,21.8,0.0,2.2,40,950.3,1020.1,140.0,1,0.0,0.0,0.0,0.0,0.0,781.3,--
2025/9/1 11:26,24.5,67,21.9,73,16.9,21.9,3.2,4.0,4,950.3,1020.1,141.8,1,0.0,0.0,0.0,0.0,0.0,781.3,--
2025/9/1 11:27,24.5,67,21.8,73,16.8,21.8,5.8,6.5,109,950.3,1020.1,169.4,1,0.0,0.0,0.0,0.0,0.0,781.3,--
2025/9/1 11:28,24.5,67,21.7,72,16.4,21.7,7.2,8.6,109,950.3,1020.1,144.5,1,0.0,0.0,0.0,0.0,0.0,781.3,--
2025/9/1 11:29,24.5,67,21.7,72,16.4,21.7,5.4,7.2,109,950.4,1020.2,151.4,1,0.0,0.0,0.0,0.0,0.0,781.3,--
2025/9/1 11:30,24.6,67,21.8,72,16.5,21.8,4.3,7.9,108,950.3,1020.1,185.0,1,0.0,0.0,0.0,0.0,0.0,781.3,--
2025/9/1 11:31,24.6,67,21.7,72,16.4,21.7,5.4,6.8,106,950.4,1020.2,413.1,3,0.0,0.0,0.0,0.0,0.0,781.3,--
2025/9/1 11:32,24.6,67,21.7,73,16.7,21.7,5.8,7.6,114,950.2,1020.0,474.4,4,0.0,0.0,0.0,0.0,0.0,781.3,--
2025/9/1 11:33,24.6,67,21.8,76,17.4,21.8,1.8,2.2,209,950.1,1019.9,426.9,3,0.0,0.0,0.0,0.0,0.0,781.3,--
2025/9/1 11:34,24.6,66,21.9,72,16.6,21.9,5.8,5.8,128,950.2,1020.0,468.1,4,0.0,0.0,0.0,0.0,0.0,781.3,--
2025/9/1 11:35,24.6,66,21.8,72,16.5,21.8,5.0,7.9,116,950.5,1020.3,569.2,5,0.0,0.0,0.0,0.0,0.0,781.3,--
2025/9/1 11:36,24.6,66,21.8,72,16.5,21.8,4.7,5.0,106,950.4,1020.2,715.2,6,0.0,0.0,0.0,0.0,0.0,781.3,--
2025/9/1 11:37,24.6,66,22.0,71,16.5,22.0,7.6,7.6,118,950.3,1020.1,741.9,6,0.0,0.0,0.0,0.0,0.0,781.3,--
2025/9/1 11:38,24.6,66,21.9,72,16.6,21.9,7.2,7.2,120,950.3,1020.1,754.5,7,0.0,0.0,0.0,0.0,0.0,781.3,--
2025/9/1 11:39,24.6,66,22.0,72,16.7,22.0,2.2,6.1,154,950.4,1020.2,763.0,7,0.0,0.0,0.0,0.0,0.0,781.3,--
2025/9/1 11:40,24.6,66,22.2,72,16.9,22.2,2.9,3.6,88,950.2,1020.0,765.8,7,0.0,0.0,0.0,0.0,0.0,781.3,--
2025/9/1 11:41,24.6,66,22.5,72,17.2,22.5,5.4,6.1,109,950.3,1020.1,672.5,6,0.0,0.0,0.0,0.0,0.0,781.3,--
2025/9/1 11:42,24.6,66,22.6,72,17.3,22.6,2.2,5.4,51,950.2,1020.0,717.6,6,0.0,0.0,0.0,0.0,0.0,781.3,--
2025/9/1 11:43,24.6,66,22.7,72,17.4,22.7,6.1,6.1,115,950.3,1020.1,696.4,6,0.0,0.0,0.0,0.0,0.0,781.3,--
2025/9/1 11:44,24.6,66,22.6,71,17.1,22.6,4.3,4.7,100,950.2,1020.0,708.0,6,0.0,0.0,0.0,0.0,0.0,781.3,--
2025/9/1 11:45,24.6,66,22.7,74,17.9,22.7,2.2,3.2,101,950.2,1020.0,531.1,4,0.0,0.0,0.0,0.0,0.0,781.3,--
2025/9/1 11:46,24.6,66,22.5,69,16.5,22.5,2.5,6.1,139,950.4,1020.2,725.4,6,0.0,0.0,0.0,0.0,0.0,781.3,--
2025/9/1 11:47,24.5,66,22.4,71,16.9,22.4,0.0,3.6,59,950.2,1020.0,707.8,6,0.0,0.0,0.0,0.0,0.0,781.3,--
2025/9/1 11:48,24.5,66,22.6,69,16.6,22.6,8.6,10.4,128,950.2,1020.0,728.8,6,0.0,0.0,0.0,0.0,0.0,781.3,--
2025/9/1 11:49,24.5,66,22.4,69,16.4,22.4,4.0,4.3,97,950.1,1019.9,776.3,7,0.0,0.0,0.0,0.0,0.0,781.3,--
2025/9/1 11:50,24.5,66,22.6,71,17.1,22.6,0.0,3.2,148,950.2,1020.0,772.0,7,0.0,0.0,0.0,0.0,0.0,781.3,--
2025/9/1 11:51,24.5,66,22.7,70,17.0,22.7,7.2,7.2,100,950.2,1020.0,772.0,7,0.0,0.0,0.0,0.0,0.0,781.3,--
2025/9/1 11:52,24.6,66,22.7,70,17.0,22.7,2.2,2.9,252,950.1,1019.9,766.6,7,0.0,0.0,0.0,0.0,0.0,781.3,--
2025/9/1 11:53,24.6,66,22.6,71,17.1,22.6,1.8,2.9,102,950.3,1020.1,763.7,7,0.0,0.0,0.0,0.0,0.0,781.3,--
2025/9/1 11:54,24.6,66,22.9,70,17.2,22.9,4.0,6.1,119,950.3,1020.1,741.5,6,0.0,0.0,0.0,0.0,0.0,781.3,--
2025/9/1 11:55,24.5,66,23.1,69,17.1,23.1,4.3,4.3,76,950.3,1020.1,701.1,6,0.0,0.0,0.0,0.0,0.0,781.3,--
2025/9/1 11:56,24.5,66,23.2,69,17.2,23.2,1.8,6.1,140,950.3,1020.1,601.9,5,0.0,0.0,0.0,0.0,0.0,781.3,--
2025/9/1 11:57,24.5,66,23.1,70,17.4,23.1,3.6,6.8,287,950.2,1020.0,517.0,4,0.0,0.0,0.0,0.0,0.0,781.3,--
2025/9/1 11:58,24.6,66,23.0,69,17.0,23.0,3.6,4.3,302,950.3,1020.1,650.1,6,0.0,0.0,0.0,0.0,0.0,781.3,--
2025/9/1 11:59,24.5,66,22.9,71,17.4,22.9,0.0,4.0,321,950.2,1020.0,751.1,6,0.0,0.0,0.0,0.0,0.0,781.3,--
2025/9/1 12:00,24.6,66,23.0,68,16.8,23.0,7.9,7.9,115,950.4,1020.2,762.9,7,0.0,0.0,0.0,0.0,0.0,781.3,--
2025/9/1 12:01,24.6,66,23.0,68,16.8,23.0,7.6,7.9,119,950.3,1020.1,764.9,7,0.0,0.0,0.0,0.0,0.0,781.3,--
2025/9/1 12:02,24.5,66,23.0,70,17.3,23.0,7.6,8.3,129,950.3,1020.1,774.0,7,0.0,0.0,0.0,0.0,0.0,781.3,--
2025/9/1 12:03,24.5,66,23.0,69,17.0,23.0,4.3,5.4,145,950.1,1019.9,775.8,7,0.0,0.0,0.0,0.0,0.0,781.3,--
2025/9/1 12:04,24.5,66,22.9,68,16.7,22.9,4.0,6.1,117,950.1,1019.9,775.9,7,0.0,0.0,0.0,0.0,0.0,781.3,--
2025/9/1 12:05,24.6,66,22.9,69,16.9,22.9,3.6,4.7,212,950.2,1020.0,776.2,7,0.0,0.0,0.0,0.0,0.0,781.3,--
2025/9/1 12:06,24.5,66,23.0,71,17.5,23.0,3.2,4.3,119,950.3,1020.1,777.1,7,0.0,0.0,0.0,0.0,0.0,781.3,--
2025/9/1 12:07,24.5,66,23.2,69,17.2,23.2,4.3,6.8,141,950.2,1020.0,777.5,7,0.0,0.0,0.0,0.0,0.0,781.3,--
2025/9/1 12:08,24.5,66,23.1,70,17.4,23.1,1.8,4.0,79,950.1,1019.9,778.6,7,0.0,0.0,0.0,0.0,0.0,781.3,--
2025/9/1 12:09,24.5,66,23.2,69,17.2,23.2,2.9,6.8,115,950.1,1019.9,781.1,7,0.0,0.0,0.0,0.0,0.0,781.3,--
2025/9/1 12:10,24.5,66,23.2,69,17.2,23.2,2.9,4.3,287,950.2,1020.0,781.2,7,0.0,0.0,0.0,0.0,0.0,781.3,--
2025/9/1 12:11,24.5,66,23.1,71,17.6,23.1,0.0,1.8,37,950.2,1020.0,777.7,7,0.0,0.0,0.0,0.0,0.0,781.3,--
2025/9/1 12:12,24.5,66,23.3,69,17.3,23.3,5.8,5.8,115,950.3,1020.1,779.3,7,0.0,0.0,0.0,0.0,0.0,781.3,--
2025/9/1 12:13,24.5,66,23.4,70,17.6,23.4,4.3,4.3,256,950.3,1020.1,781.0,7,0.0,0.0,0.0,0.0,0.0,781.3,--
2025/9/1 12:14,24.5,66,23.4,72,18.1,23.4,0.0,1.8,262,950.1,1019.9,783.9,7,0.0,0.0,0.0,0.0,0.0,781.3,--
2025/9/1 12:15,24.5,66,23.5,72,18.2,23.5,4.3,4.7,290,950.1,1019.9,784.3,7,0.0,0.0,0.0,0.0,0.0,781.3,--
2025/9/1 12:16,24.5,66,23.5,71,18.0,23.5,4.7,8.6,238,950.0,1019.8,787.3,7,0.0,0.0,0.0,0.0,0.0,781.3,--
2025/9/1 12:17,24.5,66,23.6,71,18.1,23.6,5.0,6.5,240,950.1,1019.9,786.8,7,0.0,0.0,0.0,0.0,0.0,781.3,--
2025/9/1 12:18,24.5,66,23.4,69,17.4,23.4,0.0,4.7,330,950.1,1019.9,785.4,7,0.0,0.0,0.0,0.0,0.0,781.3,--
2025/9/1 12:19,24.5,66,23.5,69,17.5,23.5,3.2,3.6,98,950.1,1019.9,790.2,7,0.0,0.0,0.0,0.0,0.0,781.3,--
2025/9/1 12:20,24.5,66,23.8,69,17.8,23.8,2.5,2.5,58,950.0,1019.8,795.8,7,0.0,0.0,0.0,0.0,0.0,781.3,--
2025/9/1 12:21,24.5,66,23.8,68,17.6,23.8,7.2,7.6,116,950.0,1019.8,801.3,7,0.0,0.0,0.0,0.0,0.0,781.3,--
2025/9/1 12:22,24.5,66,23.7,67,17.2,23.7,9.4,10.1,118,950.1,1019.9,802.9,7,0.0,0.0,0.0,0.0,0.0,781.3,--
2025/9/1 12:23,24.5,66,23.4,69,17.4,23.4,2.9,4.7,103,950.2,1020.0,801.0,7,0.0,0.0,0.0,0.0,0.0,781.3,--
2025/9/1 12:24,24.5,66,23.4,69,17.4,23.4,4.3,4.3,124,950.1,1019.9,801.7,7,0.0,0.0,0.0,0.0,0.0,781.3,--
2025/9/1 12:25,24.5,66,23.4,68,17.2,23.4,5.4,7.6,134,950.0,1019.8,804.6,7,0.0,0.0,0.0,0.0,0.0,781.3,--
2025/9/1 12:26,24.5,66,23.1,68,16.9,23.1,2.2,2.9,101,950.1,1019.9,803.7,7,0.0,0.0,0.0,0.0,0.0,781.3,--
2025/9/1 12:27,24.5,66,23.3,68,17.1,23.3,0.0,1.8,127,950.2,1020.0,805.6,7,0.0,0.0,0.0,0.0,0.0,781.3,--
2025/9/1 12:28,24.5,66,23.6,68,17.4,23.6,2.2,4.3,134,950.0,1019.8,808.9,7,0.0,0.0,0.0,0.0,0.0,781.3,--
2025/9/1 12:29,24.5,66,23.7,70,17.9,23.7,6.5,7.6,108,950.0,1019.8,819.4,7,0.0,0.0,0.0,0.0,0.0,781.3,--
2025/9/1 12:30,24.5,66,23.7,67,17.2,23.7,0.0,5.4,62,950.0,1019.8,818.9,7,0.0,0.0,0.0,0.0,0.0,781.3,--
2025/9/1 12:31,24.5,66,23.8,69,17.8,23.8,2.9,5.8,134,950.1,1019.9,819.1,7,0.0,0.0,0.0,0.0,0.0,781.3,--
2025/9/1 12:32,24.5,66,23.7,67,17.2,23.7,6.1,9.4,138,950.0,1019.8,813.8,7,0.0,0.0,0.0,0.0,0.0,781.3,--
2025/9/1 12:33,24.5,66,23.4,70,17.6,23.4,3.2,4.0,304,950.1,1019.9,809.4,7,0.0,0.0,0.0,0.0,0.0,781.3,--
2025/9/1 12:34,24.5,66,23.5,70,17.7,23.5,2.5,3.2,248,950.1,1019.9,808.2,7,0.0,0.0,0.0,0.0,0.0,781.3,--
2025/9/1 12:35,24.5,66,23.5,68,17.3,23.5,0.0,5.8,110,950.1,1019.9,809.6,7,0.0,0.0,0.0,0.0,0.0,781.3,--
2025/9/1 12:36,24.5,66,23.7,70,17.9,23.7,7.6,8.6,293,950.1,1019.9,813.9,7,0.0,0.0,0.0,0.0,0.0,781.3,--
2025/9/1 12:37,24.5,66,23.5,70,17.7,23.5,6.1,6.1,267,950.2,1020.0,815.5,7,0.0,0.0,0.0,0.0,0.0,781.3,--
2025/9/1 12:38,24.5,66,23.4,69,17.4,23.4,6.8,6.8,294,950.2,1020.0,812.1,7,0.0,0.0,0.0,0.0,0.0,781.3,--
2025/9/1 12:39,24.5,66,23.4,70,17.6,23.4,2.9,2.9,69,950.1,1019.9,816.5,7,0.0,0.0,0.0,0.0,0.0,781.3,--
2025/9/1 12:40,24.5,66,23.7,70,17.9,23.7,1.8,2.2,198,950.0,1019.8,824.5,7,0.0,0.0,0.0,0.0,0.0,781.3,--
2025/9/1 12:41,24.5,66,23.9,70,18.1,23.9,3.2,5.0,284,950.1,1019.9,836.7,7,0.0,0.0,0.0,0.0,0.0,781.3,--
2025/9/1 12:42,24.5,66,23.9,70,18.1,23.9,5.0,5.0,91,950.2,1020.0,833.8,7,0.0,0.0,0.0,0.0,0.0,781.3,--
2025/9/1 12:43,24.5,67,24.1,67,17.6,24.1,1.8,3.2,94,950.2,1020.0,749.9,6,0.0,0.0,0.0,0.0,0.0,781.3,--
2025/9/1 12:44,24.5,67,24.4,69,18.4,24.4,5.0,6.1,336,950.1,1019.9,780.8,7,0.0,0.0,0.0,0.0,0.0,781.3,--
2025/9/1 12:45,24.5,67,24.3,68,18.0,24.3,1.8,4.3,55,950.1,1019.9,796.3,7,0.0,0.0,0.0,0.0,0.0,781.3,--
2025/9/1 12:46,24.5,67,24.3,68,18.0,24.3,5.8,6.5,119,950.0,1019.8,796.1,7,0.0,0.0,0.0,0.0,0.0,781.3,--
2025/9/1 12:47,24.5,67,24.3,67,17.8,24.3,4.7,6.8,113,950.0,1019.8,801.5,7,0.0,0.0,0.0,0.0,0.0,781.3,--
2025/9/1 12:48,24.5,67,24.4,68,18.1,24.4,3.6,3.6,248,950.2,1020.0,743.9,6,0.0,0.0,0.0,0.0,0.0,781.3,--
2025/9/1 12:49,24.5,67,24.3,68,18.0,24.3,2.5,3.2,125,950.2,1020.0,827.4,7,0.0,0.0,0.0,0.0,0.0,781.3,--
2025/9/1 12:50,24.5,67,24.2,66,17.5,24.2,6.5,6.5,300,950.3,1020.1,818.7,7,0.0,0.0,0.0,0.0,0.0,781.3,--
2025/9/1 12:51,24.5,67,24.1,67,17.6,24.1,6.1,6.1,303,950.2,1020.0,813.2,7,0.0,0.0,0.0,0.0,0.0,781.3,--
2025/9/1 12:52,24.5,67,24.0,68,17.7,24.0,4.3,5.0,287,950.1,1019.9,818.4,7,0.0,0.0,0.0,0.0,0.0,781.3,--
2025/9/1 12:53,24.5,67,23.8,68,17.6,23.8,2.2,5.4,293,950.2,1020.0,817.1,7,0.0,0.0,0.0,0.0,0.0,781.3,--
2025/9/1 12:54,24.5,67,24.0,68,17.7,24.0,5.8,6.1,297,950.2,1020.0,780.3,7,0.0,0.0,0.0,0.0,0.0,781.3,--
2025/9/1 12:55,24.5,67,24.0,68,17.7,24.0,4.3,5.4,269,949.9,1019.7,808.2,7,0.0,0.0,0.0,0.0,0.0,781.3,--
2025/9/1 12:56,24.5,67,24.0,66,17.3,24.0,2.5,7.6,112,949.9,1019.7,816.7,7,0.0,0.0,0.0,0.0,0.0,781.3,--
2025/9/1 12:57,24.5,67,24.0,65,17.0,24.0,2.9,6.5,140,950.1,1019.9,814.9,7,0.0,0.0,0.0,0.0,0.0,781.3,--
2025/9/1 12:58,24.5,67,24.1,66,17.4,24.1,2.9,3.6,299,950.1,1019.9,815.5,7,0.0,0.0,0.0,0.0,0.0,781.3,--
2025/9/1 12:59,24.5,67,24.2,65,17.2,24.2,4.3,6.1,122,950.0,1019.8,816.8,7,0.0,0.0,0.0,0.0,0.0,781.3,--
2025/9/1 13:00,24.5,67,24.4,64,17.2,24.4,5.0,5.8,127,950.2,1020.0,807.7,7,0.0,0.0,0.0,0.0,0.0,781.3,--
2025/9/1 13:01,24.5,67,24.5,64,17.3,24.5,3.6,4.3,130,950.1,1019.9,817.2,7,0.0,0.0,0.0,0.0,0.0,781.3,--
2025/9/1 13:02,24.5,67,24.5,65,17.5,24.5,2.2,2.2,267,950.1,1019.9,821.3,7,0.0,0.0,0.0,0.0,0.0,781.3,--
2025/9/1 13:03,24.5,67,24.7,63,17.2,24.7,3.6,5.8,106,950.0,1019.8,819.8,7,0.0,0.0,0.0,0.0,0.0,781.3,--
2025/9/1 13:04,24.5,67,24.6,63,17.1,24.6,3.6,4.7,117,950.2,1020.0,817.6,7,0.0,0.0,0.0,0.0,0.0,781.3,--
2025/9/1 13:05,24.5,67,24.3,63,16.8,24.3,7.2,9.7,116,950.0,1019.8,811.9,7,0.0,0.0,0.0,0.0,0.0,781.3,--
2025/9/1 13:06,24.5,67,24.2,65,17.2,24.2,6.1,6.1,136,950.0,1019.8,811.7,7,0.0,0.0,0.0,0.0,0.0,781.3,--
2025/9/1 13:07,24.5,67,24.3,66,17.6,24.3,2.9,3.6,275,949.9,1019.7,813.8,7,0.0,0.0,0.0,0.0,0.0,781.3,--
2025/9/1 13:08,24.5,67,24.2,66,17.5,24.2,5.0,5.0,258,950.0,1019.8,810.4,7,0.0,0.0,0.0,0.0,0.0,781.3,--
2025/9/1 13:09,24.5,67,24.1,69,18.1,24.1,0.0,4.0,267,949.9,1019.7,682.3,6,0.0,0.0,0.0,0.0,0.0,781.3,--
2025/9/1 13:10,24.5,67,24.3,69,18.3,24.3,4.0,4.0,316,949.9,1019.7,811.9,7,0.0,0.0,0.0,0.0,0.0,781.3,--
2025/9/1 13:11,24.5,67,24.5,66,17.7,24.5,2.9,2.9,261,950.2,1020.0,811.9,7,0.0,0.0,0.0,0.0,0.0,781.3,--
2025/9/1 13:12,24.5,67,24.7,64,17.5,24.7,3.6,3.6,61,949.9,1019.7,813.9,7,0.0,0.0,0.0,0.0,0.0,781.3,--
2025/9/1 13:13,24.5,67,24.7,60,16.4,24.7,7.2,8.6,116,949.9,1019.7,813.7,7,0.0,0.0,0.0,0.0,0.0,781.3,--
2025/9/1 13:14,24.5,67,24.3,62,16.6,24.3,2.9,2.9,116,950.0,1019.8,812.3,7,0.0,0.0,0.0,0.0,0.0,781.3,--
2025/9/1 13:15,24.5,67,24.4,62,16.7,24.4,3.2,4.7,59,950.0,1019.8,813.1,7,0.0,0.0,0.0,0.0,0.0,781.3,--
2025/9/1 13:16,24.5,67,24.2,63,16.7,24.2,3.2,9.0,193,950.0,1019.8,813.3,7,0.0,0.0,0.0,0.0,0.0,781.3,--
2025/9/1 13:17,24.5,67,24.3,64,17.1,24.3,0.0,4.7,261,949.9,1019.7,815.8,7,0.0,0.0,0.0,0.0,0.0,781.3,--
2025/9/1 13:18,24.5,67,24.4,63,16.9,24.4,3.2,4.7,150,949.9,1019.7,817.6,7,0.0,0.0,0.0,0.0,0.0,781.3,--
2025/9/1 13:19,24.5,67,24.5,62,16.7,24.5,3.6,6.8,241,949.8,1019.6,817.2,7,0.0,0.0,0.0,0.0,0.0,781.3,--
2025/9/1 13:20,24.5,67,24.5,65,17.5,24.5,2.9,5.0,275,949.9,1019.7,814.9,7,0.0,0.0,0.0,0.0,0.0,781.3,--
2025/9/1 13:21,24.4,67,24.5,64,17.3,24.5,0.0,3.2,32,950.2,1020.0,814.2,7,0.0,0.0,0.0,0.0,0.0,781.3,--
2025/9/1 13:22,24.4,67,24.8,58,16.0,24.8,6.1,7.6,123,949.9,1019.7,815.6,7,0.0,0.0,0.0,0.0,0.0,781.3,--
2025/9/1 13:23,24.4,68,24.6,61,16.6,24.6,2.2,3.2,87,950.0,1019.8,814.2,7,0.0,0.0,0.0,0.0,0.0,781.3,--
2025/9/1 13:24,24.4,67,24.6,62,16.8,24.6,5.4,6.1,101,950.1,1019.9,814.9,7,0.0,0.0,0.0,0.0,0.0,781.3,--
2025/9/1 13:25,24.4,67,24.5,60,16.3,24.5,0.0,5.8,40,950.0,1019.8,815.0,7,0.0,0.0,0.0,0.0,0.0,781.3,--
2025/9/1 13:26,24.5,67,24.5,61,16.5,24.5,4.0,4.7,250,950.1,1019.9,816.2,7,0.0,0.0,0.0,0.0,0.0,781.3,--
2025/9/1 13:27,24.5,67,24.4,61,16.4,24.4,4.3,5.4,253,950.1,1019.9,812.3,7,0.0,0.0,0.0,0.0,0.0,781.3,--
2025/9/1 13:28,24.5,67,24.3,60,16.1,24.3,0.0,2.5,240,950.2,1020.0,796.9,7,0.0,0.0,0.0,0.0,0.0,781.3,--
2025/9/1 13:29,24.5,67,24.6,60,16.4,24.6,4.0,8.6,133,949.9,1019.7,765.1,7,0.0,0.0,0.0,0.0,0.0,781.3,--
2025/9/1 13:30,24.5,67,24.8,61,16.8,24.8,2.9,5.0,84,950.1,1019.9,798.8,7,0.0,0.0,0.0,0.0,0.0,781.3,--
2025/9/1 13:31,24.5,67,24.9,61,16.9,24.9,0.0,2.9,75,949.9,1019.7,809.2,7,0.0,0.0,0.0,0.0,0.0,781.3,--
2025/9/1 13:32,24.5,67,25.0,60,16.7,25.0,2.5,3.2,101,950.0,1019.8,788.0,7,0.0,0.0,0.0,0.0,0.0,781.3,--
2025/9/1 13:33,24.5,67,25.2,63,17.7,25.2,0.0,0.0,125,950.1,1019.9,788.9,7,0.0,0.0,0.0,0.0,0.0,781.3,--
2025/9/1 13:34,24.5,67,25.5,59,16.9,25.5,2.5,2.9,99,949.9,1019.7,799.5,7,0.0,0.0,0.0,0.0,0.0,781.3,--
2025/9/1 13:35,24.5,67,25.6,59,17.0,25.6,3.2,4.7,105,949.9,1019.7,796.8,7,0.0,0.0,0.0,0.0,0.0,781.3,--
2025/9/1 13:36,24.5,67,25.6,57,16.5,25.6,3.2,6.1,124,950.1,1019.9,791.7,7,0.0,0.0,0.0,0.0,0.0,781.3,--
2025/9/1 13:37,24.5,67,25.3,59,16.7,25.3,1.8,5.8,108,950.1,1019.9,805.1,7,0.0,0.0,0.0,0.0,0.0,781.3,--
2025/9/1 13:38,24.5,67,25.2,55,15.5,25.2,2.2,4.0,202,949.9,1019.7,806.4,7,0.0,0.0,0.0,0.0,0.0,781.3,--
2025/9/1 13:39,24.5,67,25.1,58,16.3,25.1,0.0,1.8,34,950.0,1019.8,806.7,7,0.0,0.0,0.0,0.0,0.0,781.3,--
2025/9/1 13:40,24.5,67,25.2,59,16.6,25.2,4.0,5.4,304,950.0,1019.8,805.6,7,0.0,0.0,0.0,0.0,0.0,781.3,--
2025/9/1 13:41,24.5,67,25.1,59,16.5,25.1,4.7,4.7,300,949.8,1019.6,803.3,7,0.0,0.0,0.0,0.0,0.0,781.3,--
2025/9/1 13:42,24.5,67,25.0,59,16.5,25.0,0.0,5.0,250,949.8,1019.6,802.7,7,0.0,0.0,0.0,0.0,0.0,781.3,--
2025/9/1 13:43,24.5,67,25.2,59,16.6,25.2,0.0,0.0,246,949.9,1019.7,804.5,7,0.0,0.0,0.0,0.0,0.0,781.3,--
2025/9/1 13:44,24.6,67,25.5,58,16.6,25.5,4.0,6.5,259,949.8,1019.6,803.7,7,0.0,0.0,0.0,0.0,0.0,781.3,--
2025/9/1 13:45,24.6,67,25.3,59,16.7,25.3,1.8,2.2,220,949.8,1019.6,802.2,7,0.0,0.0,0.0,0.0,0.0,781.3,--
2025/9/1 13:46,24.6,67,25.2,59,16.6,25.2,4.0,5.8,256,949.8,1019.6,800.4,7,0.0,0.0,0.0,0.0,0.0,781.3,--
2025/9/1 13:47,24.6,67,25.0,65,18.0,25.0,1.8,4.0,267,950.0,1019.8,800.1,7,0.0,0.0,0.0,0.0,0.0,781.3,--
2025/9/1 13:48,24.6,67,25.3,63,17.8,25.3,0.0,2.2,4,949.7,1019.5,802.2,7,0.0,0.0,0.0,0.0,0.0,781.3,--
2025/9/1 13:49,24.4,67,25.6,59,17.0,25.6,2.5,5.8,153,949.9,1019.7,797.9,7,0.0,0.0,0.0,0.0,0.0,781.3,--
2025/9/1 13:50,24.5,68,25.4,57,16.3,25.4,3.6,5.0,149,949.8,1019.6,796.4,7,0.0,0.0,0.0,0.0,0.0,781.3,--
2025/9/1 13:51,24.5,67,25.3,62,17.5,25.3,0.0,4.7,342,949.7,1019.5,796.4,7,0.0,0.0,0.0,0.0,0.0,781.3,--
2025/9/1 13:52,24.5,68,25.3,60,17.0,25.3,3.6,4.7,107,949.9,1019.7,795.9,7,0.0,0.0,0.0,0.0,0.0,781.3,--
2025/9/1 13:53,24.5,68,25.3,58,16.5,25.3,7.6,7.6,125,949.9,1019.7,795.9,7,0.0,0.0,0.0,0.0,0.0,781.3,--
2025/9/1 13:54,24.5,67,25.1,59,16.5,25.1,3.6,3.6,123,949.9,1019.7,784.3,7,0.0,0.0,0.0,0.0,0.0,781.3,--
2025/9/1 13:55,24.5,67,25.1,60,16.8,25.1,2.9,3.6,158,949.9,1019.7,787.7,7,0.0,0.0,0.0,0.0,0.0,781.3,--
2025/9/1 13:56,24.5,67,25.4,59,16.8,25.4,2.2,2.5,307,949.7,1019.5,791.0,7,0.0,0.0,0.0,0.0,0.0,781.3,--
2025/9/1 13:57,24.5,67,25.4,60,17.1,25.4,1.8,3.6,261,949.8,1019.6,792.0,7,0.0,0.0,0.0,0.0,0.0,781.3,--
2025/9/1 13:58,24.5,67,25.4,60,17.1,25.4,0.0,4.7,102,950.0,1019.8,790.6,7,0.0,0.0,0.0,0.0,0.0,781.3,--
2025/9/1 13:59,24.5,67,25.5,58,16.6,25.5,4.0,6.1,107,949.8,1019.6,788.9,7,0.0,0.0,0.0,0.0,0.0,781.3,--
2025/9/1 14:00,24.5,67,25.4,57,16.3,25.4,6.5,11.9,124,949.8,1019.6,785.2,7,0.0,0.0,0.0,0.0,0.0,781.3,--
2025/9/1 14:01,24.5,67,25.0,57,15.9,25.0,6.8,7.2,113,949.7,1019.5,783.8,7,0.0,0.0,0.0,0.0,0.0,781.3,--
2025/9/1 14:02,24.6,67,24.7,58,15.9,24.7,0.0,6.8,116,949.6,1019.4,781.1,7,0.0,0.0,0.0,0.0,0.0,781.3,--
2025/9/1 14:03,24.6,67,24.7,60,16.4,24.7,3.2,4.0,306,949.6,1019.4,780.2,7,0.0,0.0,0.0,0.0,0.0,781.3,--
2025/9/1 14:04,24.6,67,24.7,63,17.2,24.7,2.2,3.2,271,949.7,1019.5,781.6,7,0.0,0.0,0.0,0.0,0.0,781.3,--
2025/9/1 14:05,24.6,67,24.8,59,16.3,24.8,3.2,4.3,174,949.7,1019.5,780.5,7,0.0,0.0,0.0,0.0,0.0,781.3,--
2025/9/1 14:06,24.6,67,25.1,57,16.0,25.1,2.9,3.2,337,949.7,1019.5,780.7,7,0.0,0.0,0.0,0.0,0.0,781.3,--
2025/9/1 14:07,24.6,67,25.1,58,16.3,25.1,4.3,4.3,260,949.7,1019.5,779.4,7,0.0,0.0,0.0,0.0,0.0,781.3,--
2025/9/1 14:08,24.6,67,24.9,59,16.4,24.9,3.2,4.3,30,949.8,1019.6,775.1,7,0.0,0.0,0.0,0.0,0.0,781.3,--
2025/9/1 14:09,24.6,67,24.9,60,16.6,24.9,1.8,4.0,119,949.7,1019.5,774.6,7,0.0,0.0,0.0,0.0,0.0,781.3,--
2025/9/1 14:10,24.6,67,25.0,61,17.0,25.0,4.3,5.4,269,949.6,1019.4,773.4,7,0.0,0.0,0.0,0.0,0.0,781.3,--
2025/9/1 14:11,24.6,67,24.8,61,16.8,24.8,2.2,2.9,328,949.7,1019.5,772.3,7,0.0,0.0,0.0,0.0,0.0,781.3,--
2025/9/1 14:12,24.6,67,24.9,59,16.4,24.9,0.0,2.9,180,949.7,1019.5,767.4,7,0.0,0.0,0.0,0.0,0.0,781.3,--
2025/9/1 14:13,24.6,67,25.1,60,16.8,25.1,3.6,5.8,212,949.7,1019.5,754.6,7,0.0,0.0,0.0,0.0,0.0,781.3,--
2025/9/1 14:14,24.6,67,25.2,60,16.9,25.2,2.5,3.6,242,949.7,1019.5,768.9,7,0.0,0.0,0.0,0.0,0.0,781.3,--
2025/9/1 14:15,24.6,67,25.4,58,16.6,25.4,0.0,0.0,246,949.8,1019.6,766.5,7,0.0,0.0,0.0,0.0,0.0,781.3,--
2025/9/1 14:16,24.6,67,25.6,58,16.7,25.6,2.5,4.3,292,949.7,1019.5,764.4,7,0.0,0.0,0.0,0.0,0.0,781.3,--
2025/9/1 14:17,24.6,67,25.7,57,16.6,25.7,0.0,2.2,124,949.5,1019.3,748.2,6,0.0,0.0,0.0,0.0,0.0,781.3,--
2025/9/1 14:18,24.6,67,25.8,57,16.7,25.8,0.0,2.5,316,949.7,1019.5,763.2,7,0.0,0.0,0.0,0.0,0.0,781.3,--
2025/9/1 14:19,24.6,66,25.8,59,17.2,25.8,2.9,3.6,301,949.7,1019.5,756.9,7,0.0,0.0,0.0,0.0,0.0,781.3,--
2025/9/1 14:20,24.6,66,25.7,59,17.1,25.7,3.6,4.0,289,949.6,1019.4,752.8,6,0.0,0.0,0.0,0.0,0.0,781.3,--
2025/9/1 14:21,24.6,66,25.8,56,16.4,25.8,3.2,3.2,108,949.7,1019.5,752.8,6,0.0,0.0,0.0,0.0,0.0,781.3,--
2025/9/1 14:22,24.6,66,25.8,58,16.9,25.8,0.0,2.9,333,949.6,1019.4,749.7,6,0.0,0.0,0.0,0.0,0.0,781.3,--
2025/9/1 14:23,24.6,66,25.8,58,16.9,25.8,0.0,2.2,333,949.5,1019.3,747.9,6,0.0,0.0,0.0,0.0,0.0,781.3,--
2025/9/1 14:24,24.6,66,25.7,55,16.0,25.7,6.5,6.8,118,949.5,1019.3,739.3,6,0.0,0.0,0.0,0.0,0.0,781.3,--
2025/9/1 14:25,24.6,66,25.2,58,16.4,25.2,0.0,3.6,175,949.7,1019.5,744.5,6,0.0,0.0,0.0,0.0,0.0,781.3,--
2025/9/1 14:26,24.6,66,25.3,57,16.2,25.3,2.2,3.6,230,949.7,1019.5,742.8,6,0.0,0.0,0.0,0.0,0.0,781.3,--
2025/9/1 14:27,24.6,66,25.4,57,16.3,25.4,4.3,5.0,255,949.8,1019.6,731.4,6,0.0,0.0,0.0,0.0,0.0,781.3,--
2025/9/1 14:28,24.6,66,25.5,56,16.1,25.5,0.0,4.3,107,949.7,1019.5,740.1,6,0.0,0.0,0.0,0.0,0.0,781.3,--
2025/9/1 14:29,24.6,66,25.6,58,16.7,25.6,3.6,5.4,260,949.7,1019.5,738.4,6,0.0,0.0,0.0,0.0,0.0,781.3,--
2025/9/1 14:30,24.6,66,25.3,57,16.2,25.3,0.0,2.9,195,949.5,1019.3,734.7,6,0.0,0.0,0.0,0.0,0.0,781.3,--
2025/9/1 14:31,24.6,66,25.6,60,17.3,25.6,0.0,1.8,41,949.5,1019.3,735.8,6,0.0,0.0,0.0,0.0,0.0,781.3,--
2025/9/1 14:32,24.6,66,25.6,57,16.5,25.6,6.1,6.1,120,949.6,1019.4,732.8,6,0.0,0.0,0.0,0.0,0.0,781.3,--
2025/9/1 14:33,24.6,66,25.7,57,16.6,25.7,6.5,9.0,270,949.8,1019.6,729.4,6,0.0,0.0,0.0,0.0,0.0,781.3,--
2025/9/1 14:34,24.6,66,25.5,56,16.1,25.5,2.2,6.8,110,949.7,1019.5,726.8,6,0.0,0.0,0.0,0.0,0.0,781.3,--
2025/9/1 14:35,24.6,66,25.5,56,16.1,25.5,8.6,8.6,105,949.8,1019.6,725.8,6,0.0,0.0,0.0,0.0,0.0,781.3,--
2025/9/1 14:36,24.6,66,25.4,54,15.4,25.4,4.3,9.7,130,949.7,1019.5,722.0,6,0.0,0.0,0.0,0.0,0.0,781.3,--
2025/9/1 14:37,24.6,66,25.1,58,16.3,25.1,0.0,0.0,264,949.7,1019.5,720.7,6,0.0,0.0,0.0,0.0,0.0,781.3,--
2025/9/1 14:38,24.6,66,25.3,57,16.2,25.3,10.8,13.3,132,949.7,1019.5,719.4,6,0.0,0.0,0.0,0.0,0.0,781.3,--
2025/9/1 14:39,24.6,66,25.1,56,15.7,25.1,2.9,7.6,137,949.6,1019.4,716.8,6,0.0,0.0,0.0,0.0,0.0,781.3,--
2025/9/1 14:40,24.6,66,25.1,56,15.7,25.1,2.2,2.5,72,949.5,1019.3,716.2,6,0.0,0.0,0.0,0.0,0.0,781.3,--
2025/9/1 14:41,24.6,66,25.3,57,16.2,25.3,4.0,5.4,139,949.7,1019.5,716.1,6,0.0,0.0,0.0,0.0,0.0,781.3,--
2025/9/1 14:42,24.6,66,25.3,59,16.7,25.3,0.0,3.6,142,949.7,1019.5,712.7,6,0.0,0.0,0.0,0.0,0.0,781.3,--
2025/9/1 14:43,24.6,66,25.5,56,16.1,25.5,4.3,5.0,121,949.5,1019.3,710.4,6,0.0,0.0,0.0,0.0,0.0,781.3,--
2025/9/1 14:44,24.6,66,25.4,59,16.8,25.4,2.5,4.0,254,949.6,1019.4,707.4,6,0.0,0.0,0.0,0.0,0.0,781.3,--
2025/9/1 14:45,24.6,66,25.5,55,15.8,25.5,8.3,8.3,125,949.5,1019.3,705.4,6,0.0,0.0,0.0,0.0,0.0,781.3,--
2025/9/1 14:46,24.6,66,25.4,58,16.6,25.4,0.0,2.2,37,949.6,1019.4,703.9,6,0.0,0.0,0.0,0.0,0.0,781.3,--
2025/9/1 14:47,24.5,66,25.5,55,15.8,25.5,3.6,4.3,334,949.6,1019.4,701.4,6,0.0,0.0,0.0,0.0,0.0,781.3,--
2025/9/1 14:48,24.5,66,25.5,59,16.9,25.5,0.0,3.2,248,949.6,1019.4,698.5,6,0.0,0.0,0.0,0.0,0.0,781.3,--
2025/9/1 14:49,24.6,66,25.8,56,16.4,25.8,5.4,5.8,243,949.7,1019.5,696.3,6,0.0,0.0,0.0,0.0,0.0,781.3,--
2025/9/1 14:50,24.6,66,25.7,57,16.6,25.7,4.0,4.3,273,949.6,1019.4,693.7,6,0.0,0.0,0.0,0.0,0.0,781.3,--
2025/9/1 14:51,24.6,66,25.6,56,16.2,25.6,0.0,0.0,254,949.6,1019.4,692.5,6,0.0,0.0,0.0,0.0,0.0,781.3,--
2025/9/1 14:52,24.6,66,25.8,53,15.5,25.8,4.0,4.0,275,949.6,1019.4,689.5,6,0.0,0.0,0.0,0.0,0.0,781.3,--
2025/9/1 14:53,24.6,66,25.9,58,17.0,25.9,2.2,2.9,248,949.6,1019.4,688.0,6,0.0,0.0,0.0,0.0,0.0,781.3,--
2025/9/1 14:54,24.6,66,26.0,54,16.0,26.0,0.0,6.1,161,949.6,1019.4,685.5,6,0.0,0.0,0.0,0.0,0.0,781.3,--
2025/9/1 14:55,24.6,66,26.1,55,16.4,26.1,4.3,5.0,106,949.6,1019.4,683.0,6,0.0,0.0,0.0,0.0,0.0,781.3,--
2025/9/1 14:56,24.6,66,25.9,58,17.0,25.9,4.0,6.5,230,949.7,1019.5,680.9,6,0.0,0.0,0.0,0.0,0.0,781.3,--
2025/9/1 14:57,24.6,66,25.9,55,16.2,25.9,4.7,5.0,254,949.7,1019.5,678.8,6,0.0,0.0,0.0,0.0,0.0,781.3,--
2025/9/1 14:58,24.6,66,25.7,57,16.6,25.7,2.5,4.3,257,949.5,1019.3,677.0,6,0.0,0.0,0.0,0.0,0.0,781.3,--
2025/9/1 14:59,24.6,66,25.7,53,15.4,25.7,0.0,1.8,195,949.7,1019.5,674.1,6,0.0,0.0,0.0,0.0,0.0,781.3,--
2025/9/1 15:00,24.6,66,26.0,55,16.3,26.0,0.0,1.8,254,949.6,1019.4,670.5,6,0.0,0.0,0.0,0.0,0.0,781.3,--
2025/9/1 15:01,24.6,66,26.2,54,16.2,26.2,2.5,5.4,308,949.7,1019.5,666.8,6,0.0,0.0,0.0,0.0,0.0,781.3,--
2025/9/1 15:02,24.6,66,26.1,51,15.2,26.1,4.7,6.5,115,949.5,1019.3,664.4,6,0.0,0.0,0.0,0.0,0.0,781.3,--
2025/9/1 15:03,24.6,66,26.0,51,15.1,26.0,0.0,1.8,292,949.4,1019.2,662.3,6,0.0,0.0,0.0,0.0,0.0,781.3,--
2025/9/1 15:04,24.6,66,26.0,52,15.4,26.0,1.8,4.3,179,949.4,1019.2,659.8,6,0.0,0.0,0.0,0.0,0.0,781.3,--
2025/9/1 15:05,24.6,66,25.9,53,15.6,25.9,4.0,4.3,262,949.7,1019.5,658.5,6,0.0,0.0,0.0,0.0,0.0,781.3,--
2025/9/1 15:06,24.6,66,25.9,56,16.5,25.9,3.6,4.0,266,949.7,1019.5,655.4,6,0.0,0.0,0.0,0.0,0.0,781.3,--
2025/9/1 15:07,24.6,66,25.9,52,15.3,25.9,3.6,5.0,279,949.5,1019.3,652.9,6,0.0,0.0,0.0,0.0,0.0,781.3,--
2025/9/1 15:08,24.6,66,25.7,55,16.0,25.7,2.5,2.9,329,949.5,1019.3,650.3,6,0.0,0.0,0.0,0.0,0.0,781.3,--
2025/9/1 15:09,24.6,66,26.0,52,15.4,26.0,1.8,2.5,119,949.6,1019.4,649.4,6,0.0,0.0,0.0,0.0,0.0,781.3,--
2025/9/1 15:10,24.6,66,26.1,53,15.8,26.1,2.5,2.9,117,949.5,1019.3,647.1,6,0.0,0.0,0.0,0.0,0.0,781.3,--
2025/9/1 15:11,24.6,66,26.1,50,14.9,26.1,2.5,5.4,118,949.4,1019.2,644.1,5,0.0,0.0,0.0,0.0,0.0,781.3,--
2025/9/1 15:12,24.6,66,26.0,50,14.8,26.0,7.9,7.9,121,949.4,1019.2,642.3,5,0.0,0.0,0.0,0.0,0.0,781.3,--
2025/9/1 15:13,24.6,66,25.7,50,14.5,25.7,5.4,7.2,113,949.4,1019.2,638.1,5,0.0,0.0,0.0,0.0,0.0,781.3,--
2025/9/1 15:14,24.6,66,25.3,51,14.5,25.3,4.0,6.1,133,949.4,1019.2,636.6,5,0.0,0.0,0.0,0.0,0.0,781.3,--
2025/9/1 15:15,24.6,66,25.3,50,14.2,25.3,10.1,10.1,117,949.5,1019.3,636.6,5,0.0,0.0,0.0,0.0,0.0,781.3,--
2025/9/1 15:16,24.5,66,25.1,52,14.6,25.1,0.0,2.9,115,949.5,1019.3,636.6,5,0.0,0.0,0.0,0.0,0.0,781.3,--
2025/9/1 15:17,24.6,66,25.2,49,13.8,25.2,3.2,5.0,124,949.6,1019.4,636.3,5,0.0,0.0,0.0,0.0,0.0,781.3,--
2025/9/1 15:18,24.6,66,25.2,52,14.7,25.2,3.2,3.2,118,949.6,1019.4,632.2,5,0.0,0.0,0.0,0.0,0.0,781.3,--
2025/9/1 15:19,24.5,66,25.3,49,13.9,25.3,3.6,5.4,121,949.5,1019.3,630.7,5,0.0,0.0,0.0,0.0,0.0,781.3,--
2025/9/1 15:20,24.5,66,25.5,51,14.7,25.5,3.2,4.0,269,949.4,1019.2,627.7,5,0.0,0.0,0.0,0.0,0.0,781.3,--
2025/9/1 15:21,24.6,66,25.8,54,15.8,25.8,1.8,2.5,184,949.6,1019.4,625.0,5,0.0,0.0,0.0,0.0,0.0,781.3,--
2025/9/1 15:22,24.5,66,26.0,49,14.5,26.0,0.0,2.9,292,949.5,1019.3,621.3,5,0.0,0.0,0.0,0.0,0.0,781.3,--
2025/9/1 15:23,24.5,66,26.0,47,13.8,26.0,5.4,9.0,116,949.5,1019.3,618.6,5,0.0,0.0,0.0,0.0,0.0,781.3,--
2025/9/1 15:24,24.5,66,25.8,46,13.3,25.8,5.4,7.6,120,949.3,1019.1,616.1,5,0.0,0.0,0.0,0.0,0.0,781.3,--
2025/9/1 15:25,24.6,66,25.5,47,13.4,25.5,4.3,5.8,121,949.3,1019.1,614.1,5,0.0,0.0,0.0,0.0,0.0,781.3,--
2025/9/1 15:26,24.5,66,25.5,49,14.0,25.5,0.0,2.5,106,949.5,1019.3,611.6,5,0.0,0.0,0.0,0.0,0.0,781.3,--
2025/9/1 15:27,24.6,66,25.7,47,13.6,25.7,0.0,2.9,106,949.5,1019.3,609.4,5,0.0,0.0,0.0,0.0,0.0,781.3,--
2025/9/1 15:28,24.6,66,25.6,48,13.8,25.6,0.0,2.2,114,949.3,1019.1,606.9,5,0.0,0.0,0.0,0.0,0.0,781.3,--
2025/9/1 15:29,24.6,66,25.8,53,15.5,25.8,3.6,5.4,237,949.3,1019.1,602.6,5,0.0,0.0,0.0,0.0,0.0,781.3,--
2025/9/1 15:30,24.6,66,25.9,49,14.4,25.9,2.2,4.0,100,949.4,1019.2,600.3,5,0.0,0.0,0.0,0.0,0.0,781.3,--
2025/9/1 15:31,24.6,66,26.0,51,15.1,26.0,4.0,5.8,125,949.4,1019.2,598.0,5,0.0,0.0,0.0,0.0,0.0,781.3,--
2025/9/1 15:32,24.5,66,26.1,50,14.9,26.1,2.2,4.0,138,949.4,1019.2,595.8,5,0.0,0.0,0.0,0.0,0.0,781.3,--
2025/9/1 15:33,24.6,66,26.2,51,15.3,26.2,2.9,3.6,182,949.3,1019.1,592.5,5,0.0,0.0,0.0,0.0,0.0,781.3,--
2025/9/1 15:34,24.6,66,26.0,51,15.1,26.0,2.2,2.9,302,949.3,1019.1,588.7,5,0.0,0.0,0.0,0.0,0.0,781.3,--
2025/9/1 15:35,24.6,66,26.2,50,15.0,26.2,4.7,6.1,292,949.3,1019.1,585.7,5,0.0,0.0,0.0,0.0,0.0,781.3,--
2025/9/1 15:36,24.6,66,26.2,52,15.6,26.2,2.9,3.6,263,949.4,1019.2,582.6,5,0.0,0.0,0.0,0.0,0.0,781.3,--
2025/9/1 15:37,24.6,66,26.3,51,15.4,26.3,3.6,6.1,184,949.3,1019.1,581.2,5,0.0,0.0,0.0,0.0,0.0,781.3,--
2025/9/1 15:38,24.6,66,26.4,50,15.2,26.4,2.5,2.9,134,949.3,1019.1,579.0,5,0.0,0.0,0.0,0.0,0.0,781.3,--
2025/9/1 15:39,24.6,66,26.4,48,14.5,26.4,4.3,6.1,300,949.3,1019.1,576.4,5,0.0,0.0,0.0,0.0,0.0,781.3,--
2025/9/1 15:40,24.6,66,26.2,60,17.9,26.2,4.0,4.3,248,949.4,1019.2,573.6,5,0.0,0.0,0.0,0.0,0.0,781.3,--
2025/9/1 15:41,24.6,66,26.4,49,14.9,26.4,3.2,4.7,195,949.1,1018.9,572.6,5,0.0,0.0,0.0,0.0,0.0,781.3,--
2025/9/1 15:42,24.5,66,26.6,48,14.7,26.6,2.9,3.6,200,949.3,1019.1,568.8,5,0.0,0.0,0.0,0.0,0.0,781.3,--
2025/9/1 15:43,24.5,66,26.6,48,14.7,26.6,2.5,3.2,212,949.3,1019.1,566.2,5,0.0,0.0,0.0,0.0,0.0,781.3,--
2025/9/1 15:44,24.6,66,26.9,47,14.6,27.1,3.2,3.2,234,949.4,1019.2,563.3,5,0.0,0.0,0.0,0.0,0.0,781.3,--
2025/9/1 15:45,24.6,66,26.9,44,13.7,26.9,3.2,5.0,279,949.2,1019.0,559.7,5,0.0,0.0,0.0,0.0,0.0,781.3,--
2025/9/1 15:46,24.5,66,26.8,47,14.6,27.0,2.2,2.9,261,949.3,1019.1,557.3,5,0.0,0.0,0.0,0.0,0.0,781.3,--
2025/9/1 15:47,24.6,66,26.8,48,14.9,27.1,2.9,3.6,282,949.1,1018.9,554.7,5,0.0,0.0,0.0,0.0,0.0,781.3,--
2025/9/1 15:48,24.6,66,26.4,51,15.5,26.4,2.9,5.0,301,949.1,1018.9,552.0,5,0.0,0.0,0.0,0.0,0.0,781.3,--
2025/9/1 15:49,24.5,66,26.0,51,15.1,26.0,3.2,4.7,234,949.0,1018.8,550.0,5,0.0,0.0,0.0,0.0,0.0,781.3,--
2025/9/1 15:50,24.5,66,26.2,48,14.4,26.2,0.0,2.5,208,949.3,1019.1,546.8,5,0.0,0.0,0.0,0.0,0.0,781.3,--
2025/9/1 15:51,24.5,66,26.6,48,14.7,26.6,4.3,4.3,356,949.2,1019.0,545.1,5,0.0,0.0,0.0,0.0,0.0,781.3,--
2025/9/1 15:52,24.6,66,26.7,50,15.4,27.1,0.0,0.0,299,949.3,1019.1,540.8,5,0.0,0.0,0.0,0.0,0.0,781.3,--
2025/9/1 15:53,24.5,66,27.1,48,15.2,27.4,4.3,6.1,282,949.2,1019.0,539.2,5,0.0,0.0,0.0,0.0,0.0,781.3,--
2025/9/1 15:54,24.5,66,26.9,49,15.3,27.2,1.8,3.2,330,949.4,1019.2,535.3,4,0.0,0.0,0.0,0.0,0.0,781.3,--
2025/9/1 15:55,24.6,66,26.7,50,15.4,27.1,2.2,4.0,236,949.3,1019.1,532.5,4,0.0,0.0,0.0,0.0,0.0,781.3,--
2025/9/1 15:56,24.6,66,26.7,52,16.1,27.2,5.4,5.4,249,949.3,1019.1,530.0,4,0.0,0.0,0.0,0.0,0.0,781.3,--
2025/9/1 15:57,24.5,66,26.7,50,15.4,27.1,3.6,4.0,107,949.3,1019.1,527.4,4,0.0,0.0,0.0,0.0,0.0,781.3,--
2025/9/1 15:58,24.5,66,26.7,55,16.9,27.4,4.7,4.7,258,949.3,1019.1,525.7,4,0.0,0.0,0.0,0.0,0.0,781.3,--
2025/9/1 15:59,24.5,66,26.6,57,17.4,26.6,0.0,4.3,269,949.3,1019.1,522.8,4,0.0,0.0,0.0,0.0,0.0,781.3,--
2025/9/1 16:00,24.5,66,26.5,49,15.0,26.5,3.6,7.6,127,949.3,1019.1,520.5,4,0.0,0.0,0.0,0.0,0.0,781.3,--
2025/9/1 16:01,24.5,66,26.5,49,15.0,26.5,1.8,2.9,127,949.3,1019.1,517.7,4,0.0,0.0,0.0,0.0,0.0,781.3,--
2025/9/1 16:02,24.6,66,26.3,45,13.5,26.3,6.8,7.2,132,949.1,1018.9,514.4,4,0.0,0.0,0.0,0.0,0.0,781.3,--
2025/9/1 16:03,24.6,66,26.1,47,13.9,26.1,2.2,2.9,77,949.1,1018.9,512.2,4,0.0,0.0,0.0,0.0,0.0,781.3,--
2025/9/1 16:04,24.6,66,26.2,49,14.7,26.2,2.2,4.3,85,949.3,1019.1,508.8,4,0.0,0.0,0.0,0.0,0.0,781.3,--
2025/9/1 16:05,24.6,66,26.3,48,14.4,26.3,0.0,2.9,113,949.1,1018.9,506.4,4,0.0,0.0,0.0,0.0,0.0,781.3,--
2025/9/1 16:06,24.6,66,26.4,46,13.9,26.4,0.0,2.2,99,949.2,1019.0,503.3,4,0.0,0.0,0.0,0.0,0.0,781.3,--
2025/9/1 16:07,24.6,66,26.6,48,14.7,26.6,2.5,4.0,264,949.1,1018.9,500.4,4,0.0,0.0,0.0,0.0,0.0,781.3,--
2025/9/1 16:08,24.5,66,26.7,45,13.8,26.9,0.0,0.0,283,949.0,1018.8,497.9,4,0.0,0.0,0.0,0.0,0.0,781.3,--
2025/9/1 16:09,24.6,66,27.0,50,15.7,27.4,1.8,2.5,266,949.3,1019.1,494.3,4,0.0,0.0,0.0,0.0,0.0,781.3,--
2025/9/1 16:10,24.6,66,27.1,45,14.2,27.2,6.1,7.9,120,949.3,1019.1,491.6,4,0.0,0.0,0.0,0.0,0.0,781.3,--
2025/9/1 16:11,24.6,66,26.7,45,13.8,26.9,2.9,5.0,156,949.1,1018.9,489.5,4,0.0,0.0,0.0,0.0,0.0,781.3,--
2025/9/1 16:12,24.5,66,26.5,45,13.6,26.5,2.9,3.6,348,949.3,1019.1,485.1,4,0.0,0.0,0.0,0.0,0.0,781.3,--
2025/9/1 16:13,24.5,66,26.6,45,13.7,26.6,0.0,3.6,12,949.3,1019.1,480.1,4,0.0,0.0,0.0,0.0,0.0,781.3,--
2025/9/1 16:14,24.6,66,26.5,46,14.0,26.5,0.0,0.0,55,949.2,1019.0,477.2,4,0.0,0.0,0.0,0.0,0.0,781.3,--
2025/9/1 16:15,24.5,66,26.7,53,16.4,27.3,0.0,1.8,217,949.2,1019.0,477.2,4,0.0,0.0,0.0,0.0,0.0,781.3,--
2025/9/1 16:16,24.5,66,27.1,48,15.2,27.4,0.0,2.9,355,949.1,1018.9,475.9,4,0.0,0.0,0.0,0.0,0.0,781.3,--
2025/9/1 16:17,24.5,66,26.8,41,12.5,26.7,3.2,3.6,93,949.3,1019.1,471.9,4,0.0,0.0,0.0,0.0,0.0,781.3,--
2025/9/1 16:18,24.6,66,26.6,42,12.7,26.6,0.0,3.2,118,949.1,1018.9,469.0,4,0.0,0.0,0.0,0.0,0.0,781.3,--
2025/9/1 16:19,24.6,66,26.5,41,12.2,26.5,3.6,4.0,103,949.1,1018.9,465.9,4,0.0,0.0,0.0,0.0,0.0,781.3,--
2025/9/1 16:20,24.5,66,26.4,42,12.5,26.4,2.9,4.0,104,949.2,1019.0,462.7,4,0.0,0.0,0.0,0.0,0.0,781.3,--
2025/9/1 16:21,24.5,66,26.4,41,12.1,26.4,4.3,5.4,125,949.3,1019.1,460.1,4,0.0,0.0,0.0,0.0,0.0,781.3,--
2025/9/1 16:22,24.5,66,26.2,42,12.3,26.2,2.2,4.7,118,949.2,1019.0,455.7,4,0.0,0.0,0.0,0.0,0.0,781.3,--
2025/9/1 16:23,24.5,66,26.2,42,12.3,26.2,0.0,1.8,157,949.4,1019.2,453.1,4,0.0,0.0,0.0,0.0,0.0,781.3,--
2025/9/1 16:24,24.5,66,26.2,41,11.9,26.2,0.0,2.5,121,949.3,1019.1,449.6,4,0.0,0.0,0.0,0.0,0.0,781.3,--
2025/9/1 16:25,24.6,66,26.2,42,12.3,26.2,2.2,3.2,116,949.3,1019.1,446.3,4,0.0,0.0,0.0,0.0,0.0,781.3,--
2025/9/1 16:26,24.6,66,26.3,46,13.8,26.3,2.2,2.2,244,949.3,1019.1,443.0,4,0.0,0.0,0.0,0.0,0.0,781.3,--
2025/9/1 16:27,24.5,66,26.6,46,14.1,26.6,1.8,3.2,252,949.1,1018.9,440.3,4,0.0,0.0,0.0,0.0,0.0,781.3,--
2025/9/1 16:28,24.5,66,26.7,43,13.1,26.8,2.5,3.6,263,949.2,1019.0,437.0,4,0.0,0.0,0.0,0.0,0.0,781.3,--
2025/9/1 16:29,24.6,66,26.8,43,13.2,26.8,2.9,3.2,192,949.2,1019.0,433.7,4,0.0,0.0,0.0,0.0,0.0,781.3,--
2025/9/1 16:30,24.5,66,26.8,47,14.6,27.0,2.5,3.6,186,949.3,1019.1,429.7,3,0.0,0.0,0.0,0.0,0.0,781.3,--
2025/9/1 16:31,24.6,66,27.0,49,15.4,27.3,0.0,2.5,269,949.2,1019.0,427.0,3,0.0,0.0,0.0,0.0,0.0,781.3,--
2025/9/1 16:32,24.6,66,27.2,47,14.9,27.4,0.0,2.9,292,949.2,1019.0,422.9,3,0.0,0.0,0.0,0.0,0.0,781.3,--
2025/9/1 16:33,24.6,66,27.2,46,14.6,27.3,2.2,4.7,123,949.3,1019.1,419.5,3,0.0,0.0,0.0,0.0,0.0,781.3,--
2025/9/1 16:34,24.6,66,26.9,46,14.3,27.1,1.8,3.2,45,949.3,1019.1,415.9,3,0.0,0.0,0.0,0.0,0.0,781.3,--
2025/9/1 16:35,24.6,66,26.7,47,14.5,26.9,3.6,5.0,88,949.2,1019.0,412.9,3,0.0,0.0,0.0,0.0,0.0,781.3,--
2025/9/1 16:36,24.6,66,26.5,48,14.6,26.5,3.2,4.3,100,949.3,1019.1,409.7,3,0.0,0.0,0.0,0.0,0.0,781.3,--
2025/9/1 16:37,24.6,66,26.4,49,14.9,26.4,1.8,2.5,287,949.2,1019.0,406.8,3,0.0,0.0,0.0,0.0,0.0,781.3,--
2025/9/1 16:38,24.6,66,26.6,47,14.4,26.6,2.5,2.5,118,949.2,1019.0,403.2,3,0.0,0.0,0.0,0.0,0.0,781.3,--
2025/9/1 16:39,24.6,66,26.6,46,14.1,26.6,0.0,0.0,205,949.2,1019.0,400.0,3,0.0,0.0,0.0,0.0,0.0,781.3,--
2025/9/1 16:40,24.5,66,26.7,44,13.5,26.8,2.5,2.5,211,949.3,1019.1,397.2,3,0.0,0.0,0.0,0.0,0.0,781.3,--
2025/9/1 16:41,24.6,66,26.8,45,13.9,26.9,2.5,3.2,265,949.3,1019.1,394.0,3,0.0,0.0,0.0,0.0,0.0,781.3,--
2025/9/1 16:42,24.5,66,26.9,46,14.3,27.1,0.0,1.8,235,949.1,1018.9,390.7,3,0.0,0.0,0.0,0.0,0.0,781.3,--
2025/9/1 16:43,24.5,66,26.9,52,16.2,27.4,2.2,2.9,284,949.3,1019.1,386.5,3,0.0,0.0,0.0,0.0,0.0,781.3,--
2025/9/1 16:44,24.5,66,26.8,45,13.9,26.9,7.2,7.2,127,949.3,1019.1,381.5,3,0.0,0.0,0.0,0.0,0.0,781.3,--
2025/9/1 16:45,24.5,66,26.6,48,14.7,26.6,2.9,3.2,337,949.2,1019.0,381.6,3,0.0,0.0,0.0,0.0,0.0,781.3,--
2025/9/1 16:46,24.5,66,26.4,46,13.9,26.4,2.9,4.3,116,949.1,1018.9,377.8,3,0.0,0.0,0.0,0.0,0.0,781.3,--
2025/9/1 16:47,24.5,66,26.4,47,14.2,26.4,5.8,7.6,120,949.2,1019.0,373.9,3,0.0,0.0,0.0,0.0,0.0,781.3,--
2025/9/1 16:48,24.5,66,26.2,48,14.4,26.2,3.6,4.0,118,949.1,1018.9,370.0,3,0.0,0.0,0.0,0.0,0.0,781.3,--
2025/9/1 16:49,24.5,66,26.1,49,14.6,26.1,2.5,4.3,134,949.2,1019.0,366.3,3,0.0,0.0,0.0,0.0,0.0,781.3,--
2025/9/1 16:50,24.5,66,26.3,55,16.6,26.3,2.2,2.5,261,949.2,1019.0,362.9,3,0.0,0.0,0.0,0.0,0.0,781.3,--
2025/9/1 16:51,24.5,66,26.5,54,16.5,26.5,0.0,2.5,243,949.4,1019.2,359.3,3,0.0,0.0,0.0,0.0,0.0,781.3,--
2025/9/1 16:52,24.5,66,26.6,47,14.4,26.6,4.3,5.8,102,949.2,1019.0,355.7,3,0.0,0.0,0.0,0.0,0.0,781.3,--
2025/9/1 16:53,24.6,66,26.6,47,14.4,26.6,0.0,2.5,309,949.3,1019.1,352.3,3,0.0,0.0,0.0,0.0,0.0,781.3,--
2025/9/1 16:54,24.5,66,26.6,46,14.1,26.6,2.9,4.0,132,949.3,1019.1,349.0,3,0.0,0.0,0.0,0.0,0.0,781.3,--
2025/9/1 16:55,24.5,66,26.3,47,14.1,26.3,0.0,1.8,224,949.3,1019.1,345.5,3,0.0,0.0,0.0,0.0,0.0,781.3,--
2025/9/1 16:56,24.5,66,26.6,47,14.4,26.6,2.9,2.9,256,949.3,1019.1,342.6,3,0.0,0.0,0.0,0.0,0.0,781.3,--
2025/9/1 16:57,24.5,66,26.8,51,15.9,27.2,1.8,2.5,262,949.2,1019.0,338.9,3,0.0,0.0,0.0,0.0,0.0,781.3,--
2025/9/1 16:58,24.5,66,26.8,48,14.9,27.1,0.0,1.8,269,949.2,1019.0,335.4,3,0.0,0.0,0.0,0.0,0.0,781.3,--
2025/9/1 16:59,24.5,66,26.9,53,16.5,27.4,0.0,1.8,240,949.2,1019.0,332.1,3,0.0,0.0,0.0,0.0,0.0,781.3,--
2025/9/1 17:00,24.5,66,27.3,51,16.3,27.7,1.8,2.2,269,949.2,1019.0,328.3,3,0.0,0.0,0.0,0.0,0.0,781.3,--
2025/9/1 17:01,24.5,66,27.2,45,14.3,27.3,4.7,5.0,109,949.1,1018.9,324.9,3,0.0,0.0,0.0,0.0,0.0,781.3,--
2025/9/1 17:02,24.5,66,26.8,46,14.2,26.9,1.8,2.2,158,949.2,1019.0,320.5,2,0.0,0.0,0.0,0.0,0.0,781.3,--
2025/9/1 17:03,24.5,66,26.9,51,15.9,27.3,1.8,2.5,278,949.3,1019.1,317.7,2,0.0,0.0,0.0,0.0,0.0,781.3,--
2025/9/1 17:04,24.5,66,27.0,51,16.0,27.4,1.8,2.5,247,949.1,1018.9,315.3,2,0.0,0.0,0.0,0.0,0.0,781.3,--
2025/9/1 17:05,24.5,66,27.0,51,16.0,27.4,2.2,3.2,248,949.0,1018.8,311.4,2,0.0,0.0,0.0,0.0,0.0,781.3,--
2025/9/1 17:06,24.5,66,26.8,53,16.4,27.3,2.9,3.2,264,949.2,1019.0,308.0,2,0.0,0.0,0.0,0.0,0.0,781.3,--
2025/9/1 17:07,24.5,66,26.5,53,16.2,26.5,0.0,2.5,246,949.2,1019.0,304.4,2,0.0,0.0,0.0,0.0,0.0,781.3,--
2025/9/1 17:08,24.5,66,26.6,46,14.1,26.6,2.2,2.2,139,949.2,1019.0,300.9,2,0.0,0.0,0.0,0.0,0.0,781.3,--
2025/9/1 17:09,24.5,66,26.5,45,13.6,26.5,3.2,3.2,127,949.0,1018.8,297.7,2,0.0,0.0,0.0,0.0,0.0,781.3,--
2025/9/1 17:10,24.5,66,26.4,51,15.5,26.4,3.6,3.6,259,949.1,1018.9,294.7,2,0.0,0.0,0.0,0.0,0.0,781.3,--
2025/9/1 17:11,24.5,66,26.5,47,14.3,26.5,4.0,4.0,253,949.2,1019.0,292.1,2,0.0,0.0,0.0,0.0,0.0,781.3,--
2025/9/1 17:12,24.6,66,26.3,49,14.8,26.3,1.8,3.6,246,949.0,1018.8,289.0,2,0.0,0.0,0.0,0.0,0.0,781.3,--
2025/9/1 17:13,24.6,66,26.1,52,15.5,26.1,2.2,2.9,248,949.1,1018.9,286.0,2,0.0,0.0,0.0,0.0,0.0,781.3,--
2025/9/1 17:14,24.6,66,26.0,50,14.8,26.0,2.2,3.6,244,949.3,1019.1,282.8,2,0.0,0.0,0.0,0.0,0.0,781.3,--
2025/9/1 17:15,24.6,66,26.0,54,16.0,26.0,2.9,2.9,238,949.1,1018.9,279.7,2,0.0,0.0,0.0,0.0,0.0,781.3,--
2025/9/1 17:16,24.5,66,26.1,50,14.9,26.1,1.8,2.5,256,949.2,1019.0,276.5,2,0.0,0.0,0.0,0.0,0.0,781.3,--
2025/9/1 17:17,24.5,66,26.2,49,14.7,26.2,0.0,0.0,217,949.1,1018.9,272.2,2,0.0,0.0,0.0,0.0,0.0,781.3,--
2025/9/1 17:18,24.6,66,26.3,52,15.7,26.3,0.0,1.8,246,949.1,1018.9,270.7,2,0.0,0.0,0.0,0.0,0.0,781.3,--
2025/9/1 17:19,24.6,66,26.6,54,16.5,26.6,1.8,2.2,231,949.0,1018.8,267.1,2,0.0,0.0,0.0,0.0,0.0,781.3,--
2025/9/1 17:20,24.5,66,26.6,51,15.7,26.6,0.0,1.8,231,949.1,1018.9,263.4,2,0.0,0.0,0.0,0.0,0.0,781.3,--
2025/9/1 17:21,24.6,66,26.9,50,15.6,27.3,2.5,2.5,257,949.0,1018.8,260.6,2,0.0,0.0,0.0,0.0,0.0,781.3,--
2025/9/1 17:22,24.6,66,26.8,47,14.6,27.0,1.8,2.5,234,949.0,1018.8,257.4,2,0.0,0.0,0.0,0.0,0.0,781.3,--
2025/9/1 17:23,24.5,66,26.8,50,15.5,27.2,0.0,0.0,224,949.1,1018.9,254.1,2,0.0,0.0,0.0,0.0,0.0,781.3,--
2025/9/1 17:24,24.5,66,27.1,48,15.2,27.4,0.0,0.0,265,949.0,1018.8,250.9,2,0.0,0.0,0.0,0.0,0.0,781.3,--
2025/9/1 17:25,24.5,66,27.3,50,16.0,27.7,2.2,2.2,256,949.1,1018.9,248.9,2,0.0,0.0,0.0,0.0,0.0,781.3,--
2025/9/1 17:26,24.6,66,27.4,46,14.8,27.5,0.0,3.2,249,949.1,1018.9,246.0,2,0.0,0.0,0.0,0.0,0.0,781.3,--
2025/9/1 17:27,24.5,66,27.3,50,16.0,27.7,2.2,2.2,243,949.1,1018.9,242.7,2,0.0,0.0,0.0,0.0,0.0,781.3,--
2025/9/1 17:28,24.5,66,27.0,52,16.3,27.5,1.8,2.9,248,949.0,1018.8,239.5,2,0.0,0.0,0.0,0.0,0.0,781.3,--
2025/9/1 17:29,24.5,66,26.8,50,15.5,27.2,1.8,2.5,238,949.2,1019.0,237.8,2,0.0,0.0,0.0,0.0,0.0,781.3,--
2025/9/1 17:30,24.5,66,26.9,46,14.3,27.1,1.8,2.5,264,949.1,1018.9,234.1,2,0.0,0.0,0.0,0.0,0.0,781.3,--
2025/9/1 17:31,24.6,66,27.0,46,14.4,27.2,0.0,2.9,223,949.0,1018.8,231.4,2,0.0,0.0,0.0,0.0,0.0,781.3,--
2025/9/1 17:32,24.6,66,27.2,50,15.9,27.6,0.0,0.0,230,949.0,1018.8,227.4,2,0.0,0.0,0.0,0.0,0.0,781.3,--
2025/9/1 17:33,24.6,66,27.3,46,14.7,27.4,0.0,1.8,242,949.0,1018.8,224.1,2,0.0,0.0,0.0,0.0,0.0,781.3,--
2025/9/1 17:34,24.6,66,27.5,51,16.5,27.9,0.0,0.0,261,949.0,1018.8,220.6,2,0.0,0.0,0.0,0.0,0.0,781.3,--
2025/9/1 17:35,24.5,66,27.5,50,16.2,27.9,1.8,2.2,247,948.9,1018.7,216.5,2,0.0,0.0,0.0,0.0,0.0,781.3,--
2025/9/1 17:36,24.6,66,27.2,51,16.2,27.7,0.0,1.8,252,949.1,1018.9,212.3,1,0.0,0.0,0.0,0.0,0.0,781.3,--
2025/9/1 17:37,24.6,66,27.3,49,15.7,27.6,0.0,1.8,254,948.8,1018.6,209.5,1,0.0,0.0,0.0,0.0,0.0,781.3,--
2025/9/1 17:38,24.6,66,27.0,49,15.4,27.3,0.0,1.8,252,948.9,1018.7,205.6,1,0.0,0.0,0.0,0.0,0.0,781.3,--
2025/9/1 17:39,24.6,66,27.0,47,14.7,27.2,1.8,2.5,240,948.9,1018.7,202.3,1,0.0,0.0,0.0,0.0,0.0,781.3,--
2025/9/1 17:40,24.6,66,26.6,47,14.4,26.6,1.8,2.2,230,948.8,1018.6,198.5,1,0.0,0.0,0.0,0.0,0.0,781.3,--
2025/9/1 17:41,24.6,66,26.7,48,14.8,27.0,0.0,0.0,255,948.8,1018.6,195.2,1,0.0,0.0,0.0,0.0,0.0,781.3,--
2025/9/1 17:42,24.6,66,26.7,48,14.8,27.0,1.8,2.5,252,948.6,1018.4,190.3,1,0.0,0.0,0.0,0.0,0.0,781.3,--
2025/9/1 17:43,24.5,66,26.7,49,15.1,27.1,0.0,2.2,249,948.9,1018.7,187.8,1,0.0,0.0,0.0,0.0,0.0,781.3,--
2025/9/1 17:44,24.6,66,26.7,47,14.5,26.9,2.9,2.9,248,948.7,1018.5,184.3,1,0.0,0.0,0.0,0.0,0.0,781.3,--
2025/9/1 17:45,24.6,66,26.6,47,14.4,26.6,1.8,2.5,259,948.7,1018.5,181.1,1,0.0,0.0,0.0,0.0,0.0,781.3,--
2025/9/1 17:46,24.6,66,26.3,49,14.8,26.3,2.2,2.5,255,948.8,1018.6,177.5,1,0.0,0.0,0.0,0.0,0.0,781.3,--
2025/9/1 17:47,24.5,66,26.2,52,15.6,26.2,0.0,0.0,233,949.0,1018.8,173.3,1,0.0,0.0,0.0,0.0,0.0,781.3,--
2025/9/1 17:48,24.5,66,26.6,52,16.0,26.6,0.0,0.0,233,948.9,1018.7,170.7,1,0.0,0.0,0.0,0.0,0.0,781.3,--
2025/9/1 17:49,24.5,66,26.6,48,14.7,26.6,0.0,2.5,242,948.9,1018.7,167.0,1,0.0,0.0,0.0,0.0,0.0,781.3,--
2025/9/1 17:50,24.5,66,26.4,48,14.5,26.4,0.0,1.8,247,948.7,1018.5,163.1,1,0.0,0.0,0.0,0.0,0.0,781.3,--
2025/9/1 17:51,24.5,66,26.4,49,14.9,26.4,2.9,2.9,219,948.9,1018.7,159.7,1,0.0,0.0,0.0,0.0,0.0,781.3,--
2025/9/1 17:52,24.6,66,26.4,48,14.5,26.4,0.0,1.8,255,948.9,1018.7,156.6,1,0.0,0.0,0.0,0.0,0.0,781.3,--
2025/9/1 17:53,24.5,66,26.4,49,14.9,26.4,1.8,2.2,234,948.9,1018.7,148.9,1,0.0,0.0,0.0,0.0,0.0,781.3,--
2025/9/1 17:54,24.5,66,26.4,49,14.9,26.4,0.0,1.8,257,949.0,1018.8,103.2,0,0.0,0.0,0.0,0.0,0.0,781.3,--
2025/9/1 17:55,24.6,66,26.3,50,15.1,26.3,0.0,1.8,238,949.0,1018.8,101.2,0,0.0,0.0,0.0,0.0,0.0,781.3,--
2025/9/1 17:56,24.6,66,26.1,50,14.9,26.1,0.0,1.8,256,948.8,1018.6,100.0,0,0.0,0.0,0.0,0.0,0.0,781.3,--
2025/9/1 17:57,24.5,66,25.9,50,14.7,25.9,0.0,0.0,235,949.0,1018.8,54.3,0,0.0,0.0,0.0,0.0,0.0,781.3,--
2025/9/1 17:58,24.5,66,25.6,53,15.3,25.6,0.0,0.0,255,949.0,1018.8,42.5,0,0.0,0.0,0.0,0.0,0.0,781.3,--
2025/9/1 17:59,24.6,66,25.4,53,15.2,25.4,0.0,0.0,247,949.1,1018.9,40.8,0,0.0,0.0,0.0,0.0,0.0,781.3,--
2025/9/1 18:00,24.5,66,25.3,53,15.1,25.3,0.0,0.0,242,949.0,1018.8,40.5,0,0.0,0.0,0.0,0.0,0.0,781.3,--
2025/9/1 18:01,24.6,66,25.1,52,14.6,25.1,0.0,0.0,242,948.9,1018.7,40.4,0,0.0,0.0,0.0,0.0,0.0,781.3,--
2025/9/1 18:02,24.6,66,24.8,53,14.6,24.8,0.0,0.0,186,948.9,1018.7,40.3,0,0.0,0.0,0.0,0.0,0.0,781.3,--
2025/9/1 18:03,24.6,66,24.3,55,14.7,24.3,0.0,1.8,230,948.8,1018.6,40.0,0,0.0,0.0,0.0,0.0,0.0,781.3,--
2025/9/1 18:04,24.5,66,24.0,54,14.1,24.0,0.0,0.0,242,948.9,1018.7,39.9,0,0.0,0.0,0.0,0.0,0.0,781.3,--
2025/9/1 18:05,24.6,66,23.8,56,14.5,23.8,0.0,0.0,242,949.0,1018.8,39.7,0,0.0,0.0,0.0,0.0,0.0,781.3,--
2025/9/1 18:06,24.6,66,23.6,57,14.6,23.6,0.0,0.0,242,949.0,1018.8,39.3,0,0.0,0.0,0.0,0.0,0.0,781.3,--
2025/9/1 18:07,24.6,66,23.3,58,14.6,23.3,0.0,0.0,217,948.8,1018.6,39.1,0,0.0,0.0,0.0,0.0,0.0,781.3,--
2025/9/1 18:08,24.5,66,23.3,58,14.6,23.3,0.0,0.0,217,948.9,1018.7,38.8,0,0.0,0.0,0.0,0.0,0.0,781.3,--
2025/9/1 18:09,24.5,66,23.2,58,14.5,23.2,0.0,1.8,256,948.9,1018.7,38.5,0,0.0,0.0,0.0,0.0,0.0,781.3,--
2025/9/1 18:10,24.6,66,23.0,59,14.6,23.0,0.0,0.0,269,949.0,1018.8,38.2,0,0.0,0.0,0.0,0.0,0.0,781.3,--
2025/9/1 18:11,24.5,66,22.9,60,14.8,22.9,0.0,0.0,202,948.8,1018.6,37.9,0,0.0,0.0,0.0,0.0,0.0,781.3,--
2025/9/1 18:12,24.5,66,22.8,61,14.9,22.8,0.0,1.8,242,948.8,1018.6,37.7,0,0.0,0.0,0.0,0.0,0.0,781.3,--
2025/9/1 18:13,24.5,66,22.7,59,14.3,22.7,0.0,0.0,242,948.9,1018.7,37.4,0,0.0,0.0,0.0,0.0,0.0,781.3,--
2025/9/1 18:14,24.5,66,22.7,61,14.8,22.7,0.0,0.0,230,949.0,1018.8,37.1,0,0.0,0.0,0.0,0.0,0.0,781.3,--
2025/9/1 18:15,24.5,66,22.7,61,14.8,22.7,0.0,0.0,230,949.0,1018.8,36.8,0,0.0,0.0,0.0,0.0,0.0,781.3,--
2025/9/1 18:16,24.6,66,22.6,61,14.7,22.6,0.0,0.0,230,948.9,1018.7,36.6,0,0.0,0.0,0.0,0.0,0.0,781.3,--
2025/9/1 18:17,24.6,66,22.6,61,14.7,22.6,0.0,0.0,230,949.1,1018.9,36.3,0,0.0,0.0,0.0,0.0,0.0,781.3,--
2025/9/1 18:18,24.5,66,22.5,61,14.6,22.5,0.0,1.8,242,948.8,1018.6,36.1,0,0.0,0.0,0.0,0.0,0.0,781.3,--
2025/9/1 18:19,24.6,66,22.4,62,14.8,22.4,0.0,0.0,242,949.0,1018.8,35.9,0,0.0,0.0,0.0,0.0,0.0,781.3,--
2025/9/1 18:20,24.6,66,22.4,61,14.5,22.4,0.0,0.0,242,948.8,1018.6,35.7,0,0.0,0.0,0.0,0.0,0.0,781.3,--
2025/9/1 18:21,24.6,66,22.4,62,14.8,22.4,0.0,0.0,242,948.8,1018.6,35.5,0,0.0,0.0,0.0,0.0,0.0,781.3,--
2025/9/1 18:22,24.5,66,22.3,62,14.7,22.3,0.0,0.0,242,948.8,1018.6,35.3,0,0.0,0.0,0.0,0.0,0.0,781.3,--
2025/9/1 18:23,24.5,66,22.3,64,15.2,22.3,0.0,0.0,242,948.8,1018.6,35.1,0,0.0,0.0,0.0,0.0,0.0,781.3,--
2025/9/1 18:24,24.6,66,22.2,63,14.8,22.2,0.0,0.0,242,948.8,1018.6,34.8,0,0.0,0.0,0.0,0.0,0.0,781.3,--
2025/9/1 18:25,24.5,66,22.2,64,15.1,22.2,0.0,0.0,242,949.0,1018.8,34.6,0,0.0,0.0,0.0,0.0,0.0,781.3,--
2025/9/1 18:26,24.6,66,22.2,63,14.8,22.2,0.0,0.0,242,948.8,1018.6,34.4,0,0.0,0.0,0.0,0.0,0.0,781.3,--
2025/9/1 18:27,24.6,66,22.1,63,14.7,22.1,0.0,0.0,242,948.8,1018.6,34.1,0,0.0,0.0,0.0,0.0,0.0,781.3,--
2025/9/1 18:28,24.6,66,22.1,63,14.7,22.1,0.0,0.0,242,948.6,1018.4,33.8,0,0.0,0.0,0.0,0.0,0.0,781.3,--
2025/9/1 18:29,24.6,66,22.1,64,15.0,22.1,0.0,0.0,242,948.7,1018.5,33.6,0,0.0,0.0,0.0,0.0,0.0,781.3,--
2025/9/1 18:30,24.5,66,22.0,64,14.9,22.0,0.0,0.0,242,948.8,1018.6,33.3,0,0.0,0.0,0.0,0.0,0.0,781.3,--
2025/9/1 18:31,24.5,66,22.0,63,14.7,22.0,0.0,0.0,242,948.8,1018.6,33.1,0,0.0,0.0,0.0,0.0,0.0,781.3,--
2025/9/1 18:32,24.5,66,21.8,63,14.5,21.8,0.0,0.0,242,948.8,1018.6,32.9,0,0.0,0.0,0.0,0.0,0.0,781.3,--
2025/9/1 18:33,24.5,66,21.8,65,14.9,21.8,0.0,0.0,242,948.8,1018.6,32.6,0,0.0,0.0,0.0,0.0,0.0,781.3,--
2025/9/1 18:34,24.6,66,21.7,64,14.6,21.7,0.0,0.0,309,948.6,1018.4,32.3,0,0.0,0.0,0.0,0.0,0.0,781.3,--
2025/9/1 18:35,24.5,66,21.6,63,14.3,21.6,0.0,0.0,239,948.7,1018.5,32.1,0,0.0,0.0,0.0,0.0,0.0,781.3,--
2025/9/1 18:36,24.6,66,21.6,64,14.5,21.6,0.0,0.0,242,948.7,1018.5,31.8,0,0.0,0.0,0.0,0.0,0.0,781.3,--
2025/9/1 18:37,24.6,66,21.6,64,14.5,21.6,0.0,0.0,242,948.6,1018.4,31.5,0,0.0,0.0,0.0,0.0,0.0,781.3,--
2025/9/1 18:38,24.5,66,21.5,65,14.7,21.5,0.0,0.0,242,948.7,1018.5,31.3,0,0.0,0.0,0.0,0.0,0.0,781.3,--
2025/9/1 18:39,24.6,66,21.5,63,14.2,21.5,0.0,0.0,230,948.6,1018.4,31.0,0,0.0,0.0,0.0,0.0,0.0,781.3,--
2025/9/1 18:40,24.6,66,21.6,64,14.5,21.6,0.0,0.0,217,948.7,1018.5,30.7,0,0.0,0.0,0.0,0.0,0.0,781.3,--
2025/9/1 18:41,24.5,66,21.6,65,14.8,21.6,0.0,0.0,217,948.7,1018.5,30.4,0,0.0,0.0,0.0,0.0,0.0,781.3,--
2025/9/1 18:42,24.6,66,21.5,66,14.9,21.5,0.0,0.0,217,948.7,1018.5,30.1,0,0.0,0.0,0.0,0.0,0.0,781.3,--
2025/9/1 18:43,24.6,66,21.5,66,14.9,21.5,0.0,1.8,235,948.7,1018.5,29.8,0,0.0,0.0,0.0,0.0,0.0,781.3,--
2025/9/1 18:44,24.6,66,21.5,67,15.1,21.5,0.0,0.0,235,948.6,1018.4,29.5,0,0.0,0.0,0.0,0.0,0.0,781.3,--
2025/9/1 18:45,24.5,66,21.5,66,14.9,21.5,0.0,0.0,235,948.6,1018.4,29.2,0,0.0,0.0,0.0,0.0,0.0,781.3,--
2025/9/1 18:46,24.5,66,21.5,69,15.6,21.5,0.0,0.0,269,948.9,1018.7,28.8,0,0.0,0.0,0.0,0.0,0.0,781.3,--
2025/9/1 18:47,24.5,66,21.5,67,15.1,21.5,0.0,0.0,269,948.7,1018.5,28.5,0,0.0,0.0,0.0,0.0,0.0,781.3,--
2025/9/1 18:48,24.5,66,21.5,67,15.1,21.5,0.0,0.0,269,948.7,1018.5,28.2,0,0.0,0.0,0.0,0.0,0.0,781.3,--
2025/9/1 18:49,24.5,66,21.4,67,15.0,21.4,0.0,0.0,269,948.8,1018.6,27.9,0,0.0,0.0,0.0,0.0,0.0,781.3,--
2025/9/1 18:50,24.5,66,21.4,68,15.3,21.4,0.0,0.0,269,948.9,1018.7,27.5,0,0.0,0.0,0.0,0.0,0.0,781.3,--
2025/9/1 18:51,24.6,66,21.3,67,14.9,21.3,0.0,0.0,297,948.9,1018.7,27.2,0,0.0,0.0,0.0,0.0,0.0,781.3,--
2025/9/1 18:52,24.6,66,21.3,68,15.2,21.3,0.0,0.0,297,948.9,1018.7,26.8,0,0.0,0.0,0.0,0.0,0.0,781.3,--
2025/9/1 18:53,24.5,66,21.2,71,15.7,21.2,0.0,0.0,296,948.7,1018.5,26.4,0,0.0,0.0,0.0,0.0,0.0,781.3,--
2025/9/1 18:54,24.6,66,21.1,69,15.2,21.1,0.0,1.8,304,948.8,1018.6,26.0,0,0.0,0.0,0.0,0.0,0.0,781.3,--
2025/9/1 18:55,24.6,66,21.2,70,15.5,21.2,0.0,0.0,304,948.8,1018.6,25.7,0,0.0,0.0,0.0,0.0,0.0,781.3,--
2025/9/1 18:56,24.6,66,21.1,68,15.0,21.1,0.0,1.8,3,948.8,1018.6,25.3,0,0.0,0.0,0.0,0.0,0.0,781.3,--
2025/9/1 18:57,24.6,66,21.2,69,15.3,21.2,0.0,1.8,348,948.6,1018.4,24.8,0,0.0,0.0,0.0,0.0,0.0,781.3,--
2025/9/1 18:58,24.6,66,21.2,69,15.3,21.2,0.0,1.8,269,948.7,1018.5,24.4,0,0.0,0.0,0.0,0.0,0.0,781.3,--
2025/9/1 18:59,24.6,66,21.2,69,15.3,21.2,1.8,2.2,278,948.7,1018.5,24.0,0,0.0,0.0,0.0,0.0,0.0,781.3,--
2025/9/1 19:00,24.5,66,21.2,67,14.8,21.2,4.0,4.0,321,948.6,1018.4,23.5,0,0.0,0.0,0.0,0.0,0.0,781.3,--
2025/9/1 19:01,24.5,66,21.3,67,14.9,21.3,2.2,2.9,300,948.6,1018.4,23.2,0,0.0,0.0,0.0,0.0,0.0,781.3,--
2025/9/1 19:02,24.5,66,21.4,68,15.3,21.4,0.0,0.0,286,948.7,1018.5,22.7,0,0.0,0.0,0.0,0.0,0.0,781.3,--
2025/9/1 19:03,24.6,66,21.4,67,15.0,21.4,0.0,2.9,309,948.7,1018.5,22.2,0,0.0,0.0,0.0,0.0,0.0,781.3,--
2025/9/1 19:04,24.5,66,21.4,67,15.0,21.4,1.8,2.2,279,948.7,1018.5,21.7,0,0.0,0.0,0.0,0.0,0.0,781.3,--
2025/9/1 19:05,24.5,66,21.4,67,15.0,21.4,1.8,2.5,347,948.8,1018.6,21.3,0,0.0,0.0,0.0,0.0,0.0,781.3,--
2025/9/1 19:06,24.6,66,21.5,67,15.1,21.5,2.5,4.3,309,948.7,1018.5,20.8,0,0.0,0.0,0.0,0.0,0.0,781.3,--
2025/9/1 19:07,24.6,66,21.5,67,15.1,21.5,0.0,1.8,265,948.9,1018.7,20.2,0,0.0,0.0,0.0,0.0,0.0,781.3,--
2025/9/1 19:08,24.6,66,21.4,67,15.0,21.4,2.2,2.5,290,948.7,1018.5,19.8,0,0.0,0.0,0.0,0.0,0.0,781.3,--
2025/9/1 19:09,24.5,66,21.4,67,15.0,21.4,0.0,0.0,22,948.8,1018.6,19.1,0,0.0,0.0,0.0,0.0,0.0,781.3,--
2025/9/1 19:10,24.5,66,21.4,67,15.0,21.4,0.0,2.5,297,948.8,1018.6,18.3,0,0.0,0.0,0.0,0.0,0.0,781.3,--
2025/9/1 19:11,24.6,66,21.4,66,14.8,21.4,1.8,1.8,332,948.5,1018.3,17.6,0,0.0,0.0,0.0,0.0,0.0,781.3,--
2025/9/1 19:12,24.6,66,21.4,67,15.0,21.4,0.0,2.9,0,948.7,1018.5,16.9,0,0.0,0.0,0.0,0.0,0.0,781.3,--
2025/9/1 19:13,24.6,66,21.4,67,15.0,21.4,0.0,2.5,10,948.8,1018.6,16.0,0,0.0,0.0,0.0,0.0,0.0,781.3,--
2025/9/1 19:14,24.6,66,21.4,68,15.3,21.4,1.8,1.8,0,948.8,1018.6,15.1,0,0.0,0.0,0.0,0.0,0.0,781.3,--
2025/9/1 19:15,24.6,66,21.4,69,15.5,21.4,3.6,3.6,8,948.6,1018.4,14.2,0,0.0,0.0,0.0,0.0,0.0,781.3,--
2025/9/1 19:16,24.5,66,21.3,69,15.4,21.3,1.8,1.8,308,948.6,1018.4,13.4,0,0.0,0.0,0.0,0.0,0.0,781.3,--
2025/9/1 19:17,24.5,66,21.2,69,15.3,21.2,1.8,2.5,338,948.6,1018.4,12.6,0,0.0,0.0,0.0,0.0,0.0,781.3,--
2025/9/1 19:18,24.6,66,21.1,71,15.7,21.1,0.0,2.2,307,948.7,1018.5,11.8,0,0.0,0.0,0.0,0.0,0.0,781.3,--
2025/9/1 19:19,24.6,66,21.1,70,15.4,21.1,1.8,1.8,320,948.7,1018.5,11.2,0,0.0,0.0,0.0,0.0,0.0,781.3,--
2025/9/1 19:20,24.6,66,21.0,69,15.1,21.0,2.9,3.6,12,948.7,1018.5,10.5,0,0.0,0.0,0.0,0.0,0.0,781.3,--
2025/9/1 19:21,24.6,65,21.0,70,15.3,21.0,4.3,5.4,327,948.6,1018.4,9.9,0,0.0,0.0,0.0,0.0,0.0,781.3,--
2025/9/1 19:22,24.6,66,20.9,70,15.2,20.9,2.5,3.6,298,948.5,1018.3,9.3,0,0.0,0.0,0.0,0.0,0.0,781.3,--
2025/9/1 19:23,24.6,66,20.9,71,15.5,20.9,0.0,2.2,310,948.6,1018.4,8.7,0,0.0,0.0,0.0,0.0,0.0,781.3,--
2025/9/1 19:24,24.6,66,20.8,70,15.2,20.8,3.6,3.6,328,948.6,1018.4,8.1,0,0.0,0.0,0.0,0.0,0.0,781.3,--
2025/9/1 19:25,24.6,66,20.7,71,15.3,20.7,0.0,2.5,294,948.4,1018.2,7.6,0,0.0,0.0,0.0,0.0,0.0,781.3,--
2025/9/1 19:26,24.6,66,20.7,71,15.3,20.7,0.0,1.8,0,948.4,1018.2,7.1,0,0.0,0.0,0.0,0.0,0.0,781.3,--
2025/9/1 19:27,24.6,66,20.6,71,15.2,20.6,1.8,2.5,9,948.6,1018.4,6.5,0,0.0,0.0,0.0,0.0,0.0,781.3,--
2025/9/1 19:28,24.6,66,20.6,71,15.2,20.6,0.0,1.8,354,948.6,1018.4,6.1,0,0.0,0.0,0.0,0.0,0.0,781.3,--
2025/9/1 19:29,24.5,66,20.5,71,15.1,20.5,2.5,2.5,355,948.5,1018.3,5.6,0,0.0,0.0,0.0,0.0,0.0,781.3,--
2025/9/1 19:30,24.6,66,20.5,72,15.3,20.5,0.0,2.2,310,948.5,1018.3,5.2,0,0.0,0.0,0.0,0.0,0.0,781.3,--
2025/9/1 19:31,24.6,66,20.4,72,15.2,20.4,2.5,2.5,6,948.6,1018.4,4.8,0,0.0,0.0,0.0,0.0,0.0,781.3,--
2025/9/1 19:32,24.6,66,20.4,72,15.2,20.4,2.5,3.2,346,948.6,1018.4,4.4,0,0.0,0.0,0.0,0.0,0.0,781.3,--
2025/9/1 19:33,24.6,66,20.3,72,15.1,20.3,2.5,2.9,352,948.6,1018.4,4.1,0,0.0,0.0,0.0,0.0,0.0,781.3,--
2025/9/1 19:34,24.6,66,20.3,72,15.1,20.3,2.2,2.9,22,948.6,1018.4,3.8,0,0.0,0.0,0.0,0.0,0.0,781.3,--
2025/9/1 19:35,24.6,66,20.2,72,15.0,20.2,2.9,4.0,353,948.7,1018.5,3.5,0,0.0,0.0,0.0,0.0,0.0,781.3,--
2025/9/1 19:36,24.6,65,20.1,72,14.9,20.1,1.8,2.2,282,948.6,1018.4,3.3,0,0.0,0.0,0.0,0.0,0.0,781.3,--
2025/9/1 19:37,24.6,65,20.1,72,14.9,20.1,0.0,3.2,6,948.6,1018.4,2.9,0,0.0,0.0,0.0,0.0,0.0,781.3,--
2025/9/1 19:38,24.5,66,20.0,73,15.0,20.0,0.0,1.8,309,948.5,1018.3,2.7,0,0.0,0.0,0.0,0.0,0.0,781.3,--
2025/9/1 19:39,24.5,66,19.9,73,14.9,19.9,0.0,0.0,352,948.5,1018.3,2.5,0,0.0,0.0,0.0,0.0,0.0,781.3,--
2025/9/1 19:40,24.6,66,19.8,72,14.6,19.8,0.0,1.8,302,948.6,1018.4,2.2,0,0.0,0.0,0.0,0.0,0.0,781.3,--
2025/9/1 19:41,24.6,66,19.7,73,14.7,19.7,1.8,2.2,327,948.5,1018.3,2.0,0,0.0,0.0,0.0,0.0,0.0,781.3,--
2025/9/1 19:42,24.6,65,19.7,71,14.3,19.7,2.2,3.2,347,948.5,1018.3,1.8,0,0.0,0.0,0.0,0.0,0.0,781.3,--
2025/9/1 19:43,24.6,65,19.7,72,14.5,19.7,0.0,2.5,39,948.4,1018.2,1.5,0,0.0,0.0,0.0,0.0,0.0,781.3,--
2025/9/1 19:44,24.6,66,19.6,73,14.6,19.6,0.0,1.8,274,948.6,1018.4,1.4,0,0.0,0.0,0.0,0.0,0.0,781.3,--
2025/9/1 19:45,24.6,66,19.6,71,14.2,19.6,0.0,0.0,269,948.5,1018.3,1.1,0,0.0,0.0,0.0,0.0,0.0,781.3,--
2025/9/1 19:46,24.6,66,19.6,71,14.2,19.6,1.8,4.7,349,948.4,1018.2,1.0,0,0.0,0.0,0.0,0.0,0.0,781.3,--
2025/9/1 19:47,24.6,65,19.6,71,14.2,19.6,0.0,2.2,293,948.6,1018.4,0.8,0,0.0,0.0,0.0,0.0,0.0,781.3,--
2025/9/1 19:48,24.6,65,19.6,71,14.2,19.6,0.0,2.9,349,948.6,1018.4,0.7,0,0.0,0.0,0.0,0.0,0.0,781.3,--
2025/9/1 19:49,24.5,66,19.6,71,14.2,19.6,2.5,2.5,317,948.6,1018.4,0.6,0,0.0,0.0,0.0,0.0,0.0,781.3,--
2025/9/1 19:50,24.6,66,19.6,70,14.0,19.6,0.0,2.2,69,948.6,1018.4,0.4,0,0.0,0.0,0.0,0.0,0.0,781.3,--
2025/9/1 19:51,24.6,65,19.6,70,14.0,19.6,0.0,2.5,347,948.6,1018.4,0.3,0,0.0,0.0,0.0,0.0,0.0,781.3,--
2025/9/1 19:52,24.6,65,19.6,70,14.0,19.6,1.8,3.6,340,948.6,1018.4,0.3,0,0.0,0.0,0.0,0.0,0.0,781.3,--
2025/9/1 19:53,24.6,66,19.6,71,14.2,19.6,2.2,3.6,341,948.7,1018.5,0.2,0,0.0,0.0,0.0,0.0,0.0,781.3,--
2025/9/1 19:54,24.5,66,19.6,70,14.0,19.6,0.0,2.9,59,948.6,1018.4,0.2,0,0.0,0.0,0.0,0.0,0.0,781.3,--
2025/9/1 19:55,24.5,66,19.6,70,14.0,19.6,0.0,2.2,38,948.6,1018.4,0.1,0,0.0,0.0,0.0,0.0,0.0,781.3,--
2025/9/1 19:56,24.6,66,19.6,70,14.0,19.6,2.5,2.9,261,948.5,1018.3,0.0,0,0.0,0.0,0.0,0.0,0.0,781.3,--
2025/9/1 19:57,24.5,66,19.6,70,14.0,19.6,1.8,2.5,227,948.5,1018.3,0.0,0,0.0,0.0,0.0,0.0,0.0,781.3,--
2025/9/1 19:58,24.6,65,19.5,71,14.1,19.5,0.0,0.0,269,948.6,1018.4,0.0,0,0.0,0.0,0.0,0.0,0.0,781.3,--
2025/9/1 19:59,24.6,66,19.5,69,13.7,19.5,0.0,2.5,131,948.7,1018.5,0.0,0,0.0,0.0,0.0,0.0,0.0,781.3,--
2025/9/1 20:00,24.5,66,19.5,70,13.9,19.5,1.8,2.2,207,948.8,1018.6,0.0,0,0.0,0.0,0.0,0.0,0.0,781.3,--
2025/9/1 20:01,24.5,65,19.5,70,13.9,19.5,0.0,0.0,167,948.5,1018.3,0.0,0,0.0,0.0,0.0,0.0,0.0,781.3,--
2025/9/1 20:02,24.5,66,19.4,71,14.0,19.4,0.0,0.0,119,948.7,1018.5,0.0,0,0.0,0.0,0.0,0.0,0.0,781.3,--
2025/9/1 20:03,24.5,66,19.4,71,14.0,19.4,0.0,1.8,174,948.7,1018.5,0.0,0,0.0,0.0,0.0,0.0,0.0,781.3,--
2025/9/1 20:04,24.6,66,19.4,71,14.0,19.4,0.0,0.0,89,948.9,1018.7,0.0,0,0.0,0.0,0.0,0.0,0.0,781.3,--
2025/9/1 20:05,24.6,65,19.3,72,14.1,19.3,2.2,3.2,77,948.6,1018.4,0.0,0,0.0,0.0,0.0,0.0,0.0,781.3,--
2025/9/1 20:06,24.6,65,19.3,73,14.4,19.3,2.2,2.5,158,948.7,1018.5,0.0,0,0.0,0.0,0.0,0.0,0.0,781.3,--
2025/9/1 20:07,24.6,65,19.2,74,14.5,19.2,0.0,2.5,2,948.8,1018.6,0.0,0,0.0,0.0,0.0,0.0,0.0,781.3,--
2025/9/1 20:08,24.5,65,19.1,72,13.9,19.1,1.8,2.5,260,948.7,1018.5,0.0,0,0.0,0.0,0.0,0.0,0.0,781.3,--
2025/9/1 20:09,24.5,65,19.0,72,13.8,19.0,2.2,3.2,246,948.7,1018.5,0.0,0,0.0,0.0,0.0,0.0,0.0,781.3,--
2025/9/1 20:10,24.6,66,18.9,74,14.2,18.9,1.8,2.2,322,948.6,1018.4,0.0,0,0.0,0.0,0.0,0.0,0.0,781.3,--
2025/9/1 20:11,24.6,65,18.9,73,14.0,18.9,3.2,3.2,20,948.6,1018.4,0.0,0,0.0,0.0,0.0,0.0,0.0,781.3,--
2025/9/1 20:12,24.6,65,18.9,73,14.0,18.9,2.2,3.2,291,948.6,1018.4,0.0,0,0.0,0.0,0.0,0.0,0.0,781.3,--
2025/9/1 20:13,24.5,65,18.8,74,14.1,18.8,2.5,3.6,357,948.6,1018.4,0.0,0,0.0,0.0,0.0,0.0,0.0,781.3,--
2025/9/1 20:14,24.5,66,18.8,75,14.3,18.8,1.8,1.8,271,948.8,1018.6,0.0,0,0.0,0.0,0.0,0.0,0.0,781.3,--
2025/9/1 20:15,24.5,66,18.6,75,14.1,18.6,1.8,2.2,279,948.8,1018.6,0.0,0,0.0,0.0,0.0,0.0,0.0,781.3,--
2025/9/1 20:16,24.5,66,18.6,75,14.1,18.6,0.0,2.5,306,949.0,1018.8,0.0,0,0.0,0.0,0.0,0.0,0.0,781.3,--
2025/9/1 20:17,24.6,65,18.5,76,14.2,18.5,3.6,4.3,348,948.7,1018.5,0.0,0,0.0,0.0,0.0,0.0,0.0,781.3,--
2025/9/1 20:18,24.6,65,18.4,77,14.3,18.4,0.0,0.0,324,948.7,1018.5,0.0,0,0.0,0.0,0.0,0.0,0.0,781.3,--
2025/9/1 20:19,24.5,66,18.3,76,14.0,18.3,0.0,2.2,230,948.7,1018.5,0.0,0,0.0,0.0,0.0,0.0,0.0,781.3,--
2025/9/1 20:20,24.6,66,18.2,75,13.7,18.2,2.2,3.2,219,948.8,1018.6,0.0,0,0.0,0.0,0.0,0.0,0.0,781.3,--
2025/9/1 20:21,24.5,65,18.3,75,13.8,18.3,0.0,1.8,37,948.9,1018.7,0.0,0,0.0,0.0,0.0,0.0,0.0,781.3,--
2025/9/1 20:22,24.6,66,18.3,75,13.8,18.3,0.0,1.8,219,948.8,1018.6,0.0,0,0.0,0.0,0.0,0.0,0.0,781.3,--
2025/9/1 20:23,24.6,65,18.4,75,13.9,18.4,0.0,1.8,269,948.8,1018.6,0.0,0,0.0,0.0,0.0,0.0,0.0,781.3,--
2025/9/1 20:24,24.6,66,18.6,74,13.9,18.6,0.0,2.5,3,948.8,1018.6,0.0,0,0.0,0.0,0.0,0.0,0.0,781.3,--
2025/9/1 20:25,24.6,66,18.6,74,13.9,18.6,0.0,1.8,195,948.8,1018.6,0.0,0,0.0,0.0,0.0,0.0,0.0,781.3,--
2025/9/1 20:26,24.5,65,18.7,72,13.5,18.7,3.2,4.0,38,948.9,1018.7,0.0,0,0.0,0.0,0.0,0.0,0.0,781.3,--
2025/9/1 20:27,24.5,65,18.8,72,13.6,18.8,0.0,1.8,325,948.9,1018.7,0.0,0,0.0,0.0,0.0,0.0,0.0,781.3,--
2025/9/1 20:28,24.6,66,18.8,74,14.1,18.8,0.0,1.8,269,948.9,1018.7,0.0,0,0.0,0.0,0.0,0.0,0.0,781.3,--
2025/9/1 20:29,24.5,65,18.7,73,13.8,18.7,0.0,1.8,135,949.0,1018.8,0.0,0,0.0,0.0,0.0,0.0,0.0,781.3,--
2025/9/1 20:30,24.5,65,18.7,73,13.8,18.7,0.0,0.0,69,948.8,1018.6,0.0,0,0.0,0.0,0.0,0.0,0.0,781.3,--
2025/9/1 20:31,24.5,66,18.7,73,13.8,18.7,0.0,2.5,84,948.9,1018.7,0.0,0,0.0,0.0,0.0,0.0,0.0,781.3,--
2025/9/1 20:32,24.5,66,18.7,74,14.0,18.7,0.0,2.5,107,948.9,1018.7,0.0,0,0.0,0.0,0.0,0.0,0.0,781.3,--
2025/9/1 20:33,24.5,66,18.7,74,14.0,18.7,0.0,0.0,129,948.9,1018.7,0.0,0,0.0,0.0,0.0,0.0,0.0,781.3,--
2025/9/1 20:34,24.6,65,18.6,74,13.9,18.6,0.0,1.8,124,949.0,1018.8,0.0,0,0.0,0.0,0.0,0.0,0.0,781.3,--
2025/9/1 20:35,24.5,65,18.5,75,14.0,18.5,0.0,1.8,53,948.8,1018.6,0.0,0,0.0,0.0,0.0,0.0,0.0,781.3,--
2025/9/1 20:36,24.6,65,18.4,75,13.9,18.4,0.0,0.0,296,949.0,1018.8,0.0,0,0.0,0.0,0.0,0.0,0.0,781.3,--
2025/9/1 20:37,24.5,65,18.3,74,13.6,18.3,0.0,2.2,69,949.0,1018.8,0.0,0,0.0,0.0,0.0,0.0,0.0,781.3,--
2025/9/1 20:38,24.6,65,18.3,75,13.8,18.3,0.0,1.8,54,949.1,1018.9,0.0,0,0.0,0.0,0.0,0.0,0.0,781.3,--
2025/9/1 20:39,24.5,66,18.2,76,13.9,18.2,0.0,0.0,11,949.1,1018.9,0.0,0,0.0,0.0,0.0,0.0,0.0,781.3,--
2025/9/1 20:40,24.5,66,18.1,77,14.0,18.1,0.0,1.8,285,949.1,1018.9,0.0,0,0.0,0.0,0.0,0.0,0.0,781.3,--
2025/9/1 20:41,24.5,66,18.1,77,14.0,18.1,0.0,2.2,30,949.1,1018.9,0.0,0,0.0,0.0,0.0,0.0,0.0,781.3,--
2025/9/1 20:42,24.6,65,18.0,77,13.9,18.0,2.5,3.6,356,949.0,1018.8,0.0,0,0.0,0.0,0.0,0.0,0.0,781.3,--
2025/9/1 20:43,24.6,65,17.9,79,14.2,17.9,0.0,2.5,60,949.0,1018.8,0.0,0,0.0,0.0,0.0,0.0,0.0,781.3,--
2025/9/1 20:44,24.5,66,17.8,79,14.1,17.8,0.0,2.2,125,948.9,1018.7,0.0,0,0.0,0.0,0.0,0.0,0.0,781.3,--
2025/9/1 20:45,24.5,65,17.6,79,13.9,17.6,2.2,2.2,253,949.1,1018.9,0.0,0,0.0,0.0,0.0,0.0,0.0,781.3,--
2025/9/1 20:46,24.6,65,17.5,80,14.0,17.5,0.0,2.5,286,949.0,1018.8,0.0,0,0.0,0.0,0.0,0.0,0.0,781.3,--
2025/9/1 20:47,24.5,66,17.5,80,14.0,17.5,2.9,4.0,343,949.2,1019.0,0.0,0,0.0,0.0,0.0,0.0,0.0,781.3,--
2025/9/1 20:48,24.5,66,17.4,80,13.9,17.4,0.0,2.5,345,949.2,1019.0,0.0,0,0.0,0.0,0.0,0.0,0.0,781.3,--
2025/9/1 20:49,24.5,66,17.3,81,14.0,17.3,0.0,2.2,274,949.2,1019.0,0.0,0,0.0,0.0,0.0,0.0,0.0,781.3,--
2025/9/1 20:50,24.6,66,17.2,80,13.7,17.2,0.0,2.9,290,949.3,1019.1,0.0,0,0.0,0.0,0.0,0.0,0.0,781.3,--
2025/9/1 20:51,24.5,66,17.2,80,13.7,17.2,1.8,2.5,10,949.1,1018.9,0.0,0,0.0,0.0,0.0,0.0,0.0,781.3,--
2025/9/1 20:52,24.5,66,17.2,81,13.9,17.2,0.0,1.8,329,949.1,1018.9,0.0,0,0.0,0.0,0.0,0.0,0.0,781.3,--
2025/9/1 20:53,24.5,66,17.1,81,13.8,17.1,1.8,1.8,349,949.1,1018.9,0.0,0,0.0,0.0,0.0,0.0,0.0,781.3,--
2025/9/1 20:54,24.5,65,17.1,82,14.0,17.1,0.0,1.8,309,949.1,1018.9,0.0,0,0.0,0.0,0.0,0.0,0.0,781.3,--
2025/9/1 20:55,24.5,66,17.0,82,13.9,17.0,0.0,1.8,286,949.2,1019.0,0.0,0,0.0,0.0,0.0,0.0,0.0,781.3,--
2025/9/1 20:56,24.5,66,16.9,82,13.8,16.9,0.0,1.8,298,949.2,1019.0,0.0,0,0.0,0.0,0.0,0.0,0.0,781.3,--
2025/9/1 20:57,24.5,66,16.9,82,13.8,16.9,0.0,0.0,29,949.2,1019.0,0.0,0,0.0,0.0,0.0,0.0,0.0,781.3,--
2025/9/1 20:58,24.5,65,16.9,82,13.8,16.9,0.0,2.2,311,949.2,1019.0,0.0,0,0.0,0.0,0.0,0.0,0.0,781.3,--
2025/9/1 20:59,24.5,65,16.8,82,13.7,16.8,0.0,0.0,230,949.1,1018.9,0.0,0,0.0,0.0,0.0,0.0,0.0,781.3,--
2025/9/1 21:00,24.5,65,16.8,83,13.9,16.8,1.8,2.2,299,949.1,1018.9,0.0,0,0.0,0.0,0.0,0.0,0.0,781.3,--
2025/9/1 21:01,24.6,65,16.7,83,13.8,16.7,0.0,0.0,0,949.2,1019.0,0.0,0,0.0,0.0,0.0,0.0,0.0,781.3,--
2025/9/1 21:02,24.6,65,16.7,82,13.6,16.7,0.0,0.0,315,949.2,1019.0,0.0,0,0.0,0.0,0.0,0.0,0.0,781.3,--
2025/9/1 21:03,24.5,65,16.7,82,13.6,16.7,0.0,1.8,261,949.2,1019.0,0.0,0,0.0,0.0,0.0,0.0,0.0,781.3,--
2025/9/1 21:04,24.5,65,16.7,81,13.4,16.7,0.0,1.8,287,949.2,1019.0,0.0,0,0.0,0.0,0.0,0.0,0.0,781.3,--
2025/9/1 21:05,24.5,65,16.7,82,13.6,16.7,1.8,1.8,22,949.3,1019.1,0.0,0,0.0,0.0,0.0,0.0,0.0,781.3,--
2025/9/1 21:06,24.6,65,16.8,80,13.3,16.8,0.0,0.0,335,949.3,1019.1,0.0,0,0.0,0.0,0.0,0.0,0.0,781.3,--
2025/9/1 21:07,24.5,65,16.9,81,13.6,16.9,2.2,2.5,23,949.1,1018.9,0.0,0,0.0,0.0,0.0,0.0,0.0,781.3,--
2025/9/1 21:08,24.5,65,16.9,82,13.8,16.9,1.8,2.9,331,949.1,1018.9,0.0,0,0.0,0.0,0.0,0.0,0.0,781.3,--
2025/9/1 21:09,24.5,65,17.0,82,13.9,17.0,2.9,2.9,357,949.1,1018.9,0.0,0,0.0,0.0,0.0,0.0,0.0,781.3,--
2025/9/1 21:10,24.5,66,16.9,83,14.0,16.9,0.0,0.0,333,949.0,1018.8,0.0,0,0.0,0.0,0.0,0.0,0.0,781.3,--
2025/9/1 21:11,24.6,65,16.8,83,13.9,16.8,0.0,0.0,286,949.2,1019.0,0.0,0,0.0,0.0,0.0,0.0,0.0,781.3,--
2025/9/1 21:12,24.6,65,16.7,83,13.8,16.7,0.0,2.5,333,949.4,1019.2,0.0,0,0.0,0.0,0.0,0.0,0.0,781.3,--
2025/9/1 21:13,24.6,65,16.7,82,13.6,16.7,2.2,2.2,349,949.4,1019.2,0.0,0,0.0,0.0,0.0,0.0,0.0,781.3,--
2025/9/1 21:14,24.5,65,16.7,83,13.8,16.7,0.0,0.0,310,949.3,1019.1,0.0,0,0.0,0.0,0.0,0.0,0.0,781.3,--
2025/9/1 21:15,24.5,65,16.7,83,13.8,16.7,2.2,2.5,26,949.3,1019.1,0.0,0,0.0,0.0,0.0,0.0,0.0,781.3,--
2025/9/1 21:16,24.5,65,16.7,83,13.8,16.7,0.0,1.8,9,949.3,1019.1,0.0,0,0.0,0.0,0.0,0.0,0.0,781.3,--
2025/9/1 21:17,24.6,65,16.6,83,13.7,16.6,2.5,2.5,314,949.1,1018.9,0.0,0,0.0,0.0,0.0,0.0,0.0,781.3,--
2025/9/1 21:18,24.6,65,16.6,83,13.7,16.6,2.5,2.5,2,949.1,1018.9,0.0,0,0.0,0.0,0.0,0.0,0.0,781.3,--
2025/9/1 21:19,24.5,65,16.6,83,13.7,16.6,1.8,2.9,0,949.2,1019.0,0.0,0,0.0,0.0,0.0,0.0,0.0,781.3,--
2025/9/1 21:20,24.5,65,16.6,83,13.7,16.6,0.0,2.2,295,949.0,1018.8,0.0,0,0.0,0.0,0.0,0.0,0.0,781.3,--
2025/9/1 21:21,24.6,65,16.6,84,13.9,16.6,0.0,1.8,311,949.2,1019.0,0.0,0,0.0,0.0,0.0,0.0,0.0,781.3,--
2025/9/1 21:22,24.5,65,16.6,84,13.9,16.6,0.0,3.2,333,949.2,1019.0,0.0,0,0.0,0.0,0.0,0.0,0.0,781.3,--
2025/9/1 21:23,24.6,65,16.5,84,13.8,16.5,0.0,1.8,20,949.1,1018.9,0.0,0,0.0,0.0,0.0,0.0,0.0,781.3,--
2025/9/1 21:24,24.5,65,16.5,84,13.8,16.5,0.0,0.0,4,949.2,1019.0,0.0,0,0.0,0.0,0.0,0.0,0.0,781.3,--
2025/9/1 21:25,24.5,65,16.5,84,13.8,16.5,2.2,2.2,14,949.2,1019.0,0.0,0,0.0,0.0,0.0,0.0,0.0,781.3,--
2025/9/1 21:26,24.5,65,16.5,83,13.6,16.5,2.2,2.9,344,949.1,1018.9,0.0,0,0.0,0.0,0.0,0.0,0.0,781.3,--
2025/9/1 21:27,24.5,65,16.7,82,13.6,16.7,4.0,4.0,12,949.2,1019.0,0.0,0,0.0,0.0,0.0,0.0,0.0,781.3,--
2025/9/1 21:28,24.5,65,16.9,83,14.0,16.9,4.0,4.7,18,949.2,1019.0,0.0,0,0.0,0.0,0.0,0.0,0.0,781.3,--
2025/9/1 21:29,24.5,65,17.0,82,13.9,17.0,2.2,2.9,47,949.3,1019.1,0.0,0,0.0,0.0,0.0,0.0,0.0,781.3,--
2025/9/1 21:30,24.5,65,17.1,82,14.0,17.1,2.2,2.5,24,949.4,1019.2,0.0,0,0.0,0.0,0.0,0.0,0.0,781.3,--
2025/9/1 21:31,24.5,65,17.2,82,14.1,17.2,0.0,0.0,347,949.3,1019.1,0.0,0,0.0,0.0,0.0,0.0,0.0,781.3,--
2025/9/1 21:32,24.5,65,17.1,82,14.0,17.1,2.2,2.5,296,949.3,1019.1,0.0,0,0.0,0.0,0.0,0.0,0.0,781.3,--
2025/9/1 21:33,24.6,65,16.9,83,14.0,16.9,0.0,1.8,298,949.2,1019.0,0.0,0,0.0,0.0,0.0,0.0,0.0,781.3,--
2025/9/1 21:34,24.5,65,16.8,84,14.1,16.8,2.2,2.2,324,949.3,1019.1,0.0,0,0.0,0.0,0.0,0.0,0.0,781.3,--
2025/9/1 21:35,24.6,65,16.7,85,14.2,16.7,2.2,2.9,345,949.2,1019.0,0.0,0,0.0,0.0,0.0,0.0,0.0,781.3,--
2025/9/1 21:36,24.6,65,16.6,85,14.1,16.6,2.2,2.9,358,949.4,1019.2,0.0,0,0.0,0.0,0.0,0.0,0.0,781.3,--
2025/9/1 21:37,24.5,65,16.5,85,14.0,16.5,2.5,3.6,18,949.2,1019.0,0.0,0,0.0,0.0,0.0,0.0,0.0,781.3,--
2025/9/1 21:38,24.5,65,16.5,85,14.0,16.5,1.8,1.8,317,949.2,1019.0,0.0,0,0.0,0.0,0.0,0.0,0.0,781.3,--
2025/9/1 21:39,24.5,65,16.4,86,14.1,16.4,3.2,3.2,304,949.2,1019.0,0.0,0,0.0,0.0,0.0,0.0,0.0,781.3,--
2025/9/1 21:40,24.5,65,16.3,86,14.0,16.3,3.2,3.6,351,949.2,1019.0,0.0,0,0.0,0.0,0.0,0.0,0.0,781.3,--
2025/9/1 21:41,24.6,65,16.2,86,13.9,16.2,0.0,2.9,19,949.3,1019.1,0.0,0,0.0,0.0,0.0,0.0,0.0,781.3,--
2025/9/1 21:42,24.5,65,16.2,87,14.1,16.2,0.0,3.2,23,949.4,1019.2,0.0,0,0.0,0.0,0.0,0.0,0.0,781.3,--
2025/9/1 21:43,24.5,65,16.1,87,14.0,16.1,1.8,2.5,336,949.4,1019.2,0.0,0,0.0,0.0,0.0,0.0,0.0,781.3,--
2025/9/1 21:44,24.5,65,16.1,87,14.0,16.1,1.8,2.2,340,949.2,1019.0,0.0,0,0.0,0.0,0.0,0.0,0.0,781.3,--
2025/9/1 21:45,24.5,65,16.1,88,14.1,16.1,1.8,1.8,298,949.3,1019.1,0.0,0,0.0,0.0,0.0,0.0,0.0,781.3,--
2025/9/1 21:46,24.5,65,16.0,88,14.0,16.0,0.0,2.5,325,949.4,1019.2,0.0,0,0.0,0.0,0.0,0.0,0.0,781.3,--
2025/9/1 21:47,24.5,65,16.0,88,14.0,16.0,2.2,2.5,8,949.4,1019.2,0.0,0,0.0,0.0,0.0,0.0,0.0,781.3,--
2025/9/1 21:48,24.5,65,16.0,88,14.0,16.0,2.5,3.6,5,949.5,1019.3,0.0,0,0.0,0.0,0.0,0.0,0.0,781.3,--
2025/9/1 21:49,24.5,65,16.0,89,14.2,16.0,1.8,1.8,274,949.4,1019.2,0.0,0,0.0,0.0,0.0,0.0,0.0,781.3,--
2025/9/1 21:50,24.5,65,15.9,89,14.1,15.9,1.8,2.2,298,949.4,1019.2,0.0,0,0.0,0.0,0.0,0.0,0.0,781.3,--
2025/9/1 21:51,24.5,65,15.9,89,14.1,15.9,1.8,2.5,310,949.3,1019.1,0.0,0,0.0,0.0,0.0,0.0,0.0,781.3,--
2025/9/1 21:52,24.5,65,15.9,89,14.1,15.9,0.0,1.8,323,949.6,1019.4,0.0,0,0.0,0.0,0.0,0.0,0.0,781.3,--
2025/9/1 21:53,24.5,65,15.9,89,14.1,15.9,1.8,2.5,354,949.4,1019.2,0.0,0,0.0,0.0,0.0,0.0,0.0,781.3,--
2025/9/1 21:54,24.5,65,15.9,89,14.1,15.9,0.0,3.2,17,949.5,1019.3,0.0,0,0.0,0.0,0.0,0.0,0.0,781.3,--
2025/9/1 21:55,24.5,65,15.8,89,14.0,15.8,2.5,2.9,10,949.5,1019.3,0.0,0,0.0,0.0,0.0,0.0,0.0,781.3,--
2025/9/1 21:56,24.5,65,15.8,89,14.0,15.8,1.8,2.9,7,949.5,1019.3,0.0,0,0.0,0.0,0.0,0.0,0.0,781.3,--
2025/9/1 21:57,24.5,65,15.8,89,14.0,15.8,3.6,3.6,32,949.7,1019.5,0.0,0,0.0,0.0,0.0,0.0,0.0,781.3,--
2025/9/1 21:58,24.5,65,15.8,89,14.0,15.8,1.8,2.2,307,949.4,1019.2,0.0,0,0.0,0.0,0.0,0.0,0.0,781.3,--
2025/9/1 21:59,24.5,65,15.8,90,14.2,15.8,2.9,3.2,310,949.7,1019.5,0.0,0,0.0,0.0,0.0,0.0,0.0,781.3,--
2025/9/1 22:00,24.5,65,15.7,90,14.1,15.7,0.0,1.8,312,949.4,1019.2,0.0,0,0.0,0.0,0.0,0.0,0.0,781.3,--
2025/9/1 22:01,24.5,65,15.7,90,14.1,15.7,1.8,2.5,349,949.5,1019.3,0.0,0,0.0,0.0,0.0,0.0,0.0,781.3,--
2025/9/1 22:02,24.5,65,15.7,90,14.1,15.7,1.8,2.5,275,949.4,1019.2,0.0,0,0.0,0.0,0.0,0.0,0.0,781.3,--
2025/9/1 22:03,24.5,65,15.7,90,14.1,15.7,0.0,1.8,17,949.5,1019.3,0.0,0,0.0,0.0,0.0,0.0,0.0,781.3,--
2025/9/1 22:04,24.5,65,15.7,90,14.1,15.7,3.2,4.0,332,949.5,1019.3,0.0,0,0.0,0.0,0.0,0.0,0.0,781.3,--
2025/9/1 22:05,24.5,65,15.7,90,14.1,15.7,2.2,2.5,9,949.5,1019.3,0.0,0,0.0,0.0,0.0,0.0,0.0,781.3,--
2025/9/1 22:06,24.6,65,15.7,89,13.9,15.7,3.2,4.0,309,949.6,1019.4,0.0,0,0.0,0.0,0.0,0.0,0.0,781.3,--
2025/9/1 22:07,24.6,65,15.7,89,13.9,15.7,3.6,4.3,35,949.4,1019.2,0.0,0,0.0,0.0,0.0,0.0,0.0,781.3,--
2025/9/1 22:08,24.5,65,15.7,89,13.9,15.7,3.6,5.0,9,949.4,1019.2,0.0,0,0.0,0.0,0.0,0.0,0.0,781.3,--
2025/9/1 22:09,24.5,65,15.7,90,14.1,15.7,0.0,2.9,351,949.4,1019.2,0.0,0,0.0,0.0,0.0,0.0,0.0,781.3,--
2025/9/1 22:10,24.5,65,15.7,89,13.9,15.7,1.8,2.9,332,949.4,1019.2,0.0,0,0.0,0.0,0.0,0.0,0.0,781.3,--
2025/9/1 22:11,24.5,65,15.7,89,13.9,15.7,2.2,2.5,346,949.7,1019.5,0.0,0,0.0,0.0,0.0,0.0,0.0,781.3,--
2025/9/1 22:12,24.5,65,15.6,89,13.8,15.6,2.2,2.9,353,949.5,1019.3,0.0,0,0.0,0.0,0.0,0.0,0.0,781.3,--
2025/9/1 22:13,24.5,65,15.6,89,13.8,15.6,3.6,3.6,4,949.5,1019.3,0.0,0,0.0,0.0,0.0,0.0,0.0,781.3,--
2025/9/1 22:14,24.5,65,15.6,89,13.8,15.6,4.3,5.0,10,949.6,1019.4,0.0,0,0.0,0.0,0.0,0.0,0.0,781.3,--
2025/9/1 22:15,24.5,65,15.6,90,14.0,15.6,2.2,3.2,10,949.3,1019.1,0.0,0,0.0,0.0,0.0,0.0,0.0,781.3,--
2025/9/1 22:16,24.5,65,15.6,89,13.8,15.6,2.5,3.6,356,949.5,1019.3,0.0,0,0.0,0.0,0.0,0.0,0.0,781.3,--
2025/9/1 22:17,24.5,65,15.6,89,13.8,15.6,4.3,5.0,352,949.5,1019.3,0.0,0,0.0,0.0,0.0,0.0,0.0,781.3,--
2025/9/1 22:18,24.5,65,15.7,89,13.9,15.7,2.9,4.0,354,949.5,1019.3,0.0,0,0.0,0.0,0.0,0.0,0.0,781.3,--
2025/9/1 22:19,24.5,65,15.7,89,13.9,15.7,4.3,5.0,5,949.5,1019.3,0.0,0,0.0,0.0,0.0,0.0,0.0,781.3,--
2025/9/1 22:20,24.5,66,15.7,89,13.9,15.7,4.3,5.4,0,949.6,1019.4,0.0,0,0.0,0.0,0.0,0.0,0.0,781.3,--
2025/9/1 22:21,24.5,65,15.6,88,13.6,15.6,2.5,3.6,37,949.5,1019.3,0.0,0,0.0,0.0,0.0,0.0,0.0,781.3,--
2025/9/1 22:22,24.5,65,15.6,86,13.3,15.6,4.0,4.7,2,949.5,1019.3,0.0,0,0.0,0.0,0.0,0.0,0.0,781.3,--
2025/9/1 22:23,24.5,65,15.8,87,13.7,15.8,1.8,2.5,312,949.4,1019.2,0.0,0,0.0,0.0,0.0,0.0,0.0,781.3,--
2025/9/1 22:24,24.5,65,15.7,87,13.6,15.7,0.0,2.9,321,949.6,1019.4,0.0,0,0.0,0.0,0.0,0.0,0.0,781.3,--
2025/9/1 22:25,24.5,65,15.7,87,13.6,15.7,1.8,4.0,305,949.6,1019.4,0.0,0,0.0,0.0,0.0,0.0,0.0,781.3,--
2025/9/1 22:26,24.5,65,15.6,87,13.5,15.6,2.2,2.9,327,949.6,1019.4,0.0,0,0.0,0.0,0.0,0.0,0.0,781.3,--
2025/9/1 22:27,24.5,66,15.5,87,13.4,15.5,2.2,3.2,357,949.7,1019.5,0.0,0,0.0,0.0,0.0,0.0,0.0,781.3,--
2025/9/1 22:28,24.5,66,15.5,87,13.4,15.5,4.3,4.7,8,949.6,1019.4,0.0,0,0.0,0.0,0.0,0.0,0.0,781.3,--
2025/9/1 22:29,24.5,66,15.5,87,13.4,15.5,4.3,4.3,36,949.6,1019.4,0.0,0,0.0,0.0,0.0,0.0,0.0,781.3,--
2025/9/1 22:30,24.5,67,15.5,86,13.2,15.5,2.5,3.2,18,949.4,1019.2,0.0,0,0.0,0.0,0.0,0.0,0.0,781.3,--
2025/9/1 22:31,24.5,67,15.5,86,13.2,15.5,2.2,3.2,356,949.6,1019.4,0.0,0,0.0,0.0,0.0,0.0,0.0,781.3,--
2025/9/1 22:32,24.4,67,15.5,87,13.4,15.5,3.6,5.0,0,949.5,1019.3,0.0,0,0.0,0.0,0.0,0.0,0.0,781.3,--
2025/9/1 22:33,24.4,67,15.4,87,13.3,15.4,0.0,2.2,337,949.5,1019.3,0.0,0,0.0,0.0,0.0,0.0,0.0,781.3,--
2025/9/1 22:34,24.4,67,15.3,87,13.2,15.3,0.0,1.8,209,949.4,1019.2,0.0,0,0.0,0.0,0.0,0.0,0.0,781.3,--
2025/9/1 22:35,24.4,67,15.3,87,13.2,15.3,1.8,3.2,320,949.5,1019.3,0.0,0,0.0,0.0,0.0,0.0,0.0,781.3,--
2025/9/1 22:36,24.4,67,15.3,87,13.2,15.3,3.2,3.6,0,949.5,1019.3,0.0,0,0.0,0.0,0.0,0.0,0.0,781.3,--
2025/9/1 22:37,24.4,67,15.3,87,13.2,15.3,2.2,3.2,328,949.6,1019.4,0.0,0,0.0,0.0,0.0,0.0,0.0,781.3,--
2025/9/1 22:38,24.4,67,15.3,87,13.2,15.3,0.0,2.9,264,949.4,1019.2,0.0,0,0.0,0.0,0.0,0.0,0.0,781.3,--
2025/9/1 22:39,24.4,68,15.3,87,13.2,15.3,2.5,3.2,346,949.5,1019.3,0.0,0,0.0,0.0,0.0,0.0,0.0,781.3,--
2025/9/1 22:40,24.4,68,15.3,87,13.2,15.3,2.9,4.3,15,949.3,1019.1,0.0,0,0.0,0.0,0.0,0.0,0.0,781.3,--
2025/9/1 22:41,24.4,68,15.3,87,13.2,15.3,1.8,2.9,312,949.3,1019.1,0.0,0,0.0,0.0,0.0,0.0,0.0,781.3,--
2025/9/1 22:42,24.5,69,15.2,87,13.1,15.2,3.2,4.7,7,949.5,1019.3,0.0,0,0.0,0.0,0.0,0.0,0.0,781.3,--
2025/9/1 22:43,24.5,69,15.2,87,13.1,15.2,1.8,2.5,86,949.5,1019.3,0.0,0,0.0,0.0,0.0,0.0,0.0,781.3,--
2025/9/1 22:44,24.4,69,15.2,87,13.1,15.2,2.2,2.9,4,949.4,1019.2,0.0,0,0.0,0.0,0.0,0.0,0.0,781.3,--
2025/9/1 22:45,24.5,69,15.2,87,13.1,15.2,2.5,2.5,297,949.5,1019.3,0.0,0,0.0,0.0,0.0,0.0,0.0,781.3,--
2025/9/1 22:46,24.6,69,15.2,88,13.2,15.2,0.0,2.2,338,949.4,1019.2,0.0,0,0.0,0.0,0.0,0.0,0.0,781.3,--
2025/9/1 22:47,24.5,69,15.2,88,13.2,15.2,1.8,1.8,233,949.5,1019.3,0.0,0,0.0,0.0,0.0,0.0,0.0,781.3,--
2025/9/1 22:48,24.5,69,15.1,88,13.1,15.1,2.2,2.5,76,949.5,1019.3,0.0,0,0.0,0.0,0.0,0.0,0.0,781.3,--
2025/9/1 22:49,24.5,69,15.1,87,13.0,15.1,0.0,2.9,328,949.3,1019.1,0.0,0,0.0,0.0,0.0,0.0,0.0,781.3,--
2025/9/1 22:50,24.5,69,15.1,88,13.1,15.1,1.8,2.9,264,949.3,1019.1,0.0,0,0.0,0.0,0.0,0.0,0.0,781.3,--
2025/9/1 22:51,24.5,69,15.1,88,13.1,15.1,0.0,2.5,229,949.5,1019.3,0.0,0,0.0,0.0,0.0,0.0,0.0,781.3,--
2025/9/1 22:52,24.6,69,15.1,88,13.1,15.1,0.0,2.2,168,949.3,1019.1,0.0,0,0.0,0.0,0.0,0.0,0.0,781.3,--
2025/9/1 22:53,24.6,70,15.1,88,13.1,15.1,1.8,4.0,18,949.6,1019.4,0.0,0,0.0,0.0,0.0,0.0,0.0,781.3,--
2025/9/1 22:54,24.5,70,15.1,88,13.1,15.1,0.0,2.2,318,949.4,1019.2,0.0,0,0.0,0.0,0.0,0.0,0.0,781.3,--
2025/9/1 22:55,24.5,70,15.1,89,13.3,15.1,5.0,5.4,9,949.4,1019.2,0.0,0,0.0,0.0,0.0,0.0,0.0,781.3,--
2025/9/1 22:56,24.5,70,15.2,89,13.4,15.2,0.0,3.6,337,949.4,1019.2,0.0,0,0.0,0.0,0.0,0.0,0.0,781.3,--
2025/9/1 22:57,24.5,70,15.2,89,13.4,15.2,0.0,2.5,16,949.4,1019.2,0.0,0,0.0,0.0,0.0,0.0,0.0,781.3,--
2025/9/1 22:58,24.5,70,15.1,89,13.3,15.1,1.8,2.5,0,949.4,1019.2,0.0,0,0.0,0.0,0.0,0.0,0.0,781.3,--
2025/9/1 22:59,24.5,70,15.1,89,13.3,15.1,2.2,2.9,306,949.3,1019.1,0.0,0,0.0,0.0,0.0,0.0,0.0,781.3,--
2025/9/1 23:00,24.6,70,15.2,89,13.4,15.2,2.5,3.6,29,949.4,1019.2,0.0,0,0.0,0.0,0.0,0.0,0.0,781.3,--
2025/9/1 23:01,24.6,70,15.2,89,13.4,15.2,2.2,2.9,11,949.5,1019.3,0.0,0,0.0,0.0,0.0,0.0,0.0,781.3,--
2025/9/1 23:02,24.6,70,15.2,89,13.4,15.2,1.8,2.2,338,949.4,1019.2,0.0,0,0.0,0.0,0.0,0.0,0.0,781.3,--
2025/9/1 23:03,24.7,70,15.2,90,13.6,15.2,0.0,1.8,80,949.4,1019.2,0.0,0,0.0,0.0,0.0,0.0,0.0,781.3,--
2025/9/1 23:04,24.7,70,15.2,89,13.4,15.2,0.0,1.8,1,949.4,1019.2,0.0,0,0.0,0.0,0.0,0.0,0.0,781.3,--
2025/9/1 23:05,24.7,70,15.2,89,13.4,15.2,0.0,0.0,0,949.4,1019.2,0.0,0,0.0,0.0,0.0,0.0,0.0,781.3,--
2025/9/1 23:06,24.8,70,15.2,89,13.4,15.2,0.0,2.5,18,949.4,1019.2,0.0,0,0.0,0.0,0.0,0.0,0.0,781.3,--
2025/9/1 23:07,24.8,70,15.2,90,13.6,15.2,2.9,3.2,0,949.4,1019.2,0.0,0,0.0,0.0,0.0,0.0,0.0,781.3,--
2025/9/1 23:08,24.8,70,15.2,90,13.6,15.2,2.9,4.3,356,949.4,1019.2,0.0,0,0.0,0.0,0.0,0.0,0.0,781.3,--
2025/9/1 23:09,24.9,70,15.3,90,13.7,15.3,0.0,2.9,4,949.5,1019.3,0.0,0,0.0,0.0,0.0,0.0,0.0,781.3,--
2025/9/1 23:10,24.8,70,15.3,90,13.7,15.3,1.8,2.9,9,949.5,1019.3,0.0,0,0.0,0.0,0.0,0.0,0.0,781.3,--
2025/9/1 23:11,24.8,71,15.3,90,13.7,15.3,2.9,4.3,10,949.6,1019.4,0.0,0,0.0,0.0,0.0,0.0,0.0,781.3,--
2025/9/1 23:12,24.8,71,15.3,90,13.7,15.3,0.0,3.6,338,949.6,1019.4,0.0,0,0.0,0.0,0.0,0.0,0.0,781.3,--
2025/9/1 23:13,24.8,71,15.3,90,13.7,15.3,2.5,3.2,319,949.6,1019.4,0.0,0,0.0,0.0,0.0,0.0,0.0,781.3,--
2025/9/1 23:14,24.8,71,15.3,90,13.7,15.3,0.0,3.2,13,949.6,1019.4,0.0,0,0.0,0.0,0.0,0.0,0.0,781.3,--
2025/9/1 23:15,24.8,70,15.3,90,13.7,15.3,0.0,2.2,16,949.5,1019.3,0.0,0,0.0,0.0,0.0,0.0,0.0,781.3,--
2025/9/1 23:16,24.7,70,15.3,90,13.7,15.3,2.5,2.9,27,949.5,1019.3,0.0,0,0.0,0.0,0.0,0.0,0.0,781.3,--
2025/9/1 23:17,24.7,70,15.3,90,13.7,15.3,1.8,3.6,0,949.5,1019.3,0.0,0,0.0,0.0,0.0,0.0,0.0,781.3,--
2025/9/1 23:18,24.7,70,15.3,90,13.7,15.3,0.0,2.2,33,949.4,1019.2,0.0,0,0.0,0.0,0.0,0.0,0.0,781.3,--
2025/9/1 23:19,24.7,70,15.3,90,13.7,15.3,0.0,2.9,12,949.6,1019.4,0.0,0,0.0,0.0,0.0,0.0,0.0,781.3,--
2025/9/1 23:20,24.7,70,15.3,90,13.7,15.3,0.0,2.9,317,949.6,1019.4,0.0,0,0.0,0.0,0.0,0.0,0.0,781.3,--
2025/9/1 23:21,24.7,71,15.3,90,13.7,15.3,0.0,2.9,350,949.5,1019.3,0.0,0,0.0,0.0,0.0,0.0,0.0,781.3,--
2025/9/1 23:22,24.7,70,15.4,90,13.8,15.4,2.2,3.2,13,949.5,1019.3,0.0,0,0.0,0.0,0.0,0.0,0.0,781.3,--
2025/9/1 23:23,24.7,69,15.4,90,13.8,15.4,4.0,5.8,15,949.4,1019.2,0.0,0,0.0,0.0,0.0,0.0,0.0,781.3,--
2025/9/1 23:24,24.7,68,15.5,90,13.9,15.5,2.5,4.7,32,949.5,1019.3,0.0,0,0.0,0.0,0.0,0.0,0.0,781.3,--
2025/9/1 23:25,24.7,68,15.5,90,13.9,15.5,4.3,4.3,21,949.5,1019.3,0.0,0,0.0,0.0,0.0,0.0,0.0,781.3,--
2025/9/1 23:26,24.7,68,15.6,90,14.0,15.6,1.8,3.6,351,949.7,1019.5,0.0,0,0.0,0.0,0.0,0.0,0.0,781.3,--
2025/9/1 23:27,24.7,68,15.6,90,14.0,15.6,0.0,3.2,316,949.6,1019.4,0.0,0,0.0,0.0,0.0,0.0,0.0,781.3,--
2025/9/1 23:28,24.7,68,15.5,90,13.9,15.5,2.5,4.0,341,949.6,1019.4,0.0,0,0.0,0.0,0.0,0.0,0.0,781.3,--
2025/9/1 23:29,24.7,67,15.4,90,13.8,15.4,2.9,3.6,275,949.5,1019.3,0.0,0,0.0,0.0,0.0,0.0,0.0,781.3,--
2025/9/1 23:30,24.6,67,15.5,90,13.9,15.5,2.9,4.0,285,949.6,1019.4,0.0,0,0.0,0.0,0.0,0.0,0.0,781.3,--
2025/9/1 23:31,24.6,67,15.8,89,14.0,15.8,0.0,3.6,318,949.5,1019.3,0.0,0,0.0,0.0,0.0,0.0,0.0,781.3,--
2025/9/1 23:32,24.6,67,15.8,88,13.8,15.8,2.2,4.3,323,949.5,1019.3,0.0,0,0.0,0.0,0.0,0.0,0.0,781.3,--
2025/9/1 23:33,24.6,66,15.9,87,13.8,15.9,2.2,2.9,347,949.5,1019.3,0.0,0,0.0,0.0,0.0,0.0,0.0,781.3,--
2025/9/1 23:34,24.6,67,15.9,87,13.8,15.9,0.0,2.2,19,949.6,1019.4,0.0,0,0.0,0.0,0.0,0.0,0.0,781.3,--
2025/9/1 23:35,24.6,67,15.9,87,13.8,15.9,0.0,2.5,22,949.6,1019.4,0.0,0,0.0,0.0,0.0,0.0,0.0,781.3,--
2025/9/1 23:36,24.6,67,15.9,88,13.9,15.9,0.0,1.8,3,949.6,1019.4,0.0,0,0.0,0.0,0.0,0.0,0.0,781.3,--
2025/9/1 23:37,24.6,67,15.9,88,13.9,15.9,1.8,2.9,338,949.6,1019.4,0.0,0,0.0,0.0,0.0,0.0,0.0,781.3,--
2025/9/1 23:38,24.6,67,15.9,89,14.1,15.9,2.9,3.6,3,949.6,1019.4,0.0,0,0.0,0.0,0.0,0.0,0.0,781.3,--
2025/9/1 23:39,24.6,67,15.9,89,14.1,15.9,2.2,3.2,6,949.6,1019.4,0.0,0,0.0,0.0,0.0,0.0,0.0,781.3,--
2025/9/1 23:40,24.6,67,15.9,89,14.1,15.9,0.0,3.2,337,949.5,1019.3,0.0,0,0.0,0.0,0.0,0.0,0.0,781.3,--
2025/9/1 23:41,24.6,67,15.9,89,14.1,15.9,2.2,3.2,10,949.5,1019.3,0.0,0,0.0,0.0,0.0,0.0,0.0,781.3,--
2025/9/1 23:42,24.6,67,15.8,90,14.2,15.8,1.8,3.2,12,949.5,1019.3,0.0,0,0.0,0.0,0.0,0.0,0.0,781.3,--
2025/9/1 23:43,24.6,66,15.8,91,14.4,15.8,3.6,4.0,13,949.6,1019.4,0.0,0,0.0,0.0,0.0,0.0,0.0,781.3,--
2025/9/1 23:44,24.6,66,15.8,90,14.2,15.8,1.8,3.2,341,949.4,1019.2,0.0,0,0.0,0.0,0.0,0.0,0.0,781.3,--
2025/9/1 23:45,24.6,67,15.7,90,14.1,15.7,1.8,2.2,329,949.6,1019.4,0.0,0,0.0,0.0,0.0,0.0,0.0,781.3,--
2025/9/1 23:46,24.5,66,15.5,90,13.9,15.5,2.9,3.2,314,949.5,1019.3,0.0,0,0.0,0.0,0.0,0.0,0.0,781.3,--
2025/9/1 23:47,24.6,66,15.4,90,13.8,15.4,0.0,3.6,359,949.5,1019.3,0.0,0,0.0,0.0,0.0,0.0,0.0,781.3,--
2025/9/1 23:48,24.6,66,15.4,91,14.0,15.4,2.2,4.0,14,949.5,1019.3,0.0,0,0.0,0.0,0.0,0.0,0.0,781.3,--
2025/9/1 23:49,24.6,66,15.4,90,13.8,15.4,2.9,2.9,41,949.5,1019.3,0.0,0,0.0,0.0,0.0,0.0,0.0,781.3,--
2025/9/1 23:50,24.6,66,15.3,91,13.9,15.3,0.0,2.5,24,949.5,1019.3,0.0,0,0.0,0.0,0.0,0.0,0.0,781.3,--
2025/9/1 23:51,24.6,67,15.4,91,14.0,15.4,1.8,3.2,332,949.5,1019.3,0.0,0,0.0,0.0,0.0,0.0,0.0,781.3,--
2025/9/1 23:52,24.6,66,15.3,91,13.9,15.3,2.5,3.6,320,949.5,1019.3,0.0,0,0.0,0.0,0.0,0.0,0.0,781.3,--
2025/9/1 23:53,24.6,66,15.2,91,13.8,15.2,0.0,2.5,327,949.5,1019.3,0.0,0,0.0,0.0,0.0,0.0,0.0,781.3,--
2025/9/1 23:54,24.6,65,15.2,91,13.8,15.2,2.2,2.9,2,949.4,1019.2,0.0,0,0.0,0.0,0.0,0.0,0.0,781.3,--
2025/9/1 23:55,24.6,65,15.2,91,13.8,15.2,0.0,2.2,186,949.4,1019.2,0.0,0,0.0,0.0,0.0,0.0,0.0,781.3,--
2025/9/1 23:56,24.6,65,15.1,91,13.7,15.1,0.0,2.2,317,949.6,1019.4,0.0,0,0.0,0.0,0.0,0.0,0.0,781.3,--
2025/9/1 23:57,24.6,65,15.1,91,13.7,15.1,0.0,2.5,288,949.6,1019.4,0.0,0,0.0,0.0,0.0,0.0,0.0,781.3,--
2025/9/1 23:58,24.6,65,15.1,91,13.7,15.1,2.9,3.2,344,949.4,1019.2,0.0,0,0.0,0.0,0.0,0.0,0.0,781.3,--
2025/9/1 23:59,24.6,66,15.1,91,13.7,15.1,2.9,3.2,6,949.2,1019.0,0.0,0,0.0,0.0,0.0,0.0,0.0,781.3,--
2025/9/1 23:59,24.6,65,15.1,91,13.7,15.1,0.0,2.2,17,949.4,1019.2,0.0,0,0.0,0.0,0.0,0.0,0.0,781.3,--
2025/9/2 0:00,24.6,65,15.1,91,13.7,15.1,0.0,2.2,17,949.4,1019.2,0.0,0,0.0,0.0,0.0,0.0,0.0,781.3,--
2025/9/2 0:01,24.6,65,15.1,91,13.7,15.1,0.0,2.9,326,949.3,1019.1,0.0,0,0.0,0.0,0.0,0.0,0.0,781.3,--
2025/9/2 0:02,24.6,65,15.1,91,13.7,15.1,0.0,2.5,340,949.3,1019.1,0.0,0,0.0,0.0,0.0,0.0,0.0,781.3,--
2025/9/2 0:03,24.6,65,15.1,91,13.7,15.1,0.0,3.6,349,949.3,1019.1,0.0,0,0.0,0.0,0.0,0.0,0.0,781.3,--
2025/9/2 0:04,24.6,65,15.1,90,13.5,15.1,0.0,2.5,116,949.4,1019.2,0.0,0,0.0,0.0,0.0,0.0,0.0,781.3,--
2025/9/2 0:05,24.6,65,15.1,90,13.5,15.1,1.8,3.2,19,949.3,1019.1,0.0,0,0.0,0.0,0.0,0.0,0.0,781.3,--
2025/9/2 0:06,24.6,66,15.1,91,13.7,15.1,2.5,3.2,316,949.3,1019.1,0.0,0,0.0,0.0,0.0,0.0,0.0,781.3,--
2025/9/2 0:07,24.6,66,15.1,91,13.7,15.1,2.5,2.9,264,949.3,1019.1,0.0,0,0.0,0.0,0.0,0.0,0.0,781.3,--
2025/9/2 0:08,24.6,65,15.1,91,13.7,15.1,2.5,2.5,331,949.3,1019.1,0.0,0,0.0,0.0,0.0,0.0,0.0,781.3,--
2025/9/2 0:09,24.6,65,15.1,90,13.5,15.1,1.8,2.9,322,949.2,1019.0,0.0,0,0.0,0.0,0.0,0.0,0.0,781.3,--
2025/9/2 0:10,24.6,65,15.1,91,13.7,15.1,1.8,3.2,329,949.4,1019.2,0.0,0,0.0,0.0,0.0,0.0,0.0,781.3,--
2025/9/2 0:11,24.6,65,15.1,90,13.5,15.1,1.8,2.9,343,949.3,1019.1,0.0,0,0.0,0.0,0.0,0.0,0.0,781.3,--
2025/9/2 0:12,24.6,65,15.0,90,13.4,15.0,0.0,4.0,0,949.2,1019.0,0.0,0,0.0,0.0,0.0,0.0,0.0,781.3,--
2025/9/2 0:13,24.6,65,15.0,90,13.4,15.0,0.0,2.9,18,949.4,1019.2,0.0,0,0.0,0.0,0.0,0.0,0.0,781.3,--
2025/9/2 0:14,24.6,65,15.0,90,13.4,15.0,0.0,3.6,327,949.3,1019.1,0.0,0,0.0,0.0,0.0,0.0,0.0,781.3,--
2025/9/2 0:15,24.6,65,15.1,89,13.3,15.1,2.9,3.6,356,949.1,1018.9,0.0,0,0.0,0.0,0.0,0.0,0.0,781.3,--
2025/9/2 0:16,24.6,65,15.2,89,13.4,15.2,3.6,4.7,7,949.2,1019.0,0.0,0,0.0,0.0,0.0,0.0,0.0,781.3,--
2025/9/2 0:17,24.6,65,15.3,89,13.5,15.3,5.8,6.1,21,949.4,1019.2,0.0,0,0.0,0.0,0.0,0.0,0.0,781.3,--
2025/9/2 0:18,24.6,65,15.4,87,13.3,15.4,4.0,4.7,338,949.4,1019.2,0.0,0,0.0,0.0,0.0,0.0,0.0,781.3,--
2025/9/2 0:19,24.6,65,15.6,87,13.5,15.6,1.8,3.6,302,949.2,1019.0,0.0,0,0.0,0.0,0.0,0.0,0.0,781.3,--
2025/9/2 0:20,24.6,65,15.7,86,13.4,15.7,2.2,3.2,289,949.2,1019.0,0.0,0,0.0,0.0,0.0,0.0,0.0,781.3,--
2025/9/2 0:21,24.6,64,15.7,87,13.6,15.7,1.8,2.2,149,949.2,1019.0,0.0,0,0.0,0.0,0.0,0.0,0.0,781.3,--
2025/9/2 0:22,24.6,64,15.6,87,13.5,15.6,4.0,4.3,0,949.2,1019.0,0.0,0,0.0,0.0,0.0,0.0,0.0,781.3,--
2025/9/2 0:23,24.6,64,15.5,88,13.5,15.5,3.2,4.7,349,949.2,1019.0,0.0,0,0.0,0.0,0.0,0.0,0.0,781.3,--
2025/9/2 0:24,24.6,64,15.3,89,13.5,15.3,0.0,1.8,41,949.3,1019.1,0.0,0,0.0,0.0,0.0,0.0,0.0,781.3,--
2025/9/2 0:25,24.6,63,15.2,89,13.4,15.2,3.6,4.0,15,949.1,1018.9,0.0,0,0.0,0.0,0.0,0.0,0.0,781.3,--
2025/9/2 0:26,24.6,63,15.2,88,13.2,15.2,1.8,2.9,15,949.1,1018.9,0.0,0,0.0,0.0,0.0,0.0,0.0,781.3,--
2025/9/2 0:27,24.6,63,15.2,88,13.2,15.2,2.9,4.3,27,949.1,1018.9,0.0,0,0.0,0.0,0.0,0.0,0.0,781.3,--
2025/9/2 0:28,24.6,63,15.3,88,13.3,15.3,4.0,4.3,23,949.2,1019.0,0.0,0,0.0,0.0,0.0,0.0,0.0,781.3,--
2025/9/2 0:29,24.6,63,15.3,89,13.5,15.3,2.9,4.0,3,949.1,1018.9,0.0,0,0.0,0.0,0.0,0.0,0.0,781.3,--
2025/9/2 0:30,24.6,63,15.2,89,13.4,15.2,2.2,2.5,358,949.2,1019.0,0.0,0,0.0,0.0,0.0,0.0,0.0,781.3,--
2025/9/2 0:31,24.5,63,15.1,89,13.3,15.1,1.8,2.2,77,949.2,1019.0,0.0,0,0.0,0.0,0.0,0.0,0.0,781.3,--
2025/9/2 0:32,24.5,63,15.1,89,13.3,15.1,2.5,3.2,351,949.1,1018.9,0.0,0,0.0,0.0,0.0,0.0,0.0,781.3,--
2025/9/2 0:33,24.5,63,15.1,89,13.3,15.1,2.2,2.5,29,949.1,1018.9,0.0,0,0.0,0.0,0.0,0.0,0.0,781.3,--
2025/9/2 0:34,24.5,63,15.0,90,13.4,15.0,2.5,3.2,318,949.3,1019.1,0.0,0,0.0,0.0,0.0,0.0,0.0,781.3,--
2025/9/2 0:35,24.5,63,14.9,90,13.3,14.9,2.5,3.6,346,949.4,1019.2,0.0,0,0.0,0.0,0.0,0.0,0.0,781.3,--
2025/9/2 0:36,24.5,63,14.9,90,13.3,14.9,0.0,3.6,17,949.4,1019.2,0.0,0,0.0,0.0,0.0,0.0,0.0,781.3,--
2025/9/2 0:37,24.6,63,14.8,90,13.2,14.8,0.0,2.5,320,949.3,1019.1,0.0,0,0.0,0.0,0.0,0.0,0.0,781.3,--
2025/9/2 0:38,24.5,63,14.8,90,13.2,14.8,1.8,2.9,22,949.4,1019.2,0.0,0,0.0,0.0,0.0,0.0,0.0,781.3,--
2025/9/2 0:39,24.5,63,14.8,90,13.2,14.8,2.2,2.5,88,949.1,1018.9,0.0,0,0.0,0.0,0.0,0.0,0.0,781.3,--
2025/9/2 0:40,24.6,63,14.8,91,13.4,14.8,0.0,3.6,343,949.3,1019.1,0.0,0,0.0,0.0,0.0,0.0,0.0,781.3,--
2025/9/2 0:41,24.5,63,14.8,91,13.4,14.8,0.0,2.5,0,949.2,1019.0,0.0,0,0.0,0.0,0.0,0.0,0.0,781.3,--
2025/9/2 0:42,24.6,63,14.8,91,13.4,14.8,2.5,2.5,27,949.2,1019.0,0.0,0,0.0,0.0,0.0,0.0,0.0,781.3,--
2025/9/2 0:43,24.5,63,14.7,91,13.3,14.7,0.0,1.8,286,949.1,1018.9,0.0,0,0.0,0.0,0.0,0.0,0.0,781.3,--
2025/9/2 0:44,24.5,63,14.7,91,13.3,14.7,0.0,2.9,27,949.1,1018.9,0.0,0,0.0,0.0,0.0,0.0,0.0,781.3,--
2025/9/2 0:45,24.5,63,14.7,91,13.3,14.7,0.0,2.9,3,949.1,1018.9,0.0,0,0.0,0.0,0.0,0.0,0.0,781.3,--
2025/9/2 0:46,24.5,63,14.8,91,13.4,14.8,3.2,3.6,31,949.2,1019.0,0.0,0,0.0,0.0,0.0,0.0,0.0,781.3,--
2025/9/2 0:47,24.5,63,14.8,91,13.4,14.8,1.8,3.2,81,949.2,1019.0,0.0,0,0.0,0.0,0.0,0.0,0.0,781.3,--
2025/9/2 0:48,24.5,63,14.8,91,13.4,14.8,0.0,2.2,359,949.3,1019.1,0.0,0,0.0,0.0,0.0,0.0,0.0,781.3,--
2025/9/2 0:49,24.5,63,14.8,92,13.6,14.8,3.6,3.6,15,949.1,1018.9,0.0,0,0.0,0.0,0.0,0.0,0.0,781.3,--
2025/9/2 0:50,24.5,63,14.8,92,13.6,14.8,1.8,2.9,71,949.2,1019.0,0.0,0,0.0,0.0,0.0,0.0,0.0,781.3,--
2025/9/2 0:51,24.5,63,14.8,92,13.6,14.8,0.0,2.9,27,949.0,1018.8,0.0,0,0.0,0.0,0.0,0.0,0.0,781.3,--
2025/9/2 0:52,24.5,63,14.8,92,13.6,14.8,2.2,2.5,4,949.1,1018.9,0.0,0,0.0,0.0,0.0,0.0,0.0,781.3,--
2025/9/2 0:53,24.6,63,14.8,92,13.6,14.8,4.0,4.0,16,949.0,1018.8,0.0,0,0.0,0.0,0.0,0.0,0.0,781.3,--
2025/9/2 0:54,24.6,63,14.8,92,13.6,14.8,2.5,2.5,33,949.2,1019.0,0.0,0,0.0,0.0,0.0,0.0,0.0,781.3,--
2025/9/2 0:55,24.6,63,14.8,92,13.6,14.8,0.0,2.5,16,949.0,1018.8,0.0,0,0.0,0.0,0.0,0.0,0.0,781.3,--
2025/9/2 0:56,24.6,63,14.8,92,13.6,14.8,0.0,2.5,4,949.1,1018.9,0.0,0,0.0,0.0,0.0,0.0,0.0,781.3,--
2025/9/2 0:57,24.6,63,14.8,93,13.7,14.8,0.0,2.2,5,949.2,1019.0,0.0,0,0.0,0.0,0.0,0.0,0.0,781.3,--
2025/9/2 0:58,24.6,63,14.9,93,13.8,14.9,0.0,2.2,354,949.1,1018.9,0.0,0,0.0,0.0,0.0,0.0,0.0,781.3,--
2025/9/2 0:59,24.6,63,14.9,93,13.8,14.9,0.0,3.2,262,949.1,1018.9,0.0,0,0.0,0.0,0.0,0.0,0.0,781.3,--
2025/9/2 1:00,24.6,63,14.9,93,13.8,14.9,2.9,2.9,307,948.9,1018.7,0.0,0,0.0,0.0,0.0,0.0,0.0,781.3,--
2025/9/2 1:01,24.6,63,15.0,93,13.9,15.0,0.0,3.2,358,949.2,1019.0,0.0,0,0.0,0.0,0.0,0.0,0.0,781.3,--
2025/9/2 1:02,24.6,63,15.0,93,13.9,15.0,2.9,4.7,55,949.3,1019.1,0.0,0,0.0,0.0,0.0,0.0,0.0,781.3,--
2025/9/2 1:03,24.6,63,15.0,93,13.9,15.0,3.2,4.0,22,949.2,1019.0,0.0,0,0.0,0.0,0.0,0.0,0.0,781.3,--
2025/9/2 1:04,24.6,63,15.0,93,13.9,15.0,4.3,5.0,352,949.0,1018.8,0.0,0,0.0,0.0,0.0,0.0,0.0,781.3,--
2025/9/2 1:05,24.6,63,15.0,93,13.9,15.0,2.5,3.6,20,949.1,1018.9,0.0,0,0.0,0.0,0.0,0.0,0.0,781.3,--
2025/9/2 1:06,24.6,63,14.9,93,13.8,14.9,2.2,2.2,10,949.1,1018.9,0.0,0,0.0,0.0,0.0,0.0,0.0,781.3,--
2025/9/2 1:07,24.6,62,14.9,93,13.8,14.9,0.0,3.6,333,948.9,1018.7,0.0,0,0.0,0.0,0.0,0.0,0.0,781.3,--
2025/9/2 1:08,24.5,63,14.9,93,13.8,14.9,0.0,2.5,329,949.0,1018.8,0.0,0,0.0,0.0,0.0,0.0,0.0,781.3,--
2025/9/2 1:09,24.5,62,14.9,93,13.8,14.9,1.8,2.5,340,948.8,1018.6,0.0,0,0.0,0.0,0.0,0.0,0.0,781.3,--
2025/9/2 1:10,24.5,62,14.9,93,13.8,14.9,1.8,2.2,320,948.9,1018.7,0.0,0,0.0,0.0,0.0,0.0,0.0,781.3,--
2025/9/2 1:11,24.5,62,14.9,93,13.8,14.9,2.9,3.6,5,949.0,1018.8,0.0,0,0.0,0.0,0.0,0.0,0.0,781.3,--
2025/9/2 1:12,24.5,62,15.0,93,13.9,15.0,1.8,2.9,35,949.0,1018.8,0.0,0,0.0,0.0,0.0,0.0,0.0,781.3,--
2025/9/2 1:13,24.5,62,15.1,93,13.9,15.1,1.8,1.8,251,949.0,1018.8,0.0,0,0.0,0.0,0.0,0.0,0.0,781.3,--
2025/9/2 1:14,24.5,62,15.2,92,13.9,15.2,1.8,2.9,345,948.8,1018.6,0.0,0,0.0,0.0,0.0,0.0,0.0,781.3,--
2025/9/2 1:15,24.5,62,15.3,92,14.0,15.3,4.7,4.7,31,949.1,1018.9,0.0,0,0.0,0.0,0.0,0.0,0.0,781.3,--
2025/9/2 1:16,24.5,62,15.3,92,14.0,15.3,4.3,6.1,47,948.9,1018.7,0.0,0,0.0,0.0,0.0,0.0,0.0,781.3,--
2025/9/2 1:17,24.5,62,15.5,92,14.2,15.5,2.9,4.0,57,949.0,1018.8,0.0,0,0.0,0.0,0.0,0.0,0.0,781.3,--
2025/9/2 1:18,24.5,62,15.6,91,14.2,15.6,2.2,4.0,18,949.1,1018.9,0.0,0,0.0,0.0,0.0,0.0,0.0,781.3,--
2025/9/2 1:19,24.5,62,15.6,91,14.2,15.6,4.0,5.0,339,948.9,1018.7,0.0,0,0.0,0.0,0.0,0.0,0.0,781.3,--
2025/9/2 1:20,24.5,63,15.5,91,14.1,15.5,2.5,3.6,349,948.9,1018.7,0.0,0,0.0,0.0,0.0,0.0,0.0,781.3,--
2025/9/2 1:21,24.5,63,15.4,91,14.0,15.4,1.8,4.3,23,949.1,1018.9,0.0,0,0.0,0.0,0.0,0.0,0.0,781.3,--
2025/9/2 1:22,24.5,63,15.4,91,14.0,15.4,1.8,2.2,340,948.9,1018.7,0.0,0,0.0,0.0,0.0,0.0,0.0,781.3,--
2025/9/2 1:23,24.5,62,15.3,91,13.9,15.3,0.0,2.5,324,948.8,1018.6,0.0,0,0.0,0.0,0.0,0.0,0.0,781.3,--
2025/9/2 1:24,24.5,62,15.3,91,13.9,15.3,2.2,2.5,351,948.8,1018.6,0.0,0,0.0,0.0,0.0,0.0,0.0,781.3,--
2025/9/2 1:25,24.5,62,15.2,91,13.8,15.2,0.0,2.5,339,948.9,1018.7,0.0,0,0.0,0.0,0.0,0.0,0.0,781.3,--
2025/9/2 1:26,24.5,62,15.2,91,13.8,15.2,0.0,2.9,265,948.8,1018.6,0.0,0,0.0,0.0,0.0,0.0,0.0,781.3,--
2025/9/2 1:27,24.6,62,15.2,91,13.8,15.2,2.5,3.6,324,948.8,1018.6,0.0,0,0.0,0.0,0.0,0.0,0.0,781.3,--
2025/9/2 1:28,24.6,62,15.2,91,13.8,15.2,2.9,3.2,314,948.7,1018.5,0.0,0,0.0,0.0,0.0,0.0,0.0,781.3,--
2025/9/2 1:29,24.6,62,15.2,91,13.8,15.2,0.0,2.9,16,948.7,1018.5,0.0,0,0.0,0.0,0.0,0.0,0.0,781.3,--
2025/9/2 1:30,24.6,62,15.1,91,13.7,15.1,0.0,3.2,14,948.7,1018.5,0.0,0,0.0,0.0,0.0,0.0,0.0,781.3,--
2025/9/2 1:31,24.6,62,15.2,91,13.8,15.2,2.9,2.9,3,948.7,1018.5,0.0,0,0.0,0.0,0.0,0.0,0.0,781.3,--
2025/9/2 1:32,24.6,61,15.3,91,13.9,15.3,2.2,3.6,18,948.8,1018.6,0.0,0,0.0,0.0,0.0,0.0,0.0,781.3,--
2025/9/2 1:33,24.6,61,15.3,91,13.9,15.3,2.2,2.9,12,948.5,1018.3,0.0,0,0.0,0.0,0.0,0.0,0.0,781.3,--
2025/9/2 1:34,24.6,61,15.3,91,13.9,15.3,3.6,4.0,27,948.5,1018.3,0.0,0,0.0,0.0,0.0,0.0,0.0,781.3,--
2025/9/2 1:35,24.6,61,15.3,91,13.9,15.3,2.2,5.0,31,948.7,1018.5,0.0,0,0.0,0.0,0.0,0.0,0.0,781.3,--
2025/9/2 1:36,24.6,61,15.3,91,13.9,15.3,2.5,3.2,33,948.6,1018.4,0.0,0,0.0,0.0,0.0,0.0,0.0,781.3,--
2025/9/2 1:37,24.6,61,15.3,90,13.7,15.3,2.2,4.0,11,948.6,1018.4,0.0,0,0.0,0.0,0.0,0.0,0.0,781.3,--
2025/9/2 1:38,24.6,61,15.3,90,13.7,15.3,2.5,2.5,30,948.6,1018.4,0.0,0,0.0,0.0,0.0,0.0,0.0,781.3,--
2025/9/2 1:39,24.6,61,15.3,91,13.9,15.3,0.0,1.8,180,948.6,1018.4,0.0,0,0.0,0.0,0.0,0.0,0.0,781.3,--
2025/9/2 1:40,24.6,61,15.2,91,13.8,15.2,2.2,2.9,324,948.6,1018.4,0.0,0,0.0,0.0,0.0,0.0,0.0,781.3,--
2025/9/2 1:41,24.6,61,15.1,91,13.7,15.1,0.0,2.5,316,948.6,1018.4,0.0,0,0.0,0.0,0.0,0.0,0.0,781.3,--
2025/9/2 1:42,24.6,61,15.0,91,13.6,15.0,1.8,2.5,333,948.5,1018.3,0.0,0,0.0,0.0,0.0,0.0,0.0,781.3,--
2025/9/2 1:43,24.6,61,15.0,91,13.6,15.0,0.0,2.5,23,948.5,1018.3,0.0,0,0.0,0.0,0.0,0.0,0.0,781.3,--
2025/9/2 1:44,24.6,61,14.9,91,13.5,14.9,1.8,3.2,336,948.7,1018.5,0.0,0,0.0,0.0,0.0,0.0,0.0,781.3,--
2025/9/2 1:45,24.6,61,14.9,91,13.5,14.9,1.8,2.9,357,948.7,1018.5,0.0,0,0.0,0.0,0.0,0.0,0.0,781.3,--
2025/9/2 1:46,24.6,61,14.8,91,13.4,14.8,1.8,3.6,29,948.6,1018.4,0.0,0,0.0,0.0,0.0,0.0,0.0,781.3,--
2025/9/2 1:47,24.6,61,14.8,92,13.6,14.8,5.4,5.4,24,948.7,1018.5,0.0,0,0.0,0.0,0.0,0.0,0.0,781.3,--
2025/9/2 1:48,24.6,61,14.9,92,13.7,14.9,3.2,5.0,7,948.7,1018.5,0.0,0,0.0,0.0,0.0,0.0,0.0,781.3,--
2025/9/2 1:49,24.5,61,14.9,92,13.7,14.9,2.2,3.6,352,948.7,1018.5,0.0,0,0.0,0.0,0.0,0.0,0.0,781.3,--
2025/9/2 1:50,24.5,61,14.8,92,13.6,14.8,0.0,3.2,12,948.7,1018.5,0.0,0,0.0,0.0,0.0,0.0,0.0,781.3,--
2025/9/2 1:51,24.5,61,14.8,92,13.6,14.8,2.2,3.2,32,948.8,1018.6,0.0,0,0.0,0.0,0.0,0.0,0.0,781.3,--
2025/9/2 1:52,24.5,61,14.8,92,13.6,14.8,2.9,5.0,351,948.8,1018.6,0.0,0,0.0,0.0,0.0,0.0,0.0,781.3,--
2025/9/2 1:53,24.6,61,14.7,92,13.5,14.7,2.2,2.9,345,948.9,1018.7,0.0,0,0.0,0.0,0.0,0.0,0.0,781.3,--
2025/9/2 1:54,24.6,61,14.7,92,13.5,14.7,0.0,3.2,348,948.8,1018.6,0.0,0,0.0,0.0,0.0,0.0,0.0,781.3,--
2025/9/2 1:55,24.5,61,14.7,92,13.5,14.7,0.0,3.2,7,948.7,1018.5,0.0,0,0.0,0.0,0.0,0.0,0.0,781.3,--
2025/9/2 1:56,24.5,61,14.7,92,13.5,14.7,2.2,3.2,13,948.7,1018.5,0.0,0,0.0,0.0,0.0,0.0,0.0,781.3,--
2025/9/2 1:57,24.5,61,14.7,92,13.5,14.7,0.0,2.9,7,948.9,1018.7,0.0,0,0.0,0.0,0.0,0.0,0.0,781.3,--
2025/9/2 1:58,24.5,61,14.7,92,13.5,14.7,1.8,2.5,27,948.6,1018.4,0.0,0,0.0,0.0,0.0,0.0,0.0,781.3,--
2025/9/2 1:59,24.5,61,14.7,92,13.5,14.7,0.0,3.2,334,948.8,1018.6,0.0,0,0.0,0.0,0.0,0.0,0.0,781.3,--
2025/9/2 2:00,24.5,60,14.7,92,13.5,14.7,2.2,3.2,14,948.6,1018.4,0.0,0,0.0,0.0,0.0,0.0,0.0,781.3,--
2025/9/2 2:01,24.5,60,14.7,92,13.5,14.7,3.6,4.7,0,948.7,1018.5,0.0,0,0.0,0.0,0.0,0.0,0.0,781.3,--
2025/9/2 2:02,24.5,60,14.7,92,13.5,14.7,2.9,3.6,8,948.9,1018.7,0.0,0,0.0,0.0,0.0,0.0,0.0,781.3,--
2025/9/2 2:03,24.5,60,14.7,92,13.5,14.7,0.0,2.9,4,948.6,1018.4,0.0,0,0.0,0.0,0.0,0.0,0.0,781.3,--
2025/9/2 2:04,24.5,60,14.7,92,13.5,14.7,2.5,4.0,21,948.8,1018.6,0.0,0,0.0,0.0,0.0,0.0,0.0,781.3,--
2025/9/2 2:05,24.5,60,14.7,92,13.5,14.7,2.9,3.2,23,948.7,1018.5,0.0,0,0.0,0.0,0.0,0.0,0.0,781.3,--
2025/9/2 2:06,24.5,60,14.7,92,13.5,14.7,2.5,3.2,4,948.6,1018.4,0.0,0,0.0,0.0,0.0,0.0,0.0,781.3,--
2025/9/2 2:07,24.5,60,14.7,92,13.5,14.7,2.2,4.0,32,948.6,1018.4,0.0,0,0.0,0.0,0.0,0.0,0.0,781.3,--
2025/9/2 2:08,24.5,60,14.7,92,13.5,14.7,2.2,3.2,336,948.7,1018.5,0.0,0,0.0,0.0,0.0,0.0,0.0,781.3,--
2025/9/2 2:09,24.5,60,14.7,92,13.5,14.7,1.8,2.9,26,948.7,1018.5,0.0,0,0.0,0.0,0.0,0.0,0.0,781.3,--
2025/9/2 2:10,24.5,60,14.7,92,13.5,14.7,2.2,2.5,15,948.9,1018.7,0.0,0,0.0,0.0,0.0,0.0,0.0,781.3,--
2025/9/2 2:11,24.5,60,14.7,92,13.5,14.7,2.5,5.0,22,948.7,1018.5,0.0,0,0.0,0.0,0.0,0.0,0.0,781.3,--
2025/9/2 2:12,24.5,60,14.7,92,13.5,14.7,2.9,4.3,13,948.8,1018.6,0.0,0,0.0,0.0,0.0,0.0,0.0,781.3,--
2025/9/2 2:13,24.5,60,14.8,92,13.6,14.8,3.6,4.0,20,948.7,1018.5,0.0,0,0.0,0.0,0.0,0.0,0.0,781.3,--
2025/9/2 2:14,24.5,60,14.8,92,13.6,14.8,2.9,4.0,0,948.6,1018.4,0.0,0,0.0,0.0,0.0,0.0,0.0,781.3,--
2025/9/2 2:15,24.5,60,14.7,92,13.5,14.7,2.5,3.6,291,949.0,1018.8,0.0,0,0.0,0.0,0.0,0.0,0.0,781.3,--
2025/9/2 2:16,24.5,60,14.7,92,13.5,14.7,2.9,4.0,9,948.7,1018.5,0.0,0,0.0,0.0,0.0,0.0,0.0,781.3,--
2025/9/2 2:17,24.5,60,14.7,92,13.5,14.7,2.2,4.0,359,949.0,1018.8,0.0,0,0.0,0.0,0.0,0.0,0.0,781.3,--
2025/9/2 2:18,24.5,60,14.6,93,13.5,14.6,3.2,4.3,0,948.8,1018.6,0.0,0,0.0,0.0,0.0,0.0,0.0,781.3,--
2025/9/2 2:19,24.5,60,14.6,93,13.5,14.6,1.8,3.6,325,948.8,1018.6,0.0,0,0.0,0.0,0.0,0.0,0.0,781.3,--
2025/9/2 2:20,24.5,60,14.5,93,13.4,14.5,3.2,4.0,337,948.8,1018.6,0.0,0,0.0,0.0,0.0,0.0,0.0,781.3,--
2025/9/2 2:21,24.5,60,14.5,93,13.4,14.5,4.3,4.7,11,948.9,1018.7,0.0,0,0.0,0.0,0.0,0.0,0.0,781.3,--
2025/9/2 2:22,24.5,60,14.5,93,13.4,14.5,3.2,3.6,8,948.7,1018.5,0.0,0,0.0,0.0,0.0,0.0,0.0,781.3,--
2025/9/2 2:23,24.5,60,14.5,92,13.3,14.5,3.2,5.0,21,949.0,1018.8,0.0,0,0.0,0.0,0.0,0.0,0.0,781.3,--
2025/9/2 2:24,24.5,60,14.6,92,13.4,14.6,2.5,2.9,294,948.8,1018.6,0.0,0,0.0,0.0,0.0,0.0,0.0,781.3,--
2025/9/2 2:25,24.5,60,14.6,92,13.4,14.6,0.0,2.2,310,948.9,1018.7,0.0,0,0.0,0.0,0.0,0.0,0.0,781.3,--
2025/9/2 2:26,24.5,60,14.6,92,13.4,14.6,2.9,4.0,28,948.7,1018.5,0.0,0,0.0,0.0,0.0,0.0,0.0,781.3,--
2025/9/2 2:27,24.5,60,14.7,92,13.5,14.7,2.9,5.0,25,948.9,1018.7,0.0,0,0.0,0.0,0.0,0.0,0.0,781.3,--
2025/9/2 2:28,24.5,60,14.7,92,13.5,14.7,4.0,5.4,15,948.9,1018.7,0.0,0,0.0,0.0,0.0,0.0,0.0,781.3,--
2025/9/2 2:29,24.5,60,14.6,92,13.4,14.6,3.2,4.0,3,948.8,1018.6,0.0,0,0.0,0.0,0.0,0.0,0.0,781.3,--
2025/9/2 2:30,24.5,60,14.6,92,13.4,14.6,3.2,3.6,347,948.9,1018.7,0.0,0,0.0,0.0,0.0,0.0,0.0,781.3,--
2025/9/2 2:31,24.5,60,14.5,92,13.3,14.5,2.2,3.6,348,948.8,1018.6,0.0,0,0.0,0.0,0.0,0.0,0.0,781.3,--
2025/9/2 2:32,24.4,60,14.5,92,13.3,14.5,2.2,2.5,350,948.8,1018.6,0.0,0,0.0,0.0,0.0,0.0,0.0,781.3,--
2025/9/2 2:33,24.5,60,14.5,93,13.4,14.5,0.0,2.2,326,948.7,1018.5,0.0,0,0.0,0.0,0.0,0.0,0.0,781.3,--
2025/9/2 2:34,24.4,60,14.4,92,13.2,14.4,0.0,2.2,340,948.8,1018.6,0.0,0,0.0,0.0,0.0,0.0,0.0,781.3,--
2025/9/2 2:35,24.4,60,14.5,92,13.3,14.5,1.8,2.5,306,948.9,1018.7,0.0,0,0.0,0.0,0.0,0.0,0.0,781.3,--
2025/9/2 2:36,24.5,60,14.5,92,13.3,14.5,1.8,2.9,16,948.7,1018.5,0.0,0,0.0,0.0,0.0,0.0,0.0,781.3,--
2025/9/2 2:37,24.4,60,14.7,91,13.3,14.7,1.8,2.9,337,948.7,1018.5,0.0,0,0.0,0.0,0.0,0.0,0.0,781.3,--
2025/9/2 2:38,24.4,60,14.7,91,13.3,14.7,2.5,2.9,332,948.7,1018.5,0.0,0,0.0,0.0,0.0,0.0,0.0,781.3,--
2025/9/2 2:39,24.4,60,14.7,90,13.1,14.7,2.9,3.2,338,948.6,1018.4,0.0,0,0.0,0.0,0.0,0.0,0.0,781.3,--
2025/9/2 2:40,24.4,60,14.9,89,13.1,14.9,2.5,3.6,1,948.8,1018.6,0.0,0,0.0,0.0,0.0,0.0,0.0,781.3,--
2025/9/2 2:41,24.4,60,15.1,88,13.1,15.1,2.9,4.3,5,948.5,1018.3,0.0,0,0.0,0.0,0.0,0.0,0.0,781.3,--
2025/9/2 2:42,24.4,60,15.2,88,13.2,15.2,2.9,4.3,15,948.6,1018.4,0.0,0,0.0,0.0,0.0,0.0,0.0,781.3,--
2025/9/2 2:43,24.4,60,15.2,87,13.1,15.2,4.0,4.7,16,948.7,1018.5,0.0,0,0.0,0.0,0.0,0.0,0.0,781.3,--
2025/9/2 2:44,24.4,59,15.3,87,13.2,15.3,1.8,4.3,18,948.5,1018.3,0.0,0,0.0,0.0,0.0,0.0,0.0,781.3,--
2025/9/2 2:45,24.4,59,15.3,87,13.2,15.3,5.0,5.4,20,948.7,1018.5,0.0,0,0.0,0.0,0.0,0.0,0.0,781.3,--
2025/9/2 2:46,24.4,59,15.3,88,13.3,15.3,4.7,5.8,13,948.6,1018.4,0.0,0,0.0,0.0,0.0,0.0,0.0,781.3,--
2025/9/2 2:47,24.4,59,15.2,88,13.2,15.2,2.2,3.6,339,948.7,1018.5,0.0,0,0.0,0.0,0.0,0.0,0.0,781.3,--
2025/9/2 2:48,24.4,59,15.1,89,13.3,15.1,1.8,3.2,350,948.5,1018.3,0.0,0,0.0,0.0,0.0,0.0,0.0,781.3,--
2025/9/2 2:49,24.4,59,14.9,89,13.1,14.9,4.3,4.7,330,948.7,1018.5,0.0,0,0.0,0.0,0.0,0.0,0.0,781.3,--
2025/9/2 2:50,24.4,59,14.9,89,13.1,14.9,0.0,3.6,0,948.7,1018.5,0.0,0,0.0,0.0,0.0,0.0,0.0,781.3,--
2025/9/2 2:51,24.4,59,14.8,89,13.0,14.8,0.0,2.9,301,948.7,1018.5,0.0,0,0.0,0.0,0.0,0.0,0.0,781.3,--
2025/9/2 2:52,24.4,59,14.8,89,13.0,14.8,1.8,2.5,36,948.8,1018.6,0.0,0,0.0,0.0,0.0,0.0,0.0,781.3,--
2025/9/2 2:53,24.4,59,14.7,89,12.9,14.7,2.5,3.2,10,948.8,1018.6,0.0,0,0.0,0.0,0.0,0.0,0.0,781.3,--
2025/9/2 2:54,24.4,59,14.7,89,12.9,14.7,0.0,2.9,45,948.7,1018.5,0.0,0,0.0,0.0,0.0,0.0,0.0,781.3,--
2025/9/2 2:55,24.4,59,14.7,89,12.9,14.7,4.3,5.4,26,949.0,1018.8,0.0,0,0.0,0.0,0.0,0.0,0.0,781.3,--
2025/9/2 2:56,24.4,59,14.7,89,12.9,14.7,3.2,5.0,18,948.7,1018.5,0.0,0,0.0,0.0,0.0,0.0,0.0,781.3,--
2025/9/2 2:57,24.3,60,14.7,89,12.9,14.7,3.2,5.0,359,948.7,1018.5,0.0,0,0.0,0.0,0.0,0.0,0.0,781.3,--
2025/9/2 2:58,24.3,60,14.7,89,12.9,14.7,3.2,4.7,5,948.6,1018.4,0.0,0,0.0,0.0,0.0,0.0,0.0,781.3,--
2025/9/2 2:59,24.4,60,14.7,89,12.9,14.7,2.5,3.6,11,948.7,1018.5,0.0,0,0.0,0.0,0.0,0.0,0.0,781.3,--
2025/9/2 3:00,24.4,59,14.6,89,12.8,14.6,3.2,4.0,12,948.7,1018.5,0.0,0,0.0,0.0,0.0,0.0,0.0,781.3,--
2025/9/2 3:01,24.4,59,14.6,89,12.8,14.6,0.0,2.9,63,948.7,1018.5,0.0,0,0.0,0.0,0.0,0.0,0.0,781.3,--
2025/9/2 3:02,24.4,59,14.6,89,12.8,14.6,2.5,4.0,356,948.6,1018.4,0.0,0,0.0,0.0,0.0,0.0,0.0,781.3,--
2025/9/2 3:03,24.4,59,14.6,89,12.8,14.6,0.0,2.5,14,948.7,1018.5,0.0,0,0.0,0.0,0.0,0.0,0.0,781.3,--
2025/9/2 3:04,24.4,59,14.6,90,13.0,14.6,3.2,4.0,355,948.7,1018.5,0.0,0,0.0,0.0,0.0,0.0,0.0,781.3,--
2025/9/2 3:05,24.4,59,14.5,90,12.9,14.5,3.2,4.0,346,948.6,1018.4,0.0,0,0.0,0.0,0.0,0.0,0.0,781.3,--
2025/9/2 3:06,24.3,59,14.5,90,12.9,14.5,0.0,3.6,20,948.6,1018.4,0.0,0,0.0,0.0,0.0,0.0,0.0,781.3,--
2025/9/2 3:07,24.3,59,14.4,90,12.8,14.4,0.0,2.9,36,948.5,1018.3,0.0,0,0.0,0.0,0.0,0.0,0.0,781.3,--
2025/9/2 3:08,24.3,59,14.4,90,12.8,14.4,2.5,2.9,37,948.5,1018.3,0.0,0,0.0,0.0,0.0,0.0,0.0,781.3,--
2025/9/2 3:09,24.4,59,14.4,90,12.8,14.4,2.2,4.3,87,948.5,1018.3,0.0,0,0.0,0.0,0.0,0.0,0.0,781.3,--
2025/9/2 3:10,24.4,59,14.4,90,12.8,14.4,1.8,3.2,21,948.5,1018.3,0.0,0,0.0,0.0,0.0,0.0,0.0,781.3,--
2025/9/2 3:11,24.4,59,14.4,90,12.8,14.4,1.8,2.9,28,948.5,1018.3,0.0,0,0.0,0.0,0.0,0.0,0.0,781.3,--
2025/9/2 3:12,24.4,59,14.3,90,12.7,14.3,0.0,2.9,358,948.6,1018.4,0.0,0,0.0,0.0,0.0,0.0,0.0,781.3,--
2025/9/2 3:13,24.4,59,14.3,90,12.7,14.3,2.5,2.5,22,948.7,1018.5,0.0,0,0.0,0.0,0.0,0.0,0.0,781.3,--
2025/9/2 3:14,24.4,59,14.3,90,12.7,14.3,0.0,2.9,28,948.4,1018.2,0.0,0,0.0,0.0,0.0,0.0,0.0,781.3,--
2025/9/2 3:15,24.4,59,14.2,90,12.6,14.2,1.8,2.2,24,948.6,1018.4,0.0,0,0.0,0.0,0.0,0.0,0.0,781.3,--
2025/9/2 3:16,24.4,59,14.2,90,12.6,14.2,0.0,2.2,185,948.6,1018.4,0.0,0,0.0,0.0,0.0,0.0,0.0,781.3,--
2025/9/2 3:17,24.4,59,14.2,91,12.8,14.2,0.0,1.8,326,948.5,1018.3,0.0,0,0.0,0.0,0.0,0.0,0.0,781.3,--
2025/9/2 3:18,24.4,59,14.1,90,12.5,14.1,2.5,3.2,329,948.5,1018.3,0.0,0,0.0,0.0,0.0,0.0,0.0,781.3,--
2025/9/2 3:19,24.4,59,14.1,90,12.5,14.1,2.5,2.9,15,948.5,1018.3,0.0,0,0.0,0.0,0.0,0.0,0.0,781.3,--
2025/9/2 3:20,24.4,59,14.1,90,12.5,14.1,2.2,3.6,329,948.6,1018.4,0.0,0,0.0,0.0,0.0,0.0,0.0,781.3,--
2025/9/2 3:21,24.4,59,14.1,90,12.5,14.1,1.8,2.9,349,948.5,1018.3,0.0,0,0.0,0.0,0.0,0.0,0.0,781.3,--
2025/9/2 3:22,24.4,59,14.1,90,12.5,14.1,1.8,2.5,326,948.7,1018.5,0.0,0,0.0,0.0,0.0,0.0,0.0,781.3,--
2025/9/2 3:23,24.4,59,14.1,91,12.7,14.1,0.0,1.8,293,948.5,1018.3,0.0,0,0.0,0.0,0.0,0.0,0.0,781.3,--
2025/9/2 3:24,24.4,59,14.1,90,12.5,14.1,1.8,1.8,35,948.6,1018.4,0.0,0,0.0,0.0,0.0,0.0,0.0,781.3,--
2025/9/2 3:25,24.4,59,14.1,90,12.5,14.1,0.0,1.8,132,948.5,1018.3,0.0,0,0.0,0.0,0.0,0.0,0.0,781.3,--
2025/9/2 3:26,24.4,59,14.2,90,12.6,14.2,2.2,2.5,42,948.5,1018.3,0.0,0,0.0,0.0,0.0,0.0,0.0,781.3,--
2025/9/2 3:27,24.4,59,14.2,90,12.6,14.2,2.5,3.2,32,948.4,1018.2,0.0,0,0.0,0.0,0.0,0.0,0.0,781.3,--
2025/9/2 3:28,24.4,59,14.2,90,12.6,14.2,3.2,3.2,14,948.6,1018.4,0.0,0,0.0,0.0,0.0,0.0,0.0,781.3,--
2025/9/2 3:29,24.4,59,14.3,90,12.7,14.3,0.0,1.8,60,948.5,1018.3,0.0,0,0.0,0.0,0.0,0.0,0.0,781.3,--
2025/9/2 3:30,24.4,59,14.3,90,12.7,14.3,1.8,2.9,44,948.4,1018.2,0.0,0,0.0,0.0,0.0,0.0,0.0,781.3,--
2025/9/2 3:31,24.4,59,14.3,90,12.7,14.3,0.0,2.5,24,948.7,1018.5,0.0,0,0.0,0.0,0.0,0.0,0.0,781.3,--
2025/9/2 3:32,24.4,59,14.4,89,12.6,14.4,2.2,3.6,333,948.7,1018.5,0.0,0,0.0,0.0,0.0,0.0,0.0,781.3,--
2025/9/2 3:33,24.4,59,14.6,88,12.6,14.6,2.5,4.3,13,948.5,1018.3,0.0,0,0.0,0.0,0.0,0.0,0.0,781.3,--
2025/9/2 3:34,24.4,59,14.7,88,12.7,14.7,2.2,4.3,33,948.5,1018.3,0.0,0,0.0,0.0,0.0,0.0,0.0,781.3,--
2025/9/2 3:35,24.4,59,14.7,88,12.7,14.7,0.0,2.5,34,948.4,1018.2,0.0,0,0.0,0.0,0.0,0.0,0.0,781.3,--
2025/9/2 3:36,24.4,59,14.7,89,12.9,14.7,0.0,2.2,352,948.6,1018.4,0.0,0,0.0,0.0,0.0,0.0,0.0,781.3,--
2025/9/2 3:37,24.4,58,14.6,89,12.8,14.6,2.2,2.9,24,948.5,1018.3,0.0,0,0.0,0.0,0.0,0.0,0.0,781.3,--
2025/9/2 3:38,24.4,59,14.5,89,12.7,14.5,3.2,3.2,8,948.5,1018.3,0.0,0,0.0,0.0,0.0,0.0,0.0,781.3,--
2025/9/2 3:39,24.4,58,14.5,89,12.7,14.5,2.9,3.2,6,948.6,1018.4,0.0,0,0.0,0.0,0.0,0.0,0.0,781.3,--
2025/9/2 3:40,24.4,59,14.5,89,12.7,14.5,0.0,3.2,314,948.4,1018.2,0.0,0,0.0,0.0,0.0,0.0,0.0,781.3,--
2025/9/2 3:41,24.4,58,14.4,90,12.8,14.4,0.0,2.5,354,948.4,1018.2,0.0,0,0.0,0.0,0.0,0.0,0.0,781.3,--
2025/9/2 3:42,24.4,59,14.4,90,12.8,14.4,0.0,3.2,76,948.4,1018.2,0.0,0,0.0,0.0,0.0,0.0,0.0,781.3,--
2025/9/2 3:43,24.4,59,14.4,90,12.8,14.4,0.0,2.9,3,948.2,1018.0,0.0,0,0.0,0.0,0.0,0.0,0.0,781.3,--
2025/9/2 3:44,24.4,59,14.4,90,12.8,14.4,0.0,2.5,287,948.4,1018.2,0.0,0,0.0,0.0,0.0,0.0,0.0,781.3,--
2025/9/2 3:45,24.4,59,14.5,90,12.9,14.5,1.8,3.6,329,948.1,1017.9,0.0,0,0.0,0.0,0.0,0.0,0.0,781.3,--
2025/9/2 3:46,24.4,59,14.6,89,12.8,14.6,2.9,3.2,313,948.2,1018.0,0.0,0,0.0,0.0,0.0,0.0,0.0,781.3,--
2025/9/2 3:47,24.4,59,14.8,89,13.0,14.8,4.3,4.7,317,948.3,1018.1,0.0,0,0.0,0.0,0.0,0.0,0.0,781.3,--
2025/9/2 3:48,24.4,58,15.0,88,13.0,15.0,2.5,2.9,304,948.2,1018.0,0.0,0,0.0,0.0,0.0,0.0,0.0,781.3,--
2025/9/2 3:49,24.4,58,15.0,88,13.0,15.0,2.9,3.6,23,948.2,1018.0,0.0,0,0.0,0.0,0.0,0.0,0.0,781.3,--
2025/9/2 3:50,24.4,58,14.9,88,12.9,14.9,2.2,2.9,28,948.2,1018.0,0.0,0,0.0,0.0,0.0,0.0,0.0,781.3,--
2025/9/2 3:51,24.4,58,14.9,88,12.9,14.9,4.0,4.7,17,948.3,1018.1,0.0,0,0.0,0.0,0.0,0.0,0.0,781.3,--
2025/9/2 3:52,24.4,58,14.9,88,12.9,14.9,3.2,4.3,16,948.5,1018.3,0.0,0,0.0,0.0,0.0,0.0,0.0,781.3,--
2025/9/2 3:53,24.4,58,15.0,88,13.0,15.0,1.8,3.2,15,948.2,1018.0,0.0,0,0.0,0.0,0.0,0.0,0.0,781.3,--
2025/9/2 3:54,24.4,58,15.0,88,13.0,15.0,1.8,2.9,14,948.3,1018.1,0.0,0,0.0,0.0,0.0,0.0,0.0,781.3,--
2025/9/2 3:55,24.4,58,14.9,88,12.9,14.9,0.0,1.8,309,948.1,1017.9,0.0,0,0.0,0.0,0.0,0.0,0.0,781.3,--
2025/9/2 3:56,24.4,58,14.8,88,12.8,14.8,1.8,2.9,0,948.3,1018.1,0.0,0,0.0,0.0,0.0,0.0,0.0,781.3,--
2025/9/2 3:57,24.4,58,14.8,89,13.0,14.8,0.0,2.5,4,948.2,1018.0,0.0,0,0.0,0.0,0.0,0.0,0.0,781.3,--
2025/9/2 3:58,24.4,59,14.7,89,12.9,14.7,1.8,3.2,26,948.3,1018.1,0.0,0,0.0,0.0,0.0,0.0,0.0,781.3,--
2025/9/2 3:59,24.3,59,14.7,89,12.9,14.7,0.0,1.8,348,948.3,1018.1,0.0,0,0.0,0.0,0.0,0.0,0.0,781.3,--
2025/9/2 4:00,24.3,59,14.7,89,12.9,14.7,0.0,2.2,330,948.3,1018.1,0.0,0,0.0,0.0,0.0,0.0,0.0,781.3,--
2025/9/2 4:01,24.3,59,14.6,90,13.0,14.6,0.0,1.8,1,948.1,1017.9,0.0,0,0.0,0.0,0.0,0.0,0.0,781.3,--
2025/9/2 4:02,24.3,59,14.6,90,13.0,14.6,0.0,3.2,11,948.0,1017.8,0.0,0,0.0,0.0,0.0,0.0,0.0,781.3,--
2025/9/2 4:03,24.3,59,14.5,90,12.9,14.5,0.0,1.8,335,948.0,1017.8,0.0,0,0.0,0.0,0.0,0.0,0.0,781.3,--
2025/9/2 4:04,24.3,59,14.6,90,13.0,14.6,2.9,2.9,10,948.3,1018.1,0.0,0,0.0,0.0,0.0,0.0,0.0,781.3,--
2025/9/2 4:05,24.3,59,14.5,90,12.9,14.5,0.0,2.9,22,948.1,1017.9,0.0,0,0.0,0.0,0.0,0.0,0.0,781.3,--
2025/9/2 4:06,24.3,59,14.5,90,12.9,14.5,0.0,3.2,21,948.2,1018.0,0.0,0,0.0,0.0,0.0,0.0,0.0,781.3,--
2025/9/2 4:07,24.3,59,14.5,90,12.9,14.5,0.0,2.5,5,948.1,1017.9,0.0,0,0.0,0.0,0.0,0.0,0.0,781.3,--
2025/9/2 4:08,24.3,59,14.5,90,12.9,14.5,2.9,2.9,66,948.1,1017.9,0.0,0,0.0,0.0,0.0,0.0,0.0,781.3,--
2025/9/2 4:09,24.3,59,14.5,90,12.9,14.5,0.0,2.9,100,948.2,1018.0,0.0,0,0.0,0.0,0.0,0.0,0.0,781.3,--
2025/9/2 4:10,24.3,59,14.5,90,12.9,14.5,0.0,2.5,8,948.3,1018.1,0.0,0,0.0,0.0,0.0,0.0,0.0,781.3,--
2025/9/2 4:11,24.3,59,14.4,90,12.8,14.4,2.5,3.2,16,948.5,1018.3,0.0,0,0.0,0.0,0.0,0.0,0.0,781.3,--
2025/9/2 4:12,24.3,59,14.4,91,13.0,14.4,2.5,3.6,43,948.3,1018.1,0.0,0,0.0,0.0,0.0,0.0,0.0,781.3,--
2025/9/2 4:13,24.3,59,14.4,91,13.0,14.4,0.0,2.2,358,948.3,1018.1,0.0,0,0.0,0.0,0.0,0.0,0.0,781.3,--
2025/9/2 4:14,24.3,59,14.3,91,12.9,14.3,0.0,2.2,23,948.0,1017.8,0.0,0,0.0,0.0,0.0,0.0,0.0,781.3,--
2025/9/2 4:15,24.3,59,14.2,91,12.8,14.2,0.0,2.5,312,948.2,1018.0,0.0,0,0.0,0.0,0.0,0.0,0.0,781.3,--
2025/9/2 4:16,24.3,59,14.3,90,12.7,14.3,2.9,3.2,327,948.3,1018.1,0.0,0,0.0,0.0,0.0,0.0,0.0,781.3,--
2025/9/2 4:17,24.3,59,14.4,89,12.6,14.4,0.0,2.5,330,948.2,1018.0,0.0,0,0.0,0.0,0.0,0.0,0.0,781.3,--
2025/9/2 4:18,24.3,59,14.4,89,12.6,14.4,2.2,3.2,326,948.3,1018.1,0.0,0,0.0,0.0,0.0,0.0,0.0,781.3,--
2025/9/2 4:19,24.3,59,14.5,89,12.7,14.5,1.8,3.6,334,948.2,1018.0,0.0,0,0.0,0.0,0.0,0.0,0.0,781.3,--
2025/9/2 4:20,24.3,59,14.5,88,12.5,14.5,2.2,2.5,315,948.3,1018.1,0.0,0,0.0,0.0,0.0,0.0,0.0,781.3,--
2025/9/2 4:21,24.4,59,14.7,87,12.6,14.7,2.9,3.6,347,948.4,1018.2,0.0,0,0.0,0.0,0.0,0.0,0.0,781.3,--
2025/9/2 4:22,24.3,59,14.8,86,12.5,14.8,1.8,2.5,2,948.3,1018.1,0.0,0,0.0,0.0,0.0,0.0,0.0,781.3,--
2025/9/2 4:23,24.3,59,14.8,86,12.5,14.8,3.2,5.4,15,948.3,1018.1,0.0,0,0.0,0.0,0.0,0.0,0.0,781.3,--
2025/9/2 4:24,24.3,58,14.9,87,12.8,14.9,2.9,4.7,21,948.5,1018.3,0.0,0,0.0,0.0,0.0,0.0,0.0,781.3,--
2025/9/2 4:25,24.3,58,14.8,87,12.7,14.8,2.9,3.6,17,948.6,1018.4,0.0,0,0.0,0.0,0.0,0.0,0.0,781.3,--
2025/9/2 4:26,24.3,58,14.8,87,12.7,14.8,2.5,4.3,349,948.5,1018.3,0.0,0,0.0,0.0,0.0,0.0,0.0,781.3,--
2025/9/2 4:27,24.3,58,14.8,88,12.8,14.8,2.2,3.6,331,948.3,1018.1,0.0,0,0.0,0.0,0.0,0.0,0.0,781.3,--
2025/9/2 4:28,24.3,58,14.7,88,12.7,14.7,0.0,2.2,358,948.4,1018.2,0.0,0,0.0,0.0,0.0,0.0,0.0,781.3,--
2025/9/2 4:29,24.3,58,14.6,88,12.6,14.6,1.8,3.2,17,948.5,1018.3,0.0,0,0.0,0.0,0.0,0.0,0.0,781.3,--
2025/9/2 4:30,24.3,58,14.5,88,12.5,14.5,0.0,2.2,39,948.6,1018.4,0.0,0,0.0,0.0,0.0,0.0,0.0,781.3,--
2025/9/2 4:31,24.3,58,14.5,89,12.7,14.5,2.5,2.9,33,948.4,1018.2,0.0,0,0.0,0.0,0.0,0.0,0.0,781.3,--
2025/9/2 4:32,24.3,58,14.5,89,12.7,14.5,2.5,3.6,1,948.3,1018.1,0.0,0,0.0,0.0,0.0,0.0,0.0,781.3,--
2025/9/2 4:33,24.3,58,14.5,89,12.7,14.5,0.0,2.9,16,948.6,1018.4,0.0,0,0.0,0.0,0.0,0.0,0.0,781.3,--
2025/9/2 4:34,24.3,58,14.4,89,12.6,14.4,2.5,3.2,290,948.6,1018.4,0.0,0,0.0,0.0,0.0,0.0,0.0,781.3,--
2025/9/2 4:35,24.3,58,14.3,90,12.7,14.3,0.0,2.5,342,948.5,1018.3,0.0,0,0.0,0.0,0.0,0.0,0.0,781.3,--
2025/9/2 4:36,24.3,58,14.3,89,12.5,14.3,0.0,2.5,335,948.5,1018.3,0.0,0,0.0,0.0,0.0,0.0,0.0,781.3,--
2025/9/2 4:37,24.3,58,14.4,89,12.6,14.4,1.8,2.9,7,948.6,1018.4,0.0,0,0.0,0.0,0.0,0.0,0.0,781.3,--
2025/9/2 4:38,24.3,58,14.4,89,12.6,14.4,3.2,4.3,21,948.5,1018.3,0.0,0,0.0,0.0,0.0,0.0,0.0,781.3,--
2025/9/2 4:39,24.3,58,14.4,89,12.6,14.4,2.5,5.0,8,948.4,1018.2,0.0,0,0.0,0.0,0.0,0.0,0.0,781.3,--
2025/9/2 4:40,24.3,58,14.6,89,12.8,14.6,1.8,3.6,12,948.5,1018.3,0.0,0,0.0,0.0,0.0,0.0,0.0,781.3,--
2025/9/2 4:41,24.3,58,14.6,89,12.8,14.6,1.8,3.6,325,948.5,1018.3,0.0,0,0.0,0.0,0.0,0.0,0.0,781.3,--
2025/9/2 4:42,24.3,58,14.5,89,12.7,14.5,2.2,3.2,315,948.7,1018.5,0.0,0,0.0,0.0,0.0,0.0,0.0,781.3,--
2025/9/2 4:43,24.3,58,14.5,89,12.7,14.5,2.5,2.9,355,948.7,1018.5,0.0,0,0.0,0.0,0.0,0.0,0.0,781.3,--
2025/9/2 4:44,24.3,58,14.6,90,13.0,14.6,2.9,4.3,8,948.8,1018.6,0.0,0,0.0,0.0,0.0,0.0,0.0,781.3,--
2025/9/2 4:45,24.3,58,14.6,89,12.8,14.6,0.0,3.2,326,948.7,1018.5,0.0,0,0.0,0.0,0.0,0.0,0.0,781.3,--
2025/9/2 4:46,24.3,58,14.6,88,12.6,14.6,2.9,2.9,277,948.6,1018.4,0.0,0,0.0,0.0,0.0,0.0,0.0,781.3,--
2025/9/2 4:47,24.3,58,14.7,88,12.7,14.7,4.0,4.3,328,948.7,1018.5,0.0,0,0.0,0.0,0.0,0.0,0.0,781.3,--
2025/9/2 4:48,24.3,58,14.8,88,12.8,14.8,2.2,4.0,317,948.8,1018.6,0.0,0,0.0,0.0,0.0,0.0,0.0,781.3,--
2025/9/2 4:49,24.3,58,15.0,87,12.9,15.0,2.5,4.3,300,948.8,1018.6,0.0,0,0.0,0.0,0.0,0.0,0.0,781.3,--
2025/9/2 4:50,24.3,58,15.2,87,13.1,15.2,1.8,2.2,354,948.7,1018.5,0.0,0,0.0,0.0,0.0,0.0,0.0,781.3,--
2025/9/2 4:51,24.3,58,15.2,86,12.9,15.2,2.5,2.9,296,948.5,1018.3,0.0,0,0.0,0.0,0.0,0.0,0.0,781.3,--
2025/9/2 4:52,24.2,57,15.3,86,13.0,15.3,0.0,2.2,336,948.8,1018.6,0.0,0,0.0,0.0,0.0,0.0,0.0,781.3,--
2025/9/2 4:53,24.3,57,15.5,85,13.0,15.5,4.0,4.0,330,948.7,1018.5,0.0,0,0.0,0.0,0.0,0.0,0.0,781.3,--
2025/9/2 4:54,24.2,57,15.6,85,13.1,15.6,2.9,2.9,353,948.7,1018.5,0.0,0,0.0,0.0,0.0,0.0,0.0,781.3,--
2025/9/2 4:55,24.3,57,15.7,85,13.2,15.7,0.0,2.5,338,948.9,1018.7,0.0,0,0.0,0.0,0.0,0.0,0.0,781.3,--
2025/9/2 4:56,24.3,57,15.8,85,13.3,15.8,0.0,3.6,18,948.9,1018.7,0.0,0,0.0,0.0,0.0,0.0,0.0,781.3,--
2025/9/2 4:57,24.3,57,15.8,87,13.7,15.8,4.0,4.7,18,948.7,1018.5,0.0,0,0.0,0.0,0.0,0.0,0.0,781.3,--
2025/9/2 4:58,24.3,57,15.9,87,13.8,15.9,2.5,3.2,21,948.8,1018.6,0.0,0,0.0,0.0,0.0,0.0,0.0,781.3,--
2025/9/2 4:59,24.2,57,15.9,88,13.9,15.9,4.0,5.0,334,948.8,1018.6,0.0,0,0.0,0.0,0.0,0.0,0.0,781.3,--
2025/9/2 5:00,24.3,57,15.9,88,13.9,15.9,1.8,2.9,323,948.9,1018.7,0.0,0,0.0,0.0,0.0,0.0,0.0,781.3,--
2025/9/2 5:01,24.2,57,15.8,87,13.7,15.8,3.6,4.7,341,948.9,1018.7,0.0,0,0.0,0.0,0.0,0.0,0.0,781.3,--
2025/9/2 5:02,24.3,57,15.9,88,13.9,15.9,2.5,3.6,347,948.8,1018.6,0.0,0,0.0,0.0,0.0,0.0,0.0,781.3,--
2025/9/2 5:03,24.3,57,15.9,87,13.8,15.9,2.9,3.2,351,948.9,1018.7,0.0,0,0.0,0.0,0.0,0.0,0.0,781.3,--
2025/9/2 5:04,24.3,57,16.0,86,13.7,16.0,2.9,4.3,285,949.0,1018.8,0.0,0,0.0,0.0,0.0,0.0,0.0,781.3,--
2025/9/2 5:05,24.3,57,16.1,85,13.6,16.1,2.2,4.0,0,949.0,1018.8,0.0,0,0.0,0.0,0.0,0.0,0.0,781.3,--
2025/9/2 5:06,24.2,57,16.2,84,13.5,16.2,2.5,4.7,10,948.8,1018.6,0.0,0,0.0,0.0,0.0,0.0,0.0,781.3,--
2025/9/2 5:07,24.2,57,16.3,85,13.8,16.3,2.9,4.3,7,948.9,1018.7,0.0,0,0.0,0.0,0.0,0.0,0.0,781.3,--
2025/9/2 5:08,24.2,57,16.4,85,13.9,16.4,4.0,5.0,23,948.8,1018.6,0.0,0,0.0,0.0,0.0,0.0,0.0,781.3,--
2025/9/2 5:09,24.2,57,16.4,85,13.9,16.4,2.5,4.0,36,948.8,1018.6,0.0,0,0.0,0.0,0.0,0.0,0.0,781.3,--
2025/9/2 5:10,24.2,58,16.5,85,14.0,16.5,2.9,3.6,43,949.1,1018.9,0.0,0,0.0,0.0,0.0,0.0,0.0,781.3,--
2025/9/2 5:11,24.2,58,16.5,84,13.8,16.5,0.0,2.9,1,948.7,1018.5,0.0,0,0.0,0.0,0.0,0.0,0.0,781.3,--
2025/9/2 5:12,24.2,58,16.6,86,14.3,16.6,0.0,1.8,3,948.8,1018.6,0.0,0,0.0,0.0,0.0,0.0,0.0,781.3,--
2025/9/2 5:13,24.2,58,16.5,85,14.0,16.5,0.0,1.8,35,949.1,1018.9,0.0,0,0.0,0.0,0.0,0.0,0.0,781.3,--
2025/9/2 5:14,24.2,58,16.5,85,14.0,16.5,1.8,3.6,93,949.1,1018.9,0.0,0,0.0,0.0,0.0,0.0,0.0,781.3,--
2025/9/2 5:15,24.2,58,16.5,84,13.8,16.5,0.0,1.8,354,949.0,1018.8,0.0,0,0.0,0.0,0.0,0.0,0.0,781.3,--
2025/9/2 5:16,24.2,58,16.4,83,13.5,16.4,2.5,2.5,49,949.0,1018.8,0.0,0,0.0,0.0,0.0,0.0,0.0,781.3,--
2025/9/2 5:17,24.2,58,16.4,83,13.5,16.4,0.0,2.2,17,948.9,1018.7,0.0,0,0.0,0.0,0.0,0.0,0.0,781.3,--
2025/9/2 5:18,24.2,58,16.4,84,13.7,16.4,1.8,2.5,66,948.9,1018.7,0.0,0,0.0,0.0,0.0,0.0,0.0,781.3,--
2025/9/2 5:19,24.2,58,16.5,85,14.0,16.5,2.5,2.5,116,948.7,1018.5,0.0,0,0.0,0.0,0.0,0.0,0.0,781.3,--
2025/9/2 5:20,24.3,58,16.5,84,13.8,16.5,0.0,1.8,244,948.8,1018.6,0.0,0,0.0,0.0,0.0,0.0,0.0,781.3,--
2025/9/2 5:21,24.2,58,16.5,84,13.8,16.5,0.0,0.0,348,949.0,1018.8,0.0,0,0.0,0.0,0.0,0.0,0.0,781.3,--
2025/9/2 5:22,24.2,58,16.5,85,14.0,16.5,0.0,2.2,333,948.7,1018.5,0.0,0,0.0,0.0,0.0,0.0,0.0,781.3,--
2025/9/2 5:23,24.2,58,16.6,85,14.1,16.6,1.8,2.2,120,948.7,1018.5,0.0,0,0.0,0.0,0.0,0.0,0.0,781.3,--
2025/9/2 5:24,24.2,58,16.6,85,14.1,16.6,0.0,1.8,22,948.9,1018.7,0.0,0,0.0,0.0,0.0,0.0,0.0,781.3,--
2025/9/2 5:25,24.2,58,16.6,84,13.9,16.6,0.0,1.8,142,948.8,1018.6,0.0,0,0.0,0.0,0.0,0.0,0.0,781.3,--
2025/9/2 5:26,24.3,58,16.6,85,14.1,16.6,1.8,2.2,32,948.8,1018.6,0.0,0,0.0,0.0,0.0,0.0,0.0,781.3,--
2025/9/2 5:27,24.3,58,16.6,85,14.1,16.6,3.2,4.3,36,948.8,1018.6,0.0,0,0.0,0.0,0.0,0.0,0.0,781.3,--
2025/9/2 5:28,24.3,58,16.7,86,14.4,16.7,2.9,3.6,358,948.8,1018.6,0.0,0,0.0,0.0,0.0,0.0,0.0,781.3,--
2025/9/2 5:29,24.3,58,16.7,87,14.6,16.7,0.0,2.5,2,948.8,1018.6,0.0,0,0.0,0.0,0.0,0.0,0.0,781.3,--
2025/9/2 5:30,24.3,58,16.8,87,14.7,16.8,1.8,2.9,322,948.8,1018.6,0.0,0,0.0,0.0,0.0,0.0,0.0,781.3,--
2025/9/2 5:31,24.3,58,16.7,85,14.2,16.7,3.2,3.6,320,948.8,1018.6,0.0,0,0.0,0.0,0.0,0.0,0.0,781.3,--
2025/9/2 5:32,24.2,58,16.7,84,14.0,16.7,0.0,3.2,14,948.7,1018.5,0.0,0,0.0,0.0,0.0,0.0,0.0,781.3,--
2025/9/2 5:33,24.2,58,16.7,85,14.2,16.7,0.0,2.5,324,948.7,1018.5,0.0,0,0.0,0.0,0.0,0.0,0.0,781.3,--
2025/9/2 5:34,24.2,58,16.8,86,14.5,16.8,0.0,2.2,32,948.7,1018.5,0.0,0,0.0,0.0,0.0,0.0,0.0,781.3,--
2025/9/2 5:35,24.2,58,16.8,85,14.3,16.8,0.0,2.2,358,948.6,1018.4,0.0,0,0.0,0.0,0.0,0.0,0.0,781.3,--
2025/9/2 5:36,24.2,58,16.8,87,14.7,16.8,0.0,2.2,357,948.7,1018.5,0.0,0,0.0,0.0,0.0,0.0,0.0,781.3,--
2025/9/2 5:37,24.2,58,16.8,86,14.5,16.8,0.0,1.8,42,948.7,1018.5,0.0,0,0.0,0.0,0.0,0.0,0.0,781.3,--
2025/9/2 5:38,24.2,58,16.8,85,14.3,16.8,0.0,1.8,55,948.7,1018.5,0.0,0,0.0,0.0,0.0,0.0,0.0,781.3,--
2025/9/2 5:39,24.3,58,16.8,85,14.3,16.8,2.2,2.9,308,948.8,1018.6,0.0,0,0.0,0.0,0.0,0.0,0.0,781.3,--
2025/9/2 5:40,24.3,58,16.9,83,14.0,16.9,0.0,2.9,30,948.6,1018.4,0.0,0,0.0,0.0,0.0,0.0,0.0,781.3,--
2025/9/2 5:41,24.2,58,16.9,82,13.8,16.9,2.5,3.6,19,948.9,1018.7,0.0,0,0.0,0.0,0.0,0.0,0.0,781.3,--
2025/9/2 5:42,24.2,58,17.0,83,14.1,17.0,1.8,4.3,338,948.8,1018.6,0.0,0,0.0,0.0,0.0,0.0,0.0,781.3,--
2025/9/2 5:43,24.2,58,17.1,84,14.4,17.1,2.2,4.0,5,948.7,1018.5,0.0,0,0.0,0.0,0.0,0.0,0.0,781.3,--
2025/9/2 5:44,24.2,59,17.2,85,14.7,17.2,1.8,2.5,358,948.7,1018.5,0.0,0,0.0,0.0,0.0,0.0,0.0,781.3,--
2025/9/2 5:45,24.2,58,17.2,87,15.0,17.2,1.8,2.9,339,948.8,1018.6,0.0,0,0.0,0.0,0.0,0.0,0.0,781.3,--
2025/9/2 5:46,24.3,58,17.2,85,14.7,17.2,0.0,3.6,346,948.8,1018.6,0.0,0,0.0,0.0,0.0,0.0,0.0,781.3,--
2025/9/2 5:47,24.3,58,17.2,85,14.7,17.2,0.0,2.9,28,948.9,1018.7,0.0,0,0.0,0.0,0.0,0.0,0.0,781.3,--
2025/9/2 5:48,24.3,59,17.1,85,14.6,17.1,0.0,2.5,320,949.0,1018.8,0.0,0,0.0,0.0,0.0,0.0,0.0,781.3,--
2025/9/2 5:49,24.3,59,17.1,87,14.9,17.1,2.5,2.9,262,949.0,1018.8,0.0,0,0.0,0.0,0.0,0.0,0.0,781.3,--
2025/9/2 5:50,24.2,58,17.1,86,14.8,17.1,0.0,2.5,5,948.9,1018.7,0.0,0,0.0,0.0,0.0,0.0,0.0,781.3,--
2025/9/2 5:51,24.2,59,17.1,86,14.8,17.1,0.0,2.9,27,948.9,1018.7,0.0,0,0.0,0.0,0.0,0.0,0.0,781.3,--
2025/9/2 5:52,24.2,59,17.1,87,14.9,17.1,0.0,2.2,39,948.9,1018.7,0.0,0,0.0,0.0,0.0,0.0,0.0,781.3,--
2025/9/2 5:53,24.3,58,17.0,86,14.7,17.0,1.8,2.9,309,948.9,1018.7,0.0,0,0.0,0.0,0.0,0.0,0.0,781.3,--
2025/9/2 5:54,24.3,58,17.0,86,14.7,17.0,0.0,2.9,312,948.9,1018.7,0.0,0,0.0,0.0,0.0,0.0,0.0,781.3,--
2025/9/2 5:55,24.2,59,17.0,86,14.7,17.0,1.8,2.5,333,948.8,1018.6,0.0,0,0.0,0.0,0.0,0.0,0.0,781.3,--
2025/9/2 5:56,24.2,59,17.0,85,14.5,17.0,2.2,3.6,271,948.8,1018.6,0.0,0,0.0,0.0,0.0,0.0,0.0,781.3,--
2025/9/2 5:57,24.2,59,17.0,85,14.5,17.0,2.5,3.2,319,948.8,1018.6,0.0,0,0.0,0.0,0.0,0.0,0.0,781.3,--
2025/9/2 5:58,24.2,58,17.0,83,14.1,17.0,0.0,1.8,302,948.9,1018.7,0.0,0,0.0,0.0,0.0,0.0,0.0,781.3,--
2025/9/2 5:59,24.2,58,17.1,82,14.0,17.1,0.0,2.2,2,949.0,1018.8,0.0,0,0.0,0.0,0.0,0.0,0.0,781.3,--
2025/9/2 6:00,24.3,58,17.1,84,14.4,17.1,2.2,2.9,6,949.0,1018.8,0.0,0,0.0,0.0,0.0,0.0,0.0,781.3,--
2025/9/2 6:01,24.2,59,17.1,83,14.2,17.1,2.2,2.5,100,949.0,1018.8,0.0,0,0.0,0.0,0.0,0.0,0.0,781.3,--
2025/9/2 6:02,24.2,59,17.1,83,14.2,17.1,0.0,2.5,64,949.0,1018.8,0.0,0,0.0,0.0,0.0,0.0,0.0,781.3,--
2025/9/2 6:03,24.2,59,17.1,83,14.2,17.1,0.0,2.5,103,948.9,1018.7,0.0,0,0.0,0.0,0.0,0.0,0.0,781.3,--
2025/9/2 6:04,24.2,59,17.1,83,14.2,17.1,0.0,2.9,145,949.1,1018.9,0.0,0,0.0,0.0,0.0,0.0,0.0,781.3,--
2025/9/2 6:05,24.2,59,17.1,83,14.2,17.1,1.8,2.5,78,949.0,1018.8,0.0,0,0.0,0.0,0.0,0.0,0.0,781.3,--
2025/9/2 6:06,24.3,59,17.1,83,14.2,17.1,0.0,2.5,93,948.9,1018.7,0.0,0,0.0,0.0,0.0,0.0,0.0,781.3,--
2025/9/2 6:07,24.3,59,17.2,85,14.7,17.2,1.8,2.2,79,949.0,1018.8,0.0,0,0.0,0.0,0.0,0.0,0.0,781.3,--
2025/9/2 6:08,24.3,59,17.2,84,14.5,17.2,1.8,2.9,16,948.9,1018.7,0.0,0,0.0,0.0,0.0,0.0,0.0,781.3,--
2025/9/2 6:09,24.3,59,17.2,84,14.5,17.2,0.0,2.2,358,948.9,1018.7,0.0,0,0.0,0.0,0.0,0.0,0.0,781.3,--
2025/9/2 6:10,24.3,59,17.3,86,15.0,17.3,0.0,2.5,333,948.8,1018.6,0.0,0,0.0,0.0,0.0,0.0,0.0,781.3,--
2025/9/2 6:11,24.3,59,17.3,87,15.1,17.3,1.8,2.2,37,948.8,1018.6,0.0,0,0.0,0.0,0.0,0.0,0.0,781.3,--
2025/9/2 6:12,24.2,59,17.2,85,14.7,17.2,0.0,0.0,166,948.9,1018.7,0.0,0,0.0,0.0,0.0,0.0,0.0,781.3,--
2025/9/2 6:13,24.2,59,17.1,83,14.2,17.1,3.2,3.2,294,949.0,1018.8,0.0,0,0.0,0.0,0.0,0.0,0.0,781.3,--
2025/9/2 6:14,24.2,59,17.2,82,14.1,17.2,1.8,2.9,325,949.0,1018.8,0.0,0,0.0,0.0,0.0,0.0,0.0,781.3,--
2025/9/2 6:15,24.2,59,17.2,82,14.1,17.2,1.8,1.8,11,949.3,1019.1,0.0,0,0.0,0.0,0.0,0.0,0.0,781.3,--
2025/9/2 6:16,24.2,59,17.3,83,14.4,17.3,0.0,1.8,181,949.1,1018.9,0.0,0,0.0,0.0,0.0,0.0,0.0,781.3,--
2025/9/2 6:17,24.2,59,17.3,85,14.8,17.3,0.0,1.8,3,949.4,1019.2,0.0,0,0.0,0.0,0.0,0.0,0.0,781.3,--
2025/9/2 6:18,24.2,59,17.3,84,14.6,17.3,2.2,2.5,333,949.4,1019.2,0.0,0,0.0,0.0,0.0,0.0,0.0,781.3,--
2025/9/2 6:19,24.2,59,17.3,84,14.6,17.3,0.0,1.8,119,949.4,1019.2,0.0,0,0.0,0.0,0.0,0.0,0.0,781.3,--
2025/9/2 6:20,24.3,59,17.2,81,13.9,17.2,2.2,2.2,294,949.2,1019.0,0.1,0,0.0,0.0,0.0,0.0,0.0,781.3,--
2025/9/2 6:21,24.2,59,17.3,81,14.0,17.3,1.8,2.5,18,949.2,1019.0,0.2,0,0.0,0.0,0.0,0.0,0.0,781.3,--
2025/9/2 6:22,24.2,59,17.3,83,14.4,17.3,4.3,5.0,9,949.3,1019.1,0.3,0,0.0,0.0,0.0,0.0,0.0,781.3,--
2025/9/2 6:23,24.2,59,17.4,84,14.7,17.4,2.5,4.0,8,949.2,1019.0,0.5,0,0.0,0.0,0.0,0.0,0.0,781.3,--
2025/9/2 6:24,24.3,59,17.4,83,14.5,17.4,2.9,4.3,4,949.2,1019.0,0.7,0,0.0,0.0,0.0,0.0,0.0,781.3,--
2025/9/2 6:25,24.2,59,17.3,83,14.4,17.3,2.2,4.0,319,948.9,1018.7,0.7,0,0.0,0.0,0.0,0.0,0.0,781.3,--
2025/9/2 6:26,24.2,59,17.3,85,14.8,17.3,1.8,3.2,305,949.0,1018.8,0.8,0,0.0,0.0,0.0,0.0,0.0,781.3,--
2025/9/2 6:27,24.2,59,17.3,85,14.8,17.3,2.2,3.2,298,949.0,1018.8,1.0,0,0.0,0.0,0.0,0.0,0.0,781.3,--
2025/9/2 6:28,24.2,59,17.2,84,14.5,17.2,2.5,4.0,341,949.0,1018.8,1.3,0,0.0,0.0,0.0,0.0,0.0,781.3,--
2025/9/2 6:29,24.2,58,17.2,83,14.3,17.2,2.2,3.2,305,948.8,1018.6,1.7,0,0.0,0.0,0.0,0.0,0.0,781.3,--
2025/9/2 6:30,24.2,58,17.2,81,13.9,17.2,4.3,4.7,3,948.6,1018.4,1.9,0,0.0,0.0,0.0,0.0,0.0,781.3,--
2025/9/2 6:31,24.2,58,17.2,81,13.9,17.2,2.2,4.0,340,948.8,1018.6,2.2,0,0.0,0.0,0.0,0.0,0.0,781.3,--
2025/9/2 6:32,24.2,58,17.3,79,13.6,17.3,2.9,4.0,263,948.7,1018.5,2.4,0,0.0,0.0,0.0,0.0,0.0,781.3,--
2025/9/2 6:33,24.2,58,17.3,80,13.8,17.3,2.2,2.5,272,948.7,1018.5,2.6,0,0.0,0.0,0.0,0.0,0.0,781.3,--
2025/9/2 6:34,24.2,58,17.4,79,13.7,17.4,2.9,2.9,272,948.7,1018.5,2.6,0,0.0,0.0,0.0,0.0,0.0,781.3,--
2025/9/2 6:35,24.2,58,17.4,75,12.9,17.4,2.2,3.6,281,948.5,1018.3,2.9,0,0.0,0.0,0.0,0.0,0.0,781.3,--
2025/9/2 6:36,24.2,58,17.6,75,13.1,17.6,1.8,2.5,241,948.5,1018.3,3.2,0,0.0,0.0,0.0,0.0,0.0,781.3,--
2025/9/2 6:37,24.2,58,17.8,74,13.1,17.8,1.8,2.5,0,948.5,1018.3,3.7,0,0.0,0.0,0.0,0.0,0.0,781.3,--
2025/9/2 6:38,24.2,58,17.9,72,12.8,17.9,0.0,2.9,282,948.4,1018.2,4.3,0,0.0,0.0,0.0,0.0,0.0,781.3,--
2025/9/2 6:39,24.2,58,18.1,70,12.6,18.1,2.2,2.2,193,948.6,1018.4,4.8,0,0.0,0.0,0.0,0.0,0.0,781.3,--
2025/9/2 6:40,24.2,58,18.3,69,12.5,18.3,0.0,1.8,336,948.6,1018.4,5.5,0,0.0,0.0,0.0,0.0,0.0,781.3,--
2025/9/2 6:41,24.2,58,18.4,67,12.2,18.4,0.0,4.0,272,948.6,1018.4,6.0,0,0.0,0.0,0.0,0.0,0.0,781.3,--
2025/9/2 6:42,24.2,58,18.6,65,11.9,18.6,0.0,2.2,108,948.4,1018.2,6.2,0,0.0,0.0,0.0,0.0,0.0,781.3,--
2025/9/2 6:43,24.2,57,18.8,66,12.3,18.8,0.0,2.5,207,948.7,1018.5,5.9,0,0.0,0.0,0.0,0.0,0.0,781.3,--
2025/9/2 6:44,24.2,57,18.9,66,12.4,18.9,1.8,3.6,239,948.6,1018.4,5.8,0,0.0,0.0,0.0,0.0,0.0,781.3,--
2025/9/2 6:45,24.2,57,19.0,64,12.1,19.0,1.8,2.5,284,948.4,1018.2,5.9,0,0.0,0.0,0.0,0.0,0.0,781.3,--
2025/9/2 6:46,24.2,57,19.2,62,11.7,19.2,2.9,3.6,254,948.4,1018.2,6.3,0,0.0,0.0,0.0,0.0,0.0,781.3,--
2025/9/2 6:47,24.2,57,19.3,63,12.1,19.3,0.0,3.2,352,948.3,1018.1,6.9,0,0.0,0.0,0.0,0.0,0.0,781.3,--
2025/9/2 6:48,24.2,57,19.3,64,12.3,19.3,1.8,2.5,85,948.2,1018.0,7.3,0,0.0,0.0,0.0,0.0,0.0,781.3,--
2025/9/2 6:49,24.2,57,19.2,64,12.2,19.2,0.0,2.5,338,948.4,1018.2,7.4,0,0.0,0.0,0.0,0.0,0.0,781.3,--
2025/9/2 6:50,24.2,57,19.2,64,12.2,19.2,2.2,3.2,67,948.6,1018.4,8.0,0,0.0,0.0,0.0,0.0,0.0,781.3,--
2025/9/2 6:51,24.2,57,19.2,64,12.2,19.2,1.8,2.2,237,948.6,1018.4,8.9,0,0.0,0.0,0.0,0.0,0.0,781.3,--
2025/9/2 6:52,24.2,57,19.2,65,12.5,19.2,3.6,3.6,111,948.5,1018.3,9.6,0,0.0,0.0,0.0,0.0,0.0,781.3,--
2025/9/2 6:53,24.2,56,19.2,64,12.2,19.2,3.2,3.6,121,948.4,1018.2,10.4,0,0.0,0.0,0.0,0.0,0.0,781.3,--
2025/9/2 6:54,24.2,57,19.2,66,12.7,19.2,3.2,4.3,111,948.4,1018.2,11.2,0,0.0,0.0,0.0,0.0,0.0,781.3,--
2025/9/2 6:55,24.2,56,19.1,68,13.1,19.1,6.1,6.1,94,948.4,1018.2,11.7,0,0.0,0.0,0.0,0.0,0.0,781.3,--
2025/9/2 6:56,24.2,56,19.0,68,13.0,19.0,3.6,4.7,99,948.4,1018.2,11.9,0,0.0,0.0,0.0,0.0,0.0,781.3,--
2025/9/2 6:57,24.2,56,19.0,68,13.0,19.0,2.5,4.0,108,948.3,1018.1,11.6,0,0.0,0.0,0.0,0.0,0.0,781.3,--
2025/9/2 6:58,24.2,56,18.9,69,13.1,18.9,2.2,2.9,131,948.1,1017.9,10.9,0,0.0,0.0,0.0,0.0,0.0,781.3,--
2025/9/2 6:59,24.2,56,18.9,69,13.1,18.9,0.0,2.5,91,948.4,1018.2,10.4,0,0.0,0.0,0.0,0.0,0.0,781.3,--
2025/9/2 7:00,24.2,56,18.9,70,13.3,18.9,3.2,3.2,93,948.3,1018.1,10.1,0,0.0,0.0,0.0,0.0,0.0,781.3,--
2025/9/2 7:01,24.2,56,18.8,70,13.2,18.8,3.2,4.7,98,948.4,1018.2,10.1,0,0.0,0.0,0.0,0.0,0.0,781.3,--
2025/9/2 7:02,24.2,56,18.7,70,13.1,18.7,3.6,4.3,80,948.4,1018.2,10.3,0,0.0,0.0,0.0,0.0,0.0,781.3,--
2025/9/2 7:03,24.2,56,18.7,72,13.5,18.7,3.6,5.0,98,948.5,1018.3,10.0,0,0.0,0.0,0.0,0.0,0.0,781.3,--
2025/9/2 7:04,24.1,56,18.6,73,13.7,18.6,3.6,5.0,113,948.5,1018.3,8.4,0,0.0,0.0,0.0,0.0,0.0,781.3,--
2025/9/2 7:05,24.1,56,18.5,73,13.6,18.5,1.8,4.0,62,948.4,1018.2,8.0,0,0.0,0.0,0.0,0.0,0.0,781.3,--
2025/9/2 7:06,24.2,56,18.5,72,13.3,18.5,2.5,5.0,105,948.2,1018.0,7.8,0,0.0,0.0,0.0,0.0,0.0,781.3,--
2025/9/2 7:07,24.2,56,18.5,73,13.6,18.5,0.0,2.2,207,948.2,1018.0,7.7,0,0.0,0.0,0.0,0.0,0.0,781.3,--
2025/9/2 7:08,24.2,56,18.5,73,13.6,18.5,1.8,2.2,60,948.3,1018.1,7.7,0,0.0,0.0,0.0,0.0,0.0,781.3,--
2025/9/2 7:09,24.1,56,18.5,76,14.2,18.5,0.0,2.5,316,948.3,1018.1,7.7,0,0.0,0.0,0.0,0.0,0.0,781.3,--
2025/9/2 7:10,24.1,56,18.4,75,13.9,18.4,0.0,1.8,4,948.3,1018.1,7.8,0,0.0,0.0,0.0,0.0,0.0,781.3,--
2025/9/2 7:11,24.2,56,18.4,77,14.3,18.4,0.0,2.2,131,948.3,1018.1,7.9,0,0.0,0.0,0.0,0.0,0.0,781.3,--
2025/9/2 7:12,24.2,56,18.4,76,14.1,18.4,0.0,2.2,338,948.3,1018.1,8.2,0,0.0,0.0,0.0,0.0,0.0,781.3,--
2025/9/2 7:13,24.2,56,18.3,77,14.2,18.3,1.8,2.5,55,948.2,1018.0,8.5,0,0.0,0.0,0.0,0.0,0.0,781.3,--
2025/9/2 7:14,24.2,56,18.3,78,14.4,18.3,1.8,3.6,11,948.2,1018.0,8.8,0,0.0,0.0,0.0,0.0,0.0,781.3,--
2025/9/2 7:15,24.2,57,18.2,76,13.9,18.2,2.5,2.9,20,948.2,1018.0,9.2,0,0.0,0.0,0.0,0.0,0.0,781.3,--
2025/9/2 7:16,24.2,57,18.2,77,14.1,18.2,2.5,2.9,50,948.3,1018.1,9.7,0,0.0,0.0,0.0,0.0,0.0,781.3,--
2025/9/2 7:17,24.2,57,18.2,78,14.3,18.2,2.2,3.6,42,948.3,1018.1,10.1,0,0.0,0.0,0.0,0.0,0.0,781.3,--
2025/9/2 7:18,24.2,57,18.2,76,13.9,18.2,0.0,2.2,89,948.3,1018.1,10.3,0,0.0,0.0,0.0,0.0,0.0,781.3,--
2025/9/2 7:19,24.2,57,18.2,77,14.1,18.2,0.0,2.2,224,948.3,1018.1,10.4,0,0.0,0.0,0.0,0.0,0.0,781.3,--
2025/9/2 7:20,24.2,57,18.2,79,14.5,18.2,0.0,1.8,326,948.4,1018.2,10.1,0,0.0,0.0,0.0,0.0,0.0,781.3,--
2025/9/2 7:21,24.2,57,18.2,79,14.5,18.2,0.0,1.8,86,948.2,1018.0,9.6,0,0.0,0.0,0.0,0.0,0.0,781.3,--
2025/9/2 7:22,24.2,57,18.2,79,14.5,18.2,0.0,2.2,352,948.2,1018.0,9.3,0,0.0,0.0,0.0,0.0,0.0,781.3,--
2025/9/2 7:23,24.2,57,18.1,80,14.6,18.1,0.0,2.2,333,948.3,1018.1,9.3,0,0.0,0.0,0.0,0.0,0.0,781.3,--
2025/9/2 7:24,24.2,57,18.1,80,14.6,18.1,0.0,1.8,186,948.4,1018.2,9.6,0,0.0,0.0,0.0,0.0,0.0,781.3,--
2025/9/2 7:25,24.2,57,18.1,79,14.4,18.1,0.0,2.5,356,948.2,1018.0,10.5,0,0.0,0.0,0.0,0.0,0.0,781.3,--
2025/9/2 7:26,24.2,57,18.0,82,14.9,18.0,0.0,1.8,347,948.3,1018.1,11.5,0,0.0,0.0,0.0,0.0,0.0,781.3,--
2025/9/2 7:27,24.2,57,18.1,82,15.0,18.1,0.0,2.2,143,948.3,1018.1,12.3,0,0.0,0.0,0.0,0.0,0.0,781.3,--
2025/9/2 7:28,24.2,57,18.1,82,15.0,18.1,1.8,2.2,47,948.1,1017.9,13.2,0,0.0,0.0,0.0,0.0,0.0,781.3,--
2025/9/2 7:29,24.2,58,18.1,79,14.4,18.1,0.0,1.8,228,948.2,1018.0,15.1,0,0.0,0.0,0.0,0.0,0.0,781.3,--
2025/9/2 7:30,24.2,58,18.0,79,14.3,18.0,0.0,2.9,89,948.2,1018.0,17.3,0,0.0,0.0,0.0,0.0,0.0,781.3,--
2025/9/2 7:31,24.2,58,18.0,82,14.9,18.0,0.0,2.2,304,948.3,1018.1,18.9,0,0.0,0.0,0.0,0.0,0.0,781.3,--
2025/9/2 7:32,24.2,58,18.1,82,15.0,18.1,2.2,4.3,316,948.2,1018.0,21.4,0,0.0,0.0,0.0,0.0,0.0,781.3,--
2025/9/2 7:33,24.2,58,18.1,83,15.2,18.1,2.2,3.6,11,948.2,1018.0,22.1,0,0.0,0.0,0.0,0.0,0.0,781.3,--
2025/9/2 7:34,24.2,58,18.1,82,15.0,18.1,0.0,2.5,6,948.2,1018.0,20.2,0,0.0,0.0,0.0,0.0,0.0,781.3,--
2025/9/2 7:35,24.1,58,18.1,83,15.2,18.1,2.9,3.2,262,948.4,1018.2,20.3,0,0.0,0.0,0.0,0.0,0.0,781.3,--
2025/9/2 7:36,24.1,58,18.1,82,15.0,18.1,2.9,3.6,309,948.2,1018.0,18.9,0,0.0,0.0,0.0,0.0,0.0,781.3,--
2025/9/2 7:37,24.1,58,18.2,83,15.3,18.2,1.8,3.6,341,948.5,1018.3,18.3,0,0.0,0.0,0.0,0.0,0.0,781.3,--
2025/9/2 7:38,24.1,58,18.2,81,14.9,18.2,3.6,4.3,316,948.5,1018.3,19.4,0,0.0,0.0,0.0,0.0,0.0,781.3,--
2025/9/2 7:39,24.1,58,18.3,82,15.2,18.3,1.8,2.9,18,948.4,1018.2,18.9,0,0.0,0.0,0.0,0.0,0.0,781.3,--
2025/9/2 7:40,24.1,58,18.4,83,15.5,18.4,0.0,0.0,209,948.4,1018.2,20.0,0,0.0,0.0,0.0,0.0,0.0,781.3,--
2025/9/2 7:41,24.1,58,18.4,82,15.3,18.4,0.0,2.5,23,948.5,1018.3,21.0,0,0.0,0.0,0.0,0.0,0.0,781.3,--
2025/9/2 7:42,24.2,58,18.4,82,15.3,18.4,0.0,2.2,55,948.4,1018.2,19.8,0,0.0,0.0,0.0,0.0,0.0,781.3,--
2025/9/2 7:43,24.2,58,18.4,82,15.3,18.4,2.5,3.6,134,948.3,1018.1,20.8,0,0.0,0.0,0.0,0.0,0.0,781.3,--
2025/9/2 7:44,24.2,58,18.5,82,15.4,18.5,0.0,2.2,311,948.4,1018.2,22.4,0,0.0,0.0,0.0,0.0,0.0,781.3,--
2025/9/2 7:45,24.2,58,18.5,82,15.4,18.5,0.0,1.8,101,948.4,1018.2,25.0,0,0.0,0.0,0.0,0.0,0.0,781.3,--
2025/9/2 7:46,24.2,58,18.5,82,15.4,18.5,0.0,1.8,94,948.3,1018.1,27.2,0,0.0,0.0,0.0,0.0,0.0,781.3,--
2025/9/2 7:47,24.2,58,18.5,82,15.4,18.5,1.8,2.9,122,948.3,1018.1,32.5,0,0.0,0.0,0.0,0.0,0.0,781.3,--
2025/9/2 7:48,24.2,58,18.5,81,15.2,18.5,0.0,2.2,48,948.2,1018.0,37.8,0,0.0,0.0,0.0,0.0,0.0,781.3,--
2025/9/2 7:49,24.1,58,18.6,81,15.3,18.6,0.0,1.8,104,948.3,1018.1,41.2,0,0.0,0.0,0.0,0.0,0.0,781.3,--
2025/9/2 7:50,24.2,58,18.6,82,15.5,18.6,1.8,2.5,127,948.3,1018.1,44.6,0,0.0,0.0,0.0,0.0,0.0,781.3,--
2025/9/2 7:51,24.2,58,18.7,81,15.4,18.7,4.0,5.0,104,948.5,1018.3,49.9,0,0.0,0.0,0.0,0.0,0.0,781.3,--
2025/9/2 7:52,24.2,58,18.7,80,15.2,18.7,4.0,4.3,108,948.4,1018.2,56.7,0,0.0,0.0,0.0,0.0,0.0,781.3,--
2025/9/2 7:53,24.2,58,18.6,78,14.7,18.6,2.5,5.4,105,948.4,1018.2,63.7,0,0.0,0.0,0.0,0.0,0.0,781.3,--
2025/9/2 7:54,24.2,58,18.5,78,14.6,18.5,4.0,5.4,110,948.3,1018.1,69.8,0,0.0,0.0,0.0,0.0,0.0,781.3,--
2025/9/2 7:55,24.2,58,18.5,77,14.4,18.5,3.2,4.3,125,948.5,1018.3,72.1,0,0.0,0.0,0.0,0.0,0.0,781.3,--
2025/9/2 7:56,24.2,58,18.5,79,14.8,18.5,0.0,1.8,229,948.3,1018.1,74.5,0,0.0,0.0,0.0,0.0,0.0,781.3,--
2025/9/2 7:57,24.2,58,18.6,77,14.5,18.6,0.0,1.8,228,948.4,1018.2,76.9,0,0.0,0.0,0.0,0.0,0.0,781.3,--
2025/9/2 7:58,24.2,58,18.6,76,14.3,18.6,0.0,2.2,143,948.4,1018.2,77.2,0,0.0,0.0,0.0,0.0,0.0,781.3,--
2025/9/2 7:59,24.2,58,18.7,77,14.6,18.7,2.5,2.9,110,948.5,1018.3,76.7,0,0.0,0.0,0.0,0.0,0.0,781.3,--
2025/9/2 8:00,24.2,58,18.8,77,14.7,18.8,2.2,2.5,100,948.3,1018.1,79.9,0,0.0,0.0,0.0,0.0,0.0,781.3,--
2025/9/2 8:01,24.2,58,18.8,77,14.7,18.8,1.8,2.9,95,948.3,1018.1,81.2,0,0.0,0.0,0.0,0.0,0.0,781.3,--
2025/9/2 8:02,24.2,58,19.0,78,15.1,19.0,0.0,0.0,329,948.3,1018.1,82.5,0,0.0,0.0,0.0,0.0,0.0,781.3,--
2025/9/2 8:03,24.2,58,19.0,80,15.5,19.0,2.9,2.9,302,948.4,1018.2,83.3,0,0.0,0.0,0.0,0.0,0.0,781.3,--
2025/9/2 8:04,24.1,58,19.0,79,15.3,19.0,0.0,2.5,278,948.2,1018.0,88.8,0,0.0,0.0,0.0,0.0,0.0,781.3,--
2025/9/2 8:05,24.1,59,19.1,79,15.4,19.1,0.0,1.8,241,948.4,1018.2,91.3,0,0.0,0.0,0.0,0.0,0.0,781.3,--
2025/9/2 8:06,24.1,59,19.2,80,15.7,19.2,0.0,1.8,203,948.5,1018.3,85.3,0,0.0,0.0,0.0,0.0,0.0,781.3,--
2025/9/2 8:07,24.1,59,19.2,79,15.5,19.2,2.2,2.5,241,948.5,1018.3,71.3,0,0.0,0.0,0.0,0.0,0.0,781.3,--
2025/9/2 8:08,24.1,59,19.2,79,15.5,19.2,0.0,2.2,338,948.6,1018.4,66.5,0,0.0,0.0,0.0,0.0,0.0,781.3,--
2025/9/2 8:09,24.1,59,19.3,79,15.6,19.3,0.0,0.0,154,948.6,1018.4,65.6,0,0.0,0.0,0.0,0.0,0.0,781.3,--
2025/9/2 8:10,24.1,59,19.3,78,15.4,19.3,2.2,2.5,155,948.6,1018.4,63.5,0,0.0,0.0,0.0,0.0,0.0,781.3,--
2025/9/2 8:11,24.1,59,19.3,78,15.4,19.3,0.0,3.2,111,948.6,1018.4,57.0,0,0.0,0.0,0.0,0.0,0.0,781.3,--
2025/9/2 8:12,24.2,59,19.3,78,15.4,19.3,6.8,6.8,121,948.7,1018.5,52.8,0,0.0,0.0,0.0,0.0,0.0,781.3,--
2025/9/2 8:13,24.2,59,19.2,73,14.3,19.2,4.7,5.8,120,948.7,1018.5,58.4,0,0.0,0.0,0.0,0.0,0.0,781.3,--
2025/9/2 8:14,24.2,59,19.2,75,14.7,19.2,3.2,4.3,98,948.8,1018.6,64.1,0,0.0,0.0,0.0,0.0,0.0,781.3,--
2025/9/2 8:15,24.2,59,19.2,76,14.9,19.2,2.2,3.6,108,948.7,1018.5,58.3,0,0.0,0.0,0.0,0.0,0.0,781.3,--
2025/9/2 8:16,24.2,59,19.2,77,15.1,19.2,5.0,5.8,117,948.7,1018.5,54.3,0,0.0,0.0,0.0,0.0,0.0,781.3,--
2025/9/2 8:17,24.2,59,19.1,72,13.9,19.1,2.9,3.6,105,948.7,1018.5,57.5,0,0.0,0.0,0.0,0.0,0.0,781.3,--
2025/9/2 8:18,24.2,59,19.2,70,13.6,19.2,6.8,8.3,106,948.7,1018.5,63.7,0,0.0,0.0,0.0,0.0,0.0,781.3,--
2025/9/2 8:19,24.2,59,19.2,70,13.6,19.2,7.2,7.9,120,948.7,1018.5,69.1,0,0.0,0.0,0.0,0.0,0.0,781.3,--
2025/9/2 8:20,24.2,59,19.2,70,13.6,19.2,5.0,6.1,115,948.8,1018.6,58.1,0,0.0,0.0,0.0,0.0,0.0,781.3,--
2025/9/2 8:21,24.1,59,19.2,69,13.4,19.2,4.3,5.8,109,948.7,1018.5,44.5,0,0.0,0.0,0.0,0.0,0.0,781.3,--
2025/9/2 8:22,24.1,59,19.1,69,13.3,19.1,2.2,3.6,124,948.9,1018.7,42.6,0,0.0,0.0,0.0,0.0,0.0,781.3,--
2025/9/2 8:23,24.1,58,19.1,69,13.3,19.1,0.0,2.2,102,948.8,1018.6,49.0,0,0.0,0.0,0.0,0.0,0.0,781.3,--
2025/9/2 8:24,24.1,58,19.1,70,13.5,19.1,0.0,0.0,98,948.8,1018.6,56.2,0,0.0,0.0,0.0,0.0,0.0,781.3,--
2025/9/2 8:25,24.1,58,19.2,74,14.5,19.2,0.0,1.8,311,948.8,1018.6,56.1,0,0.0,0.0,0.0,0.0,0.0,781.3,--
2025/9/2 8:26,24.1,58,19.1,73,14.2,19.1,1.8,2.9,46,948.8,1018.6,54.4,0,0.0,0.0,0.0,0.0,0.0,781.3,--
2025/9/2 8:27,24.2,58,19.1,74,14.4,19.1,0.0,2.5,325,948.7,1018.5,58.3,0,0.0,0.0,0.0,0.0,0.0,781.3,--
2025/9/2 8:28,24.2,58,19.1,76,14.8,19.1,0.0,2.9,279,948.8,1018.6,67.8,0,0.0,0.0,0.0,0.0,0.0,781.3,--
2025/9/2 8:29,24.2,58,19.0,75,14.5,19.0,1.8,2.2,260,948.7,1018.5,73.0,0,0.0,0.0,0.0,0.0,0.0,781.3,--
2025/9/2 8:30,24.2,58,19.0,77,14.9,19.0,0.0,3.6,354,948.7,1018.5,77.5,0,0.0,0.0,0.0,0.0,0.0,781.3,--
2025/9/2 8:31,24.2,58,19.0,75,14.5,19.0,2.5,2.9,286,948.8,1018.6,99.2,0,0.0,0.0,0.0,0.0,0.0,781.3,--
2025/9/2 8:32,24.2,58,19.0,70,13.4,19.0,2.5,4.0,277,948.8,1018.6,111.7,1,0.0,0.0,0.0,0.0,0.0,781.3,--
2025/9/2 8:33,24.1,58,19.1,77,15.0,19.1,2.9,2.9,357,948.7,1018.5,97.7,0,0.0,0.0,0.0,0.0,0.0,781.3,--
2025/9/2 8:34,24.2,57,19.1,77,15.0,19.1,0.0,2.2,301,948.6,1018.4,79.2,0,0.0,0.0,0.0,0.0,0.0,781.3,--
2025/9/2 8:35,24.2,58,19.1,77,15.0,19.1,0.0,2.2,26,949.0,1018.8,66.2,0,0.0,0.0,0.0,0.0,0.0,781.3,--
2025/9/2 8:36,24.2,58,19.1,76,14.8,19.1,0.0,2.2,16,948.9,1018.7,66.5,0,0.0,0.0,0.0,0.0,0.0,781.3,--
2025/9/2 8:37,24.2,57,19.1,73,14.2,19.1,3.2,3.6,352,948.7,1018.5,75.6,0,0.0,0.0,0.0,0.0,0.0,781.3,--
2025/9/2 8:38,24.2,57,19.1,73,14.2,19.1,3.2,3.6,338,948.8,1018.6,95.1,0,0.0,0.0,0.0,0.0,0.0,781.3,--
2025/9/2 8:39,24.2,57,19.2,76,14.9,19.2,0.0,1.8,335,948.8,1018.6,111.9,1,0.0,0.0,0.0,0.0,0.0,781.3,--
2025/9/2 8:40,24.2,57,19.2,75,14.7,19.2,0.0,3.6,16,948.9,1018.7,104.8,0,0.0,0.0,0.0,0.0,0.0,781.3,--
2025/9/2 8:41,24.2,57,19.2,77,15.1,19.2,0.0,2.5,294,948.8,1018.6,84.2,0,0.0,0.0,0.0,0.0,0.0,781.3,--
2025/9/2 8:42,24.2,57,19.2,76,14.9,19.2,0.0,3.2,273,948.7,1018.5,66.6,0,0.0,0.0,0.0,0.0,0.0,781.3,--
2025/9/2 8:43,24.2,57,19.2,74,14.5,19.2,0.0,3.2,285,948.7,1018.5,61.4,0,0.0,0.0,0.0,0.0,0.0,781.3,--
2025/9/2 8:44,24.2,57,19.2,73,14.3,19.2,1.8,3.2,305,948.7,1018.5,61.3,0,0.0,0.0,0.0,0.0,0.0,781.3,--
2025/9/2 8:45,24.2,57,19.2,75,14.7,19.2,0.0,2.5,344,948.8,1018.6,57.6,0,0.0,0.0,0.0,0.0,0.0,781.3,--
2025/9/2 8:46,24.2,57,19.3,73,14.4,19.3,2.2,2.5,294,948.8,1018.6,68.5,0,0.0,0.0,0.0,0.0,0.0,781.3,--
2025/9/2 8:47,24.2,57,19.3,73,14.4,19.3,2.5,2.5,271,948.7,1018.5,81.2,0,0.0,0.0,0.0,0.0,0.0,781.3,--
2025/9/2 8:48,24.2,57,19.3,75,14.8,19.3,0.0,0.0,51,948.7,1018.5,83.1,0,0.0,0.0,0.0,0.0,0.0,781.3,--
2025/9/2 8:49,24.1,57,19.3,74,14.6,19.3,0.0,1.8,228,948.8,1018.6,96.1,0,0.0,0.0,0.0,0.0,0.0,781.3,--
2025/9/2 8:50,24.1,57,19.4,75,14.9,19.4,0.0,0.0,310,948.8,1018.6,135.9,1,0.0,0.0,0.0,0.0,0.0,781.3,--
2025/9/2 8:51,24.1,57,19.5,77,15.3,19.5,0.0,0.0,259,948.7,1018.5,162.0,1,0.0,0.0,0.0,0.0,0.0,781.3,--
2025/9/2 8:52,24.1,57,19.5,76,15.2,19.5,0.0,0.0,98,948.8,1018.6,153.8,1,0.0,0.0,0.0,0.0,0.0,781.3,--
2025/9/2 8:53,24.1,57,19.6,75,15.1,19.6,0.0,1.8,63,948.9,1018.7,104.8,0,0.0,0.0,0.0,0.0,0.0,781.3,--
2025/9/2 8:54,24.1,57,19.6,73,14.6,19.6,0.0,0.0,269,948.7,1018.5,87.5,0,0.0,0.0,0.0,0.0,0.0,781.3,--
2025/9/2 8:55,24.1,57,19.7,73,14.7,19.7,0.0,0.0,269,948.9,1018.7,95.5,0,0.0,0.0,0.0,0.0,0.0,781.3,--
2025/9/2 8:56,24.2,57,19.7,74,15.0,19.7,0.0,0.0,193,948.6,1018.4,115.2,1,0.0,0.0,0.0,0.0,0.0,781.3,--
2025/9/2 8:57,24.2,57,19.8,79,16.1,19.8,0.0,0.0,217,948.6,1018.4,131.9,1,0.0,0.0,0.0,0.0,0.0,781.3,--
2025/9/2 8:58,24.1,57,19.7,72,14.5,19.7,0.0,2.9,289,948.7,1018.5,141.9,1,0.0,0.0,0.0,0.0,0.0,781.3,--
2025/9/2 8:59,24.1,57,19.7,73,14.7,19.7,0.0,1.8,312,948.4,1018.2,149.2,1,0.0,0.0,0.0,0.0,0.0,781.3,--
2025/9/2 9:00,24.1,57,19.8,72,14.6,19.8,2.5,2.9,8,948.4,1018.2,153.5,1,0.0,0.0,0.0,0.0,0.0,781.3,--
2025/9/2 9:01,24.1,57,19.9,74,15.2,19.9,0.0,1.8,355,948.4,1018.2,151.4,1,0.0,0.0,0.0,0.0,0.0,781.3,--
2025/9/2 9:02,24.1,57,20.0,74,15.3,20.0,0.0,1.8,317,948.5,1018.3,129.9,1,0.0,0.0,0.0,0.0,0.0,781.3,--
2025/9/2 9:03,24.1,57,20.1,73,15.1,20.1,0.0,0.0,111,948.6,1018.4,104.5,0,0.0,0.0,0.0,0.0,0.0,781.3,--
2025/9/2 9:04,24.1,57,20.1,74,15.4,20.1,2.9,4.0,116,948.6,1018.4,91.3,0,0.0,0.0,0.0,0.0,0.0,781.3,--
2025/9/2 9:05,24.1,57,20.1,74,15.4,20.1,2.9,3.2,92,948.6,1018.4,103.2,0,0.0,0.0,0.0,0.0,0.0,781.3,--
2025/9/2 9:06,24.1,57,20.1,72,14.9,20.1,1.8,2.5,116,948.5,1018.3,130.7,1,0.0,0.0,0.0,0.0,0.0,781.3,--
2025/9/2 9:07,24.2,57,20.1,72,14.9,20.1,0.0,2.5,214,948.3,1018.1,135.2,1,0.0,0.0,0.0,0.0,0.0,781.3,--
2025/9/2 9:08,24.1,57,20.2,73,15.2,20.2,0.0,1.8,309,948.7,1018.5,117.2,1,0.0,0.0,0.0,0.0,0.0,781.3,--
2025/9/2 9:09,24.2,57,20.3,74,15.5,20.3,0.0,2.2,327,948.3,1018.1,125.8,1,0.0,0.0,0.0,0.0,0.0,781.3,--
2025/9/2 9:10,24.1,57,20.4,72,15.2,20.4,0.0,1.8,7,948.4,1018.2,136.6,1,0.0,0.0,0.0,0.0,0.0,781.3,--
2025/9/2 9:11,24.1,57,20.4,72,15.2,20.4,0.0,0.0,49,948.2,1018.0,142.7,1,0.0,0.0,0.0,0.0,0.0,781.3,--
2025/9/2 9:12,24.1,58,20.5,73,15.5,20.5,0.0,0.0,306,948.4,1018.2,140.1,1,0.0,0.0,0.0,0.0,0.0,781.3,--
2025/9/2 9:13,24.1,58,20.6,74,15.8,20.6,0.0,1.8,57,948.5,1018.3,140.1,1,0.0,0.0,0.0,0.0,0.0,781.3,--
2025/9/2 9:14,24.1,58,20.8,74,16.0,20.8,0.0,0.0,91,948.5,1018.3,151.4,1,0.0,0.0,0.0,0.0,0.0,781.3,--
2025/9/2 9:15,24.1,58,20.8,75,16.2,20.8,0.0,0.0,322,948.3,1018.1,154.7,1,0.0,0.0,0.0,0.0,0.0,781.3,--
2025/9/2 9:16,24.1,58,20.8,72,15.6,20.8,0.0,1.8,345,948.3,1018.1,144.1,1,0.0,0.0,0.0,0.0,0.0,781.3,--
2025/9/2 9:17,24.1,58,20.9,75,16.3,20.9,0.0,2.5,21,948.4,1018.2,129.2,1,0.0,0.0,0.0,0.0,0.0,781.3,--
2025/9/2 9:18,24.1,58,21.0,78,17.0,21.0,0.0,0.0,295,948.5,1018.3,125.8,1,0.0,0.0,0.0,0.0,0.0,781.3,--
2025/9/2 9:19,24.1,58,20.9,74,16.1,20.9,0.0,2.2,344,948.4,1018.2,131.0,1,0.0,0.0,0.0,0.0,0.0,781.3,--
2025/9/2 9:20,24.1,58,20.9,77,16.7,20.9,2.5,2.5,349,948.4,1018.2,140.4,1,0.0,0.0,0.0,0.0,0.0,781.3,--
2025/9/2 9:21,24.1,58,20.8,73,15.8,20.8,2.5,3.2,339,948.2,1018.0,146.7,1,0.0,0.0,0.0,0.0,0.0,781.3,--
2025/9/2 9:22,24.1,58,20.8,75,16.2,20.8,2.9,4.0,46,948.4,1018.2,143.3,1,0.0,0.0,0.0,0.0,0.0,781.3,--
2025/9/2 9:23,24.1,58,20.8,73,15.8,20.8,0.0,1.8,260,948.4,1018.2,130.5,1,0.0,0.0,0.0,0.0,0.0,781.3,--
2025/9/2 9:24,24.1,58,20.8,74,16.0,20.8,2.2,2.5,18,948.4,1018.2,119.1,1,0.0,0.0,0.0,0.0,0.0,781.3,--
2025/9/2 9:25,24.1,58,20.8,74,16.0,20.8,0.0,2.2,7,948.4,1018.2,117.8,1,0.0,0.0,0.0,0.0,0.0,781.3,--
2025/9/2 9:26,24.1,58,20.8,73,15.8,20.8,0.0,2.5,17,948.4,1018.2,118.0,1,0.0,0.0,0.0,0.0,0.0,781.3,--
2025/9/2 9:27,24.1,59,20.8,74,16.0,20.8,2.5,2.5,8,948.4,1018.2,114.8,1,0.0,0.0,0.0,0.0,0.0,781.3,--
2025/9/2 9:28,24.1,59,20.8,72,15.6,20.8,0.0,0.0,310,948.2,1018.0,112.1,1,0.0,0.0,0.0,0.0,0.0,781.3,--
2025/9/2 9:29,24.1,59,20.8,73,15.8,20.8,1.8,2.5,348,948.2,1018.0,109.2,1,0.0,0.0,0.0,0.0,0.0,781.3,--
2025/9/2 9:30,24.1,59,20.7,72,15.5,20.7,1.8,2.9,54,948.3,1018.1,106.8,0,0.0,0.0,0.0,0.0,0.0,781.3,--
2025/9/2 9:31,24.1,59,20.8,75,16.2,20.8,0.0,1.8,19,948.3,1018.1,104.0,0,0.0,0.0,0.0,0.0,0.0,781.3,--
2025/9/2 9:32,24.1,59,20.8,76,16.4,20.8,0.0,2.2,127,948.3,1018.1,102.5,0,0.0,0.0,0.0,0.0,0.0,781.3,--
2025/9/2 9:33,24.1,59,20.9,77,16.7,20.9,0.0,2.5,116,948.2,1018.0,107.1,0,0.0,0.0,0.0,0.0,0.0,781.3,--
2025/9/2 9:34,24.1,59,20.8,76,16.4,20.8,0.0,0.0,88,948.2,1018.0,119.0,1,0.0,0.0,0.0,0.0,0.0,781.3,--
2025/9/2 9:35,24.1,59,20.8,77,16.6,20.8,0.0,1.8,110,948.1,1017.9,134.3,1,0.0,0.0,0.0,0.0,0.0,781.3,--
2025/9/2 9:36,24.1,59,20.9,76,16.5,20.9,0.0,2.9,110,948.1,1017.9,139.4,1,0.0,0.0,0.0,0.0,0.0,781.3,--
2025/9/2 9:37,24.1,59,20.9,80,17.3,20.9,0.0,0.0,73,948.2,1018.0,147.5,1,0.0,0.0,0.0,0.0,0.0,781.3,--
2025/9/2 9:38,24.1,59,21.0,78,17.0,21.0,0.0,1.8,289,948.1,1017.9,156.1,1,0.0,0.0,0.0,0.0,0.0,781.3,--
2025/9/2 9:39,24.1,59,21.0,80,17.4,21.0,1.8,2.2,264,948.1,1017.9,162.0,1,0.0,0.0,0.0,0.0,0.0,781.3,--
2025/9/2 9:40,24.1,59,21.1,78,17.1,21.1,0.0,0.0,211,948.2,1018.0,172.6,1,0.0,0.0,0.0,0.0,0.0,781.3,--
2025/9/2 9:41,24.1,59,21.1,79,17.3,21.1,0.0,0.0,257,948.3,1018.1,160.6,1,0.0,0.0,0.0,0.0,0.0,781.3,--
2025/9/2 9:42,24.1,59,21.1,79,17.3,21.1,0.0,1.8,119,948.2,1018.0,135.7,1,0.0,0.0,0.0,0.0,0.0,781.3,--
2025/9/2 9:43,24.1,59,21.2,77,17.0,21.2,0.0,0.0,99,948.0,1017.8,122.0,1,0.0,0.0,0.0,0.0,0.0,781.3,--
2025/9/2 9:44,24.1,59,21.2,76,16.8,21.2,3.2,4.3,93,948.4,1018.2,122.9,1,0.0,0.0,0.0,0.0,0.0,781.3,--
2025/9/2 9:45,24.1,59,21.1,76,16.7,21.1,3.2,4.7,113,948.3,1018.1,119.3,1,0.0,0.0,0.0,0.0,0.0,781.3,--
2025/9/2 9:46,24.1,59,21.0,77,16.8,21.0,5.0,5.8,118,948.7,1018.5,95.1,0,0.0,0.0,0.0,0.0,0.0,781.3,--
2025/9/2 9:47,24.1,59,20.9,77,16.7,20.9,4.3,5.8,115,948.4,1018.2,72.8,0,0.0,0.0,0.0,0.0,0.0,781.3,--
2025/9/2 9:48,24.1,59,20.8,78,16.8,20.8,4.0,6.1,122,948.4,1018.2,54.5,0,0.0,0.0,0.0,0.0,0.0,781.3,--
2025/9/2 9:49,24.1,59,20.7,79,17.0,20.7,5.4,5.8,112,948.6,1018.4,46.2,0,0.0,0.0,0.0,0.0,0.0,781.3,--
2025/9/2 9:50,24.1,60,20.6,80,17.0,20.6,4.7,5.4,118,948.4,1018.2,42.4,0,0.0,0.0,0.0,0.0,0.0,781.3,--
2025/9/2 9:51,24.1,60,20.5,80,16.9,20.5,6.5,6.8,122,948.6,1018.4,52.9,0,0.0,0.0,0.0,0.0,0.0,781.3,--
2025/9/2 9:52,24.1,60,20.4,79,16.7,20.4,14.0,14.8,125,948.6,1018.4,90.2,0,0.0,0.0,0.0,0.0,0.0,781.3,--
2025/9/2 9:53,24.1,60,20.0,75,15.5,20.0,15.1,21.6,121,948.5,1018.3,104.8,0,0.0,0.0,0.0,0.0,0.0,781.3,--
2025/9/2 9:54,24.1,60,19.5,76,15.2,19.5,11.5,14.4,116,948.7,1018.5,88.1,0,0.0,0.0,0.0,0.0,0.0,781.3,--
2025/9/2 9:55,24.1,60,19.2,76,14.9,19.2,6.5,12.6,113,948.8,1018.6,87.8,0,0.0,0.0,0.0,0.0,0.0,781.3,--
2025/9/2 9:56,24.1,60,19.0,78,15.1,19.0,10.1,10.1,108,948.8,1018.6,88.8,0,0.0,0.0,0.0,0.0,0.0,781.3,--
2025/9/2 9:57,24.1,60,18.9,78,15.0,18.9,6.1,8.6,110,948.8,1018.6,76.4,0,0.0,0.0,0.0,0.0,0.0,781.3,--
2025/9/2 9:58,24.1,60,18.7,78,14.8,18.7,7.2,9.7,125,948.8,1018.6,66.0,0,0.0,0.0,0.0,0.0,0.0,781.3,--
2025/9/2 9:59,24.1,60,18.7,79,15.0,18.7,3.2,4.7,129,948.7,1018.5,62.4,0,0.0,0.0,0.0,0.0,0.0,781.3,--
2025/9/2 10:00,24.1,60,18.6,79,14.9,18.6,4.0,6.1,116,948.7,1018.5,65.0,0,0.0,0.0,0.0,0.0,0.0,781.3,--
2025/9/2 10:01,24.1,60,18.6,79,14.9,18.6,3.6,4.3,112,948.9,1018.7,62.0,0,0.0,0.0,0.0,0.0,0.0,781.3,--
2025/9/2 10:02,24.1,60,18.7,81,15.4,18.7,1.8,2.2,18,948.8,1018.6,65.6,0,0.0,0.0,0.0,0.0,0.0,781.3,--
2025/9/2 10:03,24.1,60,18.7,81,15.4,18.7,3.2,4.0,75,948.9,1018.7,74.4,0,0.0,0.0,0.0,0.0,0.0,781.3,--
2025/9/2 10:04,24.1,60,18.7,80,15.2,18.7,2.2,4.0,88,948.8,1018.6,87.6,0,0.0,0.0,0.0,0.0,0.0,781.3,--
2025/9/2 10:05,24.1,60,18.6,80,15.1,18.6,0.0,3.6,91,948.8,1018.6,109.6,1,0.0,0.0,0.0,0.0,0.0,781.3,--
2025/9/2 10:06,24.1,60,18.6,80,15.1,18.6,0.0,2.5,75,948.6,1018.4,138.1,1,0.0,0.0,0.0,0.0,0.0,781.3,--
2025/9/2 10:07,24.1,60,18.7,82,15.6,18.7,1.8,2.2,111,948.7,1018.5,150.6,1,0.0,0.0,0.0,0.0,0.0,781.3,--
2025/9/2 10:08,24.1,60,18.8,81,15.5,18.8,0.0,0.0,129,948.8,1018.6,160.1,1,0.0,0.0,0.0,0.0,0.0,781.3,--
2025/9/2 10:09,24.1,60,18.8,80,15.3,18.8,0.0,1.8,276,948.9,1018.7,186.5,1,0.0,0.0,0.0,0.0,0.0,781.3,--
2025/9/2 10:10,24.1,60,18.9,81,15.6,18.9,2.5,3.2,274,948.7,1018.5,228.2,2,0.0,0.0,0.0,0.0,0.0,781.3,--
2025/9/2 10:11,24.1,60,19.0,82,15.9,19.0,1.8,3.6,261,948.7,1018.5,253.9,2,0.0,0.0,0.0,0.0,0.0,781.3,--
2025/9/2 10:12,24.1,60,19.0,82,15.9,19.0,2.5,3.2,1,948.7,1018.5,270.6,2,0.0,0.0,0.0,0.0,0.0,781.3,--
2025/9/2 10:13,24.1,60,19.1,80,15.6,19.1,4.3,5.0,345,948.6,1018.4,273.9,2,0.0,0.0,0.0,0.0,0.0,781.3,--
2025/9/2 10:14,24.1,60,19.2,79,15.5,19.2,0.0,4.3,5,948.7,1018.5,260.3,2,0.0,0.0,0.0,0.0,0.0,781.3,--
2025/9/2 10:15,24.1,60,19.3,77,15.2,19.3,2.9,4.0,349,948.7,1018.5,211.4,1,0.0,0.0,0.0,0.0,0.0,781.3,--
2025/9/2 10:16,24.1,60,19.4,78,15.5,19.4,3.2,3.6,1,948.7,1018.5,168.1,1,0.0,0.0,0.0,0.0,0.0,781.3,--
2025/9/2 10:17,24.1,60,19.5,78,15.6,19.5,1.8,2.2,113,948.7,1018.5,132.9,1,0.0,0.0,0.0,0.0,0.0,781.3,--
2025/9/2 10:18,24.1,60,19.7,80,16.2,19.7,2.9,2.9,9,948.7,1018.5,112.0,1,0.0,0.0,0.0,0.0,0.0,781.3,--
2025/9/2 10:19,24.1,59,19.7,80,16.2,19.7,2.9,3.6,30,948.7,1018.5,101.6,0,0.0,0.0,0.0,0.0,0.0,781.3,--
2025/9/2 10:20,24.1,59,19.7,76,15.3,19.7,0.0,2.9,346,948.7,1018.5,94.2,0,0.0,0.0,0.0,0.0,0.0,781.3,--
2025/9/2 10:21,24.0,59,19.7,76,15.3,19.7,0.0,0.0,53,949.0,1018.8,84.8,0,0.0,0.0,0.0,0.0,0.0,781.3,--
2025/9/2 10:22,24.1,59,19.8,77,15.6,19.8,0.0,1.8,266,949.0,1018.8,77.8,0,0.0,0.0,0.0,0.0,0.0,781.3,--
2025/9/2 10:23,24.0,59,19.9,75,15.4,19.9,0.0,2.5,185,948.8,1018.6,76.7,0,0.0,0.0,0.0,0.0,0.0,781.3,--
2025/9/2 10:24,24.0,59,19.9,78,16.0,19.9,0.0,0.0,272,948.8,1018.6,79.7,0,0.0,0.0,0.0,0.0,0.0,781.3,--
2025/9/2 10:25,24.0,59,20.0,79,16.3,20.0,0.0,0.0,269,949.0,1018.8,85.0,0,0.0,0.0,0.0,0.0,0.0,781.3,--
2025/9/2 10:26,24.0,59,20.0,81,16.6,20.0,0.0,1.8,294,948.7,1018.5,91.2,0,0.0,0.0,0.0,0.0,0.0,781.3,--
2025/9/2 10:27,24.1,59,20.0,77,15.8,20.0,0.0,1.8,240,948.9,1018.7,102.9,0,0.0,0.0,0.0,0.0,0.0,781.3,--
2025/9/2 10:28,24.1,59,19.9,77,15.7,19.9,0.0,1.8,243,948.9,1018.7,117.6,1,0.0,0.0,0.0,0.0,0.0,781.3,--
2025/9/2 10:29,24.1,59,20.0,78,16.1,20.0,0.0,0.0,218,948.7,1018.5,127.9,1,0.0,0.0,0.0,0.0,0.0,781.3,--
2025/9/2 10:30,24.0,59,20.1,78,16.2,20.1,0.0,2.2,99,948.9,1018.7,139.3,1,0.0,0.0,0.0,0.0,0.0,781.3,--
2025/9/2 10:31,24.0,60,20.2,78,16.3,20.2,1.8,2.2,72,948.9,1018.7,133.9,1,0.0,0.0,0.0,0.0,0.0,781.3,--
2025/9/2 10:32,24.1,60,20.2,79,16.5,20.2,3.2,3.2,96,948.7,1018.5,118.2,1,0.0,0.0,0.0,0.0,0.0,781.3,--
2025/9/2 10:33,24.0,60,20.2,77,16.0,20.2,2.2,2.9,115,948.8,1018.6,105.7,0,0.0,0.0,0.0,0.0,0.0,781.3,--
2025/9/2 10:34,24.0,60,20.2,76,15.8,20.2,2.5,2.5,98,948.8,1018.6,96.2,0,0.0,0.0,0.0,0.0,0.0,781.3,--
2025/9/2 10:35,24.1,60,20.2,77,16.0,20.2,3.6,3.6,104,948.9,1018.7,97.9,0,0.0,0.0,0.0,0.0,0.0,781.3,--
2025/9/2 10:36,24.1,60,20.2,79,16.5,20.2,3.2,4.0,121,948.7,1018.5,115.4,1,0.0,0.0,0.0,0.0,0.0,781.3,--
2025/9/2 10:37,24.1,60,20.1,79,16.4,20.1,2.5,3.6,114,948.8,1018.6,141.8,1,0.0,0.0,0.0,0.0,0.0,781.3,--
2025/9/2 10:38,24.1,60,20.1,80,16.6,20.1,4.0,5.4,114,949.0,1018.8,157.1,1,0.0,0.0,0.0,0.0,0.0,781.3,--
2025/9/2 10:39,24.0,60,20.1,81,16.7,20.1,5.8,7.2,111,948.9,1018.7,143.1,1,0.0,0.0,0.0,0.0,0.0,781.3,--
2025/9/2 10:40,24.0,61,20.2,80,16.7,20.2,2.5,4.7,103,949.0,1018.8,112.1,1,0.0,0.0,0.0,0.0,0.0,781.3,--
2025/9/2 10:41,24.0,61,20.2,80,16.7,20.2,3.2,3.2,91,948.8,1018.6,91.6,0,0.0,0.0,0.0,0.0,0.0,781.3,--
2025/9/2 10:42,24.0,61,20.2,80,16.7,20.2,2.2,5.0,99,948.8,1018.6,76.4,0,0.0,0.0,0.0,0.0,0.0,781.3,--
2025/9/2 10:43,24.0,61,20.3,80,16.7,20.3,0.0,2.9,124,948.8,1018.6,72.0,0,0.0,0.0,0.0,0.0,0.0,781.3,--
2025/9/2 10:44,24.0,61,20.3,79,16.6,20.3,0.0,3.2,224,948.9,1018.7,86.1,0,0.0,0.0,0.0,0.0,0.0,781.3,--
2025/9/2 10:45,24.0,61,20.4,79,16.7,20.4,3.2,3.2,6,948.7,1018.5,125.1,1,0.0,0.0,0.0,0.0,0.0,781.3,--
2025/9/2 10:46,24.0,61,20.4,80,16.8,20.4,2.5,4.0,11,948.8,1018.6,173.4,1,0.0,0.0,0.0,0.0,0.0,781.3,--
2025/9/2 10:47,24.0,61,20.5,81,17.1,20.5,0.0,0.0,306,948.8,1018.6,206.9,1,0.0,0.0,0.0,0.0,0.0,781.3,--
2025/9/2 10:48,24.0,61,20.6,83,17.6,20.6,1.8,2.5,284,948.5,1018.3,222.5,2,0.0,0.0,0.0,0.0,0.0,781.3,--
2025/9/2 10:49,24.0,61,20.7,79,17.0,20.7,0.0,2.5,3,948.8,1018.6,211.6,1,0.0,0.0,0.0,0.0,0.0,781.3,--
2025/9/2 10:50,24.0,61,20.8,78,16.8,20.8,0.0,2.2,278,948.8,1018.6,178.2,1,0.0,0.0,0.0,0.0,0.0,781.3,--
2025/9/2 10:51,24.0,61,20.9,79,17.2,20.9,0.0,2.2,261,948.6,1018.4,158.8,1,0.0,0.0,0.0,0.0,0.0,781.3,--
2025/9/2 10:52,24.0,61,21.0,80,17.4,21.0,2.5,2.5,272,948.6,1018.4,145.0,1,0.0,0.0,0.0,0.0,0.0,781.3,--
2025/9/2 10:53,24.0,61,21.1,79,17.3,21.1,1.8,2.5,125,948.6,1018.4,123.7,1,0.0,0.0,0.0,0.0,0.0,781.3,--
2025/9/2 10:54,24.0,61,21.2,78,17.2,21.2,6.5,6.5,119,948.7,1018.5,118.9,1,0.0,0.0,0.0,0.0,0.0,781.3,--
2025/9/2 10:55,24.0,61,21.1,78,17.1,21.1,4.0,6.5,118,948.6,1018.4,126.5,1,0.0,0.0,0.0,0.0,0.0,781.3,--
2025/9/2 10:56,24.0,61,21.2,77,17.0,21.2,0.0,2.9,84,948.9,1018.7,145.6,1,0.0,0.0,0.0,0.0,0.0,781.3,--
2025/9/2 10:57,24.0,61,21.2,78,17.2,21.2,0.0,1.8,37,948.8,1018.6,170.7,1,0.0,0.0,0.0,0.0,0.0,781.3,--
2025/9/2 10:58,24.0,61,21.3,79,17.5,21.3,2.2,2.5,268,948.8,1018.6,196.3,1,0.0,0.0,0.0,0.0,0.0,781.3,--
2025/9/2 10:59,24.0,61,21.3,78,17.3,21.3,1.8,2.9,49,948.8,1018.6,223.2,2,0.0,0.0,0.0,0.0,0.0,781.3,--
2025/9/2 11:00,24.0,61,21.4,77,17.2,21.4,3.2,3.6,99,948.7,1018.5,234.8,2,0.0,0.0,0.0,0.0,0.0,781.3,--
2025/9/2 11:01,24.0,61,21.5,76,17.1,21.5,5.8,5.8,98,948.8,1018.6,217.8,2,0.0,0.0,0.0,0.0,0.0,781.3,--
2025/9/2 11:02,24.0,61,21.5,74,16.7,21.5,4.7,5.4,94,948.8,1018.6,210.7,1,0.0,0.0,0.0,0.0,0.0,781.3,--
2025/9/2 11:03,24.0,61,21.5,76,17.1,21.5,4.3,4.3,278,948.6,1018.4,227.9,2,0.0,0.0,0.0,0.0,0.0,781.3,--
2025/9/2 11:04,24.0,61,21.5,75,16.9,21.5,1.8,2.5,283,948.7,1018.5,272.2,2,0.0,0.0,0.0,0.0,0.0,781.3,--
2025/9/2 11:05,24.0,61,21.5,75,16.9,21.5,1.8,3.2,124,948.8,1018.6,314.2,2,0.0,0.0,0.0,0.0,0.0,781.3,--
2025/9/2 11:06,24.0,61,21.6,75,17.0,21.6,0.0,1.8,66,948.7,1018.5,332.5,3,0.0,0.0,0.0,0.0,0.0,781.3,--
2025/9/2 11:07,24.0,61,21.8,76,17.4,21.8,0.0,2.2,112,948.7,1018.5,317.7,2,0.0,0.0,0.0,0.0,0.0,781.3,--
2025/9/2 11:08,24.0,61,22.0,75,17.4,22.0,2.9,4.7,101,948.6,1018.4,282.9,2,0.0,0.0,0.0,0.0,0.0,781.3,--
2025/9/2 11:09,24.0,61,22.1,76,17.7,22.1,0.0,2.5,202,948.6,1018.4,254.1,2,0.0,0.0,0.0,0.0,0.0,781.3,--
2025/9/2 11:10,24.0,61,22.2,74,17.4,22.2,0.0,2.5,0,948.6,1018.4,244.4,2,0.0,0.0,0.0,0.0,0.0,781.3,--
2025/9/2 11:11,24.0,61,22.3,73,17.2,22.3,2.2,4.0,221,948.7,1018.5,229.3,2,0.0,0.0,0.0,0.0,0.0,781.3,--
2025/9/2 11:12,24.0,61,22.4,72,17.1,22.4,2.9,3.2,24,948.8,1018.6,237.2,2,0.0,0.0,0.0,0.0,0.0,781.3,--
2025/9/2 11:13,24.0,61,22.4,71,16.9,22.4,2.5,3.6,308,948.8,1018.6,249.8,2,0.0,0.0,0.0,0.0,0.0,781.3,--
2025/9/2 11:14,24.0,61,22.5,73,17.4,22.5,2.2,2.2,184,948.5,1018.3,244.4,2,0.0,0.0,0.0,0.0,0.0,781.3,--
2025/9/2 11:15,24.0,61,22.4,71,16.9,22.4,3.2,5.0,220,948.5,1018.3,220.9,2,0.0,0.0,0.0,0.0,0.0,781.3,--
2025/9/2 11:16,24.0,61,22.5,70,16.8,22.5,4.3,5.0,128,948.4,1018.2,221.2,2,0.0,0.0,0.0,0.0,0.0,781.3,--
2025/9/2 11:17,24.0,61,22.5,71,17.0,22.5,0.0,2.9,75,948.5,1018.3,268.2,2,0.0,0.0,0.0,0.0,0.0,781.3,--
2025/9/2 11:18,24.0,62,22.6,72,17.3,22.6,2.2,3.6,108,948.3,1018.1,211.2,1,0.0,0.0,0.0,0.0,0.0,781.3,--
2025/9/2 11:19,24.0,62,22.6,70,16.9,22.6,2.9,6.1,277,948.3,1018.1,193.6,1,0.0,0.0,0.0,0.0,0.0,781.3,--
2025/9/2 11:20,24.0,61,22.6,70,16.9,22.6,3.6,3.6,319,948.2,1018.0,175.8,1,0.0,0.0,0.0,0.0,0.0,781.3,--
2025/9/2 11:21,24.0,61,22.6,70,16.9,22.6,0.0,3.6,22,948.2,1018.0,176.0,1,0.0,0.0,0.0,0.0,0.0,781.3,--
2025/9/2 11:22,24.0,61,22.6,69,16.6,22.6,4.3,4.7,282,948.4,1018.2,169.6,1,0.0,0.0,0.0,0.0,0.0,781.3,--
2025/9/2 11:23,24.0,61,22.5,70,16.8,22.5,2.2,3.2,248,948.2,1018.0,185.0,1,0.0,0.0,0.0,0.0,0.0,781.3,--
2025/9/2 11:24,24.0,61,22.5,69,16.5,22.5,7.9,12.6,134,948.3,1018.1,223.2,2,0.0,0.0,0.0,0.0,0.0,781.3,--
2025/9/2 11:25,24.0,61,22.4,69,16.4,22.4,2.9,4.0,173,948.3,1018.1,215.7,2,0.0,0.0,0.0,0.0,0.0,781.3,--
2025/9/2 11:26,24.0,61,22.5,70,16.8,22.5,0.0,4.0,236,948.3,1018.1,270.0,2,0.0,0.0,0.0,0.0,0.0,781.3,--
2025/9/2 11:27,24.0,61,22.6,71,17.1,22.6,0.0,2.2,287,948.3,1018.1,305.0,2,0.0,0.0,0.0,0.0,0.0,781.3,--
2025/9/2 11:28,24.0,61,22.6,71,17.1,22.6,0.0,3.6,227,948.3,1018.1,316.4,2,0.0,0.0,0.0,0.0,0.0,781.3,--
2025/9/2 11:29,24.0,61,22.7,72,17.4,22.7,0.0,1.8,239,948.2,1018.0,242.0,2,0.0,0.0,0.0,0.0,0.0,781.3,--
2025/9/2 11:30,24.0,61,22.8,74,18.0,22.8,0.0,0.0,197,948.2,1018.0,172.6,1,0.0,0.0,0.0,0.0,0.0,781.3,--
2025/9/2 11:31,24.0,61,22.9,73,17.8,22.9,0.0,2.2,23,948.2,1018.0,133.3,1,0.0,0.0,0.0,0.0,0.0,781.3,--
2025/9/2 11:32,24.1,61,22.9,72,17.6,22.9,0.0,1.8,254,948.4,1018.2,111.7,1,0.0,0.0,0.0,0.0,0.0,781.3,--
2025/9/2 11:33,24.0,61,22.8,71,17.3,22.8,0.0,4.0,235,948.4,1018.2,101.0,0,0.0,0.0,0.0,0.0,0.0,781.3,--
2025/9/2 11:34,24.0,61,22.8,70,17.1,22.8,0.0,2.5,247,948.5,1018.3,97.3,0,0.0,0.0,0.0,0.0,0.0,781.3,--
2025/9/2 11:35,24.0,61,22.8,71,17.3,22.8,0.0,2.2,15,948.5,1018.3,105.6,0,0.0,0.0,0.0,0.0,0.0,781.3,--
2025/9/2 11:36,24.0,62,22.9,72,17.6,22.9,0.0,2.2,84,948.5,1018.3,130.4,1,0.0,0.0,0.0,0.0,0.0,781.3,--
2025/9/2 11:37,23.9,62,22.9,72,17.6,22.9,2.9,3.6,108,948.6,1018.4,155.7,1,0.0,0.0,0.0,0.0,0.0,781.3,--
2025/9/2 11:38,23.9,62,22.9,72,17.6,22.9,3.6,4.3,113,948.7,1018.5,177.4,1,0.0,0.0,0.0,0.0,0.0,781.3,--
2025/9/2 11:39,23.9,62,22.7,72,17.4,22.7,5.4,7.6,121,948.8,1018.6,181.7,1,0.0,0.0,0.0,0.0,0.0,781.3,--
2025/9/2 11:40,23.9,62,22.5,73,17.4,22.5,1.8,5.0,17,948.8,1018.6,173.4,1,0.0,0.0,0.0,0.0,0.0,781.3,--
2025/9/2 11:41,23.9,62,22.5,72,17.2,22.5,4.3,7.9,112,948.8,1018.6,159.3,1,0.0,0.0,0.0,0.0,0.0,781.3,--
2025/9/2 11:42,23.9,62,22.5,72,17.2,22.5,2.9,3.6,97,948.8,1018.6,138.0,1,0.0,0.0,0.0,0.0,0.0,781.3,--
2025/9/2 11:43,23.9,62,22.3,73,17.2,22.3,5.8,9.4,121,948.8,1018.6,123.0,1,0.0,0.0,0.0,0.0,0.0,781.3,--
2025/9/2 11:44,23.9,62,22.0,74,17.2,22.0,7.6,8.6,120,948.9,1018.7,136.7,1,0.0,0.0,0.0,0.0,0.0,781.3,--
2025/9/2 11:45,23.9,62,21.8,75,17.2,21.8,8.3,10.8,118,949.0,1018.8,201.8,1,0.0,0.0,0.0,0.0,0.0,781.3,--
2025/9/2 11:46,23.9,62,21.5,76,17.1,21.5,5.0,8.6,110,949.0,1018.8,285.7,2,0.0,0.0,0.0,0.0,0.0,781.3,--
2025/9/2 11:47,24.0,62,21.4,76,17.0,21.4,4.3,6.1,97,948.9,1018.7,401.6,3,0.0,0.0,0.0,0.0,0.0,781.3,--
2025/9/2 11:48,23.9,62,21.4,76,17.0,21.4,4.3,7.9,131,949.0,1018.8,345.0,3,0.0,0.0,0.0,0.0,0.0,781.3,--
2025/9/2 11:49,24.0,62,21.3,75,16.7,21.3,2.2,5.8,120,948.7,1018.5,493.8,4,0.0,0.0,0.0,0.0,0.0,781.3,--
2025/9/2 11:50,24.0,62,21.3,75,16.7,21.3,3.2,4.0,96,948.6,1018.4,632.2,5,0.0,0.0,0.0,0.0,0.0,781.3,--
2025/9/2 11:51,24.0,62,21.4,74,16.6,21.4,5.8,6.5,136,948.6,1018.4,636.1,5,0.0,0.0,0.0,0.0,0.0,781.3,--
2025/9/2 11:52,24.0,62,21.5,75,16.9,21.5,3.6,4.3,106,948.8,1018.6,635.9,5,0.0,0.0,0.0,0.0,0.0,781.3,--
2025/9/2 11:53,24.0,62,21.6,74,16.8,21.6,7.2,7.2,127,948.7,1018.5,514.2,4,0.0,0.0,0.0,0.0,0.0,781.3,--
2025/9/2 11:54,24.0,62,21.7,74,16.9,21.7,2.5,4.0,137,948.6,1018.4,525.8,4,0.0,0.0,0.0,0.0,0.0,781.3,--
2025/9/2 11:55,24.0,62,21.9,73,16.9,21.9,2.9,2.9,115,948.6,1018.4,860.0,7,0.0,0.0,0.0,0.0,0.0,781.3,--
2025/9/2 11:56,24.0,62,22.3,73,17.2,22.3,2.2,2.9,284,948.6,1018.4,872.1,8,0.0,0.0,0.0,0.0,0.0,781.3,--
2025/9/2 11:57,24.0,62,22.5,73,17.4,22.5,2.5,3.6,359,948.5,1018.3,420.0,3,0.0,0.0,0.0,0.0,0.0,781.3,--
2025/9/2 11:58,24.0,62,22.6,73,17.5,22.6,2.2,4.0,338,948.4,1018.2,343.1,3,0.0,0.0,0.0,0.0,0.0,781.3,--
2025/9/2 11:59,24.0,62,22.6,71,17.1,22.6,2.9,4.3,283,948.4,1018.2,313.0,2,0.0,0.0,0.0,0.0,0.0,781.3,--
2025/9/2 12:00,24.0,62,22.5,73,17.4,22.5,2.5,3.6,349,948.4,1018.2,288.1,2,0.0,0.0,0.0,0.0,0.0,781.3,--
2025/9/2 12:01,24.0,62,22.5,74,17.7,22.5,2.9,3.6,286,948.4,1018.2,277.4,2,0.0,0.0,0.0,0.0,0.0,781.3,--
2025/9/2 12:02,24.0,62,22.6,73,17.5,22.6,2.2,2.9,350,948.2,1018.0,263.4,2,0.0,0.0,0.0,0.0,0.0,781.3,--
2025/9/2 12:03,24.0,62,22.7,74,17.9,22.7,1.8,2.2,209,948.0,1017.8,251.5,2,0.0,0.0,0.0,0.0,0.0,781.3,--
2025/9/2 12:04,24.0,62,22.8,72,17.5,22.8,0.0,2.2,235,948.2,1018.0,236.0,2,0.0,0.0,0.0,0.0,0.0,781.3,--
2025/9/2 12:05,24.0,62,22.9,72,17.6,22.9,2.2,3.6,216,948.1,1017.9,229.2,2,0.0,0.0,0.0,0.0,0.0,781.3,--
2025/9/2 12:06,24.0,62,22.9,73,17.8,22.9,2.5,2.9,182,948.1,1017.9,232.5,2,0.0,0.0,0.0,0.0,0.0,781.3,--
2025/9/2 12:07,24.0,62,23.0,73,17.9,23.0,2.5,3.2,242,948.1,1017.9,224.8,2,0.0,0.0,0.0,0.0,0.0,781.3,--
2025/9/2 12:08,24.0,62,23.1,73,18.0,23.1,2.5,2.5,341,948.2,1018.0,187.3,1,0.0,0.0,0.0,0.0,0.0,781.3,--
2025/9/2 12:09,24.0,62,22.9,74,18.0,22.9,5.4,5.8,280,948.4,1018.2,136.2,1,0.0,0.0,0.0,0.0,0.0,781.3,--
2025/9/2 12:10,24.0,62,22.8,75,18.2,22.8,2.5,2.9,339,948.4,1018.2,114.3,1,0.0,0.0,0.0,0.0,0.0,781.3,--
2025/9/2 12:11,24.0,62,22.8,75,18.2,22.8,5.0,5.0,135,948.3,1018.1,126.2,1,0.0,0.0,0.0,0.0,0.0,781.3,--
2025/9/2 12:12,24.0,62,22.7,77,18.4,22.7,4.0,4.0,328,948.3,1018.1,141.6,1,0.0,0.0,0.0,0.0,0.0,781.3,--
2025/9/2 12:13,24.0,62,22.7,76,18.3,22.7,3.2,4.3,239,948.4,1018.2,150.5,1,0.0,0.0,0.0,0.0,0.0,781.3,--
2025/9/2 12:14,24.0,62,22.7,76,18.3,22.7,0.0,1.8,204,948.3,1018.1,160.5,1,0.0,0.0,0.0,0.0,0.0,781.3,--
2025/9/2 12:15,24.0,62,22.7,77,18.4,22.7,0.0,2.5,243,948.4,1018.2,163.6,1,0.0,0.0,0.0,0.0,0.0,781.3,--
2025/9/2 12:16,24.0,62,22.8,77,18.5,22.8,2.2,5.0,134,948.4,1018.2,169.0,1,0.0,0.0,0.0,0.0,0.0,781.3,--
2025/9/2 12:17,24.0,62,22.8,76,18.4,22.8,5.4,10.4,99,948.6,1018.4,249.4,2,0.0,0.0,0.0,0.0,0.0,781.3,--
2025/9/2 12:18,24.0,62,22.4,75,17.8,22.4,11.9,15.8,119,948.6,1018.4,240.4,2,0.0,0.0,0.0,0.0,0.0,781.3,--
2025/9/2 12:19,24.0,62,22.1,76,17.7,22.1,8.3,9.4,108,948.4,1018.2,415.7,3,0.0,0.0,0.0,0.0,0.0,781.3,--
2025/9/2 12:20,24.0,62,21.9,76,17.5,21.9,7.6,7.6,108,948.5,1018.3,396.4,3,0.0,0.0,0.0,0.0,0.0,781.3,--
2025/9/2 12:21,24.0,62,22.0,77,17.8,22.0,5.0,6.1,114,948.3,1018.1,382.0,3,0.0,0.0,0.0,0.0,0.0,781.3,--
2025/9/2 12:22,24.0,62,21.9,76,17.5,21.9,5.8,6.1,119,948.5,1018.3,304.1,2,0.0,0.0,0.0,0.0,0.0,781.3,--
2025/9/2 12:23,24.0,62,21.9,75,17.3,21.9,6.1,7.6,114,948.5,1018.3,268.9,2,0.0,0.0,0.0,0.0,0.0,781.3,--
2025/9/2 12:24,24.0,62,21.8,76,17.4,21.8,4.0,5.4,119,948.8,1018.6,283.2,2,0.0,0.0,0.0,0.0,0.0,781.3,--
2025/9/2 12:25,24.0,62,21.7,76,17.3,21.7,0.0,2.5,104,948.5,1018.3,246.3,2,0.0,0.0,0.0,0.0,0.0,781.3,--
2025/9/2 12:26,24.0,62,21.8,76,17.4,21.8,0.0,2.2,124,948.6,1018.4,220.9,2,0.0,0.0,0.0,0.0,0.0,781.3,--
2025/9/2 12:27,24.0,62,22.0,78,18.0,22.0,2.5,2.5,344,948.7,1018.5,201.8,1,0.0,0.0,0.0,0.0,0.0,781.3,--
2025/9/2 12:28,24.0,62,22.0,77,17.8,22.0,0.0,3.6,151,948.7,1018.5,192.1,1,0.0,0.0,0.0,0.0,0.0,781.3,--
2025/9/2 12:29,24.0,62,22.1,76,17.7,22.1,5.4,5.4,114,948.7,1018.5,190.2,1,0.0,0.0,0.0,0.0,0.0,781.3,--
2025/9/2 12:30,24.0,62,22.0,78,18.0,22.0,4.3,4.3,297,948.7,1018.5,191.4,1,0.0,0.0,0.0,0.0,0.0,781.3,--
2025/9/2 12:31,24.0,62,22.1,79,18.3,22.1,2.5,2.9,69,948.7,1018.5,200.5,1,0.0,0.0,0.0,0.0,0.0,781.3,--
2025/9/2 12:32,24.0,62,22.2,78,18.2,22.2,5.4,5.4,355,948.6,1018.4,205.9,1,0.0,0.0,0.0,0.0,0.0,781.3,--
2025/9/2 12:33,24.0,62,22.2,80,18.6,22.2,1.8,4.0,355,948.7,1018.5,212.9,1,0.0,0.0,0.0,0.0,0.0,781.3,--
2025/9/2 12:34,24.0,62,22.3,80,18.7,22.3,2.5,2.9,310,948.4,1018.2,222.8,2,0.0,0.0,0.0,0.0,0.0,781.3,--
2025/9/2 12:35,24.0,62,22.3,79,18.5,22.3,2.5,2.9,354,948.5,1018.3,228.0,2,0.0,0.0,0.0,0.0,0.0,781.3,--
2025/9/2 12:36,24.1,62,22.4,78,18.4,22.4,0.0,0.0,242,948.4,1018.2,224.7,2,0.0,0.0,0.0,0.0,0.0,781.3,--
2025/9/2 12:37,24.1,62,22.5,79,18.7,22.5,1.8,2.9,292,948.5,1018.3,227.1,2,0.0,0.0,0.0,0.0,0.0,781.3,--
2025/9/2 12:38,24.1,62,22.5,78,18.5,22.5,0.0,2.2,95,948.5,1018.3,231.1,2,0.0,0.0,0.0,0.0,0.0,781.3,--
2025/9/2 12:39,24.0,62,22.6,80,19.0,22.6,2.5,3.6,70,948.5,1018.3,239.3,2,0.0,0.0,0.0,0.0,0.0,781.3,--
2025/9/2 12:40,24.0,62,22.6,79,18.8,22.6,0.0,1.8,142,948.6,1018.4,245.8,2,0.0,0.0,0.0,0.0,0.0,781.3,--
2025/9/2 12:41,24.0,62,22.7,78,18.7,22.7,1.8,2.5,145,948.4,1018.2,246.8,2,0.0,0.0,0.0,0.0,0.0,781.3,--
2025/9/2 12:42,24.0,62,22.7,77,18.4,22.7,0.0,1.8,11,948.3,1018.1,247.4,2,0.0,0.0,0.0,0.0,0.0,781.3,--
2025/9/2 12:43,24.1,62,22.8,78,18.8,22.8,0.0,1.8,130,948.3,1018.1,242.0,2,0.0,0.0,0.0,0.0,0.0,781.3,--
2025/9/2 12:44,24.1,62,22.9,78,18.9,22.9,0.0,2.2,62,948.3,1018.1,232.5,2,0.0,0.0,0.0,0.0,0.0,781.3,--
2025/9/2 12:45,24.0,62,22.9,77,18.6,22.9,3.2,5.0,117,948.4,1018.2,220.2,2,0.0,0.0,0.0,0.0,0.0,781.3,--
2025/9/2 12:46,24.0,62,22.9,77,18.6,22.9,2.2,4.3,133,948.3,1018.1,205.2,1,0.0,0.0,0.0,0.0,0.0,781.3,--
2025/9/2 12:47,24.0,62,22.9,77,18.6,22.9,4.3,4.7,238,948.3,1018.1,200.7,1,0.0,0.0,0.0,0.0,0.0,781.3,--
2025/9/2 12:48,24.0,62,23.0,78,19.0,23.0,4.0,4.0,113,948.2,1018.0,203.3,1,0.0,0.0,0.0,0.0,0.0,781.3,--
2025/9/2 12:49,24.1,62,23.0,77,18.7,23.0,4.0,4.7,113,948.3,1018.1,217.6,2,0.0,0.0,0.0,0.0,0.0,781.3,--
2025/9/2 12:50,24.1,62,23.0,78,19.0,23.0,0.0,2.2,290,948.2,1018.0,337.3,3,0.0,0.0,0.0,0.0,0.0,781.3,--
2025/9/2 12:51,24.1,62,23.1,77,18.8,23.1,5.8,6.5,120,948.2,1018.0,269.8,2,0.0,0.0,0.0,0.0,0.0,781.3,--
2025/9/2 12:52,24.1,62,23.0,77,18.7,23.0,2.2,7.6,211,948.2,1018.0,344.5,3,0.0,0.0,0.0,0.0,0.0,781.3,--
2025/9/2 12:53,24.1,62,23.1,77,18.8,23.1,2.2,2.9,103,948.2,1018.0,492.1,4,0.0,0.0,0.0,0.0,0.0,781.3,--
2025/9/2 12:54,24.1,62,23.3,78,19.3,23.3,3.2,4.0,123,948.2,1018.0,623.5,5,0.0,0.0,0.0,0.0,0.0,781.3,--
2025/9/2 12:55,24.1,62,23.5,78,19.5,23.5,3.2,4.3,126,948.2,1018.0,300.2,2,0.0,0.0,0.0,0.0,0.0,781.3,--
2025/9/2 12:56,24.1,62,23.5,78,19.5,23.5,3.6,5.8,107,948.3,1018.1,319.2,2,0.0,0.0,0.0,0.0,0.0,781.3,--
2025/9/2 12:57,24.1,62,23.4,79,19.6,23.4,3.2,5.8,97,948.3,1018.1,325.1,3,0.0,0.0,0.0,0.0,0.0,781.3,--
2025/9/2 12:58,24.0,62,23.4,79,19.6,23.4,2.9,6.5,294,948.0,1017.8,339.5,3,0.0,0.0,0.0,0.0,0.0,781.3,--
2025/9/2 12:59,24.0,62,23.3,78,19.3,23.3,4.3,5.8,116,948.0,1017.8,329.9,3,0.0,0.0,0.0,0.0,0.0,781.3,--
2025/9/2 13:00,24.1,62,23.2,79,19.4,23.2,0.0,4.0,89,948.0,1017.8,303.5,2,0.0,0.0,0.0,0.0,0.0,781.3,--
2025/9/2 13:01,24.0,62,23.2,80,19.6,23.2,1.8,2.9,279,948.0,1017.8,258.0,2,0.0,0.0,0.0,0.0,0.0,781.3,--
2025/9/2 13:02,24.0,62,23.2,78,19.2,23.2,3.2,4.0,104,947.9,1017.7,224.1,2,0.0,0.0,0.0,0.0,0.0,781.3,--
2025/9/2 13:03,24.0,63,23.1,78,19.1,23.1,6.1,8.3,123,947.8,1017.6,237.8,2,0.0,0.0,0.0,0.0,0.0,781.3,--
2025/9/2 13:04,24.0,62,22.9,79,19.1,22.9,2.9,3.6,138,947.8,1017.6,215.8,2,0.0,0.0,0.0,0.0,0.0,781.3,--
2025/9/2 13:05,24.1,62,22.9,80,19.3,22.9,2.2,6.5,107,947.7,1017.5,189.1,1,0.0,0.0,0.0,0.0,0.0,781.3,--
2025/9/2 13:06,24.1,62,22.8,80,19.2,22.8,7.9,7.9,149,947.7,1017.5,172.3,1,0.0,0.0,0.0,0.0,0.0,781.3,--
2025/9/2 13:07,24.0,62,22.7,82,19.5,22.7,3.2,3.6,323,947.7,1017.5,143.4,1,0.0,0.0,0.0,0.0,0.0,781.3,--
2025/9/2 13:08,24.1,62,22.7,81,19.3,22.7,0.0,2.9,64,947.6,1017.4,113.8,1,0.0,0.0,0.0,0.0,0.0,781.3,--
2025/9/2 13:09,24.0,62,22.6,81,19.2,22.6,3.2,3.6,136,947.5,1017.3,83.1,0,0.0,0.0,0.0,0.0,0.0,781.3,--
2025/9/2 13:10,24.0,63,22.6,81,19.2,22.6,0.0,2.9,37,947.6,1017.4,50.1,0,0.0,0.0,0.0,0.0,0.0,781.3,--
2025/9/2 13:11,24.0,63,22.6,82,19.4,22.6,0.0,2.5,279,947.6,1017.4,33.6,0,0.0,0.0,0.0,0.0,0.0,781.3,--
2025/9/2 13:12,24.0,62,22.4,82,19.2,22.4,2.9,5.0,347,947.4,1017.2,24.2,0,0.0,0.0,0.0,0.0,0.0,781.3,--
2025/9/2 13:13,24.0,62,22.3,83,19.3,22.3,0.0,3.6,273,947.4,1017.2,16.7,0,0.0,0.0,0.0,0.0,0.0,781.3,--
2025/9/2 13:14,24.0,62,22.3,82,19.1,22.3,0.0,0.0,68,947.6,1017.4,12.2,0,0.0,0.0,0.0,0.0,0.0,781.3,--
2025/9/2 13:15,24.0,63,22.2,83,19.2,22.2,0.0,2.2,277,947.7,1017.5,11.0,0,0.0,0.0,0.0,0.0,0.0,781.3,--
2025/9/2 13:16,24.0,63,22.1,84,19.3,22.1,2.2,3.6,230,947.7,1017.5,11.0,0,0.0,0.0,0.0,0.0,0.0,781.3,--
2025/9/2 13:17,24.0,62,21.9,85,19.3,21.9,6.1,6.1,229,948.0,1017.8,13.1,0,0.1,0.1,0.1,0.1,0.1,781.4,--
2025/9/2 13:18,24.0,63,21.7,86,19.3,21.7,5.8,7.6,0,948.3,1018.1,22.8,0,0.2,0.2,0.2,0.2,0.2,781.5,--
2025/9/2 13:19,24.0,63,21.6,86,19.2,21.6,2.5,4.3,98,948.2,1018.0,47.8,0,0.2,0.2,0.2,0.2,0.2,781.5,--
2025/9/2 13:20,23.9,63,21.6,87,19.4,21.6,4.7,5.0,147,948.3,1018.1,75.3,0,0.2,0.2,0.2,0.2,0.2,781.5,--
2025/9/2 13:21,24.0,63,21.5,87,19.3,21.5,5.4,5.8,107,948.4,1018.2,79.0,0,0.2,0.2,0.2,0.2,0.2,781.5,--
2025/9/2 13:22,24.0,63,21.4,87,19.2,21.4,10.4,10.4,99,948.4,1018.2,64.4,0,0.2,0.2,0.2,0.2,0.2,781.5,--
2025/9/2 13:23,24.0,63,21.3,88,19.2,21.3,2.2,5.4,101,948.2,1018.0,55.3,0,0.2,0.2,0.2,0.2,0.2,781.5,--
2025/9/2 13:24,24.0,63,21.1,87,18.9,21.1,4.3,8.3,58,948.3,1018.1,111.7,1,0.2,0.2,0.2,0.2,0.2,781.5,--
2025/9/2 13:25,24.0,63,21.0,88,18.9,21.0,4.3,6.5,108,948.3,1018.1,186.6,1,0.2,0.2,0.2,0.2,0.2,781.5,--
2025/9/2 13:26,24.0,63,20.9,88,18.8,20.9,10.4,10.4,113,948.3,1018.1,217.8,2,0.2,0.2,0.2,0.2,0.2,781.5,--
2025/9/2 13:27,24.0,63,20.8,88,18.7,20.8,0.0,3.2,86,948.4,1018.2,215.0,1,0.2,0.2,0.2,0.2,0.2,781.5,--
2025/9/2 13:28,24.0,63,21.0,89,19.1,21.0,0.0,1.8,293,948.4,1018.2,185.9,1,0.2,0.2,0.2,0.2,0.2,781.5,--
2025/9/2 13:29,24.0,63,21.0,89,19.1,21.0,5.0,5.0,265,948.4,1018.2,176.0,1,0.2,0.2,0.2,0.2,0.2,781.5,--
2025/9/2 13:30,24.0,63,21.0,88,18.9,21.0,4.3,4.3,106,948.4,1018.2,180.7,1,0.2,0.2,0.2,0.2,0.2,781.5,--
2025/9/2 13:31,24.0,63,20.9,89,19.0,20.9,3.2,5.4,101,948.4,1018.2,165.8,1,0.2,0.2,0.2,0.2,0.2,781.5,--
2025/9/2 13:32,24.0,63,20.8,88,18.7,20.8,6.1,7.6,108,948.4,1018.2,128.4,1,0.2,0.2,0.2,0.2,0.2,781.5,--
2025/9/2 13:33,24.0,63,20.7,88,18.6,20.7,4.7,4.7,110,948.6,1018.4,99.0,0,0.2,0.2,0.2,0.2,0.2,781.5,--
2025/9/2 13:34,24.0,63,20.7,88,18.6,20.7,4.7,6.1,126,948.7,1018.5,87.0,0,0.2,0.2,0.2,0.2,0.2,781.5,--
2025/9/2 13:35,24.0,63,20.7,89,18.8,20.7,3.2,4.3,94,948.7,1018.5,85.1,0,0.2,0.2,0.2,0.2,0.2,781.5,--
2025/9/2 13:36,24.0,63,20.7,89,18.8,20.7,3.2,3.2,130,948.6,1018.4,87.2,0,0.2,0.2,0.2,0.2,0.2,781.5,--
2025/9/2 13:37,24.0,63,20.6,88,18.5,20.6,6.8,7.9,120,948.6,1018.4,91.1,0,0.2,0.2,0.2,0.2,0.2,781.5,--
2025/9/2 13:38,24.0,63,20.7,89,18.8,20.7,4.7,6.5,114,948.7,1018.5,100.7,0,0.2,0.2,0.2,0.2,0.2,781.5,--
2025/9/2 13:39,24.0,63,20.6,89,18.7,20.6,4.7,5.0,100,948.6,1018.4,114.6,1,0.2,0.2,0.2,0.2,0.2,781.5,--
2025/9/2 13:40,24.0,63,20.6,89,18.7,20.6,2.9,4.0,108,948.6,1018.4,123.7,1,0.2,0.2,0.2,0.2,0.2,781.5,--
2025/9/2 13:41,24.0,63,20.6,90,18.9,20.6,3.6,4.0,119,948.5,1018.3,122.4,1,0.2,0.2,0.2,0.2,0.2,781.5,--
2025/9/2 13:42,24.0,63,20.6,89,18.7,20.6,6.8,7.6,137,948.4,1018.2,113.7,1,0.2,0.2,0.2,0.2,0.2,781.5,--
2025/9/2 13:43,24.0,63,20.6,89,18.7,20.6,2.9,6.5,101,948.6,1018.4,103.1,0,0.2,0.2,0.2,0.2,0.2,781.5,--
2025/9/2 13:44,24.0,63,20.6,89,18.7,20.6,5.0,6.1,126,948.6,1018.4,94.7,0,0.2,0.2,0.2,0.2,0.2,781.5,--
2025/9/2 13:45,24.0,63,20.6,89,18.7,20.6,5.0,6.8,106,948.6,1018.4,88.1,0,0.2,0.2,0.2,0.2,0.2,781.5,--
2025/9/2 13:46,24.0,63,20.7,89,18.8,20.7,4.0,5.0,114,948.5,1018.3,82.3,0,0.2,0.2,0.2,0.2,0.2,781.5,--
2025/9/2 13:47,24.0,63,20.7,89,18.8,20.7,6.1,8.6,106,948.6,1018.4,79.5,0,0.2,0.2,0.2,0.2,0.2,781.5,--
2025/9/2 13:48,24.1,63,20.7,89,18.8,20.7,4.3,8.3,99,948.4,1018.2,80.9,0,0.2,0.2,0.2,0.2,0.2,781.5,--
2025/9/2 13:49,24.1,63,20.7,89,18.8,20.7,7.2,7.2,112,948.4,1018.2,76.7,0,0.2,0.2,0.2,0.2,0.2,781.5,--
2025/9/2 13:50,24.1,63,20.7,89,18.8,20.7,4.3,6.1,97,948.5,1018.3,63.5,0,0.2,0.2,0.2,0.2,0.2,781.5,--
2025/9/2 13:51,24.1,63,20.7,90,19.0,20.7,3.2,4.7,109,948.4,1018.2,51.3,0,0.2,0.2,0.2,0.2,0.2,781.5,--
2025/9/2 13:52,24.1,63,20.7,90,19.0,20.7,3.2,5.4,100,948.4,1018.2,49.1,0,0.2,0.2,0.2,0.2,0.2,781.5,--
2025/9/2 13:53,24.0,63,20.6,90,18.9,20.6,4.3,6.1,110,948.4,1018.2,60.7,0,0.2,0.2,0.2,0.2,0.2,781.5,--
2025/9/2 13:54,24.1,63,20.6,90,18.9,20.6,2.2,5.0,258,948.4,1018.2,76.6,0,0.2,0.2,0.2,0.2,0.2,781.5,--
2025/9/2 13:55,24.0,63,20.6,91,19.1,20.6,2.2,4.0,233,948.3,1018.1,77.4,0,0.3,0.3,0.3,0.3,0.3,781.6,--
2025/9/2 13:56,24.0,63,20.6,90,18.9,20.6,4.0,6.1,233,948.3,1018.1,53.1,0,0.3,0.3,0.3,0.3,0.3,781.6,--
2025/9/2 13:57,24.0,63,20.5,91,19.0,20.5,5.4,6.5,249,948.4,1018.2,27.8,0,0.4,0.4,0.4,0.4,0.4,781.7,--
2025/9/2 13:58,24.0,63,20.4,92,19.1,20.4,5.8,5.8,241,948.6,1018.4,18.0,0,0.8,0.8,0.8,0.8,0.8,782.1,--
2025/9/2 13:59,24.0,63,20.2,92,18.9,20.2,6.1,7.2,241,948.8,1018.6,18.6,0,0.8,0.8,0.8,0.8,0.8,782.1,--
2025/9/2 14:00,24.0,63,20.1,92,18.8,20.1,5.4,5.4,85,948.8,1018.6,28.7,0,0.9,0.9,0.9,0.9,0.9,782.2,--
2025/9/2 14:01,24.0,63,20.1,91,18.6,20.1,2.5,4.0,110,948.9,1018.7,67.7,0,0.9,0.9,0.9,0.9,0.9,782.2,--
2025/9/2 14:02,24.0,63,20.0,91,18.5,20.0,0.0,5.0,69,948.9,1018.7,171.8,1,0.9,0.9,0.9,0.9,0.9,782.2,--
2025/9/2 14:03,24.0,63,20.1,91,18.6,20.1,1.8,2.9,249,948.7,1018.5,259.1,2,1.0,1.0,1.0,1.0,1.0,782.3,--
2025/9/2 14:04,24.0,63,20.2,92,18.9,20.2,2.2,2.9,329,948.6,1018.4,347.7,3,1.0,1.0,1.0,1.0,1.0,782.3,--
2025/9/2 14:05,24.0,63,20.4,92,19.1,20.4,0.0,0.0,84,948.9,1018.7,549.5,5,1.0,1.0,1.0,1.0,1.0,782.3,--
2025/9/2 14:06,24.0,63,20.6,91,19.1,20.6,3.2,4.7,121,948.5,1018.3,485.0,4,1.0,1.0,1.0,1.0,1.0,782.3,--
2025/9/2 14:07,24.0,63,20.5,90,18.8,20.5,2.2,2.9,96,948.6,1018.4,597.9,5,1.0,1.0,1.0,1.0,1.0,782.3,--
2025/9/2 14:08,24.0,63,20.7,89,18.8,20.7,5.0,6.1,122,948.6,1018.4,402.9,3,1.0,1.0,1.0,1.0,1.0,782.3,--
2025/9/2 14:09,24.0,63,20.7,89,18.8,20.7,2.9,4.7,132,948.8,1018.6,667.0,6,1.0,1.0,1.0,1.0,1.0,782.3,--
2025/9/2 14:10,24.0,63,20.9,88,18.8,20.9,7.9,8.3,113,948.6,1018.4,476.9,4,1.0,1.0,1.0,1.0,1.0,782.3,--
2025/9/2 14:11,24.0,63,20.9,87,18.7,20.9,4.7,6.1,124,948.6,1018.4,574.9,5,1.0,1.0,1.0,1.0,1.0,782.3,--
2025/9/2 14:12,24.0,63,21.0,88,18.9,21.0,2.9,4.3,128,948.8,1018.6,496.9,4,1.0,1.0,1.0,1.0,1.0,782.3,--
2025/9/2 14:13,24.0,63,21.2,87,19.0,21.2,4.7,5.4,117,948.5,1018.3,648.2,6,1.0,1.0,1.0,1.0,1.0,782.3,--
2025/9/2 14:14,24.0,63,21.3,86,18.9,21.3,4.0,5.8,108,948.6,1018.4,484.5,4,1.0,1.0,1.0,1.0,1.0,782.3,--
2025/9/2 14:15,24.0,63,21.3,85,18.7,21.3,0.0,4.3,127,948.6,1018.4,491.3,4,1.0,1.0,1.0,1.0,1.0,782.3,--
2025/9/2 14:16,24.0,63,21.5,87,19.3,21.5,1.8,1.8,22,948.6,1018.4,381.8,3,1.0,1.0,1.0,1.0,1.0,782.3,--
2025/9/2 14:17,24.0,63,21.8,87,19.6,21.8,2.2,2.5,103,948.7,1018.5,379.8,3,0.8,1.0,1.0,1.0,1.0,782.3,--
2025/9/2 14:18,24.0,63,21.8,85,19.2,21.8,1.8,2.5,92,948.6,1018.4,514.1,4,0.8,1.0,1.0,1.0,1.0,782.3,--
2025/9/2 14:19,24.0,63,22.0,86,19.6,22.0,0.0,2.9,280,948.5,1018.3,846.7,7,0.8,1.0,1.0,1.0,1.0,782.3,--
2025/9/2 14:20,24.0,63,22.3,84,19.5,22.3,2.5,2.9,59,948.6,1018.4,943.9,8,0.8,1.0,1.0,1.0,1.0,782.3,--
2025/9/2 14:21,24.0,63,22.5,84,19.7,22.5,0.0,2.9,66,948.4,1018.2,527.3,4,0.8,1.0,1.0,1.0,1.0,782.3,--
2025/9/2 14:22,24.0,63,22.5,85,19.9,22.5,0.0,2.2,23,948.4,1018.2,952.4,8,0.8,1.0,1.0,1.0,1.0,782.3,--
2025/9/2 14:23,24.0,63,22.9,85,20.3,22.9,0.0,1.8,10,948.4,1018.2,592.6,5,0.8,1.0,1.0,1.0,1.0,782.3,--
2025/9/2 14:24,24.0,63,23.1,85,20.4,23.1,2.9,3.2,310,948.2,1018.0,734.0,6,0.8,1.0,1.0,1.0,1.0,782.3,--
2025/9/2 14:25,24.0,63,23.1,84,20.3,23.1,0.0,0.0,249,948.2,1018.0,779.2,7,0.8,1.0,1.0,1.0,1.0,782.3,--
2025/9/2 14:26,24.0,63,23.3,84,20.5,23.3,4.0,4.0,335,948.4,1018.2,454.0,4,0.8,1.0,1.0,1.0,1.0,782.3,--
2025/9/2 14:27,24.0,63,23.2,82,19.9,23.2,2.5,2.5,0,948.3,1018.1,389.1,3,0.8,1.0,1.0,1.0,1.0,782.3,--
2025/9/2 14:28,24.0,63,23.0,80,19.4,23.0,2.9,3.2,276,948.2,1018.0,357.1,3,0.8,1.0,1.0,1.0,1.0,782.3,--
2025/9/2 14:29,24.0,63,22.8,81,19.4,22.8,3.6,3.6,197,948.1,1017.9,392.5,3,0.8,1.0,1.0,1.0,1.0,782.3,--
2025/9/2 14:30,24.0,63,22.7,82,19.5,22.7,2.2,3.2,212,948.3,1018.1,427.4,3,0.8,1.0,1.0,1.0,1.0,782.3,--
2025/9/2 14:31,24.0,63,22.7,82,19.5,22.7,0.0,2.9,191,948.3,1018.1,459.0,4,0.8,1.0,1.0,1.0,1.0,782.3,--
2025/9/2 14:32,24.0,63,22.7,81,19.3,22.7,4.3,6.1,217,948.4,1018.2,530.7,4,0.8,1.0,1.0,1.0,1.0,782.3,--
2025/9/2 14:33,24.0,63,22.4,81,19.0,22.4,0.0,2.9,241,948.2,1018.0,442.4,4,0.8,1.0,1.0,1.0,1.0,782.3,--
2025/9/2 14:34,24.0,63,22.4,84,19.6,22.4,0.0,1.8,271,948.1,1017.9,365.5,3,0.8,1.0,1.0,1.0,1.0,782.3,--
2025/9/2 14:35,24.0,63,22.5,82,19.3,22.5,0.0,2.2,336,948.2,1018.0,296.9,2,0.8,1.0,1.0,1.0,1.0,782.3,--
2025/9/2 14:36,24.0,63,22.6,82,19.4,22.6,0.0,1.8,62,948.2,1018.0,287.4,2,0.8,1.0,1.0,1.0,1.0,782.3,--
2025/9/2 14:37,24.1,63,22.8,85,20.2,22.8,2.2,2.5,305,948.1,1017.9,293.6,2,0.8,1.0,1.0,1.0,1.0,782.3,--
2025/9/2 14:38,24.0,63,22.8,82,19.6,22.8,4.0,4.0,346,948.2,1018.0,298.2,2,0.8,1.0,1.0,1.0,1.0,782.3,--
2025/9/2 14:39,24.0,63,22.6,81,19.2,22.6,2.5,2.9,296,948.2,1018.0,296.2,2,0.8,1.0,1.0,1.0,1.0,782.3,--
2025/9/2 14:40,24.0,63,22.6,81,19.2,22.6,2.5,3.2,322,948.1,1017.9,270.4,2,0.8,1.0,1.0,1.0,1.0,782.3,--
2025/9/2 14:41,24.0,63,22.5,80,18.9,22.5,0.0,0.0,285,948.3,1018.1,266.0,2,0.8,1.0,1.0,1.0,1.0,782.3,--
2025/9/2 14:42,24.0,63,22.6,81,19.2,22.6,0.0,0.0,218,948.0,1017.8,282.8,2,0.8,1.0,1.0,1.0,1.0,782.3,--
2025/9/2 14:43,24.0,63,22.7,82,19.5,22.7,2.5,2.5,314,948.0,1017.8,299.6,2,0.8,1.0,1.0,1.0,1.0,782.3,--
2025/9/2 14:44,24.0,63,22.8,82,19.6,22.8,2.9,4.7,14,947.8,1017.6,298.6,2,0.8,1.0,1.0,1.0,1.0,782.3,--
2025/9/2 14:45,24.1,63,22.8,83,19.8,22.8,2.9,3.6,311,948.0,1017.8,434.8,4,0.8,1.0,1.0,1.0,1.0,782.3,--
2025/9/2 14:46,24.1,63,22.7,82,19.5,22.7,3.6,4.7,279,948.0,1017.8,245.3,2,0.8,1.0,1.0,1.0,1.0,782.3,--
2025/9/2 14:47,24.1,63,22.5,83,19.5,22.5,0.0,2.5,302,948.0,1017.8,245.6,2,0.8,1.0,1.0,1.0,1.0,782.3,--
2025/9/2 14:48,24.0,63,22.5,82,19.3,22.5,2.5,3.6,337,948.0,1017.8,248.6,2,0.8,1.0,1.0,1.0,1.0,782.3,--
2025/9/2 14:49,24.0,63,22.5,82,19.3,22.5,0.0,2.5,337,948.0,1017.8,271.8,2,0.8,1.0,1.0,1.0,1.0,782.3,--
2025/9/2 14:50,24.1,63,22.4,82,19.2,22.4,0.0,0.0,350,947.9,1017.7,297.3,2,0.8,1.0,1.0,1.0,1.0,782.3,--
2025/9/2 14:51,24.0,63,22.6,81,19.2,22.6,0.0,2.2,28,947.9,1017.7,261.3,2,0.7,1.0,1.0,1.0,1.0,782.3,--
2025/9/2 14:52,24.0,63,22.6,80,19.0,22.6,1.8,3.2,36,948.0,1017.8,251.3,2,0.7,1.0,1.0,1.0,1.0,782.3,--
2025/9/2 14:53,24.0,63,22.4,79,18.6,22.4,0.0,0.0,38,948.0,1017.8,248.8,2,0.7,1.0,1.0,1.0,1.0,782.3,--
2025/9/2 14:54,24.1,63,22.4,80,18.8,22.4,0.0,0.0,130,947.9,1017.7,270.7,2,0.7,1.0,1.0,1.0,1.0,782.3,--
2025/9/2 14:55,24.0,63,22.5,80,18.9,22.5,3.2,3.2,111,947.9,1017.7,386.7,3,0.7,1.0,1.0,1.0,1.0,782.3,--
2025/9/2 14:56,24.0,63,22.5,82,19.3,22.5,0.0,1.8,52,948.0,1017.8,432.8,4,0.7,1.0,1.0,1.0,1.0,782.3,--
2025/9/2 14:57,24.0,63,22.5,80,18.9,22.5,0.0,2.2,48,948.0,1017.8,335.1,3,0.1,1.0,1.0,1.0,1.0,782.3,--
2025/9/2 14:58,24.0,63,22.6,82,19.4,22.6,0.0,0.0,89,947.8,1017.6,293.5,2,0.1,1.0,1.0,1.0,1.0,782.3,--
2025/9/2 14:59,24.0,63,22.7,79,18.9,22.7,3.2,3.2,340,948.0,1017.8,258.0,2,0.1,1.0,1.0,1.0,1.0,782.3,--
2025/9/2 15:00,24.0,63,22.6,80,19.0,22.6,2.9,2.9,313,947.9,1017.7,231.0,2,0.1,1.0,1.0,1.0,1.0,782.3,--
2025/9/2 15:01,24.0,63,22.6,81,19.2,22.6,0.0,2.5,311,947.9,1017.7,215.7,2,0.1,1.0,1.0,1.0,1.0,782.3,--
2025/9/2 15:02,24.0,63,22.7,81,19.3,22.7,0.0,0.0,89,947.8,1017.6,239.2,2,0.0,1.0,1.0,1.0,1.0,782.3,--
2025/9/2 15:03,24.0,63,22.8,80,19.2,22.8,0.0,0.0,212,947.8,1017.6,284.2,2,0.0,1.0,1.0,1.0,1.0,782.3,--
2025/9/2 15:04,24.0,63,22.9,80,19.3,22.9,0.0,0.0,269,947.9,1017.7,291.1,2,0.0,1.0,1.0,1.0,1.0,782.3,--
2025/9/2 15:05,24.0,63,23.0,80,19.4,23.0,2.2,2.5,259,947.9,1017.7,272.2,2,0.0,1.0,1.0,1.0,1.0,782.3,--
2025/9/2 15:06,24.0,63,23.0,80,19.4,23.0,2.2,2.2,271,947.9,1017.7,283.9,2,0.0,1.0,1.0,1.0,1.0,782.3,--
2025/9/2 15:07,24.1,63,23.0,81,19.6,23.0,0.0,0.0,237,947.7,1017.5,360.9,3,0.0,1.0,1.0,1.0,1.0,782.3,--
2025/9/2 15:08,24.1,63,23.0,78,19.0,23.0,0.0,1.8,154,947.7,1017.5,854.7,7,0.0,1.0,1.0,1.0,1.0,782.3,--
2025/9/2 15:09,24.0,63,23.3,78,19.3,23.3,0.0,0.0,224,947.8,1017.6,865.6,8,0.0,1.0,1.0,1.0,1.0,782.3,--
2025/9/2 15:10,24.0,63,23.7,78,19.7,23.7,1.8,2.2,131,947.7,1017.5,816.4,7,0.0,1.0,1.0,1.0,1.0,782.3,--
2025/9/2 15:11,24.0,63,24.0,77,19.7,24.0,2.2,3.6,250,947.9,1017.7,761.6,7,0.0,1.0,1.0,1.0,1.0,782.3,--
2025/9/2 15:12,24.0,63,24.2,77,19.9,24.2,2.5,3.2,281,947.9,1017.7,787.8,7,0.0,1.0,1.0,1.0,1.0,782.3,--
2025/9/2 15:13,24.1,63,24.0,79,20.2,24.0,0.0,2.9,22,947.8,1017.6,729.1,6,0.0,1.0,1.0,1.0,1.0,782.3,--
2025/9/2 15:14,24.1,63,24.2,78,20.1,24.2,3.6,3.6,267,947.7,1017.5,777.1,7,0.0,1.0,1.0,1.0,1.0,782.3,--
2025/9/2 15:15,24.0,63,24.3,79,20.5,24.3,0.0,1.8,36,947.7,1017.5,776.6,7,0.0,1.0,1.0,1.0,1.0,782.3,--
2025/9/2 15:16,24.0,63,24.5,77,20.2,24.5,5.0,6.8,142,947.8,1017.6,726.9,6,0.0,1.0,1.0,1.0,1.0,782.3,--
2025/9/2 15:17,24.0,63,24.3,77,20.0,24.3,9.4,9.4,114,947.7,1017.5,437.4,4,0.0,1.0,1.0,1.0,1.0,782.3,--
2025/9/2 15:18,24.0,63,24.0,77,19.7,24.0,6.1,7.2,117,947.7,1017.5,486.5,4,0.0,1.0,1.0,1.0,1.0,782.3,--
2025/9/2 15:19,24.0,63,23.7,76,19.2,23.7,4.7,5.4,115,947.7,1017.5,628.4,5,0.0,1.0,1.0,1.0,1.0,782.3,--
2025/9/2 15:20,24.0,63,23.6,79,19.8,23.6,4.7,4.7,97,947.7,1017.5,332.7,3,0.0,1.0,1.0,1.0,1.0,782.3,--
2025/9/2 15:21,24.0,63,23.5,78,19.5,23.5,3.2,3.6,101,947.8,1017.6,713.2,6,0.0,1.0,1.0,1.0,1.0,782.3,--
2025/9/2 15:22,24.0,63,23.5,78,19.5,23.5,4.7,4.7,117,947.9,1017.7,346.8,3,0.0,1.0,1.0,1.0,1.0,782.3,--
2025/9/2 15:23,24.0,63,23.3,80,19.7,23.3,4.3,6.1,116,947.7,1017.5,275.6,2,0.0,1.0,1.0,1.0,1.0,782.3,--
2025/9/2 15:24,24.0,63,23.2,79,19.4,23.2,3.6,5.0,114,947.7,1017.5,228.8,2,0.0,1.0,1.0,1.0,1.0,782.3,--
2025/9/2 15:25,24.0,63,23.0,79,19.2,23.0,3.6,4.3,105,947.8,1017.6,242.3,2,0.0,1.0,1.0,1.0,1.0,782.3,--
2025/9/2 15:26,24.0,63,22.9,80,19.3,22.9,5.8,5.8,118,947.5,1017.3,271.1,2,0.0,1.0,1.0,1.0,1.0,782.3,--
2025/9/2 15:27,24.0,63,22.9,78,18.9,22.9,2.9,4.3,125,947.5,1017.3,740.0,6,0.0,1.0,1.0,1.0,1.0,782.3,--
2025/9/2 15:28,24.0,63,23.1,79,19.3,23.1,3.2,3.6,127,947.5,1017.3,321.7,2,0.0,1.0,1.0,1.0,1.0,782.3,--
2025/9/2 15:29,24.0,63,23.2,78,19.2,23.2,3.2,4.0,135,947.6,1017.4,303.0,2,0.0,1.0,1.0,1.0,1.0,782.3,--
2025/9/2 15:30,24.0,63,23.2,77,18.9,23.2,5.4,6.5,128,947.8,1017.6,324.0,3,0.0,1.0,1.0,1.0,1.0,782.3,--
2025/9/2 15:31,24.0,63,23.1,78,19.1,23.1,0.0,5.0,136,947.8,1017.6,303.8,2,0.0,1.0,1.0,1.0,1.0,782.3,--
2025/9/2 15:32,24.0,63,23.1,78,19.1,23.1,4.0,5.4,134,947.7,1017.5,272.6,2,0.0,1.0,1.0,1.0,1.0,782.3,--
2025/9/2 15:33,24.0,63,23.0,79,19.2,23.0,2.5,4.0,111,947.6,1017.4,301.0,2,0.0,1.0,1.0,1.0,1.0,782.3,--
2025/9/2 15:34,24.0,63,23.0,79,19.2,23.0,0.0,2.5,93,947.6,1017.4,272.6,2,0.0,1.0,1.0,1.0,1.0,782.3,--
2025/9/2 15:35,24.0,63,23.0,79,19.2,23.0,6.5,6.5,120,947.6,1017.4,234.0,2,0.0,1.0,1.0,1.0,1.0,782.3,--
2025/9/2 15:36,24.0,63,23.0,80,19.4,23.0,2.2,5.0,116,947.5,1017.3,200.6,1,0.0,1.0,1.0,1.0,1.0,782.3,--
2025/9/2 15:37,24.0,63,22.9,80,19.3,22.9,1.8,4.3,79,947.5,1017.3,195.1,1,0.0,1.0,1.0,1.0,1.0,782.3,--
2025/9/2 15:38,24.0,63,22.8,79,19.0,22.8,4.3,7.2,122,947.6,1017.4,195.2,1,0.0,1.0,1.0,1.0,1.0,782.3,--
2025/9/2 15:39,24.0,63,22.7,80,19.1,22.7,4.3,5.4,124,947.8,1017.6,200.0,1,0.0,1.0,1.0,1.0,1.0,782.3,--
2025/9/2 15:40,24.0,63,22.6,81,19.2,22.6,0.0,4.3,121,947.7,1017.5,223.8,2,0.0,1.0,1.0,1.0,1.0,782.3,--
2025/9/2 15:41,24.0,63,22.7,80,19.1,22.7,2.5,4.0,133,947.7,1017.5,561.5,5,0.0,1.0,1.0,1.0,1.0,782.3,--
2025/9/2 15:42,24.0,63,22.8,81,19.4,22.8,4.0,4.3,115,947.9,1017.7,722.1,6,0.0,1.0,1.0,1.0,1.0,782.3,--
2025/9/2 15:43,24.0,63,23.1,81,19.7,23.1,6.1,7.9,119,947.9,1017.7,338.7,3,0.0,1.0,1.0,1.0,1.0,782.3,--
2025/9/2 15:44,24.0,63,23.0,81,19.6,23.0,5.4,6.8,121,947.7,1017.5,579.5,5,0.0,1.0,1.0,1.0,1.0,782.3,--
2025/9/2 15:45,24.0,63,23.0,82,19.8,23.0,0.0,2.2,103,947.5,1017.3,674.1,6,0.0,1.0,1.0,1.0,1.0,782.3,--
2025/9/2 15:46,24.0,63,23.3,82,20.0,23.3,2.9,4.7,110,947.5,1017.3,452.1,4,0.0,1.0,1.0,1.0,1.0,782.3,--
2025/9/2 15:47,24.0,63,23.4,81,19.9,23.4,2.5,4.3,106,947.6,1017.4,703.2,6,0.0,1.0,1.0,1.0,1.0,782.3,--
2025/9/2 15:48,24.0,63,23.4,80,19.8,23.4,5.0,5.0,245,947.6,1017.4,690.8,6,0.0,1.0,1.0,1.0,1.0,782.3,--
2025/9/2 15:49,24.0,63,23.5,78,19.5,23.5,0.0,3.6,241,947.5,1017.3,749.0,6,0.0,1.0,1.0,1.0,1.0,782.3,--
2025/9/2 15:50,24.0,63,23.9,78,19.8,23.9,2.2,2.2,286,947.6,1017.4,501.0,4,0.0,1.0,1.0,1.0,1.0,782.3,--
2025/9/2 15:51,24.0,63,23.9,77,19.6,23.9,5.4,6.1,118,947.8,1017.6,709.1,6,0.0,1.0,1.0,1.0,1.0,782.3,--
2025/9/2 15:52,24.0,63,23.8,75,19.1,23.8,2.2,4.0,116,947.8,1017.6,667.8,6,0.0,1.0,1.0,1.0,1.0,782.3,--
2025/9/2 15:53,24.0,63,23.8,75,19.1,23.8,4.7,5.4,121,947.8,1017.6,185.0,1,0.0,1.0,1.0,1.0,1.0,782.3,--
2025/9/2 15:54,24.0,63,23.6,79,19.8,23.6,0.0,0.0,326,947.6,1017.4,168.7,1,0.0,1.0,1.0,1.0,1.0,782.3,--
2025/9/2 15:55,24.0,63,23.7,79,19.9,23.7,4.0,4.7,136,947.6,1017.4,172.1,1,0.0,1.0,1.0,1.0,1.0,782.3,--
2025/9/2 15:56,24.0,63,23.4,79,19.6,23.4,1.8,7.2,68,947.6,1017.4,183.5,1,0.0,1.0,1.0,1.0,1.0,782.3,--
2025/9/2 15:57,24.0,63,23.3,80,19.7,23.3,2.2,2.9,179,947.6,1017.4,237.0,2,0.0,1.0,1.0,1.0,1.0,782.3,--
2025/9/2 15:58,24.0,63,23.3,80,19.7,23.3,4.3,6.1,120,947.7,1017.5,204.1,1,0.0,1.0,1.0,1.0,1.0,782.3,--
2025/9/2 15:59,24.0,63,23.1,80,19.5,23.1,0.0,0.0,66,947.8,1017.6,193.1,1,0.0,1.0,1.0,1.0,1.0,782.3,--
2025/9/2 16:00,24.0,63,23.0,80,19.4,23.0,5.8,6.8,113,947.8,1017.6,173.6,1,0.0,1.0,1.0,1.0,1.0,782.3,--
2025/9/2 16:01,24.0,63,22.9,80,19.3,22.9,4.7,4.7,104,947.5,1017.3,149.6,1,0.0,1.0,1.0,1.0,1.0,782.3,--
2025/9/2 16:02,24.0,63,22.7,80,19.1,22.7,4.3,6.1,116,947.7,1017.5,136.0,1,0.0,1.0,1.0,1.0,1.0,782.3,--
2025/9/2 16:03,24.0,63,22.6,82,19.4,22.6,5.0,6.5,115,947.6,1017.4,128.7,1,0.0,1.0,1.0,1.0,1.0,782.3,--
2025/9/2 16:04,24.0,63,22.6,83,19.6,22.6,5.4,5.4,3,947.7,1017.5,114.7,1,0.0,1.0,1.0,1.0,1.0,782.3,--
2025/9/2 16:05,24.0,63,22.5,82,19.3,22.5,11.5,15.1,120,947.6,1017.4,109.7,1,0.0,1.0,1.0,1.0,1.0,782.3,--
2025/9/2 16:06,24.0,63,22.3,83,19.3,22.3,6.5,10.4,129,947.6,1017.4,105.6,0,0.0,1.0,1.0,1.0,1.0,782.3,--
2025/9/2 16:07,24.0,63,22.3,83,19.3,22.3,4.3,6.5,111,947.6,1017.4,98.3,0,0.0,1.0,1.0,1.0,1.0,782.3,--
2025/9/2 16:08,24.0,63,22.3,82,19.1,22.3,6.1,6.1,107,947.6,1017.4,96.8,0,0.0,1.0,1.0,1.0,1.0,782.3,--
2025/9/2 16:09,24.0,63,22.3,82,19.1,22.3,2.2,4.7,121,947.7,1017.5,99.3,0,0.0,1.0,1.0,1.0,1.0,782.3,--
2025/9/2 16:10,24.0,63,22.3,82,19.1,22.3,0.0,3.6,129,947.7,1017.5,115.1,1,0.0,1.0,1.0,1.0,1.0,782.3,--
2025/9/2 16:11,24.0,63,22.3,83,19.3,22.3,2.5,3.6,275,947.8,1017.6,159.0,1,0.0,1.0,1.0,1.0,1.0,782.3,--
2025/9/2 16:12,24.0,63,22.5,83,19.5,22.5,2.2,4.0,262,947.8,1017.6,202.9,1,0.0,1.0,1.0,1.0,1.0,782.3,--
2025/9/2 16:13,23.9,63,22.5,83,19.5,22.5,2.5,6.5,117,948.0,1017.8,195.0,1,0.0,1.0,1.0,1.0,1.0,782.3,--
2025/9/2 16:14,23.9,63,22.6,83,19.6,22.6,0.0,2.2,74,947.8,1017.6,184.3,1,0.0,1.0,1.0,1.0,1.0,782.3,--
2025/9/2 16:15,23.9,63,22.5,82,19.3,22.5,11.2,11.9,129,947.9,1017.7,179.5,1,0.0,1.0,1.0,1.0,1.0,782.3,--
2025/9/2 16:16,23.9,63,22.4,82,19.2,22.4,4.3,7.2,104,948.0,1017.8,232.8,2,0.0,1.0,1.0,1.0,1.0,782.3,--
2025/9/2 16:17,23.9,63,22.4,83,19.4,22.4,5.0,5.0,130,947.7,1017.5,158.9,1,0.0,1.0,1.0,1.0,1.0,782.3,--
2025/9/2 16:18,23.9,63,22.4,83,19.4,22.4,6.1,6.5,115,947.7,1017.5,168.9,1,0.0,1.0,1.0,1.0,1.0,782.3,--
2025/9/2 16:19,24.0,63,22.4,83,19.4,22.4,4.3,5.4,128,947.9,1017.7,150.1,1,0.0,1.0,1.0,1.0,1.0,782.3,--
2025/9/2 16:20,24.0,63,22.4,83,19.4,22.4,4.0,5.8,113,947.9,1017.7,154.2,1,0.0,1.0,1.0,1.0,1.0,782.3,--
2025/9/2 16:21,23.9,63,22.4,83,19.4,22.4,3.6,4.7,103,947.8,1017.6,153.7,1,0.0,1.0,1.0,1.0,1.0,782.3,--
2025/9/2 16:22,23.9,63,22.5,83,19.5,22.5,2.9,5.0,124,947.8,1017.6,145.7,1,0.0,1.0,1.0,1.0,1.0,782.3,--
2025/9/2 16:23,23.9,63,22.5,82,19.3,22.5,3.2,5.0,114,947.9,1017.7,145.9,1,0.0,1.0,1.0,1.0,1.0,782.3,--
2025/9/2 16:24,23.9,63,22.6,83,19.6,22.6,4.3,4.3,276,947.8,1017.6,146.0,1,0.0,1.0,1.0,1.0,1.0,782.3,--
2025/9/2 16:25,24.0,63,22.6,83,19.6,22.6,0.0,2.2,151,947.8,1017.6,159.1,1,0.0,1.0,1.0,1.0,1.0,782.3,--
2025/9/2 16:26,24.0,63,22.7,80,19.1,22.7,2.5,4.0,234,947.9,1017.7,248.3,2,0.0,1.0,1.0,1.0,1.0,782.3,--
2025/9/2 16:27,24.0,63,22.8,81,19.4,22.8,2.9,2.9,279,947.6,1017.4,237.3,2,0.0,1.0,1.0,1.0,1.0,782.3,--
2025/9/2 16:28,24.0,63,22.9,81,19.5,22.9,0.0,2.2,269,947.8,1017.6,302.2,2,0.0,1.0,1.0,1.0,1.0,782.3,--
2025/9/2 16:29,24.0,63,23.1,81,19.7,23.1,1.8,3.6,100,947.8,1017.6,554.8,5,0.0,1.0,1.0,1.0,1.0,782.3,--
2025/9/2 16:30,24.0,63,23.3,81,19.8,23.3,0.0,2.2,125,947.7,1017.5,456.9,4,0.0,1.0,1.0,1.0,1.0,782.3,--
2025/9/2 16:31,24.0,63,23.5,79,19.7,23.5,5.4,6.1,254,947.6,1017.4,230.8,2,0.0,1.0,1.0,1.0,1.0,782.3,--
2025/9/2 16:32,24.0,63,23.4,79,19.6,23.4,7.6,7.6,117,947.7,1017.5,185.2,1,0.0,1.0,1.0,1.0,1.0,782.3,--
2025/9/2 16:33,24.0,63,23.3,76,18.8,23.3,5.8,8.6,109,947.7,1017.5,155.4,1,0.0,1.0,1.0,1.0,1.0,782.3,--
2025/9/2 16:34,24.0,63,23.2,76,18.7,23.2,2.9,4.3,93,947.8,1017.6,199.8,1,0.0,1.0,1.0,1.0,1.0,782.3,--
2025/9/2 16:35,24.0,63,23.1,77,18.8,23.1,1.8,3.6,311,947.6,1017.4,260.2,2,0.0,1.0,1.0,1.0,1.0,782.3,--
2025/9/2 16:36,24.0,63,23.1,77,18.8,23.1,1.8,4.7,87,947.7,1017.5,230.0,2,0.0,1.0,1.0,1.0,1.0,782.3,--
2025/9/2 16:37,24.0,63,23.1,77,18.8,23.1,2.2,4.7,94,947.7,1017.5,224.2,2,0.0,1.0,1.0,1.0,1.0,782.3,--
2025/9/2 16:38,24.0,63,23.1,77,18.8,23.1,6.5,7.9,123,947.7,1017.5,329.5,3,0.0,1.0,1.0,1.0,1.0,782.3,--
2025/9/2 16:39,24.0,63,23.1,76,18.6,23.1,5.4,7.2,115,947.7,1017.5,262.0,2,0.0,1.0,1.0,1.0,1.0,782.3,--
2025/9/2 16:40,24.0,63,23.0,77,18.7,23.0,2.9,2.9,128,947.7,1017.5,535.9,4,0.0,1.0,1.0,1.0,1.0,782.3,--
2025/9/2 16:41,24.0,63,23.3,78,19.3,23.3,1.8,2.9,16,947.7,1017.5,312.3,2,0.0,1.0,1.0,1.0,1.0,782.3,--
2025/9/2 16:42,24.0,63,23.4,77,19.1,23.4,3.6,4.3,86,947.8,1017.6,474.3,4,0.0,1.0,1.0,1.0,1.0,782.3,--
2025/9/2 16:43,24.0,63,23.5,77,19.2,23.5,5.0,9.0,108,947.6,1017.4,491.0,4,0.0,1.0,1.0,1.0,1.0,782.3,--
2025/9/2 16:44,24.0,63,23.6,76,19.1,23.6,2.2,4.3,56,947.7,1017.5,480.0,4,0.0,1.0,1.0,1.0,1.0,782.3,--
2025/9/2 16:45,24.0,63,23.6,76,19.1,23.6,4.0,7.6,122,947.7,1017.5,475.8,4,0.0,1.0,1.0,1.0,1.0,782.3,--
2025/9/2 16:46,24.0,63,23.7,76,19.2,23.7,4.3,4.3,94,947.8,1017.6,474.6,4,0.0,1.0,1.0,1.0,1.0,782.3,--
2025/9/2 16:47,24.0,63,23.7,76,19.2,23.7,2.9,6.5,120,947.8,1017.6,440.9,4,0.0,1.0,1.0,1.0,1.0,782.3,--
2025/9/2 16:48,24.0,63,23.6,76,19.1,23.6,5.0,8.6,119,947.8,1017.6,279.3,2,0.0,1.0,1.0,1.0,1.0,782.3,--
2025/9/2 16:49,24.0,63,23.6,76,19.1,23.6,3.2,4.0,126,947.6,1017.4,381.1,3,0.0,1.0,1.0,1.0,1.0,782.3,--
2025/9/2 16:50,24.0,63,23.6,75,18.9,23.6,7.6,10.4,116,947.5,1017.3,313.8,2,0.0,1.0,1.0,1.0,1.0,782.3,--
2025/9/2 16:51,24.0,63,23.4,75,18.8,23.4,8.3,8.3,121,947.7,1017.5,165.9,1,0.0,1.0,1.0,1.0,1.0,782.3,--
2025/9/2 16:52,24.0,63,23.2,75,18.6,23.2,3.6,4.3,110,947.7,1017.5,144.3,1,0.0,1.0,1.0,1.0,1.0,782.3,--
2025/9/2 16:53,24.0,63,23.2,76,18.7,23.2,0.0,0.0,101,947.9,1017.7,167.8,1,0.0,1.0,1.0,1.0,1.0,782.3,--
2025/9/2 16:54,24.0,63,23.4,78,19.4,23.4,2.9,2.9,279,947.9,1017.7,149.3,1,0.0,1.0,1.0,1.0,1.0,782.3,--
2025/9/2 16:55,24.0,63,23.4,78,19.4,23.4,2.2,2.9,264,947.6,1017.4,244.1,2,0.0,1.0,1.0,1.0,1.0,782.3,--
2025/9/2 16:56,24.0,63,23.4,77,19.1,23.4,1.8,3.2,259,947.7,1017.5,358.0,3,0.0,1.0,1.0,1.0,1.0,782.3,--
2025/9/2 16:57,23.9,63,23.5,76,19.0,23.5,0.0,1.8,334,947.5,1017.3,380.5,3,0.0,1.0,1.0,1.0,1.0,782.3,--
2025/9/2 16:58,24.0,63,23.7,75,19.0,23.7,2.9,2.9,105,947.6,1017.4,402.7,3,0.0,1.0,1.0,1.0,1.0,782.3,--
2025/9/2 16:59,24.0,63,23.9,73,18.8,23.9,2.9,3.2,100,947.6,1017.4,396.6,3,0.0,1.0,1.0,1.0,1.0,782.3,--
2025/9/2 17:00,24.0,63,23.9,69,17.9,23.9,7.9,9.0,116,947.7,1017.5,394.5,3,0.0,1.0,1.0,1.0,1.0,782.3,--
2025/9/2 17:01,24.0,63,23.8,69,17.8,23.8,1.8,4.7,122,947.6,1017.4,379.0,3,0.0,1.0,1.0,1.0,1.0,782.3,--
2025/9/2 17:02,24.0,63,24.0,72,18.6,24.0,1.8,2.5,0,947.7,1017.5,354.3,3,0.0,1.0,1.0,1.0,1.0,782.3,--
2025/9/2 17:03,24.0,63,24.1,71,18.5,24.1,5.8,5.8,122,947.5,1017.3,309.4,2,0.0,1.0,1.0,1.0,1.0,782.3,--
2025/9/2 17:04,24.0,63,24.1,70,18.3,24.1,5.4,6.5,127,947.7,1017.5,337.4,3,0.0,1.0,1.0,1.0,1.0,782.3,--
2025/9/2 17:05,24.0,63,23.9,70,18.1,23.9,4.3,5.8,253,947.7,1017.5,327.3,3,0.0,1.0,1.0,1.0,1.0,782.3,--
2025/9/2 17:06,24.0,63,23.9,70,18.1,23.9,2.9,9.4,275,947.7,1017.5,319.9,2,0.0,1.0,1.0,1.0,1.0,782.3,--
2025/9/2 17:07,24.0,63,24.0,70,18.2,24.0,3.6,5.8,134,947.7,1017.5,302.9,2,0.0,1.0,1.0,1.0,1.0,782.3,--
2025/9/2 17:08,24.0,63,24.0,67,17.5,24.0,5.0,7.6,111,947.9,1017.7,283.2,2,0.0,1.0,1.0,1.0,1.0,782.3,--
2025/9/2 17:09,24.0,63,23.8,66,17.1,23.8,2.2,5.8,113,947.9,1017.7,283.1,2,0.0,1.0,1.0,1.0,1.0,782.3,--
2025/9/2 17:10,24.0,63,23.6,68,17.4,23.6,0.0,3.6,108,947.8,1017.6,265.9,2,0.0,1.0,1.0,1.0,1.0,782.3,--
2025/9/2 17:11,24.0,63,23.8,68,17.6,23.8,2.9,3.2,290,947.8,1017.6,253.3,2,0.0,1.0,1.0,1.0,1.0,782.3,--
2025/9/2 17:12,24.0,63,24.0,68,17.7,24.0,2.2,4.0,96,947.8,1017.6,272.6,2,0.0,1.0,1.0,1.0,1.0,782.3,--
2025/9/2 17:13,24.0,63,23.9,67,17.4,23.9,6.1,9.0,109,947.9,1017.7,262.1,2,0.0,1.0,1.0,1.0,1.0,782.3,--
2025/9/2 17:14,24.0,63,23.6,68,17.4,23.6,8.3,9.0,112,947.9,1017.7,251.6,2,0.0,1.0,1.0,1.0,1.0,782.3,--
2025/9/2 17:15,24.0,63,23.5,69,17.5,23.5,2.2,2.9,94,947.9,1017.7,241.4,2,0.0,1.0,1.0,1.0,1.0,782.3,--
2025/9/2 17:16,23.9,63,23.6,69,17.6,23.6,6.1,6.1,115,948.0,1017.8,253.2,2,0.0,1.0,1.0,1.0,1.0,782.3,--
2025/9/2 17:17,24.0,63,23.6,68,17.4,23.6,2.2,4.7,166,947.8,1017.6,205.2,1,0.0,1.0,1.0,1.0,1.0,782.3,--
2025/9/2 17:18,24.0,63,23.6,69,17.6,23.6,1.8,4.3,230,947.8,1017.6,173.2,1,0.0,1.0,1.0,1.0,1.0,782.3,--
2025/9/2 17:19,24.0,63,23.7,70,17.9,23.7,0.0,2.2,34,947.9,1017.7,155.1,1,0.0,1.0,1.0,1.0,1.0,782.3,--
2025/9/2 17:20,24.0,63,23.6,71,18.1,23.6,2.2,2.2,144,947.8,1017.6,137.0,1,0.0,1.0,1.0,1.0,1.0,782.3,--
2025/9/2 17:21,24.0,63,23.6,69,17.6,23.6,2.5,3.6,83,947.8,1017.6,126.9,1,0.0,1.0,1.0,1.0,1.0,782.3,--
2025/9/2 17:22,24.0,63,23.4,69,17.4,23.4,4.0,5.0,106,947.8,1017.6,146.4,1,0.0,1.0,1.0,1.0,1.0,782.3,--
2025/9/2 17:23,24.0,63,23.3,72,18.0,23.3,1.8,2.5,230,947.9,1017.7,149.4,1,0.0,1.0,1.0,1.0,1.0,782.3,--
2025/9/2 17:24,24.0,63,23.4,72,18.1,23.4,1.8,1.8,267,948.1,1017.9,223.5,2,0.0,1.0,1.0,1.0,1.0,782.3,--
2025/9/2 17:25,24.0,63,23.4,71,17.9,23.4,1.8,2.2,279,947.8,1017.6,242.5,2,0.0,1.0,1.0,1.0,1.0,782.3,--
2025/9/2 17:26,24.0,63,23.6,72,18.3,23.6,1.8,3.6,163,948.1,1017.9,213.7,1,0.0,1.0,1.0,1.0,1.0,782.3,--
2025/9/2 17:27,24.0,63,23.6,71,18.1,23.6,2.5,2.9,118,947.9,1017.7,229.2,2,0.0,1.0,1.0,1.0,1.0,782.3,--
2025/9/2 17:28,24.0,63,23.7,70,17.9,23.7,2.9,2.9,127,947.9,1017.7,246.5,2,0.0,1.0,1.0,1.0,1.0,782.3,--
2025/9/2 17:29,24.0,63,23.6,69,17.6,23.6,2.9,4.0,112,948.1,1017.9,280.1,2,0.0,1.0,1.0,1.0,1.0,782.3,--
2025/9/2 17:30,24.0,63,23.5,70,17.7,23.5,2.2,2.2,87,947.9,1017.7,208.2,1,0.0,1.0,1.0,1.0,1.0,782.3,--
2025/9/2 17:31,24.0,63,23.6,70,17.8,23.6,2.5,2.5,105,947.9,1017.7,295.8,2,0.0,1.0,1.0,1.0,1.0,782.3,--
2025/9/2 17:32,24.0,63,23.7,69,17.7,23.7,9.0,9.4,121,947.8,1017.6,325.1,3,0.0,1.0,1.0,1.0,1.0,782.3,--
2025/9/2 17:33,24.0,63,23.5,70,17.7,23.5,3.2,5.0,120,948.0,1017.8,206.3,1,0.0,1.0,1.0,1.0,1.0,782.3,--
2025/9/2 17:34,24.0,63,23.5,70,17.7,23.5,3.6,3.6,125,947.9,1017.7,188.5,1,0.0,1.0,1.0,1.0,1.0,782.3,--
2025/9/2 17:35,24.0,63,23.4,70,17.6,23.4,3.2,4.3,129,947.8,1017.6,190.6,1,0.0,1.0,1.0,1.0,1.0,782.3,--
2025/9/2 17:36,23.9,63,23.2,72,17.9,23.2,0.0,5.8,38,947.7,1017.5,197.6,1,0.0,1.0,1.0,1.0,1.0,782.3,--
2025/9/2 17:37,24.0,63,23.3,70,17.5,23.3,3.6,4.3,111,948.0,1017.8,294.2,2,0.0,1.0,1.0,1.0,1.0,782.3,--
2025/9/2 17:38,24.0,63,23.2,71,17.7,23.2,0.0,3.6,147,948.0,1017.8,338.0,3,0.0,1.0,1.0,1.0,1.0,782.3,--
2025/9/2 17:39,24.0,63,23.4,69,17.4,23.4,1.8,2.2,131,947.8,1017.6,323.4,3,0.0,1.0,1.0,1.0,1.0,782.3,--
2025/9/2 17:40,24.0,63,23.5,70,17.7,23.5,1.8,4.0,104,947.9,1017.7,196.4,1,0.0,1.0,1.0,1.0,1.0,782.3,--
2025/9/2 17:41,24.0,63,23.6,70,17.8,23.6,4.7,4.7,115,947.9,1017.7,248.8,2,0.0,1.0,1.0,1.0,1.0,782.3,--
2025/9/2 17:42,24.0,63,23.5,69,17.5,23.5,7.2,8.3,109,947.9,1017.7,188.1,1,0.0,1.0,1.0,1.0,1.0,782.3,--
2025/9/2 17:43,24.0,63,23.1,69,17.1,23.1,5.0,8.3,92,947.9,1017.7,179.8,1,0.0,1.0,1.0,1.0,1.0,782.3,--
2025/9/2 17:44,23.9,63,23.0,70,17.3,23.0,0.0,4.3,73,947.8,1017.6,173.0,1,0.0,1.0,1.0,1.0,1.0,782.3,--
2025/9/2 17:45,24.0,63,23.1,71,17.6,23.1,4.0,4.0,107,947.9,1017.7,164.4,1,0.0,1.0,1.0,1.0,1.0,782.3,--
2025/9/2 17:46,24.0,63,23.0,71,17.5,23.0,1.8,4.0,127,947.8,1017.6,158.6,1,0.0,1.0,1.0,1.0,1.0,782.3,--
2025/9/2 17:47,24.0,63,22.8,70,17.1,22.8,9.0,11.9,103,947.8,1017.6,149.4,1,0.0,1.0,1.0,1.0,1.0,782.3,--
2025/9/2 17:48,24.0,63,22.8,70,17.1,22.8,0.0,2.9,17,948.1,1017.9,140.8,1,0.0,1.0,1.0,1.0,1.0,782.3,--
2025/9/2 17:49,24.0,63,22.7,71,17.2,22.7,3.6,7.9,107,947.8,1017.6,170.2,1,0.0,1.0,1.0,1.0,1.0,782.3,--
2025/9/2 17:50,24.0,63,22.7,72,17.4,22.7,4.0,5.8,131,947.8,1017.6,223.9,2,0.0,1.0,1.0,1.0,1.0,782.3,--
2025/9/2 17:51,23.9,63,22.8,72,17.5,22.8,5.4,5.8,122,948.1,1017.9,133.5,1,0.0,1.0,1.0,1.0,1.0,782.3,--
2025/9/2 17:52,23.9,64,22.8,71,17.3,22.8,7.6,10.1,118,948.0,1017.8,204.8,1,0.0,1.0,1.0,1.0,1.0,782.3,--
2025/9/2 17:53,23.9,64,22.7,71,17.2,22.7,2.9,7.6,118,948.0,1017.8,165.5,1,0.0,1.0,1.0,1.0,1.0,782.3,--
2025/9/2 17:54,23.9,64,22.7,72,17.4,22.7,4.7,6.1,118,948.0,1017.8,185.6,1,0.0,1.0,1.0,1.0,1.0,782.3,--
2025/9/2 17:55,24.0,63,22.8,72,17.5,22.8,0.0,4.7,83,948.0,1017.8,151.4,1,0.0,1.0,1.0,1.0,1.0,782.3,--
2025/9/2 17:56,24.0,63,22.8,72,17.5,22.8,0.0,4.7,92,947.8,1017.6,155.4,1,0.0,1.0,1.0,1.0,1.0,782.3,--
2025/9/2 17:57,24.0,63,22.8,71,17.3,22.8,0.0,4.3,116,948.0,1017.8,147.5,1,0.0,1.0,1.0,1.0,1.0,782.3,--
2025/9/2 17:58,24.0,63,22.9,70,17.2,22.9,7.9,7.9,113,947.9,1017.7,142.7,1,0.0,1.0,1.0,1.0,1.0,782.3,--
2025/9/2 17:59,24.0,63,22.8,69,16.8,22.8,6.5,6.5,126,947.8,1017.6,136.9,1,0.0,1.0,1.0,1.0,1.0,782.3,--
2025/9/2 18:00,24.0,63,22.8,69,16.8,22.8,5.0,7.9,133,947.9,1017.7,129.7,1,0.0,1.0,1.0,1.0,1.0,782.3,--
2025/9/2 18:01,24.0,63,22.9,69,16.9,22.9,7.6,9.4,119,947.9,1017.7,120.9,1,0.0,1.0,1.0,1.0,1.0,782.3,--
2025/9/2 18:02,24.0,63,22.9,70,17.2,22.9,8.6,9.7,123,947.9,1017.7,117.2,1,0.0,1.0,1.0,1.0,1.0,782.3,--
2025/9/2 18:03,24.0,63,22.8,70,17.1,22.8,4.0,5.0,100,947.8,1017.6,112.1,1,0.0,1.0,1.0,1.0,1.0,782.3,--
2025/9/2 18:04,24.0,63,22.7,70,17.0,22.7,5.0,5.0,99,947.9,1017.7,106.3,0,0.0,1.0,1.0,1.0,1.0,782.3,--
2025/9/2 18:05,24.0,63,22.6,71,17.1,22.6,3.6,7.6,140,948.0,1017.8,101.6,0,0.0,1.0,1.0,1.0,1.0,782.3,--
2025/9/2 18:06,24.0,63,22.5,71,17.0,22.5,5.8,6.1,120,947.9,1017.7,100.3,0,0.0,1.0,1.0,1.0,1.0,782.3,--
2025/9/2 18:07,24.0,63,22.5,71,17.0,22.5,5.8,7.6,120,947.9,1017.7,98.8,0,0.0,1.0,1.0,1.0,1.0,782.3,--
2025/9/2 18:08,24.0,63,22.4,71,16.9,22.4,6.8,8.6,121,947.9,1017.7,91.0,0,0.0,1.0,1.0,1.0,1.0,782.3,--
2025/9/2 18:09,24.0,63,22.3,71,16.8,22.3,2.5,6.1,118,947.9,1017.7,87.9,0,0.0,1.0,1.0,1.0,1.0,782.3,--
2025/9/2 18:10,24.0,63,22.3,71,16.8,22.3,6.1,6.8,114,948.0,1017.8,90.7,0,0.0,1.0,1.0,1.0,1.0,782.3,--
2025/9/2 18:11,24.0,63,22.3,71,16.8,22.3,4.0,5.0,146,947.9,1017.7,95.5,0,0.0,1.0,1.0,1.0,1.0,782.3,--
2025/9/2 18:12,24.0,63,22.3,71,16.8,22.3,3.6,5.4,122,947.9,1017.7,98.0,0,0.0,1.0,1.0,1.0,1.0,782.3,--
2025/9/2 18:13,24.0,63,22.3,72,17.0,22.3,2.9,4.7,128,947.9,1017.7,96.0,0,0.0,1.0,1.0,1.0,1.0,782.3,--
2025/9/2 18:14,24.0,63,22.3,72,17.0,22.3,4.3,4.7,117,948.0,1017.8,90.0,0,0.0,1.0,1.0,1.0,1.0,782.3,--
2025/9/2 18:15,24.0,63,22.2,73,17.1,22.2,0.0,1.8,119,947.8,1017.6,86.1,0,0.0,1.0,1.0,1.0,1.0,782.3,--
2025/9/2 18:16,24.0,63,22.3,74,17.5,22.3,0.0,0.0,120,948.0,1017.8,83.4,0,0.0,1.0,1.0,1.0,1.0,782.3,--
2025/9/2 18:17,24.0,63,22.2,74,17.4,22.2,3.6,4.0,128,948.0,1017.8,79.5,0,0.0,1.0,1.0,1.0,1.0,782.3,--
2025/9/2 18:18,24.0,63,22.2,74,17.4,22.2,1.8,3.6,95,948.0,1017.8,70.7,0,0.0,1.0,1.0,1.0,1.0,782.3,--
2025/9/2 18:19,24.0,64,22.2,74,17.4,22.2,3.6,4.0,115,947.9,1017.7,68.1,0,0.0,1.0,1.0,1.0,1.0,782.3,--
2025/9/2 18:20,24.0,64,22.1,74,17.3,22.1,2.9,3.6,102,947.8,1017.6,77.1,0,0.0,1.0,1.0,1.0,1.0,782.3,--
2025/9/2 18:21,24.0,64,22.1,73,17.0,22.1,3.6,4.3,113,947.9,1017.7,87.6,0,0.0,1.0,1.0,1.0,1.0,782.3,--
2025/9/2 18:22,24.0,64,22.1,73,17.0,22.1,3.2,4.3,136,947.9,1017.7,85.3,0,0.0,1.0,1.0,1.0,1.0,782.3,--
2025/9/2 18:23,24.0,64,22.1,74,17.3,22.1,4.0,5.4,115,948.0,1017.8,75.9,0,0.0,1.0,1.0,1.0,1.0,782.3,--
2025/9/2 18:24,24.0,64,22.0,73,17.0,22.0,3.2,3.6,104,947.9,1017.7,68.7,0,0.0,1.0,1.0,1.0,1.0,782.3,--
2025/9/2 18:25,24.0,64,22.0,73,17.0,22.0,1.8,2.9,116,947.8,1017.6,65.5,0,0.0,1.0,1.0,1.0,1.0,782.3,--
2025/9/2 18:26,24.0,64,22.1,76,17.7,22.1,0.0,0.0,29,947.9,1017.7,63.2,0,0.0,1.0,1.0,1.0,1.0,782.3,--
2025/9/2 18:27,24.0,64,22.1,77,17.9,22.1,0.0,0.0,89,947.9,1017.7,63.6,0,0.0,1.0,1.0,1.0,1.0,782.3,--
2025/9/2 18:28,24.0,64,22.1,77,17.9,22.1,0.0,0.0,89,947.8,1017.6,60.6,0,0.0,1.0,1.0,1.0,1.0,782.3,--
2025/9/2 18:29,24.0,64,22.1,76,17.7,22.1,0.0,0.0,89,947.8,1017.6,54.9,0,0.0,1.0,1.0,1.0,1.0,782.3,--
2025/9/2 18:30,24.0,64,22.1,76,17.7,22.1,2.5,2.5,109,947.9,1017.7,52.5,0,0.0,1.0,1.0,1.0,1.0,782.3,--
2025/9/2 18:31,24.0,64,22.0,76,17.6,22.0,2.9,2.9,122,947.8,1017.6,53.8,0,0.0,1.0,1.0,1.0,1.0,782.3,--
2025/9/2 18:32,24.0,64,21.9,76,17.5,21.9,3.6,3.6,118,947.8,1017.6,54.9,0,0.0,1.0,1.0,1.0,1.0,782.3,--
2025/9/2 18:33,24.0,64,21.9,76,17.5,21.9,0.0,0.0,117,947.8,1017.6,53.1,0,0.0,1.0,1.0,1.0,1.0,782.3,--
2025/9/2 18:34,24.0,64,21.9,76,17.5,21.9,0.0,1.8,108,947.8,1017.6,49.6,0,0.0,1.0,1.0,1.0,1.0,782.3,--
2025/9/2 18:35,24.0,64,21.8,75,17.2,21.8,0.0,3.6,112,947.8,1017.6,42.3,0,0.0,1.0,1.0,1.0,1.0,782.3,--
2025/9/2 18:36,24.0,64,21.8,76,17.4,21.8,0.0,1.8,113,947.7,1017.5,35.5,0,0.0,1.0,1.0,1.0,1.0,782.3,--
2025/9/2 18:37,24.0,64,21.8,76,17.4,21.8,2.2,2.5,109,947.9,1017.7,30.9,0,0.0,1.0,1.0,1.0,1.0,782.3,--
2025/9/2 18:38,24.0,64,21.7,78,17.7,21.7,0.0,0.0,117,947.9,1017.7,28.3,0,0.0,1.0,1.0,1.0,1.0,782.3,--
2025/9/2 18:39,24.0,64,21.7,79,17.9,21.7,0.0,0.0,117,947.9,1017.7,26.1,0,0.0,1.0,1.0,1.0,1.0,782.3,--
2025/9/2 18:40,24.1,64,21.6,80,18.0,21.6,0.0,0.0,117,948.0,1017.8,25.2,0,0.0,1.0,1.0,1.0,1.0,782.3,--
2025/9/2 18:41,24.0,64,21.5,81,18.1,21.5,0.0,0.0,269,947.8,1017.6,24.9,0,0.0,1.0,1.0,1.0,1.0,782.3,--
2025/9/2 18:42,24.1,64,21.4,81,18.0,21.4,0.0,0.0,269,947.8,1017.6,23.6,0,0.0,1.0,1.0,1.0,1.0,782.3,--
2025/9/2 18:43,24.1,64,21.4,81,18.0,21.4,0.0,0.0,269,947.9,1017.7,21.3,0,0.0,1.0,1.0,1.0,1.0,782.3,--
2025/9/2 18:44,24.1,64,21.3,81,17.9,21.3,0.0,0.0,269,947.9,1017.7,18.3,0,0.0,1.0,1.0,1.0,1.0,782.3,--
2025/9/2 18:45,24.1,64,21.2,82,18.0,21.2,0.0,0.0,269,947.8,1017.6,14.9,0,0.0,1.0,1.0,1.0,1.0,782.3,--
2025/9/2 18:46,24.1,64,21.1,82,17.9,21.1,0.0,0.0,322,947.9,1017.7,14.3,0,0.0,1.0,1.0,1.0,1.0,782.3,--
2025/9/2 18:47,24.1,64,20.9,83,17.9,20.9,0.0,0.0,322,947.9,1017.7,17.2,0,0.0,1.0,1.0,1.0,1.0,782.3,--
2025/9/2 18:48,24.1,64,20.8,83,17.8,20.8,0.0,0.0,329,947.9,1017.7,22.3,0,0.0,1.0,1.0,1.0,1.0,782.3,--
2025/9/2 18:49,24.1,64,20.7,83,17.7,20.7,2.2,2.2,259,947.8,1017.6,29.7,0,0.0,1.0,1.0,1.0,1.0,782.3,--
2025/9/2 18:50,24.1,64,20.6,84,17.8,20.6,0.0,2.2,229,947.8,1017.6,31.6,0,0.0,1.0,1.0,1.0,1.0,782.3,--
2025/9/2 18:51,24.1,64,20.5,84,17.7,20.5,0.0,0.0,257,947.8,1017.6,35.3,0,0.0,1.0,1.0,1.0,1.0,782.3,--
2025/9/2 18:52,24.1,64,20.5,83,17.5,20.5,0.0,0.0,322,948.0,1017.8,37.1,0,0.0,1.0,1.0,1.0,1.0,782.3,--
2025/9/2 18:53,24.1,64,20.5,83,17.5,20.5,0.0,0.0,322,948.1,1017.9,37.7,0,0.0,1.0,1.0,1.0,1.0,782.3,--
2025/9/2 18:54,24.1,64,20.6,82,17.4,20.6,2.2,2.9,93,948.1,1017.9,37.2,0,0.0,1.0,1.0,1.0,1.0,782.3,--
2025/9/2 18:55,24.1,64,20.7,78,16.7,20.7,4.0,8.6,107,947.9,1017.7,36.2,0,0.0,1.0,1.0,1.0,1.0,782.3,--
2025/9/2 18:56,24.1,64,21.0,76,16.6,21.0,2.2,4.0,38,948.0,1017.8,35.7,0,0.0,1.0,1.0,1.0,1.0,782.3,--
2025/9/2 18:57,24.1,64,21.1,75,16.5,21.1,2.2,2.9,95,948.1,1017.9,35.2,0,0.0,1.0,1.0,1.0,1.0,782.3,--
2025/9/2 18:58,24.1,64,21.2,75,16.6,21.2,0.0,2.2,135,948.1,1017.9,34.2,0,0.0,1.0,1.0,1.0,1.0,782.3,--
2025/9/2 18:59,24.1,64,21.2,81,17.8,21.2,0.0,2.5,224,948.1,1017.9,34.1,0,0.0,1.0,1.0,1.0,1.0,782.3,--
2025/9/2 19:00,24.1,64,21.1,75,16.5,21.1,5.8,5.8,111,948.2,1018.0,32.8,0,0.0,1.0,1.0,1.0,1.0,782.3,--
2025/9/2 19:01,24.1,64,21.1,68,15.0,21.1,7.9,9.0,105,948.2,1018.0,29.3,0,0.0,1.0,1.0,1.0,1.0,782.3,--
2025/9/2 19:02,24.1,64,21.3,65,14.5,21.3,6.1,7.9,116,948.2,1018.0,26.1,0,0.0,1.0,1.0,1.0,1.0,782.3,--
2025/9/2 19:03,24.1,64,21.4,64,14.3,21.4,6.1,6.1,85,948.3,1018.1,24.0,0,0.0,1.0,1.0,1.0,1.0,782.3,--
2025/9/2 19:04,24.1,64,21.4,64,14.3,21.4,0.0,5.0,80,948.1,1017.9,22.5,0,0.0,1.0,1.0,1.0,1.0,782.3,--
2025/9/2 19:05,24.1,64,21.4,65,14.6,21.4,0.0,0.0,269,948.1,1017.9,21.4,0,0.0,1.0,1.0,1.0,1.0,782.3,--
2025/9/2 19:06,24.1,64,21.4,64,14.3,21.4,2.5,6.1,143,948.2,1018.0,20.2,0,0.0,1.0,1.0,1.0,1.0,782.3,--
2025/9/2 19:07,24.1,64,21.3,66,14.7,21.3,2.2,3.2,253,948.2,1018.0,19.2,0,0.0,1.0,1.0,1.0,1.0,782.3,--
2025/9/2 19:08,24.1,64,21.1,66,14.5,21.1,0.0,2.9,102,948.3,1018.1,18.9,0,0.0,1.0,1.0,1.0,1.0,782.3,--
2025/9/2 19:09,24.1,64,21.1,65,14.3,21.1,0.0,4.0,54,948.3,1018.1,18.4,0,0.0,1.0,1.0,1.0,1.0,782.3,--
2025/9/2 19:10,24.1,64,21.0,64,14.0,21.0,0.0,2.9,44,948.1,1017.9,17.6,0,0.0,1.0,1.0,1.0,1.0,782.3,--
2025/9/2 19:11,24.1,64,21.0,71,15.6,21.0,0.0,0.0,99,948.3,1018.1,16.8,0,0.0,1.0,1.0,1.0,1.0,782.3,--
2025/9/2 19:12,24.1,64,20.9,71,15.5,20.9,0.0,0.0,269,948.2,1018.0,16.0,0,0.0,1.0,1.0,1.0,1.0,782.3,--
2025/9/2 19:13,24.1,64,20.8,72,15.6,20.8,0.0,0.0,217,948.3,1018.1,14.9,0,0.0,1.0,1.0,1.0,1.0,782.3,--
2025/9/2 19:14,24.1,64,20.5,71,15.1,20.5,0.0,2.2,55,948.3,1018.1,13.8,0,0.0,1.0,1.0,1.0,1.0,782.3,--
2025/9/2 19:15,24.1,64,20.4,69,14.5,20.4,1.8,2.5,66,948.3,1018.1,12.6,0,0.0,1.0,1.0,1.0,1.0,782.3,--
2025/9/2 19:16,24.1,64,20.4,70,14.8,20.4,0.0,2.5,99,948.4,1018.2,11.8,0,0.0,1.0,1.0,1.0,1.0,782.3,--
2025/9/2 19:17,24.1,63,20.3,71,14.9,20.3,2.2,2.2,234,948.4,1018.2,11.2,0,0.0,1.0,1.0,1.0,1.0,782.3,--
2025/9/2 19:18,24.1,63,20.1,70,14.5,20.1,1.8,2.2,80,948.3,1018.1,10.8,0,0.0,1.0,1.0,1.0,1.0,782.3,--
2025/9/2 19:19,24.1,62,20.1,70,14.5,20.1,0.0,0.0,89,948.4,1018.2,10.4,0,0.0,1.0,1.0,1.0,1.0,782.3,--
2025/9/2 19:20,24.1,63,20.1,70,14.5,20.1,0.0,2.5,130,948.3,1018.1,10.1,0,0.0,1.0,1.0,1.0,1.0,782.3,--
2025/9/2 19:21,24.1,63,20.0,72,14.8,20.0,0.0,0.0,217,948.3,1018.1,9.6,0,0.0,1.0,1.0,1.0,1.0,782.3,--
2025/9/2 19:22,24.2,62,19.9,73,14.9,19.9,0.0,0.0,217,948.4,1018.2,9.0,0,0.0,1.0,1.0,1.0,1.0,782.3,--
2025/9/2 19:23,24.2,63,19.9,72,14.7,19.9,0.0,0.0,217,948.4,1018.2,8.5,0,0.0,1.0,1.0,1.0,1.0,782.3,--
2025/9/2 19:24,24.2,62,19.8,73,14.8,19.8,0.0,0.0,245,948.4,1018.2,7.9,0,0.0,1.0,1.0,1.0,1.0,782.3,--
2025/9/2 19:25,24.1,62,19.4,74,14.7,19.4,0.0,0.0,245,948.2,1018.0,7.4,0,0.0,1.0,1.0,1.0,1.0,782.3,--
2025/9/2 19:26,24.1,62,19.2,77,15.1,19.2,2.2,2.2,0,948.4,1018.2,6.7,0,0.0,1.0,1.0,1.0,1.0,782.3,--
2025/9/2 19:27,24.1,61,19.2,77,15.1,19.2,1.8,2.2,46,948.4,1018.2,6.3,0,0.0,1.0,1.0,1.0,1.0,782.3,--
2025/9/2 19:28,24.1,61,19.1,78,15.2,19.1,0.0,2.2,17,948.3,1018.1,5.9,0,0.0,1.0,1.0,1.0,1.0,782.3,--
2025/9/2 19:29,24.1,61,19.0,79,15.3,19.0,0.0,0.0,235,948.3,1018.1,5.6,0,0.0,1.0,1.0,1.0,1.0,782.3,--
2025/9/2 19:30,24.1,61,18.8,77,14.7,18.8,0.0,0.0,345,948.4,1018.2,5.2,0,0.0,1.0,1.0,1.0,1.0,782.3,--
2025/9/2 19:31,24.1,61,18.7,78,14.8,18.7,2.9,2.9,292,948.4,1018.2,4.8,0,0.0,1.0,1.0,1.0,1.0,782.3,--
2025/9/2 19:32,24.1,61,18.6,78,14.7,18.6,0.0,2.5,312,948.4,1018.2,4.4,0,0.0,1.0,1.0,1.0,1.0,782.3,--
2025/9/2 19:33,24.1,60,18.6,78,14.7,18.6,3.2,4.3,33,948.6,1018.4,4.1,0,0.0,1.0,1.0,1.0,1.0,782.3,--
2025/9/2 19:34,24.1,60,18.6,79,14.9,18.6,2.2,2.5,186,948.4,1018.2,3.7,0,0.0,1.0,1.0,1.0,1.0,782.3,--
2025/9/2 19:35,24.1,60,18.5,79,14.8,18.5,0.0,0.0,209,948.4,1018.2,3.4,0,0.0,1.0,1.0,1.0,1.0,782.3,--
2025/9/2 19:36,24.1,60,18.4,79,14.7,18.4,0.0,1.8,113,948.4,1018.2,3.1,0,0.0,1.0,1.0,1.0,1.0,782.3,--
2025/9/2 19:37,24.1,60,18.4,77,14.3,18.4,3.2,3.6,83,948.5,1018.3,2.8,0,0.0,1.0,1.0,1.0,1.0,782.3,--
2025/9/2 19:38,24.1,60,18.6,76,14.3,18.6,3.6,5.8,107,948.4,1018.2,2.6,0,0.0,1.0,1.0,1.0,1.0,782.3,--
2025/9/2 19:39,24.1,60,18.8,77,14.7,18.8,1.8,1.8,164,948.5,1018.3,2.2,0,0.0,1.0,1.0,1.0,1.0,782.3,--
2025/9/2 19:40,24.1,59,18.8,76,14.5,18.8,0.0,0.0,182,948.5,1018.3,2.0,0,0.0,1.0,1.0,1.0,1.0,782.3,--
2025/9/2 19:41,24.1,59,18.9,76,14.6,18.9,0.0,2.2,89,948.4,1018.2,1.8,0,0.0,1.0,1.0,1.0,1.0,782.3,--
2025/9/2 19:42,24.1,59,18.9,78,15.0,18.9,0.0,0.0,89,948.4,1018.2,1.5,0,0.0,1.0,1.0,1.0,1.0,782.3,--
2025/9/2 19:43,24.1,59,18.7,79,15.0,18.7,0.0,2.9,30,948.3,1018.1,1.3,0,0.0,1.0,1.0,1.0,1.0,782.3,--
2025/9/2 19:44,24.1,59,18.7,80,15.2,18.7,0.0,0.0,38,948.3,1018.1,1.1,0,0.0,1.0,1.0,1.0,1.0,782.3,--
2025/9/2 19:45,24.1,59,18.5,80,15.0,18.5,0.0,0.0,38,948.3,1018.1,0.9,0,0.0,1.0,1.0,1.0,1.0,782.3,--
2025/9/2 19:46,24.1,59,18.5,80,15.0,18.5,0.0,0.0,111,948.2,1018.0,0.7,0,0.0,1.0,1.0,1.0,1.0,782.3,--
2025/9/2 19:47,24.1,59,18.5,79,14.8,18.5,0.0,0.0,89,948.3,1018.1,0.7,0,0.0,1.0,1.0,1.0,1.0,782.3,--
2025/9/2 19:48,24.1,59,18.4,81,15.1,18.4,0.0,0.0,89,948.4,1018.2,0.5,0,0.0,1.0,1.0,1.0,1.0,782.3,--
2025/9/2 19:49,24.1,59,18.2,81,14.9,18.2,0.0,0.0,89,948.3,1018.1,0.4,0,0.0,1.0,1.0,1.0,1.0,782.3,--
2025/9/2 19:50,24.1,59,18.1,82,15.0,18.1,0.0,0.0,347,948.3,1018.1,0.3,0,0.0,1.0,1.0,1.0,1.0,782.3,--
2025/9/2 19:51,24.1,59,18.0,83,15.1,18.0,0.0,0.0,22,948.3,1018.1,0.3,0,0.0,1.0,1.0,1.0,1.0,782.3,--
2025/9/2 19:52,24.1,59,17.9,83,15.0,17.9,0.0,0.0,22,948.2,1018.0,0.2,0,0.0,1.0,1.0,1.0,1.0,782.3,--
2025/9/2 19:53,24.1,59,17.8,84,15.1,17.8,0.0,0.0,22,948.2,1018.0,0.1,0,0.0,1.0,1.0,1.0,1.0,782.3,--
2025/9/2 19:54,24.1,60,17.7,84,15.0,17.7,1.8,2.2,85,948.2,1018.0,0.1,0,0.0,1.0,1.0,1.0,1.0,782.3,--
2025/9/2 19:55,24.0,60,17.7,84,15.0,17.7,0.0,1.8,87,948.3,1018.1,0.0,0,0.0,1.0,1.0,1.0,1.0,782.3,--
2025/9/2 19:56,24.0,60,17.6,85,15.1,17.6,0.0,0.0,99,948.3,1018.1,0.0,0,0.0,1.0,1.0,1.0,1.0,782.3,--
2025/9/2 19:57,24.1,60,17.5,85,15.0,17.5,0.0,0.0,99,948.3,1018.1,0.0,0,0.0,1.0,1.0,1.0,1.0,782.3,--
2025/9/2 19:58,24.0,60,17.4,85,14.9,17.4,1.8,3.2,113,948.2,1018.0,0.0,0,0.0,1.0,1.0,1.0,1.0,782.3,--
2025/9/2 19:59,24.0,60,17.4,86,15.0,17.4,0.0,2.5,35,948.3,1018.1,0.0,0,0.0,1.0,1.0,1.0,1.0,782.3,--
2025/9/2 20:00,24.1,60,17.4,86,15.0,17.4,0.0,0.0,129,948.4,1018.2,0.0,0,0.0,1.0,1.0,1.0,1.0,782.3,--
2025/9/2 20:01,24.1,60,17.4,86,15.0,17.4,0.0,0.0,129,948.4,1018.2,0.0,0,0.0,1.0,1.0,1.0,1.0,782.3,--
2025/9/2 20:02,24.0,60,17.3,86,15.0,17.3,0.0,0.0,129,948.2,1018.0,0.0,0,0.0,1.0,1.0,1.0,1.0,782.3,--
2025/9/2 20:03,24.0,60,17.3,85,14.8,17.3,0.0,0.0,44,948.3,1018.1,0.0,0,0.0,1.0,1.0,1.0,1.0,782.3,--
2025/9/2 20:04,24.0,60,17.3,86,15.0,17.3,1.8,2.2,108,948.5,1018.3,0.0,0,0.0,1.0,1.0,1.0,1.0,782.3,--
2025/9/2 20:05,24.0,60,17.3,87,15.1,17.3,0.0,0.0,126,948.4,1018.2,0.0,0,0.0,1.0,1.0,1.0,1.0,782.3,--
2025/9/2 20:06,24.0,60,17.3,87,15.1,17.3,1.8,1.8,37,948.5,1018.3,0.0,0,0.0,1.0,1.0,1.0,1.0,782.3,--
2025/9/2 20:07,24.0,60,17.4,87,15.2,17.4,0.0,1.8,60,948.5,1018.3,0.0,0,0.0,1.0,1.0,1.0,1.0,782.3,--
2025/9/2 20:08,24.0,60,17.4,87,15.2,17.4,0.0,0.0,89,948.3,1018.1,0.0,0,0.0,1.0,1.0,1.0,1.0,782.3,--
2025/9/2 20:09,24.0,60,17.4,87,15.2,17.4,0.0,0.0,89,948.5,1018.3,0.0,0,0.0,1.0,1.0,1.0,1.0,782.3,--
2025/9/2 20:10,24.0,60,17.4,87,15.2,17.4,0.0,0.0,129,948.5,1018.3,0.0,0,0.0,1.0,1.0,1.0,1.0,782.3,--
2025/9/2 20:11,24.0,60,17.4,87,15.2,17.4,0.0,1.8,324,948.4,1018.2,0.0,0,0.0,1.0,1.0,1.0,1.0,782.3,--
2025/9/2 20:12,24.0,61,17.4,88,15.4,17.4,0.0,0.0,309,948.5,1018.3,0.0,0,0.0,1.0,1.0,1.0,1.0,782.3,--
2025/9/2 20:13,24.0,61,17.5,88,15.5,17.5,1.8,2.9,319,948.6,1018.4,0.0,0,0.0,1.0,1.0,1.0,1.0,782.3,--
2025/9/2 20:14,24.0,61,17.5,88,15.5,17.5,0.0,2.5,240,948.6,1018.4,0.0,0,0.0,1.0,1.0,1.0,1.0,782.3,--
2025/9/2 20:15,24.0,62,17.5,87,15.3,17.5,2.5,3.2,343,948.5,1018.3,0.0,0,0.0,1.0,1.0,1.0,1.0,782.3,--
2025/9/2 20:16,24.0,62,17.7,87,15.5,17.7,2.9,4.7,2,948.5,1018.3,0.0,0,0.0,1.0,1.0,1.0,1.0,782.3,--
2025/9/2 20:17,24.0,64,17.9,86,15.5,17.9,2.2,2.2,92,948.6,1018.4,0.0,0,0.0,1.0,1.0,1.0,1.0,782.3,--
2025/9/2 20:18,24.0,65,18.0,86,15.6,18.0,0.0,1.8,293,948.5,1018.3,0.0,0,0.0,1.0,1.0,1.0,1.0,782.3,--
2025/9/2 20:19,24.0,64,18.0,86,15.6,18.0,2.2,3.2,326,948.6,1018.4,0.0,0,0.0,1.0,1.0,1.0,1.0,782.3,--
2025/9/2 20:20,24.1,64,18.1,85,15.5,18.1,2.9,3.2,9,948.5,1018.3,0.0,0,0.0,1.0,1.0,1.0,1.0,782.3,--
2025/9/2 20:21,24.1,64,18.2,85,15.6,18.2,2.2,2.5,19,948.5,1018.3,0.0,0,0.0,1.0,1.0,1.0,1.0,782.3,--
2025/9/2 20:22,24.1,64,18.3,86,15.9,18.3,2.2,3.2,2,948.4,1018.2,0.0,0,0.0,1.0,1.0,1.0,1.0,782.3,--
2025/9/2 20:23,24.1,64,18.4,86,16.0,18.4,2.5,3.2,346,948.4,1018.2,0.0,0,0.0,1.0,1.0,1.0,1.0,782.3,--
2025/9/2 20:24,24.1,64,18.4,87,16.2,18.4,0.0,0.0,344,948.7,1018.5,0.0,0,0.0,1.0,1.0,1.0,1.0,782.3,--
2025/9/2 20:25,24.1,64,18.4,87,16.2,18.4,2.9,2.9,14,948.7,1018.5,0.0,0,0.0,1.0,1.0,1.0,1.0,782.3,--
2025/9/2 20:26,24.2,64,18.4,87,16.2,18.4,0.0,2.5,0,948.6,1018.4,0.0,0,0.0,1.0,1.0,1.0,1.0,782.3,--
2025/9/2 20:27,24.1,64,18.4,87,16.2,18.4,0.0,2.9,267,948.7,1018.5,0.0,0,0.0,1.0,1.0,1.0,1.0,782.3,--
2025/9/2 20:28,24.1,64,18.3,87,16.1,18.3,0.0,1.8,91,948.8,1018.6,0.0,0,0.0,1.0,1.0,1.0,1.0,782.3,--
2025/9/2 20:29,24.2,64,18.3,86,15.9,18.3,0.0,3.2,327,948.9,1018.7,0.0,0,0.0,1.0,1.0,1.0,1.0,782.3,--
2025/9/2 20:30,24.2,64,18.2,85,15.6,18.2,0.0,2.2,347,948.9,1018.7,0.0,0,0.0,1.0,1.0,1.0,1.0,782.3,--
2025/9/2 20:31,24.2,64,18.2,84,15.5,18.2,2.2,2.9,0,948.8,1018.6,0.0,0,0.0,1.0,1.0,1.0,1.0,782.3,--
2025/9/2 20:32,24.2,64,18.3,85,15.7,18.3,0.0,3.2,151,948.8,1018.6,0.0,0,0.0,1.0,1.0,1.0,1.0,782.3,--
2025/9/2 20:33,24.2,64,18.3,84,15.6,18.3,1.8,2.5,2,949.0,1018.8,0.0,0,0.0,1.0,1.0,1.0,1.0,782.3,--
2025/9/2 20:34,24.2,64,18.2,84,15.5,18.2,0.0,3.2,357,949.1,1018.9,0.0,0,0.0,1.0,1.0,1.0,1.0,782.3,--
2025/9/2 20:35,24.2,64,18.3,85,15.7,18.3,0.0,0.0,331,948.9,1018.7,0.0,0,0.0,1.0,1.0,1.0,1.0,782.3,--
2025/9/2 20:36,24.2,64,18.2,84,15.5,18.2,0.0,3.2,54,949.0,1018.8,0.0,0,0.0,1.0,1.0,1.0,1.0,782.3,--
2025/9/2 20:37,24.2,64,18.2,84,15.5,18.2,2.2,2.9,3,949.0,1018.8,0.0,0,0.0,1.0,1.0,1.0,1.0,782.3,--
2025/9/2 20:38,24.2,64,18.3,84,15.6,18.3,2.2,3.2,334,949.0,1018.8,0.0,0,0.0,1.0,1.0,1.0,1.0,782.3,--
2025/9/2 20:39,24.2,64,18.3,84,15.6,18.3,2.2,2.9,25,949.0,1018.8,0.0,0,0.0,1.0,1.0,1.0,1.0,782.3,--
2025/9/2 20:40,24.2,64,18.3,84,15.6,18.3,2.5,2.9,17,949.1,1018.9,0.0,0,0.0,1.0,1.0,1.0,1.0,782.3,--
2025/9/2 20:41,24.2,64,18.3,84,15.6,18.3,1.8,2.2,79,949.1,1018.9,0.0,0,0.0,1.0,1.0,1.0,1.0,782.3,--
2025/9/2 20:42,24.2,64,18.3,84,15.6,18.3,0.0,1.8,66,949.0,1018.8,0.0,0,0.0,1.0,1.0,1.0,1.0,782.3,--
2025/9/2 20:43,24.2,64,18.3,84,15.6,18.3,0.0,0.0,69,949.2,1019.0,0.0,0,0.0,1.0,1.0,1.0,1.0,782.3,--
2025/9/2 20:44,24.2,64,18.3,85,15.7,18.3,0.0,0.0,352,949.0,1018.8,0.0,0,0.0,1.0,1.0,1.0,1.0,782.3,--
2025/9/2 20:45,24.2,64,18.3,86,15.9,18.3,0.0,1.8,299,949.2,1019.0,0.0,0,0.0,1.0,1.0,1.0,1.0,782.3,--
2025/9/2 20:46,24.2,64,18.3,86,15.9,18.3,0.0,1.8,269,949.2,1019.0,0.0,0,0.0,1.0,1.0,1.0,1.0,782.3,--
2025/9/2 20:47,24.2,64,18.3,86,15.9,18.3,0.0,0.0,69,949.2,1019.0,0.0,0,0.0,1.0,1.0,1.0,1.0,782.3,--
2025/9/2 20:48,24.3,64,18.3,85,15.7,18.3,0.0,1.8,58,949.2,1019.0,0.0,0,0.0,1.0,1.0,1.0,1.0,782.3,--
2025/9/2 20:49,24.2,64,18.3,85,15.7,18.3,2.2,2.5,70,949.1,1018.9,0.0,0,0.0,1.0,1.0,1.0,1.0,782.3,--
2025/9/2 20:50,24.2,64,18.4,85,15.8,18.4,0.0,0.0,50,949.1,1018.9,0.0,0,0.0,1.0,1.0,1.0,1.0,782.3,--
2025/9/2 20:51,24.2,64,18.4,85,15.8,18.4,0.0,2.2,319,949.3,1019.1,0.0,0,0.0,1.0,1.0,1.0,1.0,782.3,--
2025/9/2 20:52,24.2,64,18.4,86,16.0,18.4,0.0,2.9,248,949.1,1018.9,0.0,0,0.0,1.0,1.0,1.0,1.0,782.3,--
2025/9/2 20:53,24.2,64,18.4,86,16.0,18.4,0.0,2.2,285,949.3,1019.1,0.0,0,0.0,1.0,1.0,1.0,1.0,782.3,--
2025/9/2 20:54,24.2,64,18.3,86,15.9,18.3,0.0,1.8,272,949.3,1019.1,0.0,0,0.0,1.0,1.0,1.0,1.0,782.3,--
2025/9/2 20:55,24.2,64,18.3,87,16.1,18.3,0.0,0.0,316,949.2,1019.0,0.0,0,0.0,1.0,1.0,1.0,1.0,782.3,--
2025/9/2 20:56,24.2,63,18.3,87,16.1,18.3,0.0,0.0,32,949.3,1019.1,0.0,0,0.0,1.0,1.0,1.0,1.0,782.3,--
2025/9/2 20:57,24.2,64,18.3,87,16.1,18.3,2.2,2.2,33,949.4,1019.2,0.0,0,0.0,1.0,1.0,1.0,1.0,782.3,--
2025/9/2 20:58,24.2,63,18.3,87,16.1,18.3,0.0,2.2,19,949.3,1019.1,0.0,0,0.0,1.0,1.0,1.0,1.0,782.3,--
2025/9/2 20:59,24.2,63,18.3,87,16.1,18.3,2.9,3.6,24,949.4,1019.2,0.0,0,0.0,1.0,1.0,1.0,1.0,782.3,--
2025/9/2 21:00,24.2,64,18.3,87,16.1,18.3,2.9,4.0,18,949.3,1019.1,0.0,0,0.0,1.0,1.0,1.0,1.0,782.3,--
2025/9/2 21:01,24.2,63,18.3,87,16.1,18.3,2.2,2.5,8,949.4,1019.2,0.0,0,0.0,1.0,1.0,1.0,1.0,782.3,--
2025/9/2 21:02,24.2,63,18.3,87,16.1,18.3,0.0,2.5,311,949.4,1019.2,0.0,0,0.0,1.0,1.0,1.0,1.0,782.3,--
2025/9/2 21:03,24.2,63,18.3,87,16.1,18.3,0.0,1.8,118,949.5,1019.3,0.0,0,0.0,1.0,1.0,1.0,1.0,782.3,--
2025/9/2 21:04,24.2,63,18.3,87,16.1,18.3,0.0,2.2,114,949.3,1019.1,0.0,0,0.0,1.0,1.0,1.0,1.0,782.3,--
2025/9/2 21:05,24.2,63,18.3,88,16.2,18.3,0.0,0.0,26,949.2,1019.0,0.0,0,0.0,1.0,1.0,1.0,1.0,782.3,--
2025/9/2 21:06,24.2,63,18.3,88,16.2,18.3,1.8,2.5,46,949.5,1019.3,0.0,0,0.0,1.0,1.0,1.0,1.0,782.3,--
2025/9/2 21:07,24.2,63,18.3,88,16.2,18.3,0.0,2.5,135,949.3,1019.1,0.0,0,0.0,1.0,1.0,1.0,1.0,782.3,--
2025/9/2 21:08,24.2,63,18.2,87,16.0,18.2,2.9,4.3,100,949.3,1019.1,0.0,0,0.0,1.0,1.0,1.0,1.0,782.3,--
2025/9/2 21:09,24.2,63,18.2,87,16.0,18.2,1.8,3.2,130,949.4,1019.2,0.0,0,0.0,1.0,1.0,1.0,1.0,782.3,--
2025/9/2 21:10,24.2,63,18.2,87,16.0,18.2,2.2,2.5,175,949.3,1019.1,0.0,0,0.0,1.0,1.0,1.0,1.0,782.3,--
2025/9/2 21:11,24.2,63,18.2,87,16.0,18.2,0.0,1.8,163,949.4,1019.2,0.0,0,0.0,1.0,1.0,1.0,1.0,782.3,--
2025/9/2 21:12,24.2,63,18.2,87,16.0,18.2,2.2,2.9,87,949.4,1019.2,0.0,0,0.0,1.0,1.0,1.0,1.0,782.3,--
2025/9/2 21:13,24.2,63,18.2,88,16.1,18.2,0.0,0.0,80,949.2,1019.0,0.0,0,0.0,1.0,1.0,1.0,1.0,782.3,--
2025/9/2 21:14,24.2,63,18.1,87,15.9,18.1,0.0,1.8,22,949.4,1019.2,0.0,0,0.0,1.0,1.0,1.0,1.0,782.3,--
2025/9/2 21:15,24.2,63,18.1,88,16.0,18.1,2.5,3.2,24,949.4,1019.2,0.0,0,0.0,1.0,1.0,1.0,1.0,782.3,--
2025/9/2 21:16,24.2,63,18.1,88,16.0,18.1,0.0,2.5,343,949.4,1019.2,0.0,0,0.0,1.0,1.0,1.0,1.0,782.3,--
2025/9/2 21:17,24.2,63,18.0,88,15.9,18.0,0.0,0.0,55,949.6,1019.4,0.0,0,0.0,1.0,1.0,1.0,1.0,782.3,--
2025/9/2 21:18,24.2,63,18.0,88,15.9,18.0,0.0,0.0,6,949.5,1019.3,0.0,0,0.0,1.0,1.0,1.0,1.0,782.3,--
2025/9/2 21:19,24.2,63,17.9,88,15.8,17.9,0.0,0.0,353,949.5,1019.3,0.0,0,0.0,1.0,1.0,1.0,1.0,782.3,--
2025/9/2 21:20,24.2,63,17.9,88,15.8,17.9,0.0,1.8,81,949.5,1019.3,0.0,0,0.0,1.0,1.0,1.0,1.0,782.3,--
2025/9/2 21:21,24.2,63,17.8,89,15.9,17.8,1.8,2.2,89,949.7,1019.5,0.0,0,0.0,1.0,1.0,1.0,1.0,782.3,--
2025/9/2 21:22,24.2,63,17.8,88,15.7,17.8,0.0,2.2,84,949.7,1019.5,0.0,0,0.0,1.0,1.0,1.0,1.0,782.3,--
2025/9/2 21:23,24.2,63,17.8,89,15.9,17.8,1.8,2.2,69,949.6,1019.4,0.0,0,0.0,1.0,1.0,1.0,1.0,782.3,--
2025/9/2 21:24,24.2,63,17.8,88,15.7,17.8,2.5,4.3,16,949.6,1019.4,0.0,0,0.0,1.0,1.0,1.0,1.0,782.3,--
2025/9/2 21:25,24.2,63,17.8,89,15.9,17.8,0.0,2.5,246,949.6,1019.4,0.0,0,0.0,1.0,1.0,1.0,1.0,782.3,--
2025/9/2 21:26,24.2,63,17.6,89,15.7,17.6,2.2,2.5,321,949.4,1019.2,0.0,0,0.0,1.0,1.0,1.0,1.0,782.3,--
2025/9/2 21:27,24.2,63,17.6,89,15.7,17.6,2.5,2.9,276,949.5,1019.3,0.0,0,0.0,1.0,1.0,1.0,1.0,782.3,--
2025/9/2 21:28,24.2,63,17.5,89,15.6,17.5,0.0,2.2,291,949.3,1019.1,0.0,0,0.0,1.0,1.0,1.0,1.0,782.3,--
2025/9/2 21:29,24.2,63,17.5,89,15.6,17.5,0.0,2.5,269,949.4,1019.2,0.0,0,0.0,1.0,1.0,1.0,1.0,782.3,--
2025/9/2 21:30,24.2,63,17.5,90,15.8,17.5,0.0,0.0,44,949.5,1019.3,0.0,0,0.0,1.0,1.0,1.0,1.0,782.3,--
2025/9/2 21:31,24.1,64,17.5,90,15.8,17.5,0.0,0.0,36,949.4,1019.2,0.0,0,0.0,1.0,1.0,1.0,1.0,782.3,--
2025/9/2 21:32,24.1,64,17.4,90,15.7,17.4,1.8,2.5,28,949.4,1019.2,0.0,0,0.0,1.0,1.0,1.0,1.0,782.3,--
2025/9/2 21:33,24.2,64,17.4,90,15.7,17.4,0.0,1.8,36,949.6,1019.4,0.0,0,0.0,1.0,1.0,1.0,1.0,782.3,--
2025/9/2 21:34,24.2,64,17.4,90,15.7,17.4,1.8,2.2,24,949.5,1019.3,0.0,0,0.0,1.0,1.0,1.0,1.0,782.3,--
2025/9/2 21:35,24.2,63,17.3,90,15.6,17.3,0.0,0.0,23,949.4,1019.2,0.0,0,0.0,1.0,1.0,1.0,1.0,782.3,--
2025/9/2 21:36,24.2,63,17.3,90,15.6,17.3,0.0,0.0,0,949.6,1019.4,0.0,0,0.0,1.0,1.0,1.0,1.0,782.3,--
2025/9/2 21:37,24.2,63,17.3,90,15.6,17.3,0.0,0.0,144,949.5,1019.3,0.0,0,0.0,1.0,1.0,1.0,1.0,782.3,--
2025/9/2 21:38,24.2,63,17.3,91,15.9,17.3,0.0,0.0,299,949.4,1019.2,0.0,0,0.0,1.0,1.0,1.0,1.0,782.3,--
2025/9/2 21:39,24.2,63,17.2,91,15.8,17.2,0.0,0.0,269,949.4,1019.2,0.0,0,0.0,1.0,1.0,1.0,1.0,782.3,--
2025/9/2 21:40,24.2,63,17.2,91,15.8,17.2,0.0,2.2,25,949.5,1019.3,0.0,0,0.0,1.0,1.0,1.0,1.0,782.3,--
2025/9/2 21:41,24.2,63,17.2,91,15.8,17.2,0.0,0.0,202,949.5,1019.3,0.0,0,0.0,1.0,1.0,1.0,1.0,782.3,--
2025/9/2 21:42,24.2,63,17.2,91,15.8,17.2,0.0,1.8,43,949.6,1019.4,0.0,0,0.0,1.0,1.0,1.0,1.0,782.3,--
2025/9/2 21:43,24.2,63,17.2,91,15.8,17.2,0.0,0.0,89,949.7,1019.5,0.0,0,0.0,1.0,1.0,1.0,1.0,782.3,--
2025/9/2 21:44,24.2,63,17.2,91,15.8,17.2,0.0,1.8,23,949.6,1019.4,0.0,0,0.0,1.0,1.0,1.0,1.0,782.3,--
2025/9/2 21:45,24.2,63,17.2,91,15.8,17.2,0.0,0.0,336,949.5,1019.3,0.0,0,0.0,1.0,1.0,1.0,1.0,782.3,--
2025/9/2 21:46,24.2,63,17.2,91,15.8,17.2,0.0,0.0,6,949.4,1019.2,0.0,0,0.0,1.0,1.0,1.0,1.0,782.3,--
2025/9/2 21:47,24.2,64,17.2,91,15.8,17.2,0.0,1.8,89,949.4,1019.2,0.0,0,0.0,1.0,1.0,1.0,1.0,782.3,--
2025/9/2 21:48,24.2,64,17.2,91,15.8,17.2,0.0,0.0,130,949.5,1019.3,0.0,0,0.0,1.0,1.0,1.0,1.0,782.3,--
2025/9/2 21:49,24.2,64,17.2,91,15.8,17.2,0.0,0.0,245,949.5,1019.3,0.0,0,0.0,1.0,1.0,1.0,1.0,782.3,--
2025/9/2 21:50,24.2,64,17.1,91,15.7,17.1,0.0,0.0,245,949.5,1019.3,0.0,0,0.0,1.0,1.0,1.0,1.0,782.3,--
2025/9/2 21:51,24.2,64,17.2,91,15.8,17.2,0.0,1.8,145,949.6,1019.4,0.0,0,0.0,1.0,1.0,1.0,1.0,782.3,--
2025/9/2 21:52,24.2,64,17.1,91,15.7,17.1,0.0,0.0,32,949.5,1019.3,0.0,0,0.0,1.0,1.0,1.0,1.0,782.3,--
2025/9/2 21:53,24.2,64,17.1,92,15.8,17.1,0.0,0.0,135,949.5,1019.3,0.0,0,0.0,1.0,1.0,1.0,1.0,782.3,--
2025/9/2 21:54,24.2,64,17.1,92,15.8,17.1,0.0,0.0,293,949.3,1019.1,0.0,0,0.0,1.0,1.0,1.0,1.0,782.3,--
2025/9/2 21:55,24.2,64,17.1,92,15.8,17.1,0.0,0.0,42,949.5,1019.3,0.0,0,0.0,1.0,1.0,1.0,1.0,782.3,--
2025/9/2 21:56,24.2,64,17.1,92,15.8,17.1,1.8,2.2,128,949.5,1019.3,0.0,0,0.0,1.0,1.0,1.0,1.0,782.3,--
2025/9/2 21:57,24.2,64,17.1,92,15.8,17.1,0.0,0.0,228,949.5,1019.3,0.0,0,0.0,1.0,1.0,1.0,1.0,782.3,--
2025/9/2 21:58,24.2,63,17.1,92,15.8,17.1,0.0,2.2,97,949.4,1019.2,0.0,0,0.0,1.0,1.0,1.0,1.0,782.3,--
2025/9/2 21:59,24.2,63,17.1,92,15.8,17.1,0.0,2.2,320,949.5,1019.3,0.0,0,0.0,1.0,1.0,1.0,1.0,782.3,--
2025/9/2 22:00,24.2,63,17.0,92,15.7,17.0,0.0,2.2,40,949.2,1019.0,0.0,0,0.0,1.0,1.0,1.0,1.0,782.3,--
2025/9/2 22:01,24.2,63,17.0,93,15.8,17.0,0.0,1.8,323,949.3,1019.1,0.0,0,0.0,1.0,1.0,1.0,1.0,782.3,--
2025/9/2 22:02,24.2,63,17.0,93,15.8,17.0,0.0,1.8,246,949.4,1019.2,0.0,0,0.0,1.0,1.0,1.0,1.0,782.3,--
2025/9/2 22:03,24.2,63,16.9,93,15.7,16.9,0.0,0.0,246,949.4,1019.2,0.0,0,0.0,1.0,1.0,1.0,1.0,782.3,--
2025/9/2 22:04,24.2,63,16.8,93,15.6,16.8,0.0,1.8,232,949.5,1019.3,0.0,0,0.0,1.0,1.0,1.0,1.0,782.3,--
2025/9/2 22:05,24.2,63,16.8,93,15.6,16.8,0.0,1.8,66,949.3,1019.1,0.0,0,0.0,1.0,1.0,1.0,1.0,782.3,--
2025/9/2 22:06,24.2,63,16.8,93,15.6,16.8,0.0,0.0,119,949.4,1019.2,0.0,0,0.0,1.0,1.0,1.0,1.0,782.3,--
2025/9/2 22:07,24.2,63,16.8,93,15.6,16.8,0.0,0.0,29,949.3,1019.1,0.0,0,0.0,1.0,1.0,1.0,1.0,782.3,--
2025/9/2 22:08,24.2,63,16.8,93,15.6,16.8,0.0,0.0,66,949.3,1019.1,0.0,0,0.0,1.0,1.0,1.0,1.0,782.3,--
2025/9/2 22:09,24.2,63,16.8,93,15.6,16.8,0.0,0.0,277,949.2,1019.0,0.0,0,0.0,1.0,1.0,1.0,1.0,782.3,--
2025/9/2 22:10,24.2,63,16.7,93,15.5,16.7,0.0,1.8,285,949.5,1019.3,0.0,0,0.0,1.0,1.0,1.0,1.0,782.3,--
2025/9/2 22:11,24.2,63,16.7,93,15.5,16.7,0.0,1.8,18,949.5,1019.3,0.0,0,0.0,1.0,1.0,1.0,1.0,782.3,--
2025/9/2 22:12,24.3,63,16.7,93,15.5,16.7,0.0,1.8,66,949.4,1019.2,0.0,0,0.0,1.0,1.0,1.0,1.0,782.3,--
2025/9/2 22:13,24.2,63,16.7,93,15.5,16.7,0.0,1.8,56,949.4,1019.2,0.0,0,0.0,1.0,1.0,1.0,1.0,782.3,--
2025/9/2 22:14,24.3,63,16.7,93,15.5,16.7,0.0,0.0,74,949.6,1019.4,0.0,0,0.0,1.0,1.0,1.0,1.0,782.3,--
2025/9/2 22:15,24.3,63,16.7,93,15.5,16.7,0.0,2.2,52,949.5,1019.3,0.0,0,0.0,1.0,1.0,1.0,1.0,782.3,--
2025/9/2 22:16,24.3,63,16.7,93,15.5,16.7,0.0,0.0,333,949.6,1019.4,0.0,0,0.0,1.0,1.0,1.0,1.0,782.3,--
2025/9/2 22:17,24.3,63,16.7,94,15.6,16.7,0.0,2.5,355,949.7,1019.5,0.0,0,0.0,1.0,1.0,1.0,1.0,782.3,--
2025/9/2 22:18,24.3,63,16.6,94,15.5,16.6,0.0,1.8,320,949.8,1019.6,0.0,0,0.0,1.0,1.0,1.0,1.0,782.3,--
2025/9/2 22:19,24.3,63,16.6,94,15.5,16.6,0.0,1.8,347,949.8,1019.6,0.0,0,0.0,1.0,1.0,1.0,1.0,782.3,--
2025/9/2 22:20,24.3,63,16.6,94,15.5,16.6,0.0,2.5,17,949.8,1019.6,0.0,0,0.0,1.0,1.0,1.0,1.0,782.3,--
2025/9/2 22:21,24.2,63,16.6,94,15.5,16.6,0.0,0.0,348,949.8,1019.6,0.0,0,0.0,1.0,1.0,1.0,1.0,782.3,--
2025/9/2 22:22,24.3,63,16.5,94,15.4,16.5,0.0,0.0,357,949.6,1019.4,0.0,0,0.0,1.0,1.0,1.0,1.0,782.3,--
2025/9/2 22:23,24.3,63,16.5,94,15.4,16.5,0.0,1.8,69,949.7,1019.5,0.0,0,0.0,1.0,1.0,1.0,1.0,782.3,--
2025/9/2 22:24,24.3,63,16.5,94,15.4,16.5,0.0,0.0,64,949.7,1019.5,0.0,0,0.0,1.0,1.0,1.0,1.0,782.3,--
2025/9/2 22:25,24.2,63,16.5,94,15.4,16.5,0.0,2.2,19,949.8,1019.6,0.0,0,0.0,1.0,1.0,1.0,1.0,782.3,--
2025/9/2 22:26,24.2,63,16.5,94,15.4,16.5,0.0,0.0,147,949.8,1019.6,0.0,0,0.0,1.0,1.0,1.0,1.0,782.3,--
2025/9/2 22:27,24.3,63,16.4,94,15.3,16.4,2.5,2.5,356,949.6,1019.4,0.0,0,0.0,1.0,1.0,1.0,1.0,782.3,--
2025/9/2 22:28,24.2,63,16.4,94,15.3,16.4,0.0,2.2,325,949.7,1019.5,0.0,0,0.0,1.0,1.0,1.0,1.0,782.3,--
2025/9/2 22:29,24.2,63,16.4,94,15.3,16.4,2.2,3.2,1,949.7,1019.5,0.0,0,0.0,1.0,1.0,1.0,1.0,782.3,--
2025/9/2 22:30,24.2,63,16.4,94,15.3,16.4,2.2,3.2,42,949.9,1019.7,0.0,0,0.0,1.0,1.0,1.0,1.0,782.3,--
2025/9/2 22:31,24.2,63,16.4,94,15.3,16.4,2.2,2.5,8,949.9,1019.7,0.0,0,0.0,1.0,1.0,1.0,1.0,782.3,--
2025/9/2 22:32,24.2,63,16.3,94,15.2,16.3,2.2,2.9,20,949.9,1019.7,0.0,0,0.0,1.0,1.0,1.0,1.0,782.3,--
2025/9/2 22:33,24.2,63,16.3,94,15.2,16.3,0.0,2.2,72,950.0,1019.8,0.0,0,0.0,1.0,1.0,1.0,1.0,782.3,--
2025/9/2 22:34,24.2,63,16.2,94,15.1,16.2,0.0,3.2,350,949.8,1019.6,0.0,0,0.0,1.0,1.0,1.0,1.0,782.3,--
2025/9/2 22:35,24.2,63,16.2,94,15.1,16.2,0.0,2.2,316,950.0,1019.8,0.0,0,0.0,1.0,1.0,1.0,1.0,782.3,--
2025/9/2 22:36,24.2,63,16.2,95,15.4,16.2,2.2,3.2,316,950.0,1019.8,0.0,0,0.0,1.0,1.0,1.0,1.0,782.3,--
2025/9/2 22:37,24.2,63,16.2,95,15.4,16.2,1.8,2.2,278,950.0,1019.8,0.0,0,0.0,1.0,1.0,1.0,1.0,782.3,--
2025/9/2 22:38,24.2,63,16.2,95,15.4,16.2,2.9,3.6,287,950.0,1019.8,0.0,0,0.0,1.0,1.0,1.0,1.0,782.3,--
2025/9/2 22:39,24.3,63,16.2,95,15.4,16.2,2.2,2.9,297,950.1,1019.9,0.0,0,0.0,1.0,1.0,1.0,1.0,782.3,--
2025/9/2 22:40,24.2,63,16.1,95,15.3,16.1,2.2,2.9,358,950.0,1019.8,0.0,0,0.0,1.0,1.0,1.0,1.0,782.3,--
2025/9/2 22:41,24.2,63,16.1,95,15.3,16.1,2.2,3.2,335,950.1,1019.9,0.0,0,0.0,1.0,1.0,1.0,1.0,782.3,--
2025/9/2 22:42,24.2,63,16.1,95,15.3,16.1,0.0,2.5,317,950.1,1019.9,0.0,0,0.0,1.0,1.0,1.0,1.0,782.3,--
2025/9/2 22:43,24.2,63,16.2,95,15.4,16.2,0.0,2.9,352,950.0,1019.8,0.0,0,0.0,1.0,1.0,1.0,1.0,782.3,--
2025/9/2 22:44,24.1,63,16.2,95,15.4,16.2,0.0,1.8,50,950.0,1019.8,0.0,0,0.0,1.0,1.0,1.0,1.0,782.3,--
2025/9/2 22:45,24.1,63,16.2,95,15.4,16.2,0.0,2.2,184,949.9,1019.7,0.0,0,0.0,1.0,1.0,1.0,1.0,782.3,--
2025/9/2 22:46,24.2,63,16.2,95,15.4,16.2,0.0,0.0,287,950.0,1019.8,0.0,0,0.0,1.0,1.0,1.0,1.0,782.3,--
2025/9/2 22:47,24.2,63,16.2,95,15.4,16.2,0.0,2.2,312,950.0,1019.8,0.0,0,0.0,1.0,1.0,1.0,1.0,782.3,--
2025/9/2 22:48,24.2,63,16.2,95,15.4,16.2,0.0,2.2,262,950.0,1019.8,0.0,0,0.0,1.0,1.0,1.0,1.0,782.3,--
2025/9/2 22:49,24.2,63,16.2,95,15.4,16.2,2.2,3.6,345,950.0,1019.8,0.0,0,0.0,1.0,1.0,1.0,1.0,782.3,--
2025/9/2 22:50,24.2,63,16.1,95,15.3,16.1,3.2,5.4,4,950.2,1020.0,0.0,0,0.0,1.0,1.0,1.0,1.0,782.3,--
2025/9/2 22:51,24.2,63,16.1,95,15.3,16.1,2.2,3.6,341,950.1,1019.9,0.0,0,0.0,1.0,1.0,1.0,1.0,782.3,--
2025/9/2 22:52,24.2,64,16.1,95,15.3,16.1,0.0,2.5,351,950.0,1019.8,0.0,0,0.0,1.0,1.0,1.0,1.0,782.3,--
2025/9/2 22:53,24.2,64,16.1,95,15.3,16.1,2.5,2.9,326,950.0,1019.8,0.0,0,0.0,1.0,1.0,1.0,1.0,782.3,--
2025/9/2 22:54,24.2,64,16.1,96,15.5,16.1,1.8,2.5,307,950.0,1019.8,0.0,0,0.0,1.0,1.0,1.0,1.0,782.3,--
2025/9/2 22:55,24.2,64,16.1,96,15.5,16.1,1.8,2.2,307,950.2,1020.0,0.0,0,0.0,1.0,1.0,1.0,1.0,782.3,--
2025/9/2 22:56,24.2,63,16.1,96,15.5,16.1,1.8,3.2,321,949.9,1019.7,0.0,0,0.0,1.0,1.0,1.0,1.0,782.3,--
2025/9/2 22:57,24.2,63,16.1,96,15.5,16.1,1.8,3.2,321,949.9,1019.7,0.0,0,0.0,1.0,1.0,1.0,1.0,782.3,--
2025/9/2 22:58,24.2,63,16.1,96,15.5,16.1,0.0,2.2,37,950.0,1019.8,0.0,0,0.0,1.0,1.0,1.0,1.0,782.3,--
2025/9/2 22:59,24.2,63,16.1,96,15.5,16.1,0.0,2.9,331,949.8,1019.6,0.0,0,0.0,1.0,1.0,1.0,1.0,782.3,--
2025/9/2 23:00,24.2,63,16.1,96,15.5,16.1,1.8,2.5,286,950.1,1019.9,0.0,0,0.0,1.0,1.0,1.0,1.0,782.3,--
2025/9/2 23:01,24.2,63,16.0,96,15.4,16.0,2.2,3.2,17,949.9,1019.7,0.0,0,0.0,1.0,1.0,1.0,1.0,782.3,--
2025/9/2 23:02,24.2,64,16.0,96,15.4,16.0,2.5,2.9,343,950.0,1019.8,0.0,0,0.0,1.0,1.0,1.0,1.0,782.3,--
2025/9/2 23:03,24.1,64,16.0,96,15.4,16.0,2.2,2.9,6,949.9,1019.7,0.0,0,0.0,1.0,1.0,1.0,1.0,782.3,--
2025/9/2 23:04,24.1,64,16.0,96,15.4,16.0,1.8,2.5,23,949.9,1019.7,0.0,0,0.0,1.0,1.0,1.0,1.0,782.3,--
2025/9/2 23:05,24.1,64,16.0,96,15.4,16.0,3.6,4.3,21,950.0,1019.8,0.0,0,0.0,1.0,1.0,1.0,1.0,782.3,--
2025/9/2 23:06,24.1,64,16.0,96,15.4,16.0,1.8,4.0,20,949.9,1019.7,0.0,0,0.0,1.0,1.0,1.0,1.0,782.3,--
2025/9/2 23:07,24.2,64,16.1,96,15.5,16.1,3.2,3.2,6,949.9,1019.7,0.0,0,0.0,1.0,1.0,1.0,1.0,782.3,--
2025/9/2 23:08,24.2,64,16.1,96,15.5,16.1,0.0,2.9,330,949.9,1019.7,0.0,0,0.0,1.0,1.0,1.0,1.0,782.3,--
2025/9/2 23:09,24.2,63,16.1,96,15.5,16.1,2.2,2.2,316,949.7,1019.5,0.0,0,0.0,1.0,1.0,1.0,1.0,782.3,--
2025/9/2 23:10,24.2,63,16.0,96,15.4,16.0,2.2,2.2,302,949.8,1019.6,0.0,0,0.0,1.0,1.0,1.0,1.0,782.3,--
2025/9/2 23:11,24.2,63,16.0,96,15.4,16.0,0.0,2.5,17,949.9,1019.7,0.0,0,0.0,1.0,1.0,1.0,1.0,782.3,--
2025/9/2 23:12,24.2,63,16.0,96,15.4,16.0,0.0,2.2,61,949.9,1019.7,0.0,0,0.0,1.0,1.0,1.0,1.0,782.3,--
2025/9/2 23:13,24.2,63,16.0,96,15.4,16.0,3.2,3.2,356,949.9,1019.7,0.0,0,0.0,1.0,1.0,1.0,1.0,782.3,--
2025/9/2 23:14,24.2,63,16.0,96,15.4,16.0,1.8,3.6,13,950.0,1019.8,0.0,0,0.0,1.0,1.0,1.0,1.0,782.3,--
2025/9/2 23:15,24.2,63,16.0,95,15.2,16.0,2.9,3.6,354,950.0,1019.8,0.0,0,0.0,1.0,1.0,1.0,1.0,782.3,--
2025/9/2 23:16,24.3,64,16.0,95,15.2,16.0,0.0,1.8,294,949.9,1019.7,0.0,0,0.0,1.0,1.0,1.0,1.0,782.3,--
2025/9/2 23:17,24.3,64,15.9,95,15.1,15.9,0.0,2.9,319,950.0,1019.8,0.0,0,0.0,1.0,1.0,1.0,1.0,782.3,--
2025/9/2 23:18,24.2,64,15.9,95,15.1,15.9,2.2,2.9,245,949.9,1019.7,0.0,0,0.0,1.0,1.0,1.0,1.0,782.3,--
2025/9/2 23:19,24.2,64,15.9,95,15.1,15.9,1.8,3.2,293,949.9,1019.7,0.0,0,0.0,1.0,1.0,1.0,1.0,782.3,--
2025/9/2 23:20,24.3,64,15.9,95,15.1,15.9,0.0,2.2,311,950.0,1019.8,0.0,0,0.0,1.0,1.0,1.0,1.0,782.3,--
2025/9/2 23:21,24.3,64,15.9,95,15.1,15.9,0.0,2.5,241,950.0,1019.8,0.0,0,0.0,1.0,1.0,1.0,1.0,782.3,--
2025/9/2 23:22,24.3,64,15.9,95,15.1,15.9,1.8,2.9,310,950.0,1019.8,0.0,0,0.0,1.0,1.0,1.0,1.0,782.3,--
2025/9/2 23:23,24.3,64,15.9,95,15.1,15.9,0.0,2.5,291,950.1,1019.9,0.0,0,0.0,1.0,1.0,1.0,1.0,782.3,--
2025/9/2 23:24,24.3,64,15.9,95,15.1,15.9,2.5,3.2,12,950.0,1019.8,0.0,0,0.0,1.0,1.0,1.0,1.0,782.3,--
2025/9/2 23:25,24.3,64,15.9,95,15.1,15.9,4.0,4.3,13,949.9,1019.7,0.0,0,0.0,1.0,1.0,1.0,1.0,782.3,--
2025/9/2 23:26,24.3,64,15.9,95,15.1,15.9,2.2,4.0,41,950.0,1019.8,0.0,0,0.0,1.0,1.0,1.0,1.0,782.3,--
2025/9/2 23:27,24.3,64,15.8,95,15.0,15.8,2.5,3.2,13,950.0,1019.8,0.0,0,0.0,1.0,1.0,1.0,1.0,782.3,--
2025/9/2 23:28,24.2,64,15.8,95,15.0,15.8,2.5,2.9,333,950.0,1019.8,0.0,0,0.0,1.0,1.0,1.0,1.0,782.3,--
2025/9/2 23:29,24.2,64,15.7,95,14.9,15.7,1.8,1.8,276,949.8,1019.6,0.0,0,0.0,1.0,1.0,1.0,1.0,782.3,--
2025/9/2 23:30,24.2,64,15.7,95,14.9,15.7,2.9,3.6,336,949.8,1019.6,0.0,0,0.0,1.0,1.0,1.0,1.0,782.3,--
2025/9/2 23:31,24.2,64,15.7,95,14.9,15.7,0.0,3.6,333,949.9,1019.7,0.0,0,0.0,1.0,1.0,1.0,1.0,782.3,--
2025/9/2 23:32,24.2,64,15.6,95,14.8,15.6,3.6,4.7,21,949.9,1019.7,0.0,0,0.0,1.0,1.0,1.0,1.0,782.3,--
2025/9/2 23:33,24.3,64,15.6,95,14.8,15.6,2.2,2.9,19,949.9,1019.7,0.0,0,0.0,1.0,1.0,1.0,1.0,782.3,--
2025/9/2 23:34,24.3,64,15.5,95,14.7,15.5,0.0,2.2,345,949.9,1019.7,0.0,0,0.0,1.0,1.0,1.0,1.0,782.3,--
2025/9/2 23:35,24.3,64,15.5,95,14.7,15.5,1.8,2.2,17,949.8,1019.6,0.0,0,0.0,1.0,1.0,1.0,1.0,782.3,--
2025/9/2 23:36,24.3,64,15.4,95,14.6,15.4,1.8,2.2,49,949.9,1019.7,0.0,0,0.0,1.0,1.0,1.0,1.0,782.3,--
2025/9/2 23:37,24.3,64,15.4,95,14.6,15.4,2.9,2.9,32,949.7,1019.5,0.0,0,0.0,1.0,1.0,1.0,1.0,782.3,--
2025/9/2 23:38,24.3,64,15.4,95,14.6,15.4,1.8,2.9,353,949.8,1019.6,0.0,0,0.0,1.0,1.0,1.0,1.0,782.3,--
2025/9/2 23:39,24.3,64,15.4,95,14.6,15.4,3.2,3.2,34,949.8,1019.6,0.0,0,0.0,1.0,1.0,1.0,1.0,782.3,--
2025/9/2 23:40,24.3,64,15.4,95,14.6,15.4,3.2,3.2,28,949.8,1019.6,0.0,0,0.0,1.0,1.0,1.0,1.0,782.3,--
2025/9/2 23:41,24.3,64,15.4,94,14.4,15.4,4.0,4.7,13,949.9,1019.7,0.0,0,0.0,1.0,1.0,1.0,1.0,782.3,--
2025/9/2 23:42,24.3,64,15.4,94,14.4,15.4,0.0,3.6,337,949.9,1019.7,0.0,0,0.0,1.0,1.0,1.0,1.0,782.3,--
2025/9/2 23:43,24.3,64,15.4,94,14.4,15.4,2.2,2.9,3,950.0,1019.8,0.0,0,0.0,1.0,1.0,1.0,1.0,782.3,--
2025/9/2 23:44,24.3,64,15.4,94,14.4,15.4,1.8,2.9,55,949.7,1019.5,0.0,0,0.0,1.0,1.0,1.0,1.0,782.3,--
2025/9/2 23:45,24.3,64,15.4,94,14.4,15.4,1.8,3.6,22,949.7,1019.5,0.0,0,0.0,1.0,1.0,1.0,1.0,782.3,--
2025/9/2 23:46,24.3,64,15.4,94,14.4,15.4,2.9,4.3,17,949.7,1019.5,0.0,0,0.0,1.0,1.0,1.0,1.0,782.3,--
2025/9/2 23:47,24.3,64,15.4,94,14.4,15.4,2.9,5.0,20,949.8,1019.6,0.0,0,0.0,1.0,1.0,1.0,1.0,782.3,--
2025/9/2 23:48,24.3,64,15.5,94,14.5,15.5,2.5,3.2,6,949.9,1019.7,0.0,0,0.0,1.0,1.0,1.0,1.0,782.3,--
2025/9/2 23:49,24.3,64,15.5,93,14.3,15.5,2.2,2.9,128,950.1,1019.9,0.0,0,0.0,1.0,1.0,1.0,1.0,782.3,--
2025/9/2 23:50,24.3,64,15.4,93,14.2,15.4,0.0,1.8,319,949.9,1019.7,0.0,0,0.0,1.0,1.0,1.0,1.0,782.3,--
2025/9/2 23:51,24.3,64,15.4,94,14.4,15.4,0.0,1.8,288,949.9,1019.7,0.0,0,0.0,1.0,1.0,1.0,1.0,782.3,--
2025/9/2 23:52,24.3,64,15.4,94,14.4,15.4,0.0,2.2,325,949.9,1019.7,0.0,0,0.0,1.0,1.0,1.0,1.0,782.3,--
2025/9/2 23:53,24.3,64,15.4,94,14.4,15.4,2.9,2.9,352,949.9,1019.7,0.0,0,0.0,1.0,1.0,1.0,1.0,782.3,--
2025/9/2 23:54,24.3,64,15.4,94,14.4,15.4,0.0,2.2,191,949.9,1019.7,0.0,0,0.0,1.0,1.0,1.0,1.0,782.3,--
2025/9/2 23:55,24.3,64,15.4,94,14.4,15.4,0.0,2.2,347,950.0,1019.8,0.0,0,0.0,1.0,1.0,1.0,1.0,782.3,--
2025/9/2 23:56,24.3,64,15.3,94,14.3,15.3,0.0,1.8,309,950.0,1019.8,0.0,0,0.0,1.0,1.0,1.0,1.0,782.3,--
2025/9/2 23:57,24.3,64,15.3,94,14.3,15.3,0.0,2.5,186,950.0,1019.8,0.0,0,0.0,1.0,1.0,1.0,1.0,782.3,--
2025/9/2 23:58,24.3,64,15.2,94,14.2,15.2,2.2,2.9,321,950.1,1019.9,0.0,0,0.0,1.0,1.0,1.0,1.0,782.3,--
2025/9/2 23:59,24.3,64,15.2,94,14.2,15.2,1.8,1.8,58,950.1,1019.9,0.0,0,0.0,1.0,1.0,1.0,1.0,782.3,--
2025/9/3 0:00,24.3,64,15.2,94,14.2,15.2,0.0,2.9,6,950.1,1019.9,0.0,0,0.0,1.0,0.0,1.0,1.0,782.3,--
2025/9/3 0:01,24.2,65,15.2,94,14.2,15.2,1.8,3.2,65,950.1,1019.9,0.0,0,0.0,1.0,0.0,1.0,1.0,782.3,--
2025/9/3 0:02,24.2,65,15.2,94,14.2,15.2,2.2,2.2,105,950.1,1019.9,0.0,0,0.0,1.0,0.0,1.0,1.0,782.3,--
2025/9/3 0:03,24.2,65,15.2,94,14.2,15.2,0.0,2.5,329,950.1,1019.9,0.0,0,0.0,1.0,0.0,1.0,1.0,782.3,--
2025/9/3 0:04,24.2,65,15.1,94,14.1,15.1,1.8,2.5,334,950.1,1019.9,0.0,0,0.0,1.0,0.0,1.0,1.0,782.3,--
2025/9/3 0:05,24.3,64,15.1,94,14.1,15.1,2.9,3.2,12,950.0,1019.8,0.0,0,0.0,1.0,0.0,1.0,1.0,782.3,--
2025/9/3 0:06,24.3,65,15.2,94,14.2,15.2,0.0,3.2,314,950.2,1020.0,0.0,0,0.0,1.0,0.0,1.0,1.0,782.3,--
2025/9/3 0:07,24.3,65,15.3,94,14.3,15.3,1.8,4.0,320,950.2,1020.0,0.0,0,0.0,1.0,0.0,1.0,1.0,782.3,--
2025/9/3 0:08,24.3,64,15.3,94,14.3,15.3,2.2,2.9,60,950.1,1019.9,0.0,0,0.0,1.0,0.0,1.0,1.0,782.3,--
2025/9/3 0:09,24.3,65,15.2,94,14.2,15.2,2.5,2.9,295,950.0,1019.8,0.0,0,0.0,1.0,0.0,1.0,1.0,782.3,--
2025/9/3 0:10,24.3,65,15.2,94,14.2,15.2,1.8,2.9,14,949.9,1019.7,0.0,0,0.0,1.0,0.0,1.0,1.0,782.3,--
2025/9/3 0:11,24.2,65,15.2,94,14.2,15.2,0.0,2.9,296,950.1,1019.9,0.0,0,0.0,1.0,0.0,1.0,1.0,782.3,--
2025/9/3 0:12,24.2,65,15.1,94,14.1,15.1,0.0,0.0,13,950.1,1019.9,0.0,0,0.0,1.0,0.0,1.0,1.0,782.3,--
2025/9/3 0:13,24.2,65,15.1,94,14.1,15.1,2.5,4.0,74,950.1,1019.9,0.0,0,0.0,1.0,0.0,1.0,1.0,782.3,--
2025/9/3 0:14,24.3,65,15.1,94,14.1,15.1,2.5,2.5,354,950.1,1019.9,0.0,0,0.0,1.0,0.0,1.0,1.0,782.3,--
2025/9/3 0:15,24.2,65,15.1,94,14.1,15.1,0.0,2.5,342,950.0,1019.8,0.0,0,0.0,1.0,0.0,1.0,1.0,782.3,--
2025/9/3 0:16,24.3,64,15.0,94,14.0,15.0,0.0,1.8,182,950.0,1019.8,0.0,0,0.0,1.0,0.0,1.0,1.0,782.3,--
2025/9/3 0:17,24.3,64,15.0,94,14.0,15.0,0.0,2.9,323,950.0,1019.8,0.0,0,0.0,1.0,0.0,1.0,1.0,782.3,--
2025/9/3 0:18,24.3,65,15.0,93,13.9,15.0,1.8,2.5,227,949.8,1019.6,0.0,0,0.0,1.0,0.0,1.0,1.0,782.3,--
2025/9/3 0:19,24.3,65,15.1,93,13.9,15.1,0.0,2.2,72,949.9,1019.7,0.0,0,0.0,1.0,0.0,1.0,1.0,782.3,--
2025/9/3 0:20,24.2,65,15.0,93,13.9,15.0,0.0,2.2,25,950.0,1019.8,0.0,0,0.0,1.0,0.0,1.0,1.0,782.3,--
2025/9/3 0:21,24.2,65,15.0,93,13.9,15.0,0.0,1.8,44,950.0,1019.8,0.0,0,0.0,1.0,0.0,1.0,1.0,782.3,--
2025/9/3 0:22,24.3,65,15.0,93,13.9,15.0,3.2,3.2,92,949.9,1019.7,0.0,0,0.0,1.0,0.0,1.0,1.0,782.3,--
2025/9/3 0:23,24.2,65,15.1,93,13.9,15.1,2.9,5.0,83,950.2,1020.0,0.0,0,0.0,1.0,0.0,1.0,1.0,782.3,--
2025/9/3 0:24,24.2,65,15.1,93,13.9,15.1,2.5,3.6,84,950.0,1019.8,0.0,0,0.0,1.0,0.0,1.0,1.0,782.3,--
2025/9/3 0:25,24.2,65,15.1,92,13.8,15.1,0.0,3.6,114,950.0,1019.8,0.0,0,0.0,1.0,0.0,1.0,1.0,782.3,--
2025/9/3 0:26,24.3,65,15.2,92,13.9,15.2,2.9,4.0,99,949.9,1019.7,0.0,0,0.0,1.0,0.0,1.0,1.0,782.3,--
2025/9/3 0:27,24.2,65,15.2,92,13.9,15.2,0.0,2.5,47,949.9,1019.7,0.0,0,0.0,1.0,0.0,1.0,1.0,782.3,--
2025/9/3 0:28,24.2,65,15.1,92,13.8,15.1,0.0,2.2,75,949.9,1019.7,0.0,0,0.0,1.0,0.0,1.0,1.0,782.3,--
2025/9/3 0:29,24.2,65,15.1,92,13.8,15.1,1.8,2.5,10,950.0,1019.8,0.0,0,0.0,1.0,0.0,1.0,1.0,782.3,--
2025/9/3 0:30,24.3,65,15.0,92,13.8,15.0,0.0,2.9,353,950.0,1019.8,0.0,0,0.0,1.0,0.0,1.0,1.0,782.3,--
2025/9/3 0:31,24.3,65,15.0,92,13.8,15.0,0.0,2.9,40,950.0,1019.8,0.0,0,0.0,1.0,0.0,1.0,1.0,782.3,--
2025/9/3 0:32,24.2,65,15.0,92,13.8,15.0,0.0,2.5,8,950.1,1019.9,0.0,0,0.0,1.0,0.0,1.0,1.0,782.3,--
2025/9/3 0:33,24.3,65,14.9,92,13.7,14.9,0.0,2.2,356,950.0,1019.8,0.0,0,0.0,1.0,0.0,1.0,1.0,782.3,--
2025/9/3 0:34,24.3,65,14.8,93,13.7,14.8,1.8,2.5,12,950.0,1019.8,0.0,0,0.0,1.0,0.0,1.0,1.0,782.3,--
2025/9/3 0:35,24.3,65,14.8,93,13.7,14.8,2.2,2.5,43,950.1,1019.9,0.0,0,0.0,1.0,0.0,1.0,1.0,782.3,--
2025/9/3 0:36,24.3,65,14.7,93,13.6,14.7,2.2,4.7,19,950.1,1019.9,0.0,0,0.0,1.0,0.0,1.0,1.0,782.3,--
2025/9/3 0:37,24.3,65,14.7,93,13.6,14.7,0.0,3.2,33,949.9,1019.7,0.0,0,0.0,1.0,0.0,1.0,1.0,782.3,--
2025/9/3 0:38,24.3,64,14.6,93,13.5,14.6,0.0,2.2,347,950.0,1019.8,0.0,0,0.0,1.0,0.0,1.0,1.0,782.3,--
2025/9/3 0:39,24.3,64,14.6,93,13.5,14.6,3.2,3.2,29,950.0,1019.8,0.0,0,0.0,1.0,0.0,1.0,1.0,782.3,--
2025/9/3 0:40,24.3,65,14.5,93,13.4,14.5,2.9,5.0,19,950.0,1019.8,0.0,0,0.0,1.0,0.0,1.0,1.0,782.3,--
2025/9/3 0:41,24.3,64,14.4,93,13.3,14.4,0.0,2.9,6,949.9,1019.7,0.0,0,0.0,1.0,0.0,1.0,1.0,782.3,--
2025/9/3 0:42,24.3,65,14.3,93,13.2,14.3,1.8,3.6,32,949.9,1019.7,0.0,0,0.0,1.0,0.0,1.0,1.0,782.3,--
2025/9/3 0:43,24.2,65,14.3,93,13.2,14.3,0.0,2.5,310,949.9,1019.7,0.0,0,0.0,1.0,0.0,1.0,1.0,782.3,--
2025/9/3 0:44,24.2,65,14.3,94,13.3,14.3,0.0,2.9,319,949.9,1019.7,0.0,0,0.0,1.0,0.0,1.0,1.0,782.3,--
2025/9/3 0:45,24.2,65,14.2,94,13.2,14.2,1.8,2.5,325,949.9,1019.7,0.0,0,0.0,1.0,0.0,1.0,1.0,782.3,--
2025/9/3 0:46,24.2,65,14.2,94,13.2,14.2,2.2,4.3,296,950.0,1019.8,0.0,0,0.0,1.0,0.0,1.0,1.0,782.3,--
2025/9/3 0:47,24.2,65,14.2,93,13.1,14.2,2.2,3.6,280,950.0,1019.8,0.0,0,0.0,1.0,0.0,1.0,1.0,782.3,--
2025/9/3 0:48,24.2,65,14.1,93,13.0,14.1,2.2,2.5,7,949.8,1019.6,0.0,0,0.0,1.0,0.0,1.0,1.0,782.3,--
2025/9/3 0:49,24.2,65,14.1,93,13.0,14.1,3.2,3.2,302,949.9,1019.7,0.0,0,0.0,1.0,0.0,1.0,1.0,782.3,--
2025/9/3 0:50,24.2,65,14.1,92,12.9,14.1,0.0,2.9,334,949.9,1019.7,0.0,0,0.0,1.0,0.0,1.0,1.0,782.3,--
2025/9/3 0:51,24.2,65,14.1,92,12.9,14.1,0.0,1.8,346,950.0,1019.8,0.0,0,0.0,1.0,0.0,1.0,1.0,782.3,--
2025/9/3 0:52,24.2,65,14.1,92,12.9,14.1,0.0,2.9,344,949.9,1019.7,0.0,0,0.0,1.0,0.0,1.0,1.0,782.3,--
2025/9/3 0:53,24.2,65,14.1,91,12.7,14.1,2.5,2.9,249,949.8,1019.6,0.0,0,0.0,1.0,0.0,1.0,1.0,782.3,--
2025/9/3 0:54,24.2,65,14.2,90,12.6,14.2,2.9,2.9,22,949.8,1019.6,0.0,0,0.0,1.0,0.0,1.0,1.0,782.3,--
2025/9/3 0:55,24.2,65,14.3,90,12.7,14.3,2.9,3.6,319,950.0,1019.8,0.0,0,0.0,1.0,0.0,1.0,1.0,782.3,--
2025/9/3 0:56,24.2,65,14.3,90,12.7,14.3,0.0,2.5,8,949.9,1019.7,0.0,0,0.0,1.0,0.0,1.0,1.0,782.3,--
2025/9/3 0:57,24.2,65,14.4,90,12.8,14.4,0.0,2.9,190,949.8,1019.6,0.0,0,0.0,1.0,0.0,1.0,1.0,782.3,--
2025/9/3 0:58,24.2,65,14.4,90,12.8,14.4,0.0,3.6,118,949.8,1019.6,0.0,0,0.0,1.0,0.0,1.0,1.0,782.3,--
2025/9/3 0:59,24.2,65,14.4,90,12.8,14.4,0.0,2.9,223,949.9,1019.7,0.0,0,0.0,1.0,0.0,1.0,1.0,782.3,--
2025/9/3 1:00,24.2,65,14.4,90,12.8,14.4,1.8,2.9,36,950.0,1019.8,0.0,0,0.0,1.0,0.0,1.0,1.0,782.3,--
2025/9/3 1:01,24.2,65,14.4,90,12.8,14.4,2.5,2.9,314,949.9,1019.7,0.0,0,0.0,1.0,0.0,1.0,1.0,782.3,--
2025/9/3 1:02,24.2,65,14.4,89,12.6,14.4,3.6,3.6,316,949.9,1019.7,0.0,0,0.0,1.0,0.0,1.0,1.0,782.3,--
2025/9/3 1:03,24.2,65,14.5,89,12.7,14.5,0.0,2.2,10,950.0,1019.8,0.0,0,0.0,1.0,0.0,1.0,1.0,782.3,--
2025/9/3 1:04,24.2,65,14.5,89,12.7,14.5,0.0,2.5,223,949.9,1019.7,0.0,0,0.0,1.0,0.0,1.0,1.0,782.3,--
2025/9/3 1:05,24.3,65,14.5,89,12.7,14.5,1.8,2.9,32,950.0,1019.8,0.0,0,0.0,1.0,0.0,1.0,1.0,782.3,--
2025/9/3 1:06,24.2,65,14.5,89,12.7,14.5,2.5,2.9,48,950.1,1019.9,0.0,0,0.0,1.0,0.0,1.0,1.0,782.3,--
2025/9/3 1:07,24.2,65,14.4,89,12.6,14.4,2.2,3.2,49,949.8,1019.6,0.0,0,0.0,1.0,0.0,1.0,1.0,782.3,--
2025/9/3 1:08,24.2,65,14.4,90,12.8,14.4,2.5,2.5,25,950.0,1019.8,0.0,0,0.0,1.0,0.0,1.0,1.0,782.3,--
2025/9/3 1:09,24.2,65,14.4,90,12.8,14.4,2.9,2.9,33,950.0,1019.8,0.0,0,0.0,1.0,0.0,1.0,1.0,782.3,--
2025/9/3 1:10,24.2,65,14.3,91,12.9,14.3,0.0,2.9,4,950.0,1019.8,0.0,0,0.0,1.0,0.0,1.0,1.0,782.3,--
2025/9/3 1:11,24.2,64,14.2,91,12.8,14.2,2.2,2.9,320,950.1,1019.9,0.0,0,0.0,1.0,0.0,1.0,1.0,782.3,--
2025/9/3 1:12,24.3,65,14.2,91,12.8,14.2,0.0,0.0,355,950.0,1019.8,0.0,0,0.0,1.0,0.0,1.0,1.0,782.3,--
2025/9/3 1:13,24.3,65,14.1,91,12.7,14.1,2.2,2.2,93,950.0,1019.8,0.0,0,0.0,1.0,0.0,1.0,1.0,782.3,--
2025/9/3 1:14,24.3,65,14.1,91,12.7,14.1,2.5,2.9,99,950.0,1019.8,0.0,0,0.0,1.0,0.0,1.0,1.0,782.3,--
2025/9/3 1:15,24.3,65,14.0,91,12.6,14.0,0.0,2.5,354,950.1,1019.9,0.0,0,0.0,1.0,0.0,1.0,1.0,782.3,--
2025/9/3 1:16,24.2,65,14.0,91,12.6,14.0,1.8,3.2,22,949.8,1019.6,0.0,0,0.0,1.0,0.0,1.0,1.0,782.3,--
2025/9/3 1:17,24.2,65,13.9,92,12.7,13.9,3.2,4.0,62,949.8,1019.6,0.0,0,0.0,1.0,0.0,1.0,1.0,782.3,--
2025/9/3 1:18,24.2,65,13.9,92,12.7,13.9,0.0,4.3,6,950.1,1019.9,0.0,0,0.0,1.0,0.0,1.0,1.0,782.3,--
2025/9/3 1:19,24.3,65,13.9,92,12.7,13.9,1.8,2.5,321,950.1,1019.9,0.0,0,0.0,1.0,0.0,1.0,1.0,782.3,--
2025/9/3 1:20,24.2,65,13.8,92,12.6,13.8,0.0,2.2,333,949.9,1019.7,0.0,0,0.0,1.0,0.0,1.0,1.0,782.3,--
2025/9/3 1:21,24.2,65,13.7,92,12.5,13.7,0.0,2.9,16,949.9,1019.7,0.0,0,0.0,1.0,0.0,1.0,1.0,782.3,--
2025/9/3 1:22,24.2,65,13.7,93,12.6,13.7,2.5,3.6,5,950.2,1020.0,0.0,0,0.0,1.0,0.0,1.0,1.0,782.3,--
2025/9/3 1:23,24.2,65,13.7,93,12.6,13.7,4.3,4.7,7,950.0,1019.8,0.0,0,0.0,1.0,0.0,1.0,1.0,782.3,--
2025/9/3 1:24,24.2,65,13.7,93,12.6,13.7,0.0,4.3,350,950.1,1019.9,0.0,0,0.0,1.0,0.0,1.0,1.0,782.3,--
2025/9/3 1:25,24.2,65,13.6,93,12.5,13.6,2.9,3.6,14,950.1,1019.9,0.0,0,0.0,1.0,0.0,1.0,1.0,782.3,--
2025/9/3 1:26,24.2,65,13.6,93,12.5,13.6,1.8,1.8,343,950.1,1019.9,0.0,0,0.0,1.0,0.0,1.0,1.0,782.3,--
2025/9/3 1:27,24.2,65,13.6,93,12.5,13.6,0.0,2.9,194,950.0,1019.8,0.0,0,0.0,1.0,0.0,1.0,1.0,782.3,--
2025/9/3 1:28,24.2,65,13.6,93,12.5,13.6,0.0,2.2,271,949.9,1019.7,0.0,0,0.0,1.0,0.0,1.0,1.0,782.3,--
2025/9/3 1:29,24.2,65,13.6,93,12.5,13.6,0.0,3.2,327,949.9,1019.7,0.0,0,0.0,1.0,0.0,1.0,1.0,782.3,--
2025/9/3 1:30,24.2,65,13.6,93,12.5,13.6,2.5,3.6,336,950.0,1019.8,0.0,0,0.0,1.0,0.0,1.0,1.0,782.3,--
2025/9/3 1:31,24.2,64,13.6,93,12.5,13.6,2.2,3.6,274,949.9,1019.7,0.0,0,0.0,1.0,0.0,1.0,1.0,782.3,--
2025/9/3 1:32,24.2,64,13.5,93,12.4,13.5,0.0,2.5,304,949.9,1019.7,0.0,0,0.0,1.0,0.0,1.0,1.0,782.3,--
2025/9/3 1:33,24.3,64,13.5,93,12.4,13.5,0.0,2.9,122,950.1,1019.9,0.0,0,0.0,1.0,0.0,1.0,1.0,782.3,--
2025/9/3 1:34,24.3,64,13.5,93,12.4,13.5,0.0,2.5,321,950.0,1019.8,0.0,0,0.0,1.0,0.0,1.0,1.0,782.3,--
2025/9/3 1:35,24.3,64,13.6,92,12.4,13.6,0.0,3.2,316,950.0,1019.8,0.0,0,0.0,1.0,0.0,1.0,1.0,782.3,--
2025/9/3 1:36,24.3,64,13.6,92,12.4,13.6,2.2,2.5,273,950.0,1019.8,0.0,0,0.0,1.0,0.0,1.0,1.0,782.3,--
2025/9/3 1:37,24.3,64,13.6,92,12.4,13.6,2.2,2.5,17,949.8,1019.6,0.0,0,0.0,1.0,0.0,1.0,1.0,782.3,--
2025/9/3 1:38,24.3,64,13.6,92,12.4,13.6,0.0,4.0,4,949.9,1019.7,0.0,0,0.0,1.0,0.0,1.0,1.0,782.3,--
2025/9/3 1:39,24.3,64,13.6,92,12.4,13.6,2.5,3.2,340,950.2,1020.0,0.0,0,0.0,1.0,0.0,1.0,1.0,782.3,--
2025/9/3 1:40,24.3,64,13.6,92,12.4,13.6,2.9,3.2,24,950.0,1019.8,0.0,0,0.0,1.0,0.0,1.0,1.0,782.3,--
2025/9/3 1:41,24.3,64,13.5,92,12.3,13.5,1.8,3.6,359,950.0,1019.8,0.0,0,0.0,1.0,0.0,1.0,1.0,782.3,--
2025/9/3 1:42,24.3,64,13.5,92,12.3,13.5,2.9,4.0,14,950.0,1019.8,0.0,0,0.0,1.0,0.0,1.0,1.0,782.3,--
2025/9/3 1:43,24.3,64,13.5,92,12.3,13.5,0.0,3.2,342,950.0,1019.8,0.0,0,0.0,1.0,0.0,1.0,1.0,782.3,--
2025/9/3 1:44,24.3,64,13.5,92,12.3,13.5,2.9,3.6,335,950.1,1019.9,0.0,0,0.0,1.0,0.0,1.0,1.0,782.3,--
2025/9/3 1:45,24.3,64,13.5,92,12.3,13.5,1.8,1.8,356,949.8,1019.6,0.0,0,0.0,1.0,0.0,1.0,1.0,782.3,--
2025/9/3 1:46,24.3,64,13.5,92,12.3,13.5,0.0,2.9,346,950.0,1019.8,0.0,0,0.0,1.0,0.0,1.0,1.0,782.3,--
2025/9/3 1:47,24.3,64,13.5,92,12.3,13.5,0.0,2.5,344,950.0,1019.8,0.0,0,0.0,1.0,0.0,1.0,1.0,782.3,--
2025/9/3 1:48,24.3,64,13.4,92,12.2,13.4,1.8,1.8,275,949.9,1019.7,0.0,0,0.0,1.0,0.0,1.0,1.0,782.3,--
2025/9/3 1:49,24.3,64,13.4,93,12.3,13.4,2.2,2.2,227,949.9,1019.7,0.0,0,0.0,1.0,0.0,1.0,1.0,782.3,--
2025/9/3 1:50,24.3,64,13.4,92,12.2,13.4,0.0,3.2,322,949.9,1019.7,0.0,0,0.0,1.0,0.0,1.0,1.0,782.3,--
2025/9/3 1:51,24.3,64,13.4,92,12.2,13.4,0.0,2.2,170,949.8,1019.6,0.0,0,0.0,1.0,0.0,1.0,1.0,782.3,--
2025/9/3 1:52,24.3,64,13.4,92,12.2,13.4,0.0,2.2,236,949.8,1019.6,0.0,0,0.0,1.0,0.0,1.0,1.0,782.3,--
2025/9/3 1:53,24.3,64,13.4,92,12.2,13.4,2.9,2.9,25,949.8,1019.6,0.0,0,0.0,1.0,0.0,1.0,1.0,782.3,--
2025/9/3 1:54,24.3,64,13.4,92,12.2,13.4,1.8,3.2,1,949.9,1019.7,0.0,0,0.0,1.0,0.0,1.0,1.0,782.3,--
2025/9/3 1:55,24.3,64,13.4,92,12.2,13.4,2.5,2.9,1,949.8,1019.6,0.0,0,0.0,1.0,0.0,1.0,1.0,782.3,--
2025/9/3 1:56,24.3,64,13.4,92,12.2,13.4,0.0,3.6,60,949.9,1019.7,0.0,0,0.0,1.0,0.0,1.0,1.0,782.3,--
2025/9/3 1:57,24.3,64,13.4,92,12.2,13.4,0.0,2.9,62,949.9,1019.7,0.0,0,0.0,1.0,0.0,1.0,1.0,782.3,--
2025/9/3 1:58,24.3,64,13.4,92,12.2,13.4,0.0,3.2,31,949.8,1019.6,0.0,0,0.0,1.0,0.0,1.0,1.0,782.3,--
2025/9/3 1:59,24.3,64,13.3,92,12.1,13.3,1.8,2.9,9,949.8,1019.6,0.0,0,0.0,1.0,0.0,1.0,1.0,782.3,--
2025/9/3 2:00,24.3,64,13.3,92,12.1,13.3,2.9,3.2,359,949.8,1019.6,0.0,0,0.0,1.0,0.0,1.0,1.0,782.3,--
2025/9/3 2:01,24.3,64,13.3,93,12.2,13.3,2.2,2.9,12,949.9,1019.7,0.0,0,0.0,1.0,0.0,1.0,1.0,782.3,--
2025/9/3 2:02,24.2,64,13.3,93,12.2,13.3,2.5,2.9,12,949.9,1019.7,0.0,0,0.0,1.0,0.0,1.0,1.0,782.3,--
2025/9/3 2:03,24.2,64,13.2,93,12.1,13.2,3.6,4.7,27,950.0,1019.8,0.0,0,0.0,1.0,0.0,1.0,1.0,782.3,--
2025/9/3 2:04,24.2,64,13.2,93,12.1,13.2,3.2,3.6,12,949.9,1019.7,0.0,0,0.0,1.0,0.0,1.0,1.0,782.3,--
2025/9/3 2:05,24.2,64,13.2,93,12.1,13.2,0.0,2.2,49,949.9,1019.7,0.0,0,0.0,1.0,0.0,1.0,1.0,782.3,--
2025/9/3 2:06,24.2,64,13.2,93,12.1,13.2,0.0,0.0,37,949.9,1019.7,0.0,0,0.0,1.0,0.0,1.0,1.0,782.3,--
2025/9/3 2:07,24.3,64,13.1,93,12.0,13.1,0.0,2.2,7,950.0,1019.8,0.0,0,0.0,1.0,0.0,1.0,1.0,782.3,--
2025/9/3 2:08,24.3,64,13.1,93,12.0,13.1,0.0,1.8,314,949.9,1019.7,0.0,0,0.0,1.0,0.0,1.0,1.0,782.3,--
2025/9/3 2:09,24.3,64,13.1,93,12.0,13.1,1.8,2.9,17,949.9,1019.7,0.0,0,0.0,1.0,0.0,1.0,1.0,782.3,--
2025/9/3 2:10,24.2,64,13.0,93,11.9,13.0,0.0,2.5,2,949.9,1019.7,0.0,0,0.0,1.0,0.0,1.0,1.0,782.3,--
2025/9/3 2:11,24.2,64,13.0,93,11.9,13.0,2.2,3.2,45,950.0,1019.8,0.0,0,0.0,1.0,0.0,1.0,1.0,782.3,--
2025/9/3 2:12,24.2,64,13.0,93,11.9,13.0,2.5,2.9,88,949.6,1019.4,0.0,0,0.0,1.0,0.0,1.0,1.0,782.3,--
2025/9/3 2:13,24.2,64,13.0,93,11.9,13.0,0.0,2.5,156,949.6,1019.4,0.0,0,0.0,1.0,0.0,1.0,1.0,782.3,--
2025/9/3 2:14,24.2,64,13.0,93,11.9,13.0,2.5,2.5,113,949.8,1019.6,0.0,0,0.0,1.0,0.0,1.0,1.0,782.3,--
2025/9/3 2:15,24.2,64,13.0,93,11.9,13.0,2.5,2.9,82,949.8,1019.6,0.0,0,0.0,1.0,0.0,1.0,1.0,782.3,--
2025/9/3 2:16,24.2,64,13.0,93,11.9,13.0,0.0,2.2,15,949.9,1019.7,0.0,0,0.0,1.0,0.0,1.0,1.0,782.3,--
2025/9/3 2:17,24.2,64,13.0,93,11.9,13.0,2.2,2.9,46,950.0,1019.8,0.0,0,0.0,1.0,0.0,1.0,1.0,782.3,--
2025/9/3 2:18,24.2,64,12.9,94,11.9,12.9,2.9,4.0,17,949.8,1019.6,0.0,0,0.0,1.0,0.0,1.0,1.0,782.3,--
2025/9/3 2:19,24.2,64,12.9,94,11.9,12.9,3.6,5.4,21,950.0,1019.8,0.0,0,0.0,1.0,0.0,1.0,1.0,782.3,--
2025/9/3 2:20,24.2,64,12.9,94,11.9,12.9,2.5,4.7,320,949.9,1019.7,0.0,0,0.0,1.0,0.0,1.0,1.0,782.3,--
2025/9/3 2:21,24.3,64,12.8,94,11.8,12.8,4.0,4.0,358,950.1,1019.9,0.0,0,0.0,1.0,0.0,1.0,1.0,782.3,--
2025/9/3 2:22,24.3,64,12.8,94,11.8,12.8,0.0,2.2,333,950.1,1019.9,0.0,0,0.0,1.0,0.0,1.0,1.0,782.3,--
2025/9/3 2:23,24.2,64,12.7,94,11.7,12.7,1.8,3.2,350,949.9,1019.7,0.0,0,0.0,1.0,0.0,1.0,1.0,782.3,--
2025/9/3 2:24,24.2,64,12.6,94,11.6,12.6,2.2,2.5,320,950.0,1019.8,0.0,0,0.0,1.0,0.0,1.0,1.0,782.3,--
2025/9/3 2:25,24.3,64,12.6,94,11.6,12.6,0.0,2.9,331,949.9,1019.7,0.0,0,0.0,1.0,0.0,1.0,1.0,782.3,--
2025/9/3 2:26,24.3,64,12.6,94,11.6,12.6,1.8,1.8,341,949.9,1019.7,0.0,0,0.0,1.0,0.0,1.0,1.0,782.3,--
2025/9/3 2:27,24.3,64,12.6,95,11.8,12.6,1.8,2.5,321,950.0,1019.8,0.0,0,0.0,1.0,0.0,1.0,1.0,782.3,--
2025/9/3 2:28,24.3,64,12.6,95,11.8,12.6,2.5,3.2,339,949.8,1019.6,0.0,0,0.0,1.0,0.0,1.0,1.0,782.3,--
2025/9/3 2:29,24.3,64,12.6,94,11.6,12.6,1.8,2.2,335,950.1,1019.9,0.0,0,0.0,1.0,0.0,1.0,1.0,782.3,--
2025/9/3 2:30,24.3,64,12.6,94,11.6,12.6,0.0,2.5,315,950.1,1019.9,0.0,0,0.0,1.0,0.0,1.0,1.0,782.3,--
2025/9/3 2:31,24.3,64,12.6,94,11.6,12.6,1.8,2.5,265,949.8,1019.6,0.0,0,0.0,1.0,0.0,1.0,1.0,782.3,--
2025/9/3 2:32,24.3,64,12.7,94,11.7,12.7,1.8,2.9,331,950.0,1019.8,0.0,0,0.0,1.0,0.0,1.0,1.0,782.3,--
2025/9/3 2:33,24.3,64,12.6,94,11.6,12.6,0.0,2.2,5,949.8,1019.6,0.0,0,0.0,1.0,0.0,1.0,1.0,782.3,--
2025/9/3 2:34,24.3,64,12.6,93,11.5,12.6,1.8,2.5,194,949.8,1019.6,0.0,0,0.0,1.0,0.0,1.0,1.0,782.3,--
2025/9/3 2:35,24.3,64,12.6,93,11.5,12.6,0.0,2.2,350,949.8,1019.6,0.0,0,0.0,1.0,0.0,1.0,1.0,782.3,--
2025/9/3 2:36,24.3,64,12.7,93,11.6,12.7,2.2,4.0,313,949.8,1019.6,0.0,0,0.0,1.0,0.0,1.0,1.0,782.3,--
2025/9/3 2:37,24.3,64,12.8,92,11.6,12.8,2.2,2.9,307,949.8,1019.6,0.0,0,0.0,1.0,0.0,1.0,1.0,782.3,--
2025/9/3 2:38,24.3,64,12.9,92,11.7,12.9,4.3,4.3,279,949.6,1019.4,0.0,0,0.0,1.0,0.0,1.0,1.0,782.3,--
2025/9/3 2:39,24.3,64,12.9,92,11.7,12.9,2.5,3.6,266,949.9,1019.7,0.0,0,0.0,1.0,0.0,1.0,1.0,782.3,--
2025/9/3 2:40,24.3,64,13.0,91,11.6,13.0,2.9,3.6,279,949.9,1019.7,0.0,0,0.0,1.0,0.0,1.0,1.0,782.3,--
2025/9/3 2:41,24.3,64,13.0,91,11.6,13.0,0.0,3.6,354,949.9,1019.7,0.0,0,0.0,1.0,0.0,1.0,1.0,782.3,--
2025/9/3 2:42,24.3,64,13.1,90,11.5,13.1,4.0,4.0,5,949.9,1019.7,0.0,0,0.0,1.0,0.0,1.0,1.0,782.3,--
2025/9/3 2:43,24.3,64,13.1,90,11.5,13.1,2.9,5.0,33,949.7,1019.5,0.0,0,0.0,1.0,0.0,1.0,1.0,782.3,--
2025/9/3 2:44,24.3,64,13.1,90,11.5,13.1,3.2,5.4,7,949.6,1019.4,0.0,0,0.0,1.0,0.0,1.0,1.0,782.3,--
2025/9/3 2:45,24.3,64,13.1,90,11.5,13.1,3.2,5.4,10,949.6,1019.4,0.0,0,0.0,1.0,0.0,1.0,1.0,782.3,--
2025/9/3 2:46,24.3,64,13.1,90,11.5,13.1,2.9,4.0,36,949.9,1019.7,0.0,0,0.0,1.0,0.0,1.0,1.0,782.3,--
2025/9/3 2:47,24.3,64,13.1,91,11.7,13.1,2.2,3.6,40,949.7,1019.5,0.0,0,0.0,1.0,0.0,1.0,1.0,782.3,--
2025/9/3 2:48,24.2,64,13.1,91,11.7,13.1,0.0,3.6,28,949.7,1019.5,0.0,0,0.0,1.0,0.0,1.0,1.0,782.3,--
2025/9/3 2:49,24.2,64,13.0,91,11.6,13.0,2.5,2.5,296,949.8,1019.6,0.0,0,0.0,1.0,0.0,1.0,1.0,782.3,--
2025/9/3 2:50,24.2,64,12.9,92,11.7,12.9,2.2,3.2,0,949.8,1019.6,0.0,0,0.0,1.0,0.0,1.0,1.0,782.3,--
2025/9/3 2:51,24.2,64,12.8,92,11.6,12.8,0.0,3.6,348,949.7,1019.5,0.0,0,0.0,1.0,0.0,1.0,1.0,782.3,--
2025/9/3 2:52,24.2,64,12.8,93,11.7,12.8,2.9,2.9,16,949.9,1019.7,0.0,0,0.0,1.0,0.0,1.0,1.0,782.3,--
2025/9/3 2:53,24.2,64,12.7,93,11.6,12.7,0.0,2.2,350,950.0,1019.8,0.0,0,0.0,1.0,0.0,1.0,1.0,782.3,--
2025/9/3 2:54,24.2,64,12.7,93,11.6,12.7,1.8,2.2,278,950.0,1019.8,0.0,0,0.0,1.0,0.0,1.0,1.0,782.3,--
2025/9/3 2:55,24.2,64,12.7,93,11.6,12.7,2.5,2.5,335,949.8,1019.6,0.0,0,0.0,1.0,0.0,1.0,1.0,782.3,--
2025/9/3 2:56,24.2,64,12.7,93,11.6,12.7,0.0,2.5,286,949.8,1019.6,0.0,0,0.0,1.0,0.0,1.0,1.0,782.3,--
2025/9/3 2:57,24.2,64,12.7,93,11.6,12.7,0.0,2.2,359,949.8,1019.6,0.0,0,0.0,1.0,0.0,1.0,1.0,782.3,--
2025/9/3 2:58,24.2,64,12.7,93,11.6,12.7,2.2,2.5,38,949.6,1019.4,0.0,0,0.0,1.0,0.0,1.0,1.0,782.3,--
2025/9/3 2:59,24.2,64,12.7,93,11.6,12.7,2.5,4.0,54,949.7,1019.5,0.0,0,0.0,1.0,0.0,1.0,1.0,782.3,--
2025/9/3 3:00,24.2,64,12.7,93,11.6,12.7,2.5,3.6,54,949.8,1019.6,0.0,0,0.0,1.0,0.0,1.0,1.0,782.3,--
2025/9/3 3:01,24.2,64,12.8,93,11.7,12.8,3.2,3.2,45,949.5,1019.3,0.0,0,0.0,1.0,0.0,1.0,1.0,782.3,--
2025/9/3 3:02,24.2,64,12.7,93,11.6,12.7,1.8,2.9,8,949.5,1019.3,0.0,0,0.0,1.0,0.0,1.0,1.0,782.3,--
2025/9/3 3:03,24.2,64,12.6,93,11.5,12.6,1.8,2.9,310,949.6,1019.4,0.0,0,0.0,1.0,0.0,1.0,1.0,782.3,--
2025/9/3 3:04,24.2,64,12.5,94,11.5,12.5,2.2,2.9,2,949.9,1019.7,0.0,0,0.0,1.0,0.0,1.0,1.0,782.3,--
2025/9/3 3:05,24.2,64,12.5,94,11.5,12.5,2.2,3.6,346,949.7,1019.5,0.0,0,0.0,1.0,0.0,1.0,1.0,782.3,--
2025/9/3 3:06,24.2,64,12.4,94,11.4,12.4,0.0,2.5,17,949.7,1019.5,0.0,0,0.0,1.0,0.0,1.0,1.0,782.3,--
2025/9/3 3:07,24.2,64,12.4,94,11.4,12.4,3.2,4.0,349,949.7,1019.5,0.0,0,0.0,1.0,0.0,1.0,1.0,782.3,--
2025/9/3 3:08,24.2,64,12.3,94,11.3,12.3,0.0,3.6,346,949.7,1019.5,0.0,0,0.0,1.0,0.0,1.0,1.0,782.3,--
2025/9/3 3:09,24.2,64,12.3,94,11.3,12.3,3.2,4.3,20,949.7,1019.5,0.0,0,0.0,1.0,0.0,1.0,1.0,782.3,--
2025/9/3 3:10,24.2,64,12.2,94,11.2,12.2,2.9,4.3,0,949.7,1019.5,0.0,0,0.0,1.0,0.0,1.0,1.0,782.3,--
2025/9/3 3:11,24.2,64,12.2,95,11.4,12.2,3.6,4.0,356,949.6,1019.4,0.0,0,0.0,1.0,0.0,1.0,1.0,782.3,--
2025/9/3 3:12,24.2,64,12.2,95,11.4,12.2,3.2,4.7,10,949.6,1019.4,0.0,0,0.0,1.0,0.0,1.0,1.0,782.3,--
2025/9/3 3:13,24.2,64,12.2,95,11.4,12.2,3.6,4.7,15,949.8,1019.6,0.0,0,0.0,1.0,0.0,1.0,1.0,782.3,--
2025/9/3 3:14,24.2,64,12.2,95,11.4,12.2,3.2,4.3,19,949.6,1019.4,0.0,0,0.0,1.0,0.0,1.0,1.0,782.3,--
2025/9/3 3:15,24.2,64,12.2,95,11.4,12.2,0.0,2.5,337,949.7,1019.5,0.0,0,0.0,1.0,0.0,1.0,1.0,782.3,--
2025/9/3 3:16,24.2,64,12.2,95,11.4,12.2,0.0,1.8,247,949.7,1019.5,0.0,0,0.0,1.0,0.0,1.0,1.0,782.3,--
2025/9/3 3:17,24.2,64,12.3,95,11.5,12.3,0.0,2.2,219,949.7,1019.5,0.0,0,0.0,1.0,0.0,1.0,1.0,782.3,--
2025/9/3 3:18,24.2,64,12.3,95,11.5,12.3,1.8,2.2,105,949.7,1019.5,0.0,0,0.0,1.0,0.0,1.0,1.0,782.3,--
2025/9/3 3:19,24.2,64,12.3,95,11.5,12.3,0.0,4.7,358,949.7,1019.5,0.0,0,0.0,1.0,0.0,1.0,1.0,782.3,--
2025/9/3 3:20,24.2,64,12.3,95,11.5,12.3,2.5,4.0,34,949.8,1019.6,0.0,0,0.0,1.0,0.0,1.0,1.0,782.3,--
2025/9/3 3:21,24.3,64,12.3,95,11.5,12.3,0.0,3.2,22,949.8,1019.6,0.0,0,0.0,1.0,0.0,1.0,1.0,782.3,--
2025/9/3 3:22,24.3,64,12.3,95,11.5,12.3,2.2,2.2,338,949.7,1019.5,0.0,0,0.0,1.0,0.0,1.0,1.0,782.3,--
2025/9/3 3:23,24.3,64,12.3,95,11.5,12.3,0.0,2.9,19,949.6,1019.4,0.0,0,0.0,1.0,0.0,1.0,1.0,782.3,--
2025/9/3 3:24,24.3,64,12.3,95,11.5,12.3,0.0,2.5,350,949.7,1019.5,0.0,0,0.0,1.0,0.0,1.0,1.0,782.3,--
2025/9/3 3:25,24.3,64,12.3,95,11.5,12.3,0.0,4.3,34,949.7,1019.5,0.0,0,0.0,1.0,0.0,1.0,1.0,782.3,--
2025/9/3 3:26,24.3,64,12.4,95,11.6,12.4,2.9,4.3,26,949.9,1019.7,0.0,0,0.0,1.0,0.0,1.0,1.0,782.3,--
2025/9/3 3:27,24.3,64,12.4,95,11.6,12.4,3.2,3.6,18,949.7,1019.5,0.0,0,0.0,1.0,0.0,1.0,1.0,782.3,--
2025/9/3 3:28,24.3,63,12.3,95,11.5,12.3,2.9,4.7,30,949.7,1019.5,0.0,0,0.0,1.0,0.0,1.0,1.0,782.3,--
2025/9/3 3:29,24.3,64,12.3,95,11.5,12.3,1.8,5.0,348,949.8,1019.6,0.0,0,0.0,1.0,0.0,1.0,1.0,782.3,--
2025/9/3 3:30,24.3,64,12.2,95,11.4,12.2,2.2,3.6,338,949.7,1019.5,0.0,0,0.0,1.0,0.0,1.0,1.0,782.3,--
2025/9/3 3:31,24.3,63,12.2,95,11.4,12.2,1.8,3.2,306,949.9,1019.7,0.0,0,0.0,1.0,0.0,1.0,1.0,782.3,--
2025/9/3 3:32,24.3,63,12.2,95,11.4,12.2,0.0,1.8,235,949.9,1019.7,0.0,0,0.0,1.0,0.0,1.0,1.0,782.3,--
2025/9/3 3:33,24.3,63,12.2,95,11.4,12.2,0.0,1.8,329,949.8,1019.6,0.0,0,0.0,1.0,0.0,1.0,1.0,782.3,--
2025/9/3 3:34,24.3,64,12.1,95,11.3,12.1,0.0,2.5,334,949.8,1019.6,0.0,0,0.0,1.0,0.0,1.0,1.0,782.3,--
2025/9/3 3:35,24.3,64,12.1,96,11.5,12.1,0.0,2.9,359,949.8,1019.6,0.0,0,0.0,1.0,0.0,1.0,1.0,782.3,--
2025/9/3 3:36,24.3,64,12.1,96,11.5,12.1,1.8,2.9,15,949.8,1019.6,0.0,0,0.0,1.0,0.0,1.0,1.0,782.3,--
2025/9/3 3:37,24.3,64,12.1,96,11.5,12.1,1.8,2.2,0,949.7,1019.5,0.0,0,0.0,1.0,0.0,1.0,1.0,782.3,--
2025/9/3 3:38,24.2,64,12.1,96,11.5,12.1,0.0,2.9,354,949.9,1019.7,0.0,0,0.0,1.0,0.0,1.0,1.0,782.3,--
2025/9/3 3:39,24.2,64,12.1,96,11.5,12.1,2.2,4.3,0,949.8,1019.6,0.0,0,0.0,1.0,0.0,1.0,1.0,782.3,--
2025/9/3 3:40,24.2,64,12.0,96,11.4,12.0,2.9,3.2,11,949.8,1019.6,0.0,0,0.0,1.0,0.0,1.0,1.0,782.3,--
2025/9/3 3:41,24.2,64,12.0,96,11.4,12.0,2.2,3.2,10,949.8,1019.6,0.0,0,0.0,1.0,0.0,1.0,1.0,782.3,--
2025/9/3 3:42,24.2,63,12.0,96,11.4,12.0,1.8,3.6,357,949.8,1019.6,0.0,0,0.0,1.0,0.0,1.0,1.0,782.3,--
2025/9/3 3:43,24.2,63,12.0,96,11.4,12.0,0.0,2.5,355,949.8,1019.6,0.0,0,0.0,1.0,0.0,1.0,1.0,782.3,--
2025/9/3 3:44,24.2,63,12.1,96,11.5,12.1,4.0,4.0,5,949.9,1019.7,0.0,0,0.0,1.0,0.0,1.0,1.0,782.3,--
2025/9/3 3:45,24.3,63,12.1,96,11.5,12.1,0.0,3.2,21,949.8,1019.6,0.0,0,0.0,1.0,0.0,1.0,1.0,782.3,--
2025/9/3 3:46,24.3,63,12.1,96,11.5,12.1,2.5,4.0,24,949.8,1019.6,0.0,0,0.0,1.0,0.0,1.0,1.0,782.3,--
2025/9/3 3:47,24.3,64,12.0,96,11.4,12.0,1.8,2.9,277,949.9,1019.7,0.0,0,0.0,1.0,0.0,1.0,1.0,782.3,--
2025/9/3 3:48,24.3,64,12.0,97,11.6,12.0,0.0,2.9,2,949.9,1019.7,0.0,0,0.0,1.0,0.0,1.0,1.0,782.3,--
2025/9/3 3:49,24.3,63,12.0,96,11.4,12.0,2.9,3.2,10,949.7,1019.5,0.0,0,0.0,1.0,0.0,1.0,1.0,782.3,--
2025/9/3 3:50,24.3,63,12.0,97,11.6,12.0,4.3,4.7,39,949.7,1019.5,0.0,0,0.0,1.0,0.0,1.0,1.0,782.3,--
2025/9/3 3:51,24.2,63,12.0,96,11.4,12.0,3.6,5.0,29,949.7,1019.5,0.0,0,0.0,1.0,0.0,1.0,1.0,782.3,--
2025/9/3 3:52,24.3,63,12.0,97,11.6,12.0,0.0,2.5,0,949.8,1019.6,0.0,0,0.0,1.0,0.0,1.0,1.0,782.3,--
2025/9/3 3:53,24.3,63,12.0,97,11.6,12.0,2.5,2.9,358,949.8,1019.6,0.0,0,0.0,1.0,0.0,1.0,1.0,782.3,--
2025/9/3 3:54,24.3,63,12.0,97,11.6,12.0,1.8,2.5,349,949.7,1019.5,0.0,0,0.0,1.0,0.0,1.0,1.0,782.3,--
2025/9/3 3:55,24.3,63,12.0,97,11.6,12.0,1.8,3.2,3,949.7,1019.5,0.0,0,0.0,1.0,0.0,1.0,1.0,782.3,--
2025/9/3 3:56,24.3,63,12.0,97,11.6,12.0,1.8,4.0,348,949.7,1019.5,0.0,0,0.0,1.0,0.0,1.0,1.0,782.3,--
2025/9/3 3:57,24.2,63,12.0,97,11.6,12.0,4.0,5.0,38,949.9,1019.7,0.0,0,0.0,1.0,0.0,1.0,1.0,782.3,--
2025/9/3 3:58,24.3,63,12.1,97,11.7,12.1,4.7,5.0,29,949.7,1019.5,0.0,0,0.0,1.0,0.0,1.0,1.0,782.3,--
2025/9/3 3:59,24.2,63,12.1,97,11.7,12.1,3.2,5.0,19,949.8,1019.6,0.0,0,0.0,1.0,0.0,1.0,1.0,782.3,--
2025/9/3 4:00,24.2,63,12.0,97,11.6,12.0,4.0,5.4,17,949.9,1019.7,0.0,0,0.0,1.0,0.0,1.0,1.0,782.3,--
2025/9/3 4:01,24.2,63,12.1,97,11.7,12.1,0.0,3.6,355,949.9,1019.7,0.0,0,0.0,1.0,0.0,1.0,1.0,782.3,--
2025/9/3 4:02,24.2,63,12.0,97,11.6,12.0,1.8,2.9,1,949.7,1019.5,0.0,0,0.0,1.0,0.0,1.0,1.0,782.3,--
2025/9/3 4:03,24.2,63,12.0,97,11.6,12.0,3.2,3.2,16,949.9,1019.7,0.0,0,0.0,1.0,0.0,1.0,1.0,782.3,--
2025/9/3 4:04,24.2,63,12.0,97,11.6,12.0,3.2,4.7,16,949.9,1019.7,0.0,0,0.0,1.0,0.0,1.0,1.0,782.3,--
2025/9/3 4:05,24.2,63,11.9,97,11.5,11.9,2.5,4.3,36,949.9,1019.7,0.0,0,0.0,1.0,0.0,1.0,1.0,782.3,--
2025/9/3 4:06,24.2,63,11.9,97,11.5,11.9,2.5,4.3,1,949.9,1019.7,0.0,0,0.0,1.0,0.0,1.0,1.0,782.3,--
2025/9/3 4:07,24.3,63,11.9,97,11.5,11.9,0.0,2.9,335,949.8,1019.6,0.0,0,0.0,1.0,0.0,1.0,1.0,782.3,--
2025/9/3 4:08,24.3,63,11.9,97,11.5,11.9,0.0,2.2,347,949.9,1019.7,0.0,0,0.0,1.0,0.0,1.0,1.0,782.3,--
2025/9/3 4:09,24.3,63,11.9,97,11.5,11.9,1.8,2.2,328,949.8,1019.6,0.0,0,0.0,1.0,0.0,1.0,1.0,782.3,--
2025/9/3 4:10,24.3,63,11.9,97,11.5,11.9,3.2,3.6,6,950.0,1019.8,0.0,0,0.0,1.0,0.0,1.0,1.0,782.3,--
2025/9/3 4:11,24.2,63,11.9,97,11.5,11.9,4.3,4.3,352,949.9,1019.7,0.0,0,0.0,1.0,0.0,1.0,1.0,782.3,--
2025/9/3 4:12,24.2,63,12.0,97,11.6,12.0,4.7,5.0,27,949.9,1019.7,0.0,0,0.0,1.0,0.0,1.0,1.0,782.3,--
2025/9/3 4:13,24.3,63,12.0,97,11.6,12.0,4.3,5.0,26,949.8,1019.6,0.0,0,0.0,1.0,0.0,1.0,1.0,782.3,--
2025/9/3 4:14,24.3,63,12.0,97,11.6,12.0,4.0,5.4,30,949.8,1019.6,0.0,0,0.0,1.0,0.0,1.0,1.0,782.3,--
2025/9/3 4:15,24.3,63,12.1,97,11.7,12.1,3.6,5.4,17,949.9,1019.7,0.0,0,0.0,1.0,0.0,1.0,1.0,782.3,--
2025/9/3 4:16,24.3,63,12.1,97,11.7,12.1,2.2,3.6,340,949.9,1019.7,0.0,0,0.0,1.0,0.0,1.0,1.0,782.3,--
2025/9/3 4:17,24.3,63,12.1,97,11.7,12.1,0.0,3.2,6,949.7,1019.5,0.0,0,0.0,1.0,0.0,1.0,1.0,782.3,--
2025/9/3 4:18,24.3,63,12.0,97,11.6,12.0,0.0,2.2,22,949.8,1019.6,0.0,0,0.0,1.0,0.0,1.0,1.0,782.3,--
2025/9/3 4:19,24.3,63,12.0,97,11.6,12.0,1.8,3.6,20,949.8,1019.6,0.0,0,0.0,1.0,0.0,1.0,1.0,782.3,--
2025/9/3 4:20,24.2,63,12.0,97,11.6,12.0,2.9,4.7,21,950.0,1019.8,0.0,0,0.0,1.0,0.0,1.0,1.0,782.3,--
2025/9/3 4:21,24.2,63,11.9,96,11.3,11.9,3.6,4.3,11,950.1,1019.9,0.0,0,0.0,1.0,0.0,1.0,1.0,782.3,--
2025/9/3 4:22,24.2,63,11.9,97,11.5,11.9,2.5,3.6,38,949.8,1019.6,0.0,0,0.0,1.0,0.0,1.0,1.0,782.3,--
2025/9/3 4:23,24.2,63,11.9,97,11.5,11.9,2.5,2.5,5,949.8,1019.6,0.0,0,0.0,1.0,0.0,1.0,1.0,782.3,--
2025/9/3 4:24,24.2,63,11.9,97,11.5,11.9,3.6,4.3,31,949.8,1019.6,0.0,0,0.0,1.0,0.0,1.0,1.0,782.3,--
2025/9/3 4:25,24.2,63,12.0,97,11.6,12.0,2.2,4.7,357,950.0,1019.8,0.0,0,0.0,1.0,0.0,1.0,1.0,782.3,--
2025/9/3 4:26,24.2,63,11.9,97,11.5,11.9,2.2,3.6,3,949.8,1019.6,0.0,0,0.0,1.0,0.0,1.0,1.0,782.3,--
2025/9/3 4:27,24.2,63,11.9,97,11.5,11.9,3.2,4.0,25,949.8,1019.6,0.0,0,0.0,1.0,0.0,1.0,1.0,782.3,--
2025/9/3 4:28,24.2,63,11.8,97,11.4,11.8,2.5,3.6,13,949.9,1019.7,0.0,0,0.0,1.0,0.0,1.0,1.0,782.3,--
2025/9/3 4:29,24.2,63,11.8,97,11.4,11.8,1.8,2.2,327,949.7,1019.5,0.0,0,0.0,1.0,0.0,1.0,1.0,782.3,--
2025/9/3 4:30,24.3,63,11.8,97,11.4,11.8,0.0,2.5,352,949.8,1019.6,0.0,0,0.0,1.0,0.0,1.0,1.0,782.3,--
2025/9/3 4:31,24.3,63,11.7,97,11.3,11.7,1.8,1.8,171,949.6,1019.4,0.0,0,0.0,1.0,0.0,1.0,1.0,782.3,--
2025/9/3 4:32,24.3,63,11.7,97,11.3,11.7,0.0,1.8,355,949.8,1019.6,0.0,0,0.0,1.0,0.0,1.0,1.0,782.3,--
2025/9/3 4:33,24.3,63,11.7,97,11.3,11.7,2.2,2.9,30,949.6,1019.4,0.0,0,0.0,1.0,0.0,1.0,1.0,782.3,--
2025/9/3 4:34,24.3,63,11.7,97,11.3,11.7,0.0,2.2,328,949.6,1019.4,0.0,0,0.0,1.0,0.0,1.0,1.0,782.3,--
2025/9/3 4:35,24.2,63,11.8,97,11.4,11.8,1.8,1.8,11,949.8,1019.6,0.0,0,0.0,1.0,0.0,1.0,1.0,782.3,--
2025/9/3 4:36,24.2,63,11.9,97,11.5,11.9,1.8,3.6,7,949.8,1019.6,0.0,0,0.0,1.0,0.0,1.0,1.0,782.3,--
2025/9/3 4:37,24.2,63,11.9,97,11.5,11.9,4.3,4.3,17,949.8,1019.6,0.0,0,0.0,1.0,0.0,1.0,1.0,782.3,--
2025/9/3 4:38,24.2,63,11.9,97,11.5,11.9,3.2,4.3,347,949.9,1019.7,0.0,0,0.0,1.0,0.0,1.0,1.0,782.3,--
2025/9/3 4:39,24.2,63,11.8,97,11.4,11.8,2.2,4.0,0,949.9,1019.7,0.0,0,0.0,1.0,0.0,1.0,1.0,782.3,--
2025/9/3 4:40,24.2,63,11.8,97,11.4,11.8,0.0,2.5,4,949.6,1019.4,0.0,0,0.0,1.0,0.0,1.0,1.0,782.3,--
2025/9/3 4:41,24.2,63,11.7,97,11.3,11.7,2.2,2.9,308,949.7,1019.5,0.0,0,0.0,1.0,0.0,1.0,1.0,782.3,--
2025/9/3 4:42,24.2,63,11.7,97,11.3,11.7,2.9,2.9,343,949.7,1019.5,0.0,0,0.0,1.0,0.0,1.0,1.0,782.3,--
2025/9/3 4:43,24.2,63,11.7,97,11.3,11.7,1.8,2.9,3,949.7,1019.5,0.0,0,0.0,1.0,0.0,1.0,1.0,782.3,--
2025/9/3 4:44,24.2,63,11.7,97,11.3,11.7,0.0,2.5,321,949.7,1019.5,0.0,0,0.0,1.0,0.0,1.0,1.0,782.3,--
2025/9/3 4:45,24.2,63,11.7,97,11.3,11.7,0.0,2.5,335,949.5,1019.3,0.0,0,0.0,1.0,0.0,1.0,1.0,782.3,--
2025/9/3 4:46,24.2,63,11.7,97,11.3,11.7,1.8,2.5,339,949.7,1019.5,0.0,0,0.0,1.0,0.0,1.0,1.0,782.3,--
2025/9/3 4:47,24.2,63,11.7,97,11.3,11.7,1.8,4.0,319,949.7,1019.5,0.0,0,0.0,1.0,0.0,1.0,1.0,782.3,--
2025/9/3 4:48,24.3,63,11.8,97,11.4,11.8,0.0,3.2,351,949.7,1019.5,0.0,0,0.0,1.0,0.0,1.0,1.0,782.3,--
2025/9/3 4:49,24.3,63,11.8,97,11.4,11.8,2.9,3.6,320,949.7,1019.5,0.0,0,0.0,1.0,0.0,1.0,1.0,782.3,--
2025/9/3 4:50,24.3,63,11.8,97,11.4,11.8,0.0,0.0,329,949.7,1019.5,0.0,0,0.0,1.0,0.0,1.0,1.0,782.3,--
2025/9/3 4:51,24.3,63,11.8,97,11.4,11.8,1.8,3.6,2,949.7,1019.5,0.0,0,0.0,1.0,0.0,1.0,1.0,782.3,--
2025/9/3 4:52,24.3,63,11.8,97,11.4,11.8,2.2,2.5,337,949.7,1019.5,0.0,0,0.0,1.0,0.0,1.0,1.0,782.3,--
2025/9/3 4:53,24.3,63,11.8,97,11.4,11.8,1.8,2.9,72,949.8,1019.6,0.0,0,0.0,1.0,0.0,1.0,1.0,782.3,--
2025/9/3 4:54,24.3,63,11.7,97,11.3,11.7,0.0,2.5,306,949.5,1019.3,0.0,0,0.0,1.0,0.0,1.0,1.0,782.3,--
2025/9/3 4:55,24.3,63,11.7,97,11.3,11.7,1.8,3.2,336,949.6,1019.4,0.0,0,0.0,1.0,0.0,1.0,1.0,782.3,--
2025/9/3 4:56,24.3,63,11.8,97,11.4,11.8,0.0,1.8,249,949.7,1019.5,0.0,0,0.0,1.0,0.0,1.0,1.0,782.3,--
2025/9/3 4:57,24.3,63,11.8,97,11.4,11.8,2.5,2.9,331,949.6,1019.4,0.0,0,0.0,1.0,0.0,1.0,1.0,782.3,--
2025/9/3 4:58,24.3,63,11.9,98,11.6,11.9,2.2,2.5,331,949.6,1019.4,0.0,0,0.0,1.0,0.0,1.0,1.0,782.3,--
2025/9/3 4:59,24.3,63,12.1,98,11.8,12.1,0.0,3.2,309,949.6,1019.4,0.0,0,0.0,1.0,0.0,1.0,1.0,782.3,--
2025/9/3 5:00,24.3,63,12.1,97,11.7,12.1,3.2,3.6,0,949.5,1019.3,0.0,0,0.0,1.0,0.0,1.0,1.0,782.3,--
2025/9/3 5:01,24.3,63,12.0,97,11.6,12.0,2.2,2.9,333,949.6,1019.4,0.0,0,0.0,1.0,0.0,1.0,1.0,782.3,--
2025/9/3 5:02,24.3,63,11.9,97,11.5,11.9,2.2,2.9,354,949.6,1019.4,0.0,0,0.0,1.0,0.0,1.0,1.0,782.3,--
2025/9/3 5:03,24.2,63,11.9,97,11.5,11.9,2.2,2.9,336,949.8,1019.6,0.0,0,0.0,1.0,0.0,1.0,1.0,782.3,--
2025/9/3 5:04,24.2,63,11.9,97,11.5,11.9,0.0,3.2,341,949.7,1019.5,0.0,0,0.0,1.0,0.0,1.0,1.0,782.3,--
2025/9/3 5:05,24.2,63,11.9,98,11.6,11.9,2.9,3.6,1,949.8,1019.6,0.0,0,0.0,1.0,0.0,1.0,1.0,782.3,--
2025/9/3 5:06,24.2,63,11.9,98,11.6,11.9,4.0,4.0,14,949.8,1019.6,0.0,0,0.0,1.0,0.0,1.0,1.0,782.3,--
2025/9/3 5:07,24.2,63,12.0,98,11.7,12.0,2.9,4.7,42,949.9,1019.7,0.0,0,0.0,1.0,0.0,1.0,1.0,782.3,--
2025/9/3 5:08,24.2,63,12.0,97,11.6,12.0,4.3,4.3,22,949.8,1019.6,0.0,0,0.0,1.0,0.0,1.0,1.0,782.3,--
2025/9/3 5:09,24.2,63,12.0,97,11.6,12.0,4.7,5.4,40,949.9,1019.7,0.0,0,0.0,1.0,0.0,1.0,1.0,782.3,--
2025/9/3 5:10,24.2,63,12.0,97,11.6,12.0,4.0,6.1,22,949.7,1019.5,0.0,0,0.0,1.0,0.0,1.0,1.0,782.3,--
2025/9/3 5:11,24.2,63,12.0,97,11.6,12.0,0.0,2.9,315,949.8,1019.6,0.0,0,0.0,1.0,0.0,1.0,1.0,782.3,--
2025/9/3 5:12,24.2,63,11.9,97,11.5,11.9,0.0,2.9,138,949.7,1019.5,0.0,0,0.0,1.0,0.0,1.0,1.0,782.3,--
2025/9/3 5:13,24.2,63,11.8,97,11.4,11.8,3.6,3.6,134,949.7,1019.5,0.0,0,0.0,1.0,0.0,1.0,1.0,782.3,--
2025/9/3 5:14,24.2,63,11.9,97,11.5,11.9,4.0,4.3,96,949.7,1019.5,0.0,0,0.0,1.0,0.0,1.0,1.0,782.3,--
2025/9/3 5:15,24.2,63,12.0,97,11.6,12.0,1.8,5.0,109,949.7,1019.5,0.0,0,0.0,1.0,0.0,1.0,1.0,782.3,--
2025/9/3 5:16,24.2,63,12.0,97,11.6,12.0,0.0,2.5,223,949.9,1019.7,0.0,0,0.0,1.0,0.0,1.0,1.0,782.3,--
2025/9/3 5:17,24.2,63,12.0,97,11.6,12.0,0.0,2.5,48,949.9,1019.7,0.0,0,0.0,1.0,0.0,1.0,1.0,782.3,--
2025/9/3 5:18,24.2,63,12.0,97,11.6,12.0,0.0,0.0,330,949.9,1019.7,0.0,0,0.0,1.0,0.0,1.0,1.0,782.3,--
2025/9/3 5:19,24.2,63,11.9,97,11.5,11.9,4.7,4.7,37,949.9,1019.7,0.0,0,0.0,1.0,0.0,1.0,1.0,782.3,--
2025/9/3 5:20,24.2,63,11.8,97,11.4,11.8,2.5,4.7,42,949.9,1019.7,0.0,0,0.0,1.0,0.0,1.0,1.0,782.3,--
2025/9/3 5:21,24.2,63,11.8,97,11.4,11.8,0.0,3.6,51,950.0,1019.8,0.0,0,0.0,1.0,0.0,1.0,1.0,782.3,--
2025/9/3 5:22,24.2,63,11.7,97,11.3,11.7,1.8,1.8,122,950.0,1019.8,0.0,0,0.0,1.0,0.0,1.0,1.0,782.3,--
2025/9/3 5:23,24.2,63,11.6,97,11.2,11.6,0.0,2.2,180,949.9,1019.7,0.0,0,0.0,1.0,0.0,1.0,1.0,782.3,--
2025/9/3 5:24,24.2,63,11.7,97,11.3,11.7,1.8,3.2,39,950.0,1019.8,0.0,0,0.0,1.0,0.0,1.0,1.0,782.3,--
2025/9/3 5:25,24.2,63,11.7,97,11.3,11.7,0.0,2.2,31,949.9,1019.7,0.0,0,0.0,1.0,0.0,1.0,1.0,782.3,--
2025/9/3 5:26,24.2,63,11.7,97,11.3,11.7,3.6,3.6,10,949.9,1019.7,0.0,0,0.0,1.0,0.0,1.0,1.0,782.3,--
2025/9/3 5:27,24.2,63,11.8,98,11.5,11.8,4.0,4.3,21,950.0,1019.8,0.0,0,0.0,1.0,0.0,1.0,1.0,782.3,--
2025/9/3 5:28,24.2,63,11.8,97,11.4,11.8,3.2,5.4,0,949.8,1019.6,0.0,0,0.0,1.0,0.0,1.0,1.0,782.3,--
2025/9/3 5:29,24.2,63,11.8,97,11.4,11.8,0.0,4.3,337,950.0,1019.8,0.0,0,0.0,1.0,0.0,1.0,1.0,782.3,--
2025/9/3 5:30,24.1,63,11.7,97,11.3,11.7,2.9,2.9,352,949.9,1019.7,0.0,0,0.0,1.0,0.0,1.0,1.0,782.3,--
2025/9/3 5:31,24.1,63,11.7,97,11.3,11.7,0.0,2.2,25,949.9,1019.7,0.0,0,0.0,1.0,0.0,1.0,1.0,782.3,--
2025/9/3 5:32,24.2,63,11.7,98,11.4,11.7,0.0,2.2,334,950.0,1019.8,0.0,0,0.0,1.0,0.0,1.0,1.0,782.3,--
2025/9/3 5:33,24.2,63,11.8,98,11.5,11.8,1.8,2.2,329,949.9,1019.7,0.0,0,0.0,1.0,0.0,1.0,1.0,782.3,--
2025/9/3 5:34,24.2,63,11.8,98,11.5,11.8,0.0,3.2,318,949.9,1019.7,0.0,0,0.0,1.0,0.0,1.0,1.0,782.3,--
2025/9/3 5:35,24.1,63,11.9,98,11.6,11.9,2.9,3.6,1,950.0,1019.8,0.0,0,0.0,1.0,0.0,1.0,1.0,782.3,--
2025/9/3 5:36,24.2,63,11.9,98,11.6,11.9,1.8,2.2,23,950.0,1019.8,0.0,0,0.0,1.0,0.0,1.0,1.0,782.3,--
2025/9/3 5:37,24.2,63,11.8,98,11.5,11.8,3.2,3.6,24,950.0,1019.8,0.0,0,0.0,1.0,0.0,1.0,1.0,782.3,--
2025/9/3 5:38,24.2,63,11.8,98,11.5,11.8,2.2,2.9,24,950.1,1019.9,0.0,0,0.0,1.0,0.0,1.0,1.0,782.3,--
2025/9/3 5:39,24.2,63,11.8,98,11.5,11.8,2.5,4.0,10,950.1,1019.9,0.0,0,0.0,1.0,0.0,1.0,1.0,782.3,--
2025/9/3 5:40,24.2,63,11.7,98,11.4,11.7,0.0,1.8,25,950.0,1019.8,0.0,0,0.0,1.0,0.0,1.0,1.0,782.3,--
2025/9/3 5:41,24.2,63,11.7,98,11.4,11.7,0.0,0.0,347,950.0,1019.8,0.0,0,0.0,1.0,0.0,1.0,1.0,782.3,--
2025/9/3 5:42,24.2,63,11.7,98,11.4,11.7,0.0,2.2,29,950.0,1019.8,0.0,0,0.0,1.0,0.0,1.0,1.0,782.3,--
2025/9/3 5:43,24.2,63,11.6,98,11.3,11.6,0.0,2.2,53,950.0,1019.8,0.0,0,0.0,1.0,0.0,1.0,1.0,782.3,--
2025/9/3 5:44,24.2,63,11.6,98,11.3,11.6,0.0,2.9,25,950.2,1020.0,0.0,0,0.0,1.0,0.0,1.0,1.0,782.3,--
2025/9/3 5:45,24.2,63,11.6,98,11.3,11.6,0.0,2.5,35,950.0,1019.8,0.0,0,0.0,1.0,0.0,1.0,1.0,782.3,--
2025/9/3 5:46,24.2,63,11.6,98,11.3,11.6,0.0,2.5,322,950.1,1019.9,0.0,0,0.0,1.0,0.0,1.0,1.0,782.3,--
2025/9/3 5:47,24.2,63,11.6,98,11.3,11.6,1.8,2.5,196,950.1,1019.9,0.0,0,0.0,1.0,0.0,1.0,1.0,782.3,--
2025/9/3 5:48,24.2,63,11.8,98,11.5,11.8,2.5,3.2,347,950.2,1020.0,0.0,0,0.0,1.0,0.0,1.0,1.0,782.3,--
2025/9/3 5:49,24.2,63,11.9,98,11.6,11.9,0.0,2.2,173,950.2,1020.0,0.0,0,0.0,1.0,0.0,1.0,1.0,782.3,--
2025/9/3 5:50,24.2,63,11.9,98,11.6,11.9,2.2,2.9,51,950.1,1019.9,0.0,0,0.0,1.0,0.0,1.0,1.0,782.3,--
2025/9/3 5:51,24.2,63,11.8,98,11.5,11.8,3.2,4.0,17,949.9,1019.7,0.0,0,0.0,1.0,0.0,1.0,1.0,782.3,--
2025/9/3 5:52,24.2,63,11.8,98,11.5,11.8,1.8,3.6,1,950.3,1020.1,0.0,0,0.0,1.0,0.0,1.0,1.0,782.3,--
2025/9/3 5:53,24.2,63,11.7,97,11.3,11.7,1.8,2.2,66,950.2,1020.0,0.0,0,0.0,1.0,0.0,1.0,1.0,782.3,--
2025/9/3 5:54,24.2,63,11.6,97,11.2,11.6,0.0,2.2,5,950.1,1019.9,0.0,0,0.0,1.0,0.0,1.0,1.0,782.3,--
2025/9/3 5:55,24.2,63,11.6,98,11.3,11.6,1.8,2.5,313,950.2,1020.0,0.0,0,0.0,1.0,0.0,1.0,1.0,782.3,--
2025/9/3 5:56,24.2,63,11.6,98,11.3,11.6,1.8,2.2,287,950.2,1020.0,0.0,0,0.0,1.0,0.0,1.0,1.0,782.3,--
2025/9/3 5:57,24.2,63,11.7,98,11.4,11.7,0.0,2.2,180,950.3,1020.1,0.0,0,0.0,1.0,0.0,1.0,1.0,782.3,--
2025/9/3 5:58,24.2,63,11.7,98,11.4,11.7,0.0,1.8,203,950.2,1020.0,0.0,0,0.0,1.0,0.0,1.0,1.0,782.3,--
2025/9/3 5:59,24.2,63,11.7,98,11.4,11.7,0.0,2.5,328,950.3,1020.1,0.0,0,0.0,1.0,0.0,1.0,1.0,782.3,--
2025/9/3 6:00,24.2,63,11.7,98,11.4,11.7,2.2,2.9,329,950.2,1020.0,0.0,0,0.0,1.0,0.0,1.0,1.0,782.3,--
2025/9/3 6:01,24.2,63,11.8,98,11.5,11.8,0.0,3.2,345,950.4,1020.2,0.0,0,0.0,1.0,0.0,1.0,1.0,782.3,--
2025/9/3 6:02,24.2,63,11.9,98,11.6,11.9,2.9,4.0,18,950.4,1020.2,0.0,0,0.0,1.0,0.0,1.0,1.0,782.3,--
2025/9/3 6:03,24.2,63,11.9,98,11.6,11.9,2.5,3.6,13,950.4,1020.2,0.0,0,0.0,1.0,0.0,1.0,1.0,782.3,--
2025/9/3 6:04,24.2,63,11.8,97,11.4,11.8,2.5,4.0,18,950.4,1020.2,0.0,0,0.0,1.0,0.0,1.0,1.0,782.3,--
2025/9/3 6:05,24.2,63,11.7,97,11.3,11.7,1.8,2.5,305,950.3,1020.1,0.0,0,0.0,1.0,0.0,1.0,1.0,782.3,--
2025/9/3 6:06,24.2,63,11.7,98,11.4,11.7,0.0,2.9,333,950.3,1020.1,0.0,0,0.0,1.0,0.0,1.0,1.0,782.3,--
2025/9/3 6:07,24.2,63,11.7,98,11.4,11.7,0.0,2.2,14,950.3,1020.1,0.0,0,0.0,1.0,0.0,1.0,1.0,782.3,--
2025/9/3 6:08,24.2,63,11.7,98,11.4,11.7,0.0,3.2,2,950.4,1020.2,0.0,0,0.0,1.0,0.0,1.0,1.0,782.3,--
2025/9/3 6:09,24.3,63,11.7,97,11.3,11.7,3.2,5.0,17,950.4,1020.2,0.0,0,0.0,1.0,0.0,1.0,1.0,782.3,--
2025/9/3 6:10,24.2,63,11.7,97,11.3,11.7,4.0,4.0,20,950.3,1020.1,0.0,0,0.0,1.0,0.0,1.0,1.0,782.3,--
2025/9/3 6:11,24.3,63,11.6,97,11.2,11.6,0.0,4.7,1,950.2,1020.0,0.0,0,0.0,1.0,0.0,1.0,1.0,782.3,--
2025/9/3 6:12,24.3,63,11.5,97,11.1,11.5,1.8,2.9,345,950.2,1020.0,0.0,0,0.0,1.0,0.0,1.0,1.0,782.3,--
2025/9/3 6:13,24.3,63,11.7,98,11.4,11.7,2.5,3.6,0,950.2,1020.0,0.0,0,0.0,1.0,0.0,1.0,1.0,782.3,--
2025/9/3 6:14,24.2,63,11.7,98,11.4,11.7,3.2,4.3,6,950.3,1020.1,0.0,0,0.0,1.0,0.0,1.0,1.0,782.3,--
2025/9/3 6:15,24.2,63,11.8,98,11.5,11.8,0.0,3.2,344,950.3,1020.1,0.0,0,0.0,1.0,0.0,1.0,1.0,782.3,--
2025/9/3 6:16,24.2,63,11.9,97,11.5,11.9,0.0,3.2,231,950.5,1020.3,0.1,0,0.0,1.0,0.0,1.0,1.0,782.3,--
2025/9/3 6:17,24.3,63,11.8,97,11.4,11.8,1.8,2.9,352,950.1,1019.9,0.1,0,0.0,1.0,0.0,1.0,1.0,782.3,--
2025/9/3 6:18,24.2,63,11.8,97,11.4,11.8,0.0,2.2,44,950.4,1020.2,0.2,0,0.0,1.0,0.0,1.0,1.0,782.3,--
2025/9/3 6:19,24.2,63,11.7,97,11.3,11.7,2.9,2.9,17,950.4,1020.2,0.2,0,0.0,1.0,0.0,1.0,1.0,782.3,--
2025/9/3 6:20,24.2,63,11.8,97,11.4,11.8,0.0,2.5,106,950.4,1020.2,0.3,0,0.0,1.0,0.0,1.0,1.0,782.3,--
2025/9/3 6:21,24.2,63,11.8,97,11.4,11.8,2.9,4.0,17,950.4,1020.2,0.3,0,0.0,1.0,0.0,1.0,1.0,782.3,--
2025/9/3 6:22,24.2,63,11.7,97,11.3,11.7,0.0,3.6,5,950.2,1020.0,0.4,0,0.0,1.0,0.0,1.0,1.0,782.3,--
2025/9/3 6:23,24.2,63,11.7,97,11.3,11.7,2.5,2.9,75,950.4,1020.2,0.6,0,0.0,1.0,0.0,1.0,1.0,782.3,--
2025/9/3 6:24,24.2,63,11.6,97,11.2,11.6,0.0,2.9,9,950.3,1020.1,0.7,0,0.0,1.0,0.0,1.0,1.0,782.3,--
2025/9/3 6:25,24.2,63,11.6,97,11.2,11.6,0.0,2.2,22,950.3,1020.1,0.8,0,0.0,1.0,0.0,1.0,1.0,782.3,--
2025/9/3 6:26,24.2,63,11.5,97,11.1,11.5,0.0,2.5,347,950.2,1020.0,1.0,0,0.0,1.0,0.0,1.0,1.0,782.3,--
2025/9/3 6:27,24.2,63,11.5,97,11.1,11.5,0.0,2.2,243,950.2,1020.0,1.2,0,0.0,1.0,0.0,1.0,1.0,782.3,--
2025/9/3 6:28,24.2,63,11.5,97,11.1,11.5,0.0,1.8,312,950.2,1020.0,1.4,0,0.0,1.0,0.0,1.0,1.0,782.3,--
2025/9/3 6:29,24.2,63,11.5,97,11.1,11.5,0.0,2.2,357,950.2,1020.0,1.6,0,0.0,1.0,0.0,1.0,1.0,782.3,--
2025/9/3 6:30,24.2,63,11.5,98,11.2,11.5,0.0,3.2,2,950.2,1020.0,1.8,0,0.0,1.0,0.0,1.0,1.0,782.3,--
2025/9/3 6:31,24.2,63,11.6,98,11.3,11.6,1.8,2.5,11,950.1,1019.9,2.2,0,0.0,1.0,0.0,1.0,1.0,782.3,--
2025/9/3 6:32,24.2,63,11.6,98,11.3,11.6,0.0,2.2,0,950.2,1020.0,2.5,0,0.0,1.0,0.0,1.0,1.0,782.3,--
2025/9/3 6:33,24.2,63,11.6,98,11.3,11.6,2.2,2.9,325,950.3,1020.1,2.8,0,0.0,1.0,0.0,1.0,1.0,782.3,--
2025/9/3 6:34,24.2,63,11.6,97,11.2,11.6,0.0,2.9,357,950.1,1019.9,3.1,0,0.0,1.0,0.0,1.0,1.0,782.3,--
2025/9/3 6:35,24.2,63,11.6,98,11.3,11.6,0.0,2.5,333,950.1,1019.9,3.5,0,0.0,1.0,0.0,1.0,1.0,782.3,--
2025/9/3 6:36,24.2,63,11.6,98,11.3,11.6,0.0,3.2,345,950.1,1019.9,3.9,0,0.0,1.0,0.0,1.0,1.0,782.3,--
2025/9/3 6:37,24.2,63,11.7,98,11.4,11.7,2.5,2.9,24,950.1,1019.9,4.4,0,0.0,1.0,0.0,1.0,1.0,782.3,--
2025/9/3 6:38,24.2,63,11.7,97,11.3,11.7,2.2,3.6,13,950.2,1020.0,4.8,0,0.0,1.0,0.0,1.0,1.0,782.3,--
2025/9/3 6:39,24.3,63,11.5,97,11.1,11.5,2.9,3.6,19,950.1,1019.9,5.3,0,0.0,1.0,0.0,1.0,1.0,782.3,--
2025/9/3 6:40,24.3,63,11.4,97,11.0,11.4,4.0,5.0,26,950.4,1020.2,5.8,0,0.0,1.0,0.0,1.0,1.0,782.3,--
2025/9/3 6:41,24.2,63,11.4,97,11.0,11.4,2.2,4.0,37,950.2,1020.0,6.3,0,0.0,1.0,0.0,1.0,1.0,782.3,--
2025/9/3 6:42,24.3,63,11.4,97,11.0,11.4,2.9,3.6,2,950.4,1020.2,7.0,0,0.0,1.0,0.0,1.0,1.0,782.3,--
2025/9/3 6:43,24.3,63,11.5,97,11.1,11.5,0.0,2.5,335,950.4,1020.2,7.5,0,0.0,1.0,0.0,1.0,1.0,782.3,--
2025/9/3 6:44,24.2,63,11.5,97,11.1,11.5,1.8,2.9,324,950.2,1020.0,8.2,0,0.0,1.0,0.0,1.0,1.0,782.3,--
2025/9/3 6:45,24.2,63,11.4,97,11.0,11.4,0.0,2.2,346,950.4,1020.2,8.9,0,0.0,1.0,0.0,1.0,1.0,782.3,--
2025/9/3 6:46,24.2,63,11.4,97,11.0,11.4,2.2,3.2,352,950.2,1020.0,9.4,0,0.0,1.0,0.0,1.0,1.0,782.3,--
2025/9/3 6:47,24.2,63,11.4,97,11.0,11.4,0.0,2.2,31,950.4,1020.2,10.0,0,0.0,1.0,0.0,1.0,1.0,782.3,--
2025/9/3 6:48,24.2,63,11.4,97,11.0,11.4,2.2,2.2,26,950.2,1020.0,10.6,0,0.0,1.0,0.0,1.0,1.0,782.3,--
2025/9/3 6:49,24.2,63,11.4,97,11.0,11.4,0.0,2.5,52,950.4,1020.2,11.1,0,0.0,1.0,0.0,1.0,1.0,782.3,--
2025/9/3 6:50,24.2,63,11.4,97,11.0,11.4,0.0,1.8,32,950.4,1020.2,11.7,0,0.0,1.0,0.0,1.0,1.0,782.3,--
2025/9/3 6:51,24.2,63,11.4,97,11.0,11.4,2.5,3.2,333,950.3,1020.1,12.3,0,0.0,1.0,0.0,1.0,1.0,782.3,--
2025/9/3 6:52,24.2,63,11.4,97,11.0,11.4,2.2,3.2,338,950.4,1020.2,12.8,0,0.0,1.0,0.0,1.0,1.0,782.3,--
2025/9/3 6:53,24.2,63,11.4,97,11.0,11.4,1.8,2.5,346,950.4,1020.2,13.4,0,0.0,1.0,0.0,1.0,1.0,782.3,--
2025/9/3 6:54,24.2,63,11.4,98,11.1,11.4,2.9,3.2,317,950.4,1020.2,13.9,0,0.0,1.0,0.0,1.0,1.0,782.3,--
2025/9/3 6:55,24.2,63,11.4,98,11.1,11.4,2.9,4.0,289,950.5,1020.3,14.5,0,0.0,1.0,0.0,1.0,1.0,782.3,--
2025/9/3 6:56,24.2,63,11.5,97,11.1,11.5,4.3,5.0,19,950.5,1020.3,15.0,0,0.0,1.0,0.0,1.0,1.0,782.3,--
2025/9/3 6:57,24.2,63,11.5,97,11.1,11.5,3.6,3.6,5,950.5,1020.3,15.6,0,0.0,1.0,0.0,1.0,1.0,782.3,--
2025/9/3 6:58,24.2,63,11.4,97,11.0,11.4,1.8,2.9,1,950.4,1020.2,16.1,0,0.0,1.0,0.0,1.0,1.0,782.3,--
2025/9/3 6:59,24.2,63,11.3,97,10.9,11.3,1.8,4.0,345,950.4,1020.2,16.6,0,0.0,1.0,0.0,1.0,1.0,782.3,--
2025/9/3 7:00,24.2,63,11.3,97,10.9,11.3,1.8,3.2,318,950.3,1020.1,17.1,0,0.0,1.0,0.0,1.0,1.0,782.3,--
2025/9/3 7:01,24.2,63,11.5,97,11.1,11.5,0.0,2.9,358,950.2,1020.0,17.6,0,0.0,1.0,0.0,1.0,1.0,782.3,--
2025/9/3 7:02,24.1,63,11.5,97,11.1,11.5,2.2,2.9,5,950.4,1020.2,18.1,0,0.0,1.0,0.0,1.0,1.0,782.3,--
2025/9/3 7:03,24.2,63,11.6,97,11.2,11.6,2.9,3.2,10,950.2,1020.0,18.7,0,0.0,1.0,0.0,1.0,1.0,782.3,--
2025/9/3 7:04,24.1,63,11.6,97,11.2,11.6,4.7,5.8,39,950.3,1020.1,19.1,0,0.0,1.0,0.0,1.0,1.0,782.3,--
2025/9/3 7:05,24.1,63,11.5,97,11.1,11.5,4.3,5.8,13,950.3,1020.1,19.7,0,0.0,1.0,0.0,1.0,1.0,782.3,--
2025/9/3 7:06,24.1,63,11.5,96,10.9,11.5,4.3,5.8,16,950.3,1020.1,20.1,0,0.0,1.0,0.0,1.0,1.0,782.3,--
2025/9/3 7:07,24.2,63,11.6,97,11.2,11.6,2.9,4.7,38,950.4,1020.2,20.6,0,0.0,1.0,0.0,1.0,1.0,782.3,--
2025/9/3 7:08,24.1,63,11.6,97,11.2,11.6,2.2,4.0,26,950.2,1020.0,21.0,0,0.0,1.0,0.0,1.0,1.0,782.3,--
2025/9/3 7:09,24.1,63,11.6,96,11.0,11.6,3.2,3.6,5,950.2,1020.0,21.5,0,0.0,1.0,0.0,1.0,1.0,782.3,--
2025/9/3 7:10,24.2,63,11.6,96,11.0,11.6,0.0,2.9,2,950.4,1020.2,22.0,0,0.0,1.0,0.0,1.0,1.0,782.3,--
2025/9/3 7:11,24.1,63,11.5,96,10.9,11.5,0.0,2.2,347,950.3,1020.1,22.4,0,0.0,1.0,0.0,1.0,1.0,782.3,--
2025/9/3 7:12,24.1,63,11.5,96,10.9,11.5,1.8,2.9,19,950.4,1020.2,22.8,0,0.0,1.0,0.0,1.0,1.0,782.3,--
2025/9/3 7:13,24.1,63,11.5,97,11.1,11.5,2.2,2.9,3,950.4,1020.2,23.2,0,0.0,1.0,0.0,1.0,1.0,782.3,--
2025/9/3 7:14,24.2,63,11.5,97,11.1,11.5,2.2,3.2,353,950.3,1020.1,23.6,0,0.0,1.0,0.0,1.0,1.0,782.3,--
2025/9/3 7:15,24.2,63,11.5,97,11.1,11.5,2.2,3.6,293,950.3,1020.1,24.0,0,0.0,1.0,0.0,1.0,1.0,782.3,--
2025/9/3 7:16,24.2,63,11.6,97,11.2,11.6,2.5,2.5,337,950.1,1019.9,24.4,0,0.0,1.0,0.0,1.0,1.0,782.3,--
2025/9/3 7:17,24.1,63,11.6,97,11.2,11.6,3.2,3.2,339,950.2,1020.0,24.8,0,0.0,1.0,0.0,1.0,1.0,782.3,--
2025/9/3 7:18,24.2,62,11.6,97,11.2,11.6,0.0,3.2,297,950.1,1019.9,25.2,0,0.0,1.0,0.0,1.0,1.0,782.3,--
2025/9/3 7:19,24.2,63,11.7,97,11.3,11.7,0.0,2.2,335,950.0,1019.8,25.6,0,0.0,1.0,0.0,1.0,1.0,782.3,--
2025/9/3 7:20,24.2,63,11.8,97,11.4,11.8,0.0,2.2,19,950.3,1020.1,26.3,0,0.0,1.0,0.0,1.0,1.0,782.3,--
2025/9/3 7:21,24.2,63,11.8,97,11.4,11.8,2.5,2.5,44,950.3,1020.1,26.7,0,0.0,1.0,0.0,1.0,1.0,782.3,--
2025/9/3 7:22,24.2,62,11.9,97,11.5,11.9,2.2,2.9,58,950.2,1020.0,27.1,0,0.0,1.0,0.0,1.0,1.0,782.3,--
2025/9/3 7:23,24.2,62,11.9,97,11.5,11.9,0.0,3.6,354,950.2,1020.0,27.5,0,0.0,1.0,0.0,1.0,1.0,782.3,--
2025/9/3 7:24,24.2,63,11.9,97,11.5,11.9,2.2,3.6,48,950.2,1020.0,27.9,0,0.0,1.0,0.0,1.0,1.0,782.3,--
2025/9/3 7:25,24.2,63,11.8,97,11.4,11.8,2.2,3.2,95,950.3,1020.1,28.2,0,0.0,1.0,0.0,1.0,1.0,782.3,--
2025/9/3 7:26,24.2,63,11.8,97,11.4,11.8,0.0,1.8,355,950.2,1020.0,28.6,0,0.0,1.0,0.0,1.0,1.0,782.3,--
2025/9/3 7:27,24.2,63,11.8,97,11.4,11.8,1.8,2.5,329,950.3,1020.1,28.9,0,0.0,1.0,0.0,1.0,1.0,782.3,--
2025/9/3 7:28,24.1,62,11.8,97,11.4,11.8,1.8,3.6,60,950.3,1020.1,29.2,0,0.0,1.0,0.0,1.0,1.0,782.3,--
2025/9/3 7:29,24.1,62,11.8,97,11.4,11.8,2.9,3.2,31,950.3,1020.1,29.5,0,0.0,1.0,0.0,1.0,1.0,782.3,--
2025/9/3 7:30,24.1,62,11.8,97,11.4,11.8,2.2,3.6,18,950.2,1020.0,29.9,0,0.0,1.0,0.0,1.0,1.0,782.3,--
2025/9/3 7:31,24.1,63,11.9,97,11.5,11.9,3.2,3.6,38,950.3,1020.1,30.2,0,0.0,1.0,0.0,1.0,1.0,782.3,--
2025/9/3 7:32,24.1,63,11.9,97,11.5,11.9,2.5,4.0,28,950.3,1020.1,30.4,0,0.0,1.0,0.0,1.0,1.0,782.3,--
2025/9/3 7:33,24.1,63,11.9,97,11.5,11.9,1.8,4.0,11,950.2,1020.0,30.7,0,0.0,1.0,0.0,1.0,1.0,782.3,--
2025/9/3 7:34,24.1,63,11.9,97,11.5,11.9,0.0,2.9,23,950.3,1020.1,31.0,0,0.0,1.0,0.0,1.0,1.0,782.3,--
2025/9/3 7:35,24.1,63,11.8,97,11.4,11.8,0.0,2.9,16,950.4,1020.2,31.3,0,0.0,1.0,0.0,1.0,1.0,782.3,--
2025/9/3 7:36,24.1,63,11.8,97,11.4,11.8,0.0,2.5,21,950.4,1020.2,31.5,0,0.0,1.0,0.0,1.0,1.0,782.3,--
2025/9/3 7:37,24.1,63,11.8,97,11.4,11.8,0.0,2.2,1,950.3,1020.1,31.8,0,0.0,1.0,0.0,1.0,1.0,782.3,--
2025/9/3 7:38,24.1,63,11.9,97,11.5,11.9,1.8,1.8,21,950.3,1020.1,32.0,0,0.0,1.0,0.0,1.0,1.0,782.3,--
2025/9/3 7:39,24.1,63,11.9,97,11.5,11.9,3.2,3.2,34,950.3,1020.1,32.2,0,0.0,1.0,0.0,1.0,1.0,782.3,--
2025/9/3 7:40,24.1,63,11.9,97,11.5,11.9,2.2,3.6,27,950.2,1020.0,32.4,0,0.0,1.0,0.0,1.0,1.0,782.3,--
2025/9/3 7:41,24.1,63,11.9,97,11.5,11.9,2.5,4.3,49,950.3,1020.1,32.5,0,0.0,1.0,0.0,1.0,1.0,782.3,--
2025/9/3 7:42,24.1,63,11.9,97,11.5,11.9,0.0,2.9,60,950.3,1020.1,32.8,0,0.0,1.0,0.0,1.0,1.0,782.3,--
2025/9/3 7:43,24.1,63,11.8,97,11.4,11.8,2.5,3.2,37,950.4,1020.2,32.9,0,0.0,1.0,0.0,1.0,1.0,782.3,--
2025/9/3 7:44,24.1,63,11.8,97,11.4,11.8,2.9,3.2,10,950.4,1020.2,33.1,0,0.0,1.0,0.0,1.0,1.0,782.3,--
2025/9/3 7:45,24.1,63,11.8,97,11.4,11.8,1.8,2.9,313,950.3,1020.1,33.2,0,0.0,1.0,0.0,1.0,1.0,782.3,--
2025/9/3 7:46,24.1,63,11.8,97,11.4,11.8,1.8,4.0,291,950.2,1020.0,33.3,0,0.0,1.0,0.0,1.0,1.0,782.3,--
2025/9/3 7:47,24.1,63,11.9,97,11.5,11.9,2.9,3.2,26,950.4,1020.2,33.5,0,0.0,1.0,0.0,1.0,1.0,782.3,--
2025/9/3 7:48,24.1,63,11.9,97,11.5,11.9,4.7,5.4,18,950.3,1020.1,33.7,0,0.0,1.0,0.0,1.0,1.0,782.3,--
2025/9/3 7:49,24.1,63,11.9,97,11.5,11.9,3.2,4.3,55,950.3,1020.1,33.9,0,0.0,1.0,0.0,1.0,1.0,782.3,--
2025/9/3 7:50,24.1,62,11.9,97,11.5,11.9,4.0,4.3,27,950.4,1020.2,34.0,0,0.0,1.0,0.0,1.0,1.0,782.3,--
2025/9/3 7:51,24.1,62,11.9,97,11.5,11.9,0.0,1.8,161,950.5,1020.3,34.1,0,0.0,1.0,0.0,1.0,1.0,782.3,--
2025/9/3 7:52,24.1,62,11.9,97,11.5,11.9,0.0,3.2,170,950.5,1020.3,34.3,0,0.0,1.0,0.0,1.0,1.0,782.3,--
2025/9/3 7:53,24.1,63,11.9,97,11.5,11.9,1.8,2.9,7,950.3,1020.1,34.5,0,0.0,1.0,0.0,1.0,1.0,782.3,--
2025/9/3 7:54,24.1,62,11.9,97,11.5,11.9,1.8,1.8,17,950.4,1020.2,34.7,0,0.0,1.0,0.0,1.0,1.0,782.3,--
2025/9/3 7:55,24.1,63,12.0,97,11.6,12.0,0.0,3.2,25,950.4,1020.2,34.8,0,0.0,1.0,0.0,1.0,1.0,782.3,--
2025/9/3 7:56,24.1,63,12.0,97,11.6,12.0,0.0,3.6,47,950.4,1020.2,35.1,0,0.0,1.0,0.0,1.0,1.0,782.3,--
2025/9/3 7:57,24.2,63,12.0,97,11.6,12.0,2.9,3.2,97,950.4,1020.2,35.2,0,0.0,1.0,0.0,1.0,1.0,782.3,--
2025/9/3 7:58,24.2,63,12.0,97,11.6,12.0,2.5,2.9,12,950.4,1020.2,35.5,0,0.0,1.0,0.0,1.0,1.0,782.3,--
2025/9/3 7:59,24.1,63,12.0,97,11.6,12.0,1.8,2.5,65,950.4,1020.2,35.6,0,0.0,1.0,0.0,1.0,1.0,782.3,--
2025/9/3 8:00,24.1,63,12.0,97,11.6,12.0,1.8,2.5,80,950.3,1020.1,35.9,0,0.0,1.0,0.0,1.0,1.0,782.3,--
2025/9/3 8:01,24.1,63,12.0,97,11.6,12.0,0.0,3.6,30,950.3,1020.1,36.3,0,0.0,1.0,0.0,1.0,1.0,782.3,--
2025/9/3 8:02,24.1,63,12.0,97,11.6,12.0,1.8,2.9,34,950.3,1020.1,36.6,0,0.0,1.0,0.0,1.0,1.0,782.3,--
2025/9/3 8:03,24.1,63,12.0,97,11.6,12.0,0.0,3.6,30,950.4,1020.2,36.8,0,0.0,1.0,0.0,1.0,1.0,782.3,--
2025/9/3 8:04,24.1,63,12.1,97,11.7,12.1,3.2,4.7,34,950.2,1020.0,37.0,0,0.0,1.0,0.0,1.0,1.0,782.3,--
2025/9/3 8:05,24.1,63,12.2,97,11.8,12.2,3.2,4.0,41,950.4,1020.2,37.1,0,0.0,1.0,0.0,1.0,1.0,782.3,--
2025/9/3 8:06,24.1,63,12.2,97,11.8,12.2,4.0,4.7,34,950.5,1020.3,37.3,0,0.0,1.0,0.0,1.0,1.0,782.3,--
2025/9/3 8:07,24.2,63,12.3,97,11.9,12.3,2.2,3.2,74,950.4,1020.2,37.4,0,0.0,1.0,0.0,1.0,1.0,782.3,--
2025/9/3 8:08,24.2,63,12.3,98,12.0,12.3,0.0,2.9,36,950.4,1020.2,37.5,0,0.0,1.0,0.0,1.0,1.0,782.3,--
2025/9/3 8:09,24.1,63,12.4,98,12.1,12.4,0.0,3.6,23,950.5,1020.3,37.7,0,0.0,1.0,0.0,1.0,1.0,782.3,--
2025/9/3 8:10,24.1,63,12.5,97,12.1,12.5,0.0,2.9,31,950.5,1020.3,37.9,0,0.0,1.0,0.0,1.0,1.0,782.3,--
2025/9/3 8:11,24.2,63,12.5,97,12.1,12.5,2.9,4.0,27,950.4,1020.2,38.0,0,0.0,1.0,0.0,1.0,1.0,782.3,--
2025/9/3 8:12,24.1,63,12.5,97,12.1,12.5,2.2,4.3,21,950.4,1020.2,38.2,0,0.0,1.0,0.0,1.0,1.0,782.3,--
2025/9/3 8:13,24.2,63,12.6,97,12.2,12.6,1.8,3.2,45,950.3,1020.1,38.3,0,0.0,1.0,0.0,1.0,1.0,782.3,--
2025/9/3 8:14,24.1,63,12.6,97,12.2,12.6,4.0,4.0,40,950.4,1020.2,38.4,0,0.0,1.0,0.0,1.0,1.0,782.3,--
2025/9/3 8:15,24.2,63,12.7,97,12.3,12.7,3.6,3.6,54,950.6,1020.4,38.5,0,0.0,1.0,0.0,1.0,1.0,782.3,--
2025/9/3 8:16,24.2,63,12.8,98,12.5,12.8,2.2,3.6,34,950.6,1020.4,38.6,0,0.0,1.0,0.0,1.0,1.0,782.3,--
2025/9/3 8:17,24.1,63,12.9,97,12.5,12.9,2.5,2.9,51,950.4,1020.2,39.7,0,0.0,1.0,0.0,1.0,1.0,782.3,--
2025/9/3 8:18,24.2,63,13.0,98,12.7,13.0,2.5,4.7,26,950.6,1020.4,41.3,0,0.0,1.0,0.0,1.0,1.0,782.3,--
2025/9/3 8:19,24.2,63,13.0,97,12.6,13.0,3.2,4.0,44,950.5,1020.3,52.8,0,0.0,1.0,0.0,1.0,1.0,782.3,--
2025/9/3 8:20,24.2,63,13.0,97,12.6,13.0,2.5,3.6,35,950.6,1020.4,73.6,0,0.0,1.0,0.0,1.0,1.0,782.3,--
2025/9/3 8:21,24.2,63,13.1,97,12.7,13.1,3.6,5.0,18,950.6,1020.4,51.9,0,0.0,1.0,0.0,1.0,1.0,782.3,--
2025/9/3 8:22,24.1,63,13.0,97,12.6,13.0,5.0,5.0,19,950.6,1020.4,39.4,0,0.0,1.0,0.0,1.0,1.0,782.3,--
2025/9/3 8:23,24.2,63,13.0,97,12.6,13.0,3.2,5.4,43,950.7,1020.5,39.5,0,0.0,1.0,0.0,1.0,1.0,782.3,--
2025/9/3 8:24,24.2,63,13.0,97,12.6,13.0,2.5,5.0,32,950.7,1020.5,39.6,0,0.0,1.0,0.0,1.0,1.0,782.3,--
2025/9/3 8:25,24.2,63,13.2,96,12.6,13.2,4.0,4.0,22,950.5,1020.3,39.6,0,0.0,1.0,0.0,1.0,1.0,782.3,--
2025/9/3 8:26,24.2,63,13.3,96,12.7,13.3,2.9,5.0,30,950.7,1020.5,39.9,0,0.0,1.0,0.0,1.0,1.0,782.3,--
2025/9/3 8:27,24.2,63,13.4,96,12.8,13.4,2.5,4.3,27,950.6,1020.4,39.9,0,0.0,1.0,0.0,1.0,1.0,782.3,--
2025/9/3 8:28,24.2,63,13.5,96,12.9,13.5,2.9,4.7,20,950.6,1020.4,40.0,0,0.0,1.0,0.0,1.0,1.0,782.3,--
2025/9/3 8:29,24.2,63,13.7,96,13.1,13.7,2.5,4.0,18,950.6,1020.4,40.1,0,0.0,1.0,0.0,1.0,1.0,782.3,--
2025/9/3 8:30,24.2,63,13.8,95,13.0,13.8,2.5,4.3,22,950.7,1020.5,40.3,0,0.0,1.0,0.0,1.0,1.0,782.3,--
2025/9/3 8:31,24.2,63,13.8,95,13.0,13.8,1.8,3.6,74,950.7,1020.5,40.5,0,0.0,1.0,0.0,1.0,1.0,782.3,--
2025/9/3 8:32,24.2,63,13.9,95,13.1,13.9,4.3,5.4,24,950.8,1020.6,47.3,0,0.0,1.0,0.0,1.0,1.0,782.3,--
2025/9/3 8:33,24.2,63,13.9,95,13.1,13.9,0.0,2.9,40,950.6,1020.4,53.2,0,0.0,1.0,0.0,1.0,1.0,782.3,--
2025/9/3 8:34,24.2,63,14.0,95,13.2,14.0,2.9,3.6,39,950.5,1020.3,44.6,0,0.0,1.0,0.0,1.0,1.0,782.3,--
2025/9/3 8:35,24.2,63,14.0,94,13.0,14.0,2.9,4.3,4,950.9,1020.7,43.4,0,0.0,1.0,0.0,1.0,1.0,782.3,--
2025/9/3 8:36,24.2,63,14.0,94,13.0,14.0,3.6,4.3,9,950.6,1020.4,51.6,0,0.0,1.0,0.0,1.0,1.0,782.3,--
2025/9/3 8:37,24.2,63,14.1,94,13.1,14.1,2.5,4.0,19,950.7,1020.5,51.7,0,0.0,1.0,0.0,1.0,1.0,782.3,--
2025/9/3 8:38,24.2,63,14.2,94,13.2,14.2,5.4,5.4,13,950.7,1020.5,61.0,0,0.0,1.0,0.0,1.0,1.0,782.3,--
2025/9/3 8:39,24.1,63,14.3,94,13.3,14.3,2.9,3.6,34,950.7,1020.5,51.5,0,0.0,1.0,0.0,1.0,1.0,782.3,--
2025/9/3 8:40,24.2,63,14.3,94,13.3,14.3,2.9,4.0,38,950.5,1020.3,46.8,0,0.0,1.0,0.0,1.0,1.0,782.3,--
2025/9/3 8:41,24.1,63,14.4,94,13.4,14.4,2.5,3.2,38,950.7,1020.5,51.2,0,0.0,1.0,0.0,1.0,1.0,782.3,--
2025/9/3 8:42,24.1,63,14.4,94,13.4,14.4,2.9,3.6,61,950.7,1020.5,48.1,0,0.0,1.0,0.0,1.0,1.0,782.3,--
2025/9/3 8:43,24.2,63,14.5,94,13.5,14.5,1.8,2.2,91,950.7,1020.5,48.5,0,0.0,1.0,0.0,1.0,1.0,782.3,--
2025/9/3 8:44,24.2,63,14.6,93,13.5,14.6,2.5,3.2,43,950.7,1020.5,49.3,0,0.0,1.0,0.0,1.0,1.0,782.3,--
2025/9/3 8:45,24.1,63,14.7,93,13.6,14.7,3.6,4.7,37,950.9,1020.7,49.3,0,0.0,1.0,0.0,1.0,1.0,782.3,--
2025/9/3 8:46,24.1,63,14.8,93,13.7,14.8,2.2,4.0,47,950.9,1020.7,47.9,0,0.0,1.0,0.0,1.0,1.0,782.3,--
2025/9/3 8:47,24.2,63,14.9,93,13.8,14.9,4.0,4.3,24,950.8,1020.6,47.1,0,0.0,1.0,0.0,1.0,1.0,782.3,--
2025/9/3 8:48,24.1,63,14.9,92,13.7,14.9,2.5,4.7,35,950.8,1020.6,46.6,0,0.0,1.0,0.0,1.0,1.0,782.3,--
2025/9/3 8:49,24.2,63,15.0,92,13.8,15.0,3.2,3.2,35,950.7,1020.5,45.8,0,0.0,1.0,0.0,1.0,1.0,782.3,--
2025/9/3 8:50,24.2,63,15.1,92,13.8,15.1,2.2,3.2,24,950.8,1020.6,45.3,0,0.0,1.0,0.0,1.0,1.0,782.3,--
2025/9/3 8:51,24.1,63,15.2,92,13.9,15.2,2.2,3.6,45,950.8,1020.6,45.3,0,0.0,1.0,0.0,1.0,1.0,782.3,--
2025/9/3 8:52,24.1,63,15.3,92,14.0,15.3,2.2,2.9,85,950.8,1020.6,45.6,0,0.0,1.0,0.0,1.0,1.0,782.3,--
2025/9/3 8:53,24.1,63,15.4,91,14.0,15.4,1.8,4.3,76,950.8,1020.6,45.0,0,0.0,1.0,0.0,1.0,1.0,782.3,--
2025/9/3 8:54,24.1,63,15.4,91,14.0,15.4,1.8,3.2,23,950.8,1020.6,45.3,0,0.0,1.0,0.0,1.0,1.0,782.3,--
2025/9/3 8:55,24.2,63,15.6,91,14.2,15.6,2.9,3.6,30,950.9,1020.7,45.3,0,0.0,1.0,0.0,1.0,1.0,782.3,--
2025/9/3 8:56,24.2,64,15.6,90,14.0,15.6,3.6,3.6,116,950.7,1020.5,44.8,0,0.0,1.0,0.0,1.0,1.0,782.3,--
2025/9/3 8:57,24.2,64,15.8,89,14.0,15.8,2.9,5.0,81,950.8,1020.6,43.4,0,0.0,1.0,0.0,1.0,1.0,782.3,--
2025/9/3 8:58,24.1,64,16.0,88,14.0,16.0,4.7,5.8,93,950.8,1020.6,42.5,0,0.0,1.0,0.0,1.0,1.0,782.3,--
2025/9/3 8:59,24.1,64,16.2,86,13.9,16.2,4.3,4.3,125,950.8,1020.6,41.5,0,0.0,1.0,0.0,1.0,1.0,782.3,--
2025/9/3 9:00,24.1,63,16.4,85,13.9,16.4,0.0,4.0,131,950.9,1020.7,43.4,0,0.0,1.0,0.0,1.0,1.0,782.3,--
2025/9/3 9:01,24.2,63,16.6,84,13.9,16.6,4.7,6.1,121,950.7,1020.5,44.1,0,0.0,1.0,0.0,1.0,1.0,782.3,--
2025/9/3 9:02,24.2,63,16.8,85,14.3,16.8,6.1,6.1,106,950.7,1020.5,44.9,0,0.0,1.0,0.0,1.0,1.0,782.3,--
2025/9/3 9:03,24.1,63,16.9,84,14.2,16.9,3.6,5.4,105,951.0,1020.8,45.5,0,0.0,1.0,0.0,1.0,1.0,782.3,--
2025/9/3 9:04,24.1,62,16.9,85,14.4,16.9,2.5,3.2,93,950.8,1020.6,45.1,0,0.0,1.0,0.0,1.0,1.0,782.3,--
2025/9/3 9:05,24.1,62,17.0,84,14.3,17.0,5.8,7.2,94,950.9,1020.7,44.9,0,0.0,1.0,0.0,1.0,1.0,782.3,--
2025/9/3 9:06,24.1,62,17.0,81,13.7,17.0,3.2,5.0,130,950.8,1020.6,67.6,0,0.0,1.0,0.0,1.0,1.0,782.3,--
2025/9/3 9:07,24.1,62,17.2,83,14.3,17.2,2.2,4.0,74,950.8,1020.6,69.8,0,0.0,1.0,0.0,1.0,1.0,782.3,--
2025/9/3 9:08,24.1,62,17.2,80,13.7,17.2,5.4,6.8,98,951.0,1020.8,45.9,0,0.0,1.0,0.0,1.0,1.0,782.3,--
2025/9/3 9:09,24.1,62,17.3,80,13.8,17.3,5.0,5.8,111,951.0,1020.8,45.3,0,0.0,1.0,0.0,1.0,1.0,782.3,--
2025/9/3 9:10,24.1,62,17.4,79,13.7,17.4,4.0,5.0,99,950.8,1020.6,45.8,0,0.0,1.0,0.0,1.0,1.0,782.3,--
2025/9/3 9:11,24.1,62,17.4,80,13.9,17.4,3.6,4.7,89,950.8,1020.6,46.3,0,0.0,1.0,0.0,1.0,1.0,782.3,--
2025/9/3 9:12,24.1,62,17.4,81,14.1,17.4,6.1,8.3,107,951.0,1020.8,47.1,0,0.0,1.0,0.0,1.0,1.0,782.3,--
2025/9/3 9:13,24.1,61,17.4,82,14.3,17.4,5.0,7.2,117,950.8,1020.6,47.3,0,0.0,1.0,0.0,1.0,1.0,782.3,--
2025/9/3 9:14,24.2,61,17.4,82,14.3,17.4,6.1,7.6,118,951.1,1020.9,47.1,0,0.0,1.0,0.0,1.0,1.0,782.3,--
2025/9/3 9:15,24.1,61,17.5,82,14.4,17.5,4.3,6.8,107,951.0,1020.8,47.7,0,0.0,1.0,0.0,1.0,1.0,782.3,--
2025/9/3 9:16,24.1,61,17.6,83,14.7,17.6,3.6,5.0,82,951.0,1020.8,47.5,0,0.0,1.0,0.0,1.0,1.0,782.3,--
2025/9/3 9:17,24.1,61,17.6,82,14.5,17.6,5.4,6.1,116,951.0,1020.8,47.6,0,0.0,1.0,0.0,1.0,1.0,782.3,--
2025/9/3 9:18,24.2,61,17.6,81,14.3,17.6,6.8,7.6,112,951.0,1020.8,47.9,0,0.0,1.0,0.0,1.0,1.0,782.3,--
2025/9/3 9:19,24.1,61,17.7,82,14.6,17.7,0.0,3.2,73,951.1,1020.9,48.0,0,0.0,1.0,0.0,1.0,1.0,782.3,--
2025/9/3 9:20,24.2,61,17.7,83,14.8,17.7,4.7,4.7,126,951.0,1020.8,47.9,0,0.0,1.0,0.0,1.0,1.0,782.3,--
2025/9/3 9:21,24.1,61,17.7,83,14.8,17.7,1.8,3.2,54,951.1,1020.9,47.6,0,0.0,1.0,0.0,1.0,1.0,782.3,--
2025/9/3 9:22,24.2,61,17.7,83,14.8,17.7,2.9,4.7,110,950.9,1020.7,47.6,0,0.0,1.0,0.0,1.0,1.0,782.3,--
2025/9/3 9:23,24.1,61,17.8,82,14.7,17.8,2.2,2.2,79,951.0,1020.8,47.7,0,0.0,1.0,0.0,1.0,1.0,782.3,--
2025/9/3 9:24,24.1,61,17.8,81,14.5,17.8,2.2,3.6,110,951.1,1020.9,47.9,0,0.0,1.0,0.0,1.0,1.0,782.3,--
2025/9/3 9:25,24.1,61,17.8,82,14.7,17.8,1.8,3.6,86,951.1,1020.9,48.3,0,0.0,1.0,0.0,1.0,1.0,782.3,--
2025/9/3 9:26,24.1,61,17.9,82,14.8,17.9,1.8,5.4,98,951.1,1020.9,48.3,0,0.0,1.0,0.0,1.0,1.0,782.3,--
2025/9/3 9:27,24.1,61,17.9,83,15.0,17.9,2.2,2.9,83,951.2,1021.0,47.9,0,0.0,1.0,0.0,1.0,1.0,782.3,--
2025/9/3 9:28,24.1,61,17.9,82,14.8,17.9,2.2,3.2,137,951.3,1021.1,48.1,0,0.0,1.0,0.0,1.0,1.0,782.3,--
2025/9/3 9:29,24.1,61,17.9,83,15.0,17.9,2.2,3.6,55,951.1,1020.9,49.0,0,0.0,1.0,0.0,1.0,1.0,782.3,--
2025/9/3 9:30,24.1,61,17.9,80,14.4,17.9,9.4,9.4,112,951.2,1021.0,70.4,0,0.0,1.0,0.0,1.0,1.0,782.3,--
2025/9/3 9:31,24.1,62,18.0,81,14.7,18.0,2.2,4.7,53,951.1,1020.9,51.1,0,0.0,1.0,0.0,1.0,1.0,782.3,--
2025/9/3 9:32,24.1,62,18.0,81,14.7,18.0,5.4,7.2,113,951.1,1020.9,61.5,0,0.0,1.0,0.0,1.0,1.0,782.3,--
2025/9/3 9:33,24.1,62,18.1,80,14.6,18.1,3.6,5.0,108,951.1,1020.9,69.0,0,0.0,1.0,0.0,1.0,1.0,782.3,--
2025/9/3 9:34,24.1,62,18.1,80,14.6,18.1,2.5,4.3,71,951.1,1020.9,60.3,0,0.0,1.0,0.0,1.0,1.0,782.3,--
2025/9/3 9:35,24.1,62,18.2,78,14.3,18.2,4.3,4.7,120,951.1,1020.9,47.5,0,0.0,1.0,0.0,1.0,1.0,782.3,--
2025/9/3 9:36,24.1,62,18.2,79,14.5,18.2,3.2,5.0,106,951.1,1020.9,47.6,0,0.0,1.0,0.0,1.0,1.0,782.3,--
2025/9/3 9:37,24.1,62,18.3,79,14.6,18.3,5.0,5.0,115,951.2,1021.0,47.7,0,0.0,1.0,0.0,1.0,1.0,782.3,--
2025/9/3 9:38,24.1,62,18.3,79,14.6,18.3,2.5,4.7,98,951.1,1020.9,47.8,0,0.0,1.0,0.0,1.0,1.0,782.3,--
2025/9/3 9:39,24.2,62,18.3,80,14.8,18.3,0.0,2.5,150,951.2,1021.0,47.9,0,0.0,1.0,0.0,1.0,1.0,782.3,--
2025/9/3 9:40,24.1,62,18.4,79,14.7,18.4,0.0,2.9,72,951.2,1021.0,47.9,0,0.0,1.0,0.0,1.0,1.0,782.3,--
2025/9/3 9:41,24.1,62,18.4,79,14.7,18.4,6.8,9.4,103,951.3,1021.1,48.0,0,0.0,1.0,0.0,1.0,1.0,782.3,--
2025/9/3 9:42,24.1,62,18.5,78,14.6,18.5,1.8,3.6,296,951.3,1021.1,48.2,0,0.0,1.0,0.0,1.0,1.0,782.3,--
2025/9/3 9:43,24.1,62,18.4,79,14.7,18.4,1.8,2.9,118,951.1,1020.9,48.3,0,0.0,1.0,0.0,1.0,1.0,782.3,--
2025/9/3 9:44,24.1,62,18.4,78,14.5,18.4,5.4,5.4,109,951.3,1021.1,48.7,0,0.0,1.0,0.0,1.0,1.0,782.3,--
2025/9/3 9:45,24.1,62,18.5,78,14.6,18.5,1.8,2.9,120,951.2,1021.0,49.0,0,0.0,1.0,0.0,1.0,1.0,782.3,--
2025/9/3 9:46,24.1,62,18.5,77,14.4,18.5,2.5,6.1,79,951.2,1021.0,49.4,0,0.0,1.0,0.0,1.0,1.0,782.3,--
2025/9/3 9:47,24.1,62,18.5,78,14.6,18.5,2.2,4.0,184,951.3,1021.1,50.2,0,0.0,1.0,0.0,1.0,1.0,782.3,--
2025/9/3 9:48,24.1,62,18.5,78,14.6,18.5,2.5,5.8,70,951.3,1021.1,51.5,0,0.0,1.0,0.0,1.0,1.0,782.3,--
2025/9/3 9:49,24.1,62,18.5,77,14.4,18.5,5.0,6.8,129,951.3,1021.1,52.0,0,0.0,1.0,0.0,1.0,1.0,782.3,--
2025/9/3 9:50,24.0,62,18.3,77,14.2,18.3,3.6,5.8,111,951.3,1021.1,52.0,0,0.0,1.0,0.0,1.0,1.0,782.3,--
2025/9/3 9:51,24.0,62,18.2,77,14.1,18.2,5.8,6.1,115,951.3,1021.1,52.4,0,0.0,1.0,0.0,1.0,1.0,782.3,--
2025/9/3 9:52,24.0,63,18.2,77,14.1,18.2,4.0,5.8,110,951.2,1021.0,53.0,0,0.0,1.0,0.0,1.0,1.0,782.3,--
2025/9/3 9:53,24.1,64,18.2,77,14.1,18.2,2.2,3.6,281,951.3,1021.1,51.7,0,0.0,1.0,0.0,1.0,1.0,782.3,--
2025/9/3 9:54,24.1,64,18.3,77,14.2,18.3,2.2,3.2,243,951.3,1021.1,52.0,0,0.0,1.0,0.0,1.0,1.0,782.3,--
2025/9/3 9:55,24.2,64,18.3,76,14.0,18.3,0.0,3.2,260,951.1,1020.9,52.0,0,0.0,1.0,0.0,1.0,1.0,782.3,--
2025/9/3 9:56,24.2,64,18.4,76,14.1,18.4,4.0,4.3,350,951.3,1021.1,52.4,0,0.0,1.0,0.0,1.0,1.0,782.3,--
2025/9/3 9:57,24.2,64,18.5,77,14.4,18.5,0.0,2.9,106,951.3,1021.1,53.4,0,0.0,1.0,0.0,1.0,1.0,782.3,--
2025/9/3 9:58,24.2,64,18.6,78,14.7,18.6,2.2,3.6,115,951.3,1021.1,56.1,0,0.0,1.0,0.0,1.0,1.0,782.3,--
2025/9/3 9:59,24.1,64,18.7,78,14.8,18.7,4.0,4.0,117,951.3,1021.1,54.5,0,0.0,1.0,0.0,1.0,1.0,782.3,--
2025/9/3 10:00,24.1,64,18.7,76,14.4,18.7,0.0,4.0,69,951.3,1021.1,53.6,0,0.0,1.0,0.0,1.0,1.0,782.3,--
2025/9/3 10:01,24.1,63,18.7,77,14.6,18.7,3.6,3.6,30,951.3,1021.1,52.8,0,0.0,1.0,0.0,1.0,1.0,782.3,--
2025/9/3 10:02,24.1,63,18.8,76,14.5,18.8,0.0,1.8,111,951.2,1021.0,52.6,0,0.0,1.0,0.0,1.0,1.0,782.3,--
2025/9/3 10:03,24.1,63,18.9,76,14.6,18.9,0.0,3.2,145,951.3,1021.1,55.0,0,0.0,1.0,0.0,1.0,1.0,782.3,--
2025/9/3 10:04,24.1,63,18.9,76,14.6,18.9,1.8,2.2,84,951.2,1021.0,59.2,0,0.0,1.0,0.0,1.0,1.0,782.3,--
2025/9/3 10:05,24.1,63,19.0,76,14.7,19.0,2.5,4.0,98,951.4,1021.2,57.9,0,0.0,1.0,0.0,1.0,1.0,782.3,--
2025/9/3 10:06,24.1,62,19.1,76,14.8,19.1,0.0,2.2,81,951.4,1021.2,58.8,0,0.0,1.0,0.0,1.0,1.0,782.3,--
2025/9/3 10:07,24.1,62,19.1,76,14.8,19.1,1.8,2.9,245,951.4,1021.2,150.1,1,0.0,1.0,0.0,1.0,1.0,782.3,--
2025/9/3 10:08,24.1,62,19.1,76,14.8,19.1,2.2,4.0,250,951.3,1021.1,192.5,1,0.0,1.0,0.0,1.0,1.0,782.3,--
2025/9/3 10:09,24.1,62,19.1,76,14.8,19.1,2.5,2.5,180,951.3,1021.1,94.9,0,0.0,1.0,0.0,1.0,1.0,782.3,--
2025/9/3 10:10,24.1,62,19.2,76,14.9,19.2,0.0,1.8,72,951.3,1021.1,90.2,0,0.0,1.0,0.0,1.0,1.0,782.3,--
2025/9/3 10:11,24.1,61,19.3,77,15.2,19.3,2.2,3.6,69,951.2,1021.0,54.4,0,0.0,1.0,0.0,1.0,1.0,782.3,--
2025/9/3 10:12,24.1,61,19.3,77,15.2,19.3,2.2,3.6,76,951.2,1021.0,52.4,0,0.0,1.0,0.0,1.0,1.0,782.3,--
2025/9/3 10:13,24.1,61,19.4,75,14.9,19.4,7.9,9.0,129,951.2,1021.0,53.8,0,0.0,1.0,0.0,1.0,1.0,782.3,--
2025/9/3 10:14,24.1,61,19.4,76,15.1,19.4,0.0,4.7,193,951.3,1021.1,53.3,0,0.0,1.0,0.0,1.0,1.0,782.3,--
2025/9/3 10:15,24.1,60,19.4,76,15.1,19.4,3.2,3.2,100,951.4,1021.2,51.7,0,0.0,1.0,0.0,1.0,1.0,782.3,--
2025/9/3 10:16,24.1,61,19.5,77,15.3,19.5,0.0,2.9,77,951.2,1021.0,50.0,0,0.0,1.0,0.0,1.0,1.0,782.3,--
2025/9/3 10:17,24.1,61,19.5,75,15.0,19.5,4.0,4.0,301,951.2,1021.0,59.3,0,0.0,1.0,0.0,1.0,1.0,782.3,--
2025/9/3 10:18,24.1,61,19.5,75,15.0,19.5,2.9,3.2,354,951.1,1020.9,54.5,0,0.0,1.0,0.0,1.0,1.0,782.3,--
2025/9/3 10:19,24.1,61,19.5,75,15.0,19.5,1.8,2.9,298,951.3,1021.1,51.7,0,0.0,1.0,0.0,1.0,1.0,782.3,--
2025/9/3 10:20,24.1,61,19.5,73,14.5,19.5,2.9,4.7,257,951.3,1021.1,51.9,0,0.0,1.0,0.0,1.0,1.0,782.3,--
2025/9/3 10:21,24.1,61,19.5,73,14.5,19.5,0.0,3.6,24,951.3,1021.1,52.0,0,0.0,1.0,0.0,1.0,1.0,782.3,--
2025/9/3 10:22,24.1,61,19.5,74,14.8,19.5,2.2,4.3,188,951.2,1021.0,58.4,0,0.0,1.0,0.0,1.0,1.0,782.3,--
2025/9/3 10:23,24.1,61,19.5,74,14.8,19.5,4.7,5.0,14,951.2,1021.0,51.9,0,0.0,1.0,0.0,1.0,1.0,782.3,--
2025/9/3 10:24,24.1,61,19.5,76,15.2,19.5,4.7,5.0,343,951.2,1021.0,52.0,0,0.0,1.0,0.0,1.0,1.0,782.3,--
2025/9/3 10:25,24.1,61,19.6,74,14.9,19.6,4.3,5.8,326,951.2,1021.0,52.3,0,0.0,1.0,0.0,1.0,1.0,782.3,--
2025/9/3 10:26,24.1,61,19.6,74,14.9,19.6,3.2,4.3,307,951.2,1021.0,52.5,0,0.0,1.0,0.0,1.0,1.0,782.3,--
2025/9/3 10:27,24.1,61,19.7,74,15.0,19.7,0.0,2.5,80,951.2,1021.0,53.4,0,0.0,1.0,0.0,1.0,1.0,782.3,--
2025/9/3 10:28,24.1,61,19.7,73,14.7,19.7,2.2,7.6,304,951.1,1020.9,55.2,0,0.0,1.0,0.0,1.0,1.0,782.3,--
2025/9/3 10:29,24.1,62,19.8,72,14.6,19.8,2.5,4.3,108,951.2,1021.0,58.7,0,0.0,1.0,0.0,1.0,1.0,782.3,--
2025/9/3 10:30,24.1,62,19.9,71,14.5,19.9,0.0,4.0,52,951.1,1020.9,56.1,0,0.0,1.0,0.0,1.0,1.0,782.3,--
2025/9/3 10:31,24.0,61,20.0,71,14.6,20.0,2.9,3.6,75,951.4,1021.2,53.4,0,0.0,1.0,0.0,1.0,1.0,782.3,--
2025/9/3 10:32,24.0,61,20.0,71,14.6,20.0,1.8,2.5,34,951.4,1021.2,53.7,0,0.0,1.0,0.0,1.0,1.0,782.3,--
2025/9/3 10:33,24.0,61,20.1,73,15.1,20.1,6.1,6.5,100,951.3,1021.1,54.3,0,0.0,1.0,0.0,1.0,1.0,782.3,--
2025/9/3 10:34,23.9,62,20.1,73,15.1,20.1,6.5,7.2,107,951.2,1021.0,55.2,0,0.0,1.0,0.0,1.0,1.0,782.3,--
2025/9/3 10:35,23.9,61,20.2,74,15.4,20.2,5.0,7.9,106,951.4,1021.2,61.5,0,0.0,1.0,0.0,1.0,1.0,782.3,--
2025/9/3 10:36,23.9,61,20.2,73,15.2,20.2,4.0,6.1,98,951.4,1021.2,169.7,1,0.0,1.0,0.0,1.0,1.0,782.3,--
2025/9/3 10:37,23.8,61,20.2,74,15.4,20.2,6.1,7.2,120,951.3,1021.1,373.6,3,0.0,1.0,0.0,1.0,1.0,782.3,--
2025/9/3 10:38,23.8,61,20.2,72,15.0,20.2,0.0,4.0,83,951.3,1021.1,163.8,1,0.0,1.0,0.0,1.0,1.0,782.3,--
2025/9/3 10:39,23.6,61,20.2,73,15.2,20.2,9.7,10.4,119,951.3,1021.1,234.4,2,0.0,1.0,0.0,1.0,1.0,782.3,--
2025/9/3 10:40,23.6,61,20.1,74,15.4,20.1,2.5,7.2,99,951.2,1021.0,133.7,1,0.0,1.0,0.0,1.0,1.0,782.3,--
2025/9/3 10:41,23.6,60,20.2,75,15.7,20.2,5.0,5.0,106,951.2,1021.0,57.3,0,0.0,1.0,0.0,1.0,1.0,782.3,--
2025/9/3 10:42,23.6,61,20.3,75,15.7,20.3,5.0,9.7,115,951.3,1021.1,56.9,0,0.0,1.0,0.0,1.0,1.0,782.3,--
2025/9/3 10:43,23.5,61,20.3,74,15.5,20.3,2.9,6.1,271,951.3,1021.1,63.0,0,0.0,1.0,0.0,1.0,1.0,782.3,--
2025/9/3 10:44,23.5,61,20.3,74,15.5,20.3,4.3,5.0,94,951.3,1021.1,57.6,0,0.0,1.0,0.0,1.0,1.0,782.3,--
2025/9/3 10:45,23.5,61,20.3,73,15.3,20.3,2.5,4.3,239,951.3,1021.1,65.8,0,0.0,1.0,0.0,1.0,1.0,782.3,--
2025/9/3 10:46,23.5,60,20.2,75,15.7,20.2,0.0,1.8,207,951.1,1020.9,83.4,0,0.0,1.0,0.0,1.0,1.0,782.3,--
2025/9/3 10:47,23.5,60,20.3,73,15.3,20.3,1.8,4.7,2,951.1,1020.9,86.4,0,0.0,1.0,0.0,1.0,1.0,782.3,--
2025/9/3 10:48,23.5,60,20.3,74,15.5,20.3,4.3,4.7,101,951.1,1020.9,59.5,0,0.0,1.0,0.0,1.0,1.0,782.3,--
2025/9/3 10:49,23.5,60,20.4,73,15.4,20.4,5.8,6.8,125,951.1,1020.9,62.9,0,0.0,1.0,0.0,1.0,1.0,782.3,--
2025/9/3 10:50,23.5,60,20.4,74,15.6,20.4,5.4,9.0,116,951.5,1021.3,85.6,0,0.0,1.0,0.0,1.0,1.0,782.3,--
2025/9/3 10:51,23.6,60,20.4,72,15.2,20.4,6.5,8.6,112,951.2,1021.0,128.4,1,0.0,1.0,0.0,1.0,1.0,782.3,--
2025/9/3 10:52,23.6,60,20.2,71,14.8,20.2,1.8,5.4,138,951.2,1021.0,84.7,0,0.0,1.0,0.0,1.0,1.0,782.3,--
2025/9/3 10:53,23.6,60,20.2,73,15.2,20.2,0.0,0.0,355,951.3,1021.1,145.5,1,0.0,1.0,0.0,1.0,1.0,782.3,--
2025/9/3 10:54,23.6,60,20.3,73,15.3,20.3,5.0,8.6,118,951.1,1020.9,58.5,0,0.0,1.0,0.0,1.0,1.0,782.3,--
2025/9/3 10:55,23.6,60,20.3,72,15.1,20.3,5.0,7.2,110,951.2,1021.0,85.7,0,0.0,1.0,0.0,1.0,1.0,782.3,--
2025/9/3 10:56,23.6,60,20.3,72,15.1,20.3,6.1,7.2,110,951.2,1021.0,60.9,0,0.0,1.0,0.0,1.0,1.0,782.3,--
2025/9/3 10:57,23.5,60,20.2,72,15.0,20.2,8.6,8.6,115,951.1,1020.9,92.2,0,0.0,1.0,0.0,1.0,1.0,782.3,--
2025/9/3 10:58,23.5,60,20.3,74,15.5,20.3,0.0,3.6,224,951.2,1021.0,60.7,0,0.0,1.0,0.0,1.0,1.0,782.3,--
2025/9/3 10:59,23.5,60,20.4,75,15.8,20.4,1.8,4.0,320,951.3,1021.1,58.8,0,0.0,1.0,0.0,1.0,1.0,782.3,--
2025/9/3 11:00,23.5,60,20.4,73,15.4,20.4,0.0,2.9,77,951.2,1021.0,58.2,0,0.0,1.0,0.0,1.0,1.0,782.3,--
2025/9/3 11:01,23.6,60,20.5,73,15.5,20.5,1.8,2.5,72,951.1,1020.9,86.9,0,0.0,1.0,0.0,1.0,1.0,782.3,--
2025/9/3 11:02,23.6,60,20.7,72,15.5,20.7,12.2,14.8,121,951.3,1021.1,62.6,0,0.0,1.0,0.0,1.0,1.0,782.3,--
2025/9/3 11:03,23.6,61,20.8,71,15.4,20.8,6.5,6.5,114,951.3,1021.1,66.6,0,0.0,1.0,0.0,1.0,1.0,782.3,--
2025/9/3 11:04,23.6,62,20.8,72,15.6,20.8,6.1,9.7,113,951.3,1021.1,61.8,0,0.0,1.0,0.0,1.0,1.0,782.3,--
2025/9/3 11:05,23.5,61,20.8,72,15.6,20.8,0.0,4.0,80,951.4,1021.2,59.1,0,0.0,1.0,0.0,1.0,1.0,782.3,--
2025/9/3 11:06,23.5,61,20.8,71,15.4,20.8,3.2,4.0,98,951.5,1021.3,58.8,0,0.0,1.0,0.0,1.0,1.0,782.3,--
2025/9/3 11:07,23.5,61,20.9,70,15.2,20.9,8.6,9.4,107,951.1,1020.9,59.1,0,0.0,1.0,0.0,1.0,1.0,782.3,--
2025/9/3 11:08,23.5,60,20.8,69,14.9,20.8,2.9,7.2,247,951.2,1021.0,153.5,1,0.0,1.0,0.0,1.0,1.0,782.3,--
2025/9/3 11:09,23.5,60,20.8,73,15.8,20.8,0.0,2.9,238,951.3,1021.1,133.3,1,0.0,1.0,0.0,1.0,1.0,782.3,--
2025/9/3 11:10,23.5,60,20.8,69,14.9,20.8,6.8,7.9,105,951.3,1021.1,61.4,0,0.0,1.0,0.0,1.0,1.0,782.3,--
2025/9/3 11:11,23.5,60,20.8,69,14.9,20.8,4.7,5.4,87,951.3,1021.1,61.0,0,0.0,1.0,0.0,1.0,1.0,782.3,--
2025/9/3 11:12,23.5,60,20.7,70,15.1,20.7,5.0,6.1,109,951.4,1021.2,63.9,0,0.0,1.0,0.0,1.0,1.0,782.3,--
2025/9/3 11:13,23.5,62,20.7,69,14.8,20.7,2.9,6.8,101,951.2,1021.0,69.0,0,0.0,1.0,0.0,1.0,1.0,782.3,--
2025/9/3 11:14,23.5,61,20.7,70,15.1,20.7,5.0,7.6,107,951.1,1020.9,65.1,0,0.0,1.0,0.0,1.0,1.0,782.3,--
2025/9/3 11:15,23.6,61,20.7,70,15.1,20.7,5.0,12.6,103,951.3,1021.1,500.0,4,0.0,1.0,0.0,1.0,1.0,782.3,--
2025/9/3 11:16,23.5,62,20.9,70,15.2,20.9,5.0,5.4,260,951.3,1021.1,165.9,1,0.0,1.0,0.0,1.0,1.0,782.3,--
2025/9/3 11:17,23.5,62,20.8,70,15.2,20.8,2.2,2.5,69,951.1,1020.9,193.9,1,0.0,1.0,0.0,1.0,1.0,782.3,--
2025/9/3 11:18,23.6,62,20.9,69,15.0,20.9,2.9,4.3,108,951.3,1021.1,168.0,1,0.0,1.0,0.0,1.0,1.0,782.3,--
2025/9/3 11:19,23.6,62,21.1,69,15.2,21.1,2.2,5.4,111,951.2,1021.0,255.4,2,0.0,1.0,0.0,1.0,1.0,782.3,--
2025/9/3 11:20,23.7,61,21.2,68,15.1,21.2,6.8,8.6,111,951.4,1021.2,156.9,1,0.0,1.0,0.0,1.0,1.0,782.3,--
2025/9/3 11:21,23.7,61,21.1,69,15.2,21.1,7.6,7.9,118,951.3,1021.1,309.1,2,0.0,1.0,0.0,1.0,1.0,782.3,--
2025/9/3 11:22,23.7,61,21.1,69,15.2,21.1,5.4,5.4,122,951.3,1021.1,195.7,1,0.0,1.0,0.0,1.0,1.0,782.3,--
2025/9/3 11:23,23.6,61,21.2,69,15.3,21.2,2.2,4.7,125,951.3,1021.1,355.8,3,0.0,1.0,0.0,1.0,1.0,782.3,--
2025/9/3 11:24,23.7,61,21.3,69,15.4,21.3,3.6,3.6,91,951.4,1021.2,274.8,2,0.0,1.0,0.0,1.0,1.0,782.3,--
2025/9/3 11:25,23.7,60,21.5,68,15.4,21.5,5.8,7.6,113,951.3,1021.1,435.4,4,0.0,1.0,0.0,1.0,1.0,782.3,--
2025/9/3 11:26,23.7,60,21.5,69,15.6,21.5,8.3,8.3,115,951.1,1020.9,487.2,4,0.0,1.0,0.0,1.0,1.0,782.3,--
2025/9/3 11:27,23.6,60,21.5,70,15.8,21.5,7.2,7.9,109,951.1,1020.9,450.1,4,0.0,1.0,0.0,1.0,1.0,782.3,--
2025/9/3 11:28,23.6,60,21.4,68,15.3,21.4,4.3,7.2,105,951.3,1021.1,416.6,3,0.0,1.0,0.0,1.0,1.0,782.3,--
2025/9/3 11:29,23.5,61,21.3,68,15.2,21.3,1.8,4.7,96,951.3,1021.1,191.5,1,0.0,1.0,0.0,1.0,1.0,782.3,--
2025/9/3 11:30,23.5,60,21.4,68,15.3,21.4,2.9,2.9,224,951.2,1021.0,406.7,3,0.0,1.0,0.0,1.0,1.0,782.3,--
2025/9/3 11:31,23.6,60,21.4,69,15.5,21.4,2.5,4.0,269,951.3,1021.1,750.4,6,0.0,1.0,0.0,1.0,1.0,782.3,--
2025/9/3 11:32,23.7,60,21.5,69,15.6,21.5,3.2,3.2,53,951.4,1021.2,663.6,6,0.0,1.0,0.0,1.0,1.0,782.3,--
2025/9/3 11:33,23.7,60,21.6,65,14.8,21.6,4.7,5.4,129,951.2,1021.0,698.1,6,0.0,1.0,0.0,1.0,1.0,782.3,--
2025/9/3 11:34,23.7,60,21.7,65,14.9,21.7,4.7,5.4,279,951.2,1021.0,758.7,7,0.0,1.0,0.0,1.0,1.0,782.3,--
2025/9/3 11:35,23.7,60,21.7,66,15.1,21.7,1.8,2.5,13,951.1,1020.9,755.1,7,0.0,1.0,0.0,1.0,1.0,782.3,--
2025/9/3 11:36,23.6,60,21.8,65,14.9,21.8,2.9,5.0,254,951.3,1021.1,754.3,7,0.0,1.0,0.0,1.0,1.0,782.3,--
2025/9/3 11:37,23.6,59,21.8,67,15.4,21.8,0.0,2.5,259,951.2,1021.0,754.0,7,0.0,1.0,0.0,1.0,1.0,782.3,--
2025/9/3 11:38,23.5,59,21.9,65,15.0,21.9,0.0,5.4,269,951.2,1021.0,752.4,6,0.0,1.0,0.0,1.0,1.0,782.3,--
2025/9/3 11:39,23.5,59,22.0,63,14.7,22.0,5.0,8.6,109,951.0,1020.8,756.4,7,0.0,1.0,0.0,1.0,1.0,782.3,--
2025/9/3 11:40,23.5,59,22.2,63,14.8,22.2,9.7,9.7,120,951.0,1020.8,684.3,6,0.0,1.0,0.0,1.0,1.0,782.3,--
2025/9/3 11:41,23.5,59,22.2,62,14.6,22.2,0.0,5.4,130,951.1,1020.9,733.2,6,0.0,1.0,0.0,1.0,1.0,782.3,--
2025/9/3 11:42,23.4,59,22.3,62,14.7,22.3,7.9,9.7,113,951.2,1021.0,740.2,6,0.0,1.0,0.0,1.0,1.0,782.3,--
2025/9/3 11:43,23.5,59,22.3,61,14.4,22.3,10.8,12.6,118,951.0,1020.8,717.9,6,0.0,1.0,0.0,1.0,1.0,782.3,--
2025/9/3 11:44,23.5,59,22.1,62,14.5,22.1,7.2,9.0,126,951.1,1020.9,734.4,6,0.0,1.0,0.0,1.0,1.0,782.3,--
2025/9/3 11:45,23.5,58,22.2,61,14.3,22.2,11.2,13.0,119,951.0,1020.8,716.1,6,0.0,1.0,0.0,1.0,1.0,782.3,--
2025/9/3 11:46,23.4,58,22.0,63,14.7,22.0,6.5,9.0,113,951.1,1020.9,736.1,6,0.0,1.0,0.0,1.0,1.0,782.3,--
2025/9/3 11:47,23.3,59,22.1,62,14.5,22.1,3.2,8.3,107,951.2,1021.0,726.5,6,0.0,1.0,0.0,1.0,1.0,782.3,--
2025/9/3 11:48,23.4,58,22.2,63,14.8,22.2,4.0,5.0,101,951.1,1020.9,729.2,6,0.0,1.0,0.0,1.0,1.0,782.3,--
2025/9/3 11:49,23.4,58,22.2,62,14.6,22.2,5.8,9.7,111,951.3,1021.1,727.8,6,0.0,1.0,0.0,1.0,1.0,782.3,--
2025/9/3 11:50,23.4,58,22.2,62,14.6,22.2,7.9,7.9,116,951.2,1021.0,714.8,6,0.0,1.0,0.0,1.0,1.0,782.3,--
2025/9/3 11:51,23.3,58,22.1,61,14.2,22.1,4.3,5.8,133,951.1,1020.9,715.8,6,0.0,1.0,0.0,1.0,1.0,782.3,--
2025/9/3 11:52,23.3,58,22.0,61,14.2,22.0,5.4,7.9,107,951.2,1021.0,739.7,6,0.0,1.0,0.0,1.0,1.0,782.3,--
2025/9/3 11:53,23.4,58,22.0,63,14.7,22.0,4.0,8.6,89,951.2,1021.0,724.6,6,0.0,1.0,0.0,1.0,1.0,782.3,--
2025/9/3 11:54,23.4,58,22.3,63,14.9,22.3,3.2,6.1,106,951.2,1021.0,734.7,6,0.0,1.0,0.0,1.0,1.0,782.3,--
2025/9/3 11:55,23.4,58,22.5,63,15.1,22.5,3.6,7.2,116,951.1,1020.9,741.9,6,0.0,1.0,0.0,1.0,1.0,782.3,--
2025/9/3 11:56,23.4,58,22.5,61,14.6,22.5,4.7,6.8,123,951.1,1020.9,746.5,6,0.0,1.0,0.0,1.0,1.0,782.3,--
2025/9/3 11:57,23.5,58,22.4,62,14.8,22.4,2.2,7.2,123,951.2,1021.0,752.0,6,0.0,1.0,0.0,1.0,1.0,782.3,--
2025/9/3 11:58,23.5,58,22.4,62,14.8,22.4,0.0,2.5,68,951.1,1020.9,722.9,6,0.0,1.0,0.0,1.0,1.0,782.3,--
2025/9/3 11:59,23.5,58,22.6,62,15.0,22.6,4.7,7.2,116,951.2,1021.0,715.9,6,0.0,1.0,0.0,1.0,1.0,782.3,--
2025/9/3 12:00,23.6,58,22.5,62,14.9,22.5,5.4,9.0,126,951.0,1020.8,736.9,6,0.0,1.0,0.0,1.0,1.0,782.3,--
2025/9/3 12:01,23.5,58,22.4,64,15.3,22.4,0.0,6.1,7,951.0,1020.8,733.3,6,0.0,1.0,0.0,1.0,1.0,782.3,--
2025/9/3 12:02,23.5,58,22.5,65,15.6,22.5,2.2,6.1,55,951.3,1021.1,701.2,6,0.0,1.0,0.0,1.0,1.0,782.3,--
2025/9/3 12:03,23.5,58,22.7,65,15.8,22.7,4.3,6.5,98,951.2,1021.0,730.4,6,0.0,1.0,0.0,1.0,1.0,782.3,--
2025/9/3 12:04,23.4,58,22.8,64,15.7,22.8,6.1,9.4,117,951.1,1020.9,716.2,6,0.0,1.0,0.0,1.0,1.0,782.3,--
2025/9/3 12:05,23.4,59,22.5,64,15.4,22.5,2.9,5.0,138,951.1,1020.9,636.7,5,0.0,1.0,0.0,1.0,1.0,782.3,--
2025/9/3 12:06,23.4,59,22.6,67,16.2,22.6,2.5,2.5,99,951.1,1020.9,701.1,6,0.0,1.0,0.0,1.0,1.0,782.3,--
2025/9/3 12:07,23.4,59,22.8,63,15.4,22.8,5.0,6.1,101,951.4,1021.2,715.1,6,0.0,1.0,0.0,1.0,1.0,782.3,--
2025/9/3 12:08,23.4,59,22.7,59,14.3,22.7,3.6,8.3,77,951.2,1021.0,715.6,6,0.0,1.0,0.0,1.0,1.0,782.3,--
2025/9/3 12:09,23.4,58,22.6,59,14.2,22.6,4.0,4.3,109,951.2,1021.0,653.9,6,0.0,1.0,0.0,1.0,1.0,782.3,--
2025/9/3 12:10,23.4,58,22.7,61,14.8,22.7,5.8,9.4,96,951.1,1020.9,699.2,6,0.0,1.0,0.0,1.0,1.0,782.3,--
2025/9/3 12:11,23.4,58,22.6,59,14.2,22.6,7.6,8.6,107,951.2,1021.0,708.6,6,0.0,1.0,0.0,1.0,1.0,782.3,--
2025/9/3 12:12,23.4,57,22.3,61,14.4,22.3,3.2,5.8,114,951.3,1021.1,671.9,6,0.0,1.0,0.0,1.0,1.0,782.3,--
2025/9/3 12:13,23.4,58,22.4,61,14.5,22.4,6.5,6.5,109,951.1,1020.9,653.8,6,0.0,1.0,0.0,1.0,1.0,782.3,--
2025/9/3 12:14,23.4,57,22.5,60,14.4,22.5,3.6,7.6,250,951.1,1020.9,693.4,6,0.0,1.0,0.0,1.0,1.0,782.3,--
2025/9/3 12:15,23.3,57,22.4,58,13.7,22.4,5.4,5.4,117,951.1,1020.9,699.6,6,0.0,1.0,0.0,1.0,1.0,782.3,--
2025/9/3 12:16,23.3,56,22.5,60,14.4,22.5,0.0,0.0,89,951.0,1020.8,617.6,5,0.0,1.0,0.0,1.0,1.0,782.3,--
2025/9/3 12:17,23.3,57,22.7,61,14.8,22.7,2.2,2.2,124,951.2,1021.0,611.3,5,0.0,1.0,0.0,1.0,1.0,782.3,--
2025/9/3 12:18,23.3,58,23.0,61,15.1,23.0,1.8,2.2,266,951.2,1021.0,545.6,5,0.0,1.0,0.0,1.0,1.0,782.3,--
2025/9/3 12:19,23.4,57,23.0,63,15.6,23.0,3.6,3.6,115,951.1,1020.9,497.0,4,0.0,1.0,0.0,1.0,1.0,782.3,--
2025/9/3 12:20,23.4,58,23.1,64,15.9,23.1,0.0,2.9,256,951.2,1021.0,556.4,5,0.0,1.0,0.0,1.0,1.0,782.3,--
2025/9/3 12:21,23.4,58,23.0,62,15.3,23.0,2.9,3.6,247,951.1,1020.9,592.6,5,0.0,1.0,0.0,1.0,1.0,782.3,--
2025/9/3 12:22,23.4,57,22.9,65,16.0,22.9,2.5,2.5,292,951.1,1020.9,636.5,5,0.0,1.0,0.0,1.0,1.0,782.3,--
2025/9/3 12:23,23.3,57,23.0,63,15.6,23.0,2.9,3.2,292,951.3,1021.1,636.5,5,0.0,1.0,0.0,1.0,1.0,782.3,--
2025/9/3 12:24,23.3,58,23.1,55,13.6,23.1,9.4,9.4,113,951.2,1021.0,685.3,6,0.0,1.0,0.0,1.0,1.0,782.3,--
2025/9/3 12:25,23.3,57,23.0,58,14.3,23.0,2.9,3.2,261,951.3,1021.1,643.5,5,0.0,1.0,0.0,1.0,1.0,782.3,--
2025/9/3 12:26,23.3,56,23.1,53,13.0,23.1,6.5,6.5,106,951.1,1020.9,658.8,6,0.0,1.0,0.0,1.0,1.0,782.3,--
2025/9/3 12:27,23.3,55,22.9,55,13.4,22.9,7.2,10.4,112,951.2,1021.0,674.0,6,0.0,1.0,0.0,1.0,1.0,782.3,--
2025/9/3 12:28,23.3,57,22.7,57,13.8,22.7,5.0,9.0,98,951.2,1021.0,698.5,6,0.0,1.0,0.0,1.0,1.0,782.3,--
2025/9/3 12:29,23.3,58,22.6,58,13.9,22.6,0.0,5.0,303,951.3,1021.1,741.6,6,0.0,1.0,0.0,1.0,1.0,782.3,--
2025/9/3 12:30,23.4,56,22.7,56,13.5,22.7,8.3,8.6,117,951.5,1021.3,721.3,6,0.0,1.0,0.0,1.0,1.0,782.3,--
2025/9/3 12:31,23.3,57,22.6,55,13.1,22.6,10.1,10.8,112,951.2,1021.0,698.4,6,0.0,1.0,0.0,1.0,1.0,782.3,--
2025/9/3 12:32,23.3,57,22.5,56,13.3,22.5,0.0,4.0,134,951.3,1021.1,702.2,6,0.0,1.0,0.0,1.0,1.0,782.3,--
2025/9/3 12:33,23.4,56,22.7,54,12.9,22.7,2.2,4.0,118,951.2,1021.0,659.3,6,0.0,1.0,0.0,1.0,1.0,782.3,--
2025/9/3 12:34,23.4,56,22.9,55,13.4,22.9,0.0,1.8,129,951.2,1021.0,734.0,6,0.0,1.0,0.0,1.0,1.0,782.3,--
2025/9/3 12:35,23.5,56,23.2,59,14.8,23.2,1.8,2.9,0,951.2,1021.0,764.1,7,0.0,1.0,0.0,1.0,1.0,782.3,--
2025/9/3 12:36,23.5,57,23.3,57,14.3,23.3,2.9,5.4,78,951.2,1021.0,780.3,7,0.0,1.0,0.0,1.0,1.0,782.3,--
2025/9/3 12:37,23.5,56,23.3,57,14.3,23.3,0.0,5.4,89,951.3,1021.1,751.3,6,0.0,1.0,0.0,1.0,1.0,782.3,--
2025/9/3 12:38,23.5,56,23.4,61,15.5,23.4,2.2,2.5,292,951.2,1021.0,812.9,7,0.0,1.0,0.0,1.0,1.0,782.3,--
2025/9/3 12:39,23.6,56,23.5,57,14.5,23.5,5.4,5.4,305,951.1,1020.9,795.1,7,0.0,1.0,0.0,1.0,1.0,782.3,--
2025/9/3 12:40,23.6,56,23.5,56,14.2,23.5,5.8,5.8,100,951.2,1021.0,742.3,6,0.0,1.0,0.0,1.0,1.0,782.3,--
2025/9/3 12:41,23.6,56,23.6,61,15.7,23.6,2.5,3.6,276,951.2,1021.0,775.1,7,0.0,1.0,0.0,1.0,1.0,782.3,--
2025/9/3 12:42,23.6,56,23.5,59,15.0,23.5,4.0,5.0,317,951.2,1021.0,762.7,7,0.0,0.0,0.0,1.0,1.0,782.3,--
2025/9/3 12:43,23.7,57,23.2,62,15.5,23.2,0.0,2.9,228,951.2,1021.0,756.5,7,0.0,0.0,0.0,1.0,1.0,782.3,--
2025/9/3 12:44,23.7,57,23.1,61,15.2,23.1,1.8,3.6,214,951.3,1021.1,761.6,7,0.0,0.0,0.0,1.0,1.0,782.3,--
2025/9/3 12:45,23.7,57,23.2,59,14.8,23.2,0.0,1.8,214,951.2,1021.0,764.0,7,0.0,0.0,0.0,1.0,1.0,782.3,--
2025/9/3 12:46,23.7,57,23.6,60,15.4,23.6,2.5,3.2,130,951.2,1021.0,763.2,7,0.0,0.0,0.0,1.0,1.0,782.3,--
2025/9/3 12:47,23.8,57,23.7,58,15.0,23.7,0.0,2.5,176,950.9,1020.7,764.0,7,0.0,0.0,0.0,1.0,1.0,782.3,--
2025/9/3 12:48,23.7,56,24.0,54,14.1,24.0,5.8,6.1,126,951.2,1021.0,774.3,7,0.0,0.0,0.0,1.0,1.0,782.3,--
2025/9/3 12:49,23.7,56,23.6,57,14.6,23.6,0.0,0.0,120,951.3,1021.1,764.8,7,0.0,0.0,0.0,1.0,1.0,782.3,--
2025/9/3 12:50,23.6,56,23.8,57,14.8,23.8,3.2,3.6,141,951.2,1021.0,759.9,7,0.0,0.0,0.0,1.0,1.0,782.3,--
2025/9/3 12:51,23.6,56,24.0,53,13.9,24.0,6.5,6.5,114,951.2,1021.0,781.2,7,0.0,0.0,0.0,1.0,1.0,782.3,--
2025/9/3 12:52,23.6,56,23.9,54,14.1,23.9,4.7,5.0,147,951.1,1020.9,785.2,7,0.0,0.0,0.0,1.0,1.0,782.3,--
2025/9/3 12:53,23.6,56,23.6,57,14.6,23.6,1.8,3.6,185,951.1,1020.9,703.4,6,0.0,0.0,0.0,1.0,1.0,782.3,--
2025/9/3 12:54,23.5,55,23.5,52,13.1,23.5,2.5,5.0,229,951.4,1021.2,784.0,7,0.0,0.0,0.0,1.0,1.0,782.3,--
2025/9/3 12:55,23.5,55,23.5,56,14.2,23.5,4.3,6.5,76,951.2,1021.0,777.0,7,0.0,0.0,0.0,1.0,1.0,782.3,--
2025/9/3 12:56,23.5,54,23.6,57,14.6,23.6,3.2,5.0,335,951.1,1020.9,746.5,6,0.0,0.0,0.0,1.0,1.0,782.3,--
2025/9/3 12:57,23.4,54,23.6,52,13.2,23.6,0.0,7.2,127,951.0,1020.8,755.5,7,0.0,0.0,0.0,1.0,1.0,782.3,--
2025/9/3 12:58,23.4,53,23.7,53,13.6,23.7,6.8,6.8,102,951.2,1021.0,719.3,6,0.0,0.0,0.0,1.0,1.0,782.3,--
2025/9/3 12:59,23.4,54,23.6,57,14.6,23.6,4.3,6.5,118,951.1,1020.9,754.8,7,0.0,0.0,0.0,1.0,1.0,782.3,--
2025/9/3 13:00,23.4,54,23.7,56,14.4,23.7,4.3,4.3,113,951.3,1021.1,796.2,7,0.0,0.0,0.0,1.0,1.0,782.3,--
2025/9/3 13:01,23.4,54,23.6,56,14.3,23.6,2.5,6.1,187,951.2,1021.0,802.9,7,0.0,0.0,0.0,1.0,1.0,782.3,--
2025/9/3 13:02,23.4,55,23.6,55,14.0,23.6,0.0,5.4,81,951.2,1021.0,794.3,7,0.0,0.0,0.0,1.0,1.0,782.3,--
2025/9/3 13:03,23.4,55,23.8,56,14.5,23.8,2.5,3.2,332,951.2,1021.0,811.0,7,0.0,0.0,0.0,1.0,1.0,782.3,--
2025/9/3 13:04,23.5,55,23.9,58,15.1,23.9,4.3,4.3,271,951.1,1020.9,814.0,7,0.0,0.0,0.0,1.0,1.0,782.3,--
2025/9/3 13:05,23.5,54,23.8,54,14.0,23.8,5.0,7.2,106,951.1,1020.9,801.3,7,0.0,0.0,0.0,1.0,1.0,782.3,--
2025/9/3 13:06,23.4,54,23.5,55,14.0,23.5,1.8,2.9,87,951.3,1021.1,771.7,7,0.0,0.0,0.0,1.0,1.0,782.3,--
2025/9/3 13:07,23.4,53,23.7,52,13.3,23.7,1.8,2.2,208,951.2,1021.0,781.4,7,0.0,0.0,0.0,1.0,1.0,782.3,--
2025/9/3 13:08,23.3,54,23.8,51,13.1,23.8,3.6,5.8,129,951.3,1021.1,742.8,6,0.0,0.0,0.0,1.0,1.0,782.3,--
2025/9/3 13:09,23.4,54,23.8,52,13.4,23.8,6.5,6.5,119,951.1,1020.9,704.8,6,0.0,0.0,0.0,1.0,1.0,782.3,--
2025/9/3 13:10,23.3,53,23.7,53,13.6,23.7,3.2,4.7,118,951.1,1020.9,687.8,6,0.0,0.0,0.0,1.0,1.0,782.3,--
2025/9/3 13:11,23.4,53,23.8,55,14.2,23.8,2.2,2.9,122,951.1,1020.9,488.6,4,0.0,0.0,0.0,1.0,1.0,782.3,--
2025/9/3 13:12,23.3,53,23.8,51,13.1,23.8,3.2,5.0,128,951.1,1020.9,667.6,6,0.0,0.0,0.0,1.0,1.0,782.3,--
2025/9/3 13:13,23.4,53,23.7,54,13.9,23.7,3.2,3.2,239,951.0,1020.8,783.5,7,0.0,0.0,0.0,1.0,1.0,782.3,--
2025/9/3 13:14,23.4,53,23.7,54,13.9,23.7,6.8,6.8,305,951.1,1020.9,754.5,7,0.0,0.0,0.0,1.0,1.0,782.3,--
2025/9/3 13:15,23.4,53,23.5,53,13.4,23.5,0.0,3.6,311,951.0,1020.8,690.0,6,0.0,0.0,0.0,1.0,1.0,782.3,--
2025/9/3 13:16,23.4,53,23.7,54,13.9,23.7,0.0,0.0,89,951.2,1021.0,745.6,6,0.0,0.0,0.0,1.0,1.0,782.3,--
2025/9/3 13:17,23.5,54,23.9,52,13.5,23.9,1.8,2.2,84,951.0,1020.8,727.6,6,0.0,0.0,0.0,1.0,1.0,782.3,--
2025/9/3 13:18,23.4,54,23.9,50,12.9,23.9,3.6,4.7,269,950.9,1020.7,753.9,7,0.0,0.0,0.0,1.0,1.0,782.3,--
2025/9/3 13:19,23.5,53,23.7,54,13.9,23.7,3.6,4.7,250,951.0,1020.8,734.7,6,0.0,0.0,0.0,1.0,1.0,782.3,--
2025/9/3 13:20,23.4,52,23.5,53,13.4,23.5,4.7,4.7,126,951.2,1021.0,782.2,7,0.0,0.0,0.0,1.0,1.0,782.3,--
2025/9/3 13:21,23.4,52,23.6,48,12.0,23.6,8.3,9.7,123,951.1,1020.9,805.0,7,0.0,0.0,0.0,1.0,1.0,782.3,--
2025/9/3 13:22,23.4,52,23.4,50,12.4,23.4,3.2,4.0,141,950.9,1020.7,792.4,7,0.0,0.0,0.0,1.0,1.0,782.3,--
2025/9/3 13:23,23.4,52,23.6,52,13.2,23.6,0.0,4.3,99,951.0,1020.8,760.5,7,0.0,0.0,0.0,1.0,1.0,782.3,--
2025/9/3 13:24,23.5,52,23.8,51,13.1,23.8,3.6,6.5,264,951.0,1020.8,789.9,7,0.0,0.0,0.0,1.0,1.0,782.3,--
2025/9/3 13:25,23.4,50,23.7,51,13.0,23.7,4.7,5.0,243,951.1,1020.9,787.6,7,0.0,0.0,0.0,1.0,1.0,782.3,--
2025/9/3 13:26,23.3,50,23.7,50,12.7,23.7,7.2,7.2,122,950.9,1020.7,764.6,7,0.0,0.0,0.0,1.0,1.0,782.3,--
2025/9/3 13:27,23.3,51,23.6,50,12.6,23.6,4.3,4.3,126,951.1,1020.9,761.2,7,0.0,0.0,0.0,1.0,1.0,782.3,--
2025/9/3 13:28,23.3,52,23.6,51,12.9,23.6,2.2,5.4,148,951.1,1020.9,764.5,7,0.0,0.0,0.0,1.0,1.0,782.3,--
2025/9/3 13:29,23.4,53,23.7,52,13.3,23.7,2.5,2.9,43,951.1,1020.9,794.0,7,0.0,0.0,0.0,1.0,1.0,782.3,--
2025/9/3 13:30,23.4,53,23.8,55,14.2,23.8,0.0,1.8,146,950.9,1020.7,770.8,7,0.0,0.0,0.0,1.0,1.0,782.3,--
2025/9/3 13:31,23.5,53,24.0,51,13.3,24.0,2.2,6.1,119,951.0,1020.8,772.8,7,0.0,0.0,0.0,1.0,1.0,782.3,--
2025/9/3 13:32,23.5,53,23.8,52,13.4,23.8,1.8,5.8,84,951.1,1020.9,801.9,7,0.0,0.0,0.0,1.0,1.0,782.3,--
2025/9/3 13:33,23.5,52,23.4,52,13.0,23.4,4.0,5.8,244,951.0,1020.8,748.0,6,0.0,0.0,0.0,1.0,1.0,782.3,--
2025/9/3 13:34,23.6,52,23.6,54,13.8,23.6,2.9,2.9,114,951.2,1021.0,396.6,3,0.0,0.0,0.0,1.0,1.0,782.3,--
2025/9/3 13:35,23.6,52,23.8,51,13.1,23.8,6.1,6.8,112,951.0,1020.8,745.1,6,0.0,0.0,0.0,1.0,1.0,782.3,--
2025/9/3 13:36,23.6,53,23.6,52,13.2,23.6,7.2,10.1,128,950.9,1020.7,733.7,6,0.0,0.0,0.0,1.0,1.0,782.3,--
2025/9/3 13:37,23.6,52,23.3,54,13.5,23.3,2.2,2.9,2,950.9,1020.7,716.1,6,0.0,0.0,0.0,1.0,1.0,782.3,--
2025/9/3 13:38,23.6,52,23.4,55,13.9,23.4,0.0,1.8,225,951.0,1020.8,714.6,6,0.0,0.0,0.0,1.0,1.0,782.3,--
2025/9/3 13:39,23.6,53,23.7,52,13.3,23.7,4.7,5.8,127,951.0,1020.8,742.9,6,0.0,0.0,0.0,1.0,1.0,782.3,--
2025/9/3 13:40,23.6,53,23.6,51,12.9,23.6,2.5,5.0,295,951.0,1020.8,706.3,6,0.0,0.0,0.0,1.0,1.0,782.3,--
2025/9/3 13:41,23.6,53,23.7,56,14.4,23.7,0.0,2.5,327,951.0,1020.8,749.5,6,0.0,0.0,0.0,1.0,1.0,782.3,--
2025/9/3 13:42,23.6,53,23.8,53,13.7,23.8,2.5,4.3,297,951.0,1020.8,694.8,6,0.0,0.0,0.0,1.0,1.0,782.3,--
2025/9/3 13:43,23.6,53,23.8,55,14.2,23.8,2.2,2.9,157,950.9,1020.7,664.3,6,0.0,0.0,0.0,1.0,1.0,782.3,--
2025/9/3 13:44,23.6,54,24.1,54,14.2,24.1,5.4,5.4,255,951.0,1020.8,639.5,5,0.0,0.0,0.0,1.0,1.0,782.3,--
2025/9/3 13:45,23.6,53,24.0,60,15.8,24.0,1.8,2.5,216,951.1,1020.9,711.9,6,0.0,0.0,0.0,1.0,1.0,782.3,--
2025/9/3 13:46,23.5,53,23.9,52,13.5,23.9,1.8,9.0,291,951.0,1020.8,718.3,6,0.0,0.0,0.0,1.0,1.0,782.3,--
2025/9/3 13:47,23.5,54,23.9,54,14.1,23.9,4.0,5.0,333,950.9,1020.7,696.0,6,0.0,0.0,0.0,1.0,1.0,782.3,--
2025/9/3 13:48,23.6,54,23.9,52,13.5,23.9,5.0,7.9,297,950.9,1020.7,682.7,6,0.0,0.0,0.0,1.0,1.0,782.3,--
2025/9/3 13:49,23.6,54,23.6,52,13.2,23.6,0.0,5.0,214,950.9,1020.7,683.8,6,0.0,0.0,0.0,1.0,1.0,782.3,--
2025/9/3 13:50,23.6,54,23.8,53,13.7,23.8,2.9,3.2,244,951.1,1020.9,659.0,6,0.0,0.0,0.0,1.0,1.0,782.3,--
2025/9/3 13:51,23.6,54,23.9,55,14.3,23.9,1.8,2.5,138,951.1,1020.9,704.8,6,0.0,0.0,0.0,1.0,1.0,782.3,--
2025/9/3 13:52,23.6,53,24.0,52,13.6,24.0,2.9,4.3,13,951.0,1020.8,715.4,6,0.0,0.0,0.0,1.0,1.0,782.3,--
2025/9/3 13:53,23.6,53,24.1,53,13.9,24.1,0.0,2.9,187,950.9,1020.7,737.4,6,0.0,0.0,0.0,1.0,1.0,782.3,--
2025/9/3 13:54,23.6,53,24.2,53,14.0,24.2,3.2,5.0,242,950.9,1020.7,760.6,7,0.0,0.0,0.0,1.0,1.0,782.3,--
2025/9/3 13:55,23.6,53,24.0,52,13.6,24.0,3.2,6.1,255,950.9,1020.7,748.2,6,0.0,0.0,0.0,1.0,1.0,782.3,--
2025/9/3 13:56,23.6,54,23.7,53,13.6,23.7,8.6,9.0,304,950.9,1020.7,739.2,6,0.0,0.0,0.0,1.0,1.0,782.3,--
2025/9/3 13:57,23.7,54,23.4,56,14.1,23.4,3.2,3.6,291,950.9,1020.7,730.0,6,0.0,0.0,0.0,1.0,1.0,782.3,--
2025/9/3 13:58,23.7,54,23.4,55,13.9,23.4,2.2,3.2,272,950.9,1020.7,754.8,7,0.0,0.0,0.0,1.0,1.0,782.3,--
2025/9/3 13:59,23.6,54,23.7,55,14.1,23.7,0.0,3.2,83,951.1,1020.9,742.6,6,0.0,0.0,0.0,1.0,1.0,782.3,--
2025/9/3 14:00,23.6,53,24.1,53,13.9,24.1,7.6,7.6,113,950.8,1020.6,751.8,6,0.0,0.0,0.0,1.0,1.0,782.3,--
2025/9/3 14:01,23.7,53,24.1,55,14.5,24.1,1.8,2.5,309,951.0,1020.8,736.9,6,0.0,0.0,0.0,1.0,1.0,782.3,--
2025/9/3 14:02,23.7,53,24.2,57,15.2,24.2,2.2,2.9,349,951.0,1020.8,764.0,7,0.0,0.0,0.0,1.0,1.0,782.3,--
2025/9/3 14:03,23.7,53,24.4,56,15.1,24.4,1.8,4.0,278,951.0,1020.8,768.3,7,0.0,0.0,0.0,1.0,1.0,782.3,--
2025/9/3 14:04,23.7,54,24.4,56,15.1,24.4,2.5,5.8,268,950.9,1020.7,796.6,7,0.0,0.0,0.0,1.0,1.0,782.3,--
2025/9/3 14:05,23.7,54,24.4,56,15.1,24.4,2.9,4.0,309,951.0,1020.8,803.6,7,0.0,0.0,0.0,1.0,1.0,782.3,--
2025/9/3 14:06,23.8,54,24.5,54,14.6,24.5,1.8,4.7,165,950.9,1020.7,808.2,7,0.0,0.0,0.0,1.0,1.0,782.3,--
2025/9/3 14:07,23.7,55,24.5,58,15.7,24.5,2.9,4.7,136,950.9,1020.7,813.5,7,0.0,0.0,0.0,1.0,1.0,782.3,--
2025/9/3 14:08,23.7,55,24.6,58,15.8,24.6,3.6,5.0,330,950.9,1020.7,763.9,7,0.0,0.0,0.0,1.0,1.0,782.3,--
2025/9/3 14:09,23.7,55,24.5,54,14.6,24.5,5.0,6.1,110,950.8,1020.6,761.4,7,0.0,0.0,0.0,1.0,1.0,782.3,--
2025/9/3 14:10,23.7,55,24.3,56,15.0,24.3,9.4,10.8,109,950.9,1020.7,737.9,6,0.0,0.0,0.0,1.0,1.0,782.3,--
2025/9/3 14:11,23.7,55,23.9,55,14.3,23.9,0.0,4.7,133,951.0,1020.8,751.9,6,0.0,0.0,0.0,1.0,1.0,782.3,--
2025/9/3 14:12,23.6,55,24.0,56,14.7,24.0,3.6,4.7,102,950.8,1020.6,759.5,7,0.0,0.0,0.0,1.0,1.0,782.3,--
2025/9/3 14:13,23.6,55,23.9,57,14.9,23.9,10.1,14.0,115,951.1,1020.9,751.5,6,0.0,0.0,0.0,1.0,1.0,782.3,--
2025/9/3 14:14,23.6,55,23.8,56,14.5,23.8,6.8,10.1,116,950.7,1020.5,776.1,7,0.0,0.0,0.0,1.0,1.0,782.3,--
2025/9/3 14:15,23.6,55,23.7,57,14.7,23.7,6.1,8.6,117,950.8,1020.6,789.8,7,0.0,0.0,0.0,1.0,1.0,782.3,--
2025/9/3 14:16,23.6,55,23.7,56,14.4,23.7,4.3,4.3,131,951.1,1020.9,748.3,6,0.0,0.0,0.0,1.0,1.0,782.3,--
2025/9/3 14:17,23.6,55,23.5,55,14.0,23.5,6.5,7.6,125,951.0,1020.8,790.8,7,0.0,0.0,0.0,1.0,1.0,782.3,--
2025/9/3 14:18,23.7,55,23.4,56,14.1,23.4,2.5,2.9,95,950.8,1020.6,774.9,7,0.0,0.0,0.0,1.0,1.0,782.3,--
2025/9/3 14:19,23.6,55,23.5,55,14.0,23.5,4.3,6.1,131,951.0,1020.8,783.8,7,0.0,0.0,0.0,1.0,1.0,782.3,--
2025/9/3 14:20,23.7,56,23.6,56,14.3,23.6,0.0,3.2,124,950.9,1020.7,783.1,7,0.0,0.0,0.0,1.0,1.0,782.3,--
2025/9/3 14:21,23.8,55,24.0,56,14.7,24.0,3.2,3.2,148,950.9,1020.7,765.9,7,0.0,0.0,0.0,1.0,1.0,782.3,--
2025/9/3 14:22,23.8,55,24.4,60,16.2,24.4,0.0,2.2,141,951.1,1020.9,754.3,7,0.0,0.0,0.0,1.0,1.0,782.3,--
2025/9/3 14:23,23.8,55,24.7,54,14.8,24.7,7.6,7.6,116,950.7,1020.5,748.0,6,0.0,0.0,0.0,1.0,1.0,782.3,--
2025/9/3 14:24,23.8,55,24.6,55,15.0,24.6,4.0,9.0,98,950.7,1020.5,742.6,6,0.0,0.0,0.0,1.0,1.0,782.3,--
2025/9/3 14:25,23.9,55,24.5,54,14.6,24.5,4.3,6.8,115,950.8,1020.6,739.7,6,0.0,0.0,0.0,1.0,1.0,782.3,--
2025/9/3 14:26,23.8,54,24.1,53,13.9,24.1,5.0,9.7,119,950.8,1020.6,727.9,6,0.0,0.0,0.0,1.0,1.0,782.3,--
2025/9/3 14:27,23.8,55,24.0,54,14.1,24.0,5.8,5.8,100,950.8,1020.6,689.9,6,0.0,0.0,0.0,1.0,1.0,782.3,--
2025/9/3 14:28,23.8,54,24.1,55,14.5,24.1,2.9,4.3,99,950.9,1020.7,619.8,5,0.0,0.0,0.0,1.0,1.0,782.3,--
2025/9/3 14:29,23.8,54,24.1,53,13.9,24.1,4.3,4.7,245,950.9,1020.7,581.1,5,0.0,0.0,0.0,1.0,1.0,782.3,--
2025/9/3 14:30,23.7,54,24.1,56,14.8,24.1,5.4,5.4,103,950.9,1020.7,645.9,6,0.0,0.0,0.0,1.0,1.0,782.3,--
2025/9/3 14:31,23.7,54,24.2,54,14.3,24.2,2.2,4.3,80,950.7,1020.5,694.2,6,0.0,0.0,0.0,1.0,1.0,782.3,--
2025/9/3 14:32,23.8,54,24.1,53,13.9,24.1,11.5,14.4,120,950.8,1020.6,704.4,6,0.0,0.0,0.0,1.0,1.0,782.3,--
2025/9/3 14:33,23.8,54,23.8,53,13.7,23.8,7.9,10.8,118,950.8,1020.6,706.7,6,0.0,0.0,0.0,1.0,1.0,782.3,--
2025/9/3 14:34,23.8,54,23.7,54,13.9,23.7,2.5,6.1,106,950.8,1020.6,702.9,6,0.0,0.0,0.0,1.0,1.0,782.3,--
2025/9/3 14:35,23.8,54,23.9,54,14.1,23.9,2.2,3.6,126,950.8,1020.6,688.0,6,0.0,0.0,0.0,1.0,1.0,782.3,--
2025/9/3 14:36,23.8,54,24.1,56,14.8,24.1,6.1,6.1,116,950.8,1020.6,688.3,6,0.0,0.0,0.0,1.0,1.0,782.3,--
2025/9/3 14:37,23.8,54,24.2,51,13.5,24.2,1.8,4.0,153,950.8,1020.6,702.5,6,0.0,0.0,0.0,1.0,1.0,782.3,--
2025/9/3 14:38,23.8,54,24.2,50,13.1,24.2,1.8,3.6,165,950.8,1020.6,710.4,6,0.0,0.0,0.0,1.0,1.0,782.3,--
2025/9/3 14:39,23.8,54,24.3,54,14.4,24.3,1.8,2.2,301,950.8,1020.6,695.8,6,0.0,0.0,0.0,1.0,1.0,782.3,--
2025/9/3 14:40,23.9,54,24.4,53,14.2,24.4,2.2,3.6,92,950.9,1020.7,710.8,6,0.0,0.0,0.0,1.0,1.0,782.3,--
2025/9/3 14:41,23.8,54,24.6,50,13.5,24.6,2.5,4.0,217,950.9,1020.7,693.5,6,0.0,0.0,0.0,1.0,1.0,782.3,--
2025/9/3 14:42,23.9,54,24.5,53,14.3,24.5,3.6,4.0,273,950.7,1020.5,696.7,6,0.0,0.0,0.0,1.0,1.0,782.3,--
2025/9/3 14:43,23.8,54,24.4,51,13.6,24.4,2.2,3.6,253,950.8,1020.6,719.6,6,0.0,0.0,0.0,1.0,1.0,782.3,--
2025/9/3 14:44,23.9,54,24.4,53,14.2,24.4,2.2,2.9,291,950.6,1020.4,690.6,6,0.0,0.0,0.0,1.0,1.0,782.3,--
2025/9/3 14:45,23.9,54,24.5,54,14.6,24.5,2.9,2.9,108,950.8,1020.6,612.5,5,0.0,0.0,0.0,1.0,1.0,782.3,--
2025/9/3 14:46,23.9,54,24.7,51,13.9,24.7,3.2,4.7,120,950.8,1020.6,606.3,5,0.0,0.0,0.0,1.0,1.0,782.3,--
2025/9/3 14:47,23.9,54,24.8,52,14.3,24.8,4.3,5.0,275,950.8,1020.6,595.7,5,0.0,0.0,0.0,1.0,1.0,782.3,--
2025/9/3 14:48,23.9,54,24.7,52,14.2,24.7,1.8,6.8,330,950.8,1020.6,636.3,5,0.0,0.0,0.0,1.0,1.0,782.3,--
2025/9/3 14:49,24.0,53,24.6,51,13.8,24.6,2.9,4.3,281,950.7,1020.5,614.2,5,0.0,0.0,0.0,1.0,1.0,782.3,--
2025/9/3 14:50,24.0,51,24.5,49,13.1,24.5,9.0,9.0,308,950.6,1020.4,626.0,5,0.0,0.0,0.0,1.0,1.0,782.3,--
2025/9/3 14:51,24.0,51,24.5,49,13.1,24.5,3.6,5.0,97,950.6,1020.4,636.9,5,0.0,0.0,0.0,1.0,1.0,782.3,--
2025/9/3 14:52,24.0,51,24.5,48,12.8,24.5,3.2,5.0,135,950.6,1020.4,648.3,6,0.0,0.0,0.0,1.0,1.0,782.3,--
2025/9/3 14:53,24.0,51,24.4,49,13.0,24.4,5.0,6.1,116,950.5,1020.3,640.4,5,0.0,0.0,0.0,1.0,1.0,782.3,--
2025/9/3 14:54,24.0,52,24.2,49,12.8,24.2,3.6,6.5,115,950.7,1020.5,663.6,6,0.0,0.0,0.0,1.0,1.0,782.3,--
2025/9/3 14:55,24.0,51,24.1,48,12.4,24.1,3.2,5.0,103,950.7,1020.5,663.5,6,0.0,0.0,0.0,1.0,1.0,782.3,--
2025/9/3 14:56,24.0,51,24.2,49,12.8,24.2,2.2,5.0,119,950.5,1020.3,595.2,5,0.0,0.0,0.0,1.0,1.0,782.3,--
2025/9/3 14:57,24.0,51,24.3,51,13.6,24.3,2.9,6.8,138,950.6,1020.4,577.7,5,0.0,0.0,0.0,1.0,1.0,782.3,--
2025/9/3 14:58,24.1,52,24.4,50,13.3,24.4,0.0,2.2,127,950.7,1020.5,566.2,5,0.0,0.0,0.0,1.0,1.0,782.3,--
2025/9/3 14:59,24.0,51,24.5,49,13.1,24.5,0.0,4.0,129,950.5,1020.3,560.4,5,0.0,0.0,0.0,1.0,1.0,782.3,--
2025/9/3 15:00,24.1,52,24.5,49,13.1,24.5,1.8,1.8,143,950.8,1020.6,544.5,5,0.0,0.0,0.0,1.0,1.0,782.3,--
2025/9/3 15:01,24.1,51,24.8,50,13.7,24.8,2.5,2.5,92,950.6,1020.4,584.3,5,0.0,0.0,0.0,1.0,1.0,782.3,--
2025/9/3 15:02,24.1,51,24.8,48,13.1,24.8,2.5,3.2,119,950.6,1020.4,621.9,5,0.0,0.0,0.0,1.0,1.0,782.3,--
2025/9/3 15:03,24.1,50,24.8,49,13.4,24.8,3.2,4.7,120,950.6,1020.4,623.9,5,0.0,0.0,0.0,1.0,1.0,782.3,--
2025/9/3 15:04,24.2,50,24.8,56,15.5,24.8,0.0,3.6,299,950.4,1020.2,612.3,5,0.0,0.0,0.0,1.0,1.0,782.3,--
2025/9/3 15:05,24.2,50,24.9,53,14.7,24.9,2.2,4.0,241,950.6,1020.4,612.2,5,0.0,0.0,0.0,1.0,1.0,782.3,--
2025/9/3 15:06,24.2,50,24.9,49,13.5,24.9,2.9,5.4,249,950.5,1020.3,613.1,5,0.0,0.0,0.0,1.0,1.0,782.3,--
2025/9/3 15:07,24.3,49,24.7,49,13.3,24.7,2.2,4.3,102,950.3,1020.1,620.6,5,0.0,0.0,0.0,1.0,1.0,782.3,--
2025/9/3 15:08,24.3,49,24.8,47,12.7,24.8,3.6,6.5,114,950.7,1020.5,611.9,5,0.0,0.0,0.0,1.0,1.0,782.3,--
2025/9/3 15:09,24.4,49,24.7,51,13.9,24.7,1.8,3.6,87,950.5,1020.3,614.4,5,0.0,0.0,0.0,1.0,1.0,782.3,--
2025/9/3 15:10,24.4,49,24.8,48,13.1,24.8,0.0,1.8,135,950.4,1020.2,622.0,5,0.0,0.0,0.0,1.0,1.0,782.3,--
2025/9/3 15:11,24.4,49,24.9,48,13.2,24.9,2.2,2.2,128,950.4,1020.2,618.6,5,0.0,0.0,0.0,1.0,1.0,782.3,--
2025/9/3 15:12,24.4,49,24.9,48,13.2,24.9,6.8,7.6,123,950.4,1020.2,610.7,5,0.0,0.0,0.0,1.0,1.0,782.3,--
2025/9/3 15:13,24.4,49,24.5,49,13.1,24.5,2.5,4.0,171,950.1,1019.9,629.5,5,0.0,0.0,0.0,1.0,1.0,782.3,--
2025/9/3 15:14,24.3,49,24.5,48,12.8,24.5,2.5,2.5,116,950.5,1020.3,608.2,5,0.0,0.0,0.0,1.0,1.0,782.3,--
2025/9/3 15:15,24.4,49,24.8,49,13.4,24.8,3.6,5.8,68,950.4,1020.2,605.6,5,0.0,0.0,0.0,1.0,1.0,782.3,--
2025/9/3 15:16,24.4,50,24.8,50,13.7,24.8,5.8,6.1,129,950.5,1020.3,571.1,5,0.0,0.0,0.0,1.0,1.0,782.3,--
2025/9/3 15:17,24.4,50,24.8,50,13.7,24.8,1.8,3.2,317,950.4,1020.2,567.2,5,0.0,0.0,0.0,1.0,1.0,782.3,--
2025/9/3 15:18,24.4,49,24.8,48,13.1,24.8,7.6,8.6,112,950.3,1020.1,555.8,5,0.0,0.0,0.0,1.0,1.0,782.3,--
2025/9/3 15:19,24.3,50,24.5,50,13.4,24.5,2.5,6.1,85,950.3,1020.1,591.5,5,0.0,0.0,0.0,1.0,1.0,782.3,--
2025/9/3 15:20,24.3,50,24.5,50,13.4,24.5,2.9,4.0,341,950.4,1020.2,589.8,5,0.0,0.0,0.0,1.0,1.0,782.3,--
2025/9/3 15:21,24.3,51,24.7,52,14.2,24.7,0.0,1.8,341,950.3,1020.1,586.1,5,0.0,0.0,0.0,1.0,1.0,782.3,--
2025/9/3 15:22,24.3,51,24.8,50,13.7,24.8,4.3,6.5,128,950.5,1020.3,581.2,5,0.0,0.0,0.0,1.0,1.0,782.3,--
2025/9/3 15:23,24.3,51,24.6,51,13.8,24.6,4.7,4.7,307,950.2,1020.0,606.9,5,0.0,0.0,0.0,1.0,1.0,782.3,--
2025/9/3 15:24,24.3,51,24.4,50,13.3,24.4,5.4,7.2,291,950.4,1020.2,614.6,5,0.0,0.0,0.0,1.0,1.0,782.3,--
2025/9/3 15:25,24.3,52,24.2,52,13.7,24.2,5.0,6.5,275,950.3,1020.1,619.7,5,0.0,0.0,0.0,1.0,1.0,782.3,--
2025/9/3 15:26,24.3,52,24.1,54,14.2,24.1,2.2,3.2,279,950.6,1020.4,603.1,5,0.0,0.0,0.0,1.0,1.0,782.3,--
2025/9/3 15:27,24.3,52,24.3,53,14.1,24.3,2.2,2.9,286,950.5,1020.3,595.6,5,0.0,0.0,0.0,1.0,1.0,782.3,--
2025/9/3 15:28,24.3,52,24.5,58,15.7,24.5,2.2,2.5,317,950.3,1020.1,600.2,5,0.0,0.0,0.0,1.0,1.0,782.3,--
2025/9/3 15:29,24.2,52,24.8,52,14.3,24.8,0.0,2.5,145,950.4,1020.2,600.1,5,0.0,0.0,0.0,1.0,1.0,782.3,--
2025/9/3 15:30,24.3,52,24.9,49,13.5,24.9,4.3,4.3,128,950.5,1020.3,579.2,5,0.0,0.0,0.0,1.0,1.0,782.3,--
2025/9/3 15:31,24.3,53,24.8,49,13.4,24.8,4.3,5.8,109,950.4,1020.2,555.0,5,0.0,0.0,0.0,1.0,1.0,782.3,--
2025/9/3 15:32,24.3,52,24.6,52,14.1,24.6,1.8,3.2,175,950.3,1020.1,559.3,5,0.0,0.0,0.0,1.0,1.0,782.3,--
2025/9/3 15:33,24.3,52,24.8,50,13.7,24.8,13.3,13.7,130,950.4,1020.2,612.3,5,0.0,0.0,0.0,1.0,1.0,782.3,--
2025/9/3 15:34,24.3,52,24.4,51,13.6,24.4,2.2,5.8,114,950.3,1020.1,609.0,5,0.0,0.0,0.0,1.0,1.0,782.3,--
2025/9/3 15:35,24.3,52,24.5,50,13.4,24.5,6.8,7.2,114,950.2,1020.0,524.7,4,0.0,0.0,0.0,1.0,1.0,782.3,--
2025/9/3 15:36,24.3,52,24.4,52,13.9,24.4,2.5,4.0,156,950.4,1020.2,554.3,5,0.0,0.0,0.0,1.0,1.0,782.3,--
2025/9/3 15:37,24.4,51,24.6,57,15.6,24.6,3.2,3.6,255,950.4,1020.2,574.9,5,0.0,0.0,0.0,1.0,1.0,782.3,--
2025/9/3 15:38,24.4,51,24.8,52,14.3,24.8,2.5,2.9,262,950.4,1020.2,568.9,5,0.0,0.0,0.0,1.0,1.0,782.3,--
2025/9/3 15:39,24.5,51,24.8,51,14.0,24.8,1.8,2.5,299,950.3,1020.1,537.1,4,0.0,0.0,0.0,1.0,1.0,782.3,--
2025/9/3 15:40,24.6,51,25.0,49,13.6,25.0,6.8,6.8,106,950.5,1020.3,568.0,5,0.0,0.0,0.0,1.0,1.0,782.3,--
2025/9/3 15:41,24.6,51,24.7,49,13.3,24.7,2.5,2.9,131,950.3,1020.1,531.4,4,0.0,0.0,0.0,1.0,1.0,782.3,--
2025/9/3 15:42,24.6,51,24.8,51,14.0,24.8,4.0,4.0,111,950.3,1020.1,570.4,5,0.0,0.0,0.0,1.0,1.0,782.3,--
2025/9/3 15:43,24.6,51,24.8,51,14.0,24.8,3.2,4.0,85,950.3,1020.1,546.4,5,0.0,0.0,0.0,1.0,1.0,782.3,--
2025/9/3 15:44,24.6,52,24.8,51,14.0,24.8,2.9,5.8,145,950.4,1020.2,568.0,5,0.0,0.0,0.0,1.0,1.0,782.3,--
2025/9/3 15:45,24.6,51,24.9,52,14.4,24.9,3.2,4.7,312,950.3,1020.1,512.3,4,0.0,0.0,0.0,1.0,1.0,782.3,--
2025/9/3 15:46,24.6,50,24.9,51,14.1,24.9,4.3,5.4,100,950.2,1020.0,492.5,4,0.0,0.0,0.0,1.0,1.0,782.3,--
2025/9/3 15:47,24.7,50,24.7,50,13.6,24.7,9.0,9.7,118,950.2,1020.0,542.2,5,0.0,0.0,0.0,1.0,1.0,782.3,--
2025/9/3 15:48,24.7,50,24.5,51,13.7,24.5,4.0,10.1,107,950.0,1019.8,555.4,5,0.0,0.0,0.0,1.0,1.0,782.3,--
2025/9/3 15:49,24.7,50,24.5,52,14.0,24.5,7.6,10.8,124,950.3,1020.1,545.1,5,0.0,0.0,0.0,1.0,1.0,782.3,--
2025/9/3 15:50,24.7,50,24.5,49,13.1,24.5,1.8,4.0,120,950.4,1020.2,531.6,4,0.0,0.0,0.0,1.0,1.0,782.3,--
2025/9/3 15:51,24.7,50,24.3,50,13.2,24.3,2.2,5.8,93,950.3,1020.1,545.2,5,0.0,0.0,0.0,1.0,1.0,782.3,--
2025/9/3 15:52,24.6,50,24.5,51,13.7,24.5,4.7,6.5,104,950.4,1020.2,551.1,5,0.0,0.0,0.0,1.0,1.0,782.3,--
2025/9/3 15:53,24.6,51,24.6,50,13.5,24.6,2.5,6.1,149,950.2,1020.0,543.9,5,0.0,0.0,0.0,1.0,1.0,782.3,--
2025/9/3 15:54,24.6,51,24.6,51,13.8,24.6,1.8,3.6,171,950.2,1020.0,541.4,5,0.0,0.0,0.0,1.0,1.0,782.3,--
2025/9/3 15:55,24.6,50,24.8,49,13.4,24.8,2.5,3.6,166,950.3,1020.1,544.9,5,0.0,0.0,0.0,1.0,1.0,782.3,--
2025/9/3 15:56,24.7,50,25.1,51,14.3,25.1,1.8,3.6,42,950.3,1020.1,530.5,4,0.0,0.0,0.0,1.0,1.0,782.3,--
2025/9/3 15:57,24.6,50,25.1,50,14.0,25.1,3.2,8.6,141,950.3,1020.1,528.4,4,0.0,0.0,0.0,1.0,1.0,782.3,--
2025/9/3 15:58,24.7,50,25.1,50,14.0,25.1,2.5,4.7,345,950.3,1020.1,500.0,4,0.0,0.0,0.0,1.0,1.0,782.3,--
2025/9/3 15:59,24.8,50,25.1,49,13.7,25.1,3.2,5.8,111,950.3,1020.1,507.5,4,0.0,0.0,0.0,1.0,1.0,782.3,--
2025/9/3 16:00,24.8,49,25.0,50,13.9,25.0,5.0,5.4,122,950.3,1020.1,516.6,4,0.0,0.0,0.0,1.0,1.0,782.3,--
2025/9/3 16:01,24.8,50,25.2,51,14.4,25.2,7.2,7.9,109,950.3,1020.1,520.4,4,0.0,0.0,0.0,1.0,1.0,782.3,--
2025/9/3 16:02,24.8,50,25.1,50,14.0,25.1,3.2,4.7,105,950.2,1020.0,510.8,4,0.0,0.0,0.0,1.0,1.0,782.3,--
2025/9/3 16:03,24.8,50,25.2,50,14.1,25.2,5.4,5.8,254,950.2,1020.0,475.5,4,0.0,0.0,0.0,1.0,1.0,782.3,--
2025/9/3 16:04,24.8,50,25.2,54,15.3,25.2,2.5,5.0,266,950.2,1020.0,477.1,4,0.0,0.0,0.0,1.0,1.0,782.3,--
2025/9/3 16:05,24.9,50,25.2,53,15.0,25.2,3.2,6.1,235,950.3,1020.1,468.4,4,0.0,0.0,0.0,1.0,1.0,782.3,--
2025/9/3 16:06,24.9,50,25.4,51,14.6,25.4,4.0,5.0,80,950.1,1019.9,448.5,4,0.0,0.0,0.0,1.0,1.0,782.3,--
2025/9/3 16:07,24.9,50,25.0,51,14.2,25.0,7.2,7.2,163,950.1,1019.9,459.9,4,0.0,0.0,0.0,1.0,1.0,782.3,--
2025/9/3 16:08,24.9,50,25.0,50,13.9,25.0,3.6,6.1,129,950.3,1020.1,449.8,4,0.0,0.0,0.0,1.0,1.0,782.3,--
2025/9/3 16:09,24.9,50,25.0,52,14.5,25.0,2.9,5.0,268,950.1,1019.9,442.3,4,0.0,0.0,0.0,1.0,1.0,782.3,--
2025/9/3 16:10,24.9,50,24.9,51,14.1,24.9,6.5,10.8,116,950.2,1020.0,447.3,4,0.0,0.0,0.0,1.0,1.0,782.3,--
2025/9/3 16:11,24.9,50,24.8,52,14.3,24.8,5.8,10.8,105,950.2,1020.0,443.8,4,0.0,0.0,0.0,1.0,1.0,782.3,--
2025/9/3 16:12,24.9,49,24.5,50,13.4,24.5,9.7,11.5,125,950.2,1020.0,451.5,4,0.0,0.0,0.0,1.0,1.0,782.3,--
2025/9/3 16:13,24.9,50,24.3,50,13.2,24.3,7.2,7.2,111,950.3,1020.1,435.2,4,0.0,0.0,0.0,1.0,1.0,782.3,--
2025/9/3 16:14,24.9,50,24.3,51,13.6,24.3,5.8,7.2,121,950.3,1020.1,441.9,4,0.0,0.0,0.0,1.0,1.0,782.3,--
2025/9/3 16:15,24.8,51,24.4,50,13.3,24.4,1.8,5.8,148,950.2,1020.0,452.6,4,0.0,0.0,0.0,1.0,1.0,782.3,--
2025/9/3 16:16,24.8,51,24.4,50,13.3,24.4,3.6,4.3,119,950.2,1020.0,446.1,4,0.0,0.0,0.0,1.0,1.0,782.3,--
2025/9/3 16:17,24.7,51,24.6,50,13.5,24.6,2.5,4.0,105,950.2,1020.0,447.2,4,0.0,0.0,0.0,1.0,1.0,782.3,--
2025/9/3 16:18,24.6,52,24.7,49,13.3,24.7,2.5,3.6,102,950.1,1019.9,447.8,4,0.0,0.0,0.0,1.0,1.0,782.3,--
2025/9/3 16:19,24.6,52,24.8,52,14.3,24.8,2.5,4.3,68,950.4,1020.2,457.3,4,0.0,0.0,0.0,1.0,1.0,782.3,--
2025/9/3 16:20,24.5,53,24.9,50,13.8,24.9,10.8,14.0,114,950.2,1020.0,454.5,4,0.0,0.0,0.0,1.0,1.0,782.3,--
2025/9/3 16:21,24.5,53,24.8,50,13.7,24.8,1.8,2.5,146,950.2,1020.0,440.5,4,0.0,0.0,0.0,1.0,1.0,782.3,--
2025/9/3 16:22,24.4,53,24.9,48,13.2,24.9,8.3,8.3,113,950.4,1020.2,435.0,4,0.0,0.0,0.0,1.0,1.0,782.3,--
2025/9/3 16:23,24.4,53,24.7,50,13.6,24.7,2.5,3.2,76,950.2,1020.0,433.3,4,0.0,0.0,0.0,1.0,1.0,782.3,--
2025/9/3 16:24,24.4,53,24.7,50,13.6,24.7,2.5,5.8,120,950.3,1020.1,421.8,3,0.0,0.0,0.0,1.0,1.0,782.3,--
2025/9/3 16:25,24.4,54,24.7,48,13.0,24.7,6.8,10.8,124,950.3,1020.1,419.1,3,0.0,0.0,0.0,1.0,1.0,782.3,--
2025/9/3 16:26,24.4,54,24.4,50,13.3,24.4,5.0,6.8,105,950.2,1020.0,423.8,3,0.0,0.0,0.0,1.0,1.0,782.3,--
2025/9/3 16:27,24.3,54,24.4,49,13.0,24.4,7.2,7.2,107,950.3,1020.1,411.0,3,0.0,0.0,0.0,1.0,1.0,782.3,--
2025/9/3 16:28,24.3,54,24.3,49,12.9,24.3,6.1,9.4,114,950.3,1020.1,409.3,3,0.0,0.0,0.0,1.0,1.0,782.3,--
2025/9/3 16:29,24.3,54,24.1,50,13.0,24.1,5.8,9.0,123,950.3,1020.1,423.8,3,0.0,0.0,0.0,1.0,1.0,782.3,--
2025/9/3 16:30,24.3,54,24.0,50,13.0,24.0,2.5,6.5,110,950.3,1020.1,416.4,3,0.0,0.0,0.0,1.0,1.0,782.3,--
2025/9/3 16:31,24.3,55,24.2,50,13.1,24.2,0.0,2.2,117,950.3,1020.1,402.8,3,0.0,0.0,0.0,1.0,1.0,782.3,--
2025/9/3 16:32,24.3,55,24.4,51,13.6,24.4,6.5,7.9,127,950.2,1020.0,409.4,3,0.0,0.0,0.0,1.0,1.0,782.3,--
2025/9/3 16:33,24.3,55,24.5,50,13.4,24.5,2.5,2.9,115,950.3,1020.1,415.7,3,0.0,0.0,0.0,1.0,1.0,782.3,--
2025/9/3 16:34,24.3,55,24.7,49,13.3,24.7,0.0,2.9,343,950.4,1020.2,414.8,3,0.0,0.0,0.0,1.0,1.0,782.3,--
2025/9/3 16:35,24.3,55,24.8,47,12.7,24.8,0.0,2.5,205,950.2,1020.0,410.5,3,0.0,0.0,0.0,1.0,1.0,782.3,--
2025/9/3 16:36,24.3,55,25.2,48,13.4,25.2,0.0,1.8,214,950.2,1020.0,408.8,3,0.0,0.0,0.0,1.0,1.0,782.3,--
2025/9/3 16:37,24.3,55,25.2,49,13.8,25.2,5.0,8.6,119,950.4,1020.2,408.2,3,0.0,0.0,0.0,1.0,1.0,782.3,--
2025/9/3 16:38,24.3,55,24.9,49,13.5,24.9,2.2,4.7,152,950.1,1019.9,408.6,3,0.0,0.0,0.0,1.0,1.0,782.3,--
2025/9/3 16:39,24.3,55,25.1,48,13.4,25.1,1.8,1.8,87,950.2,1020.0,407.7,3,0.0,0.0,0.0,1.0,1.0,782.3,--
2025/9/3 16:40,24.3,55,25.0,49,13.6,25.0,3.2,4.7,98,950.3,1020.1,408.1,3,0.0,0.0,0.0,1.0,1.0,782.3,--
2025/9/3 16:41,24.3,56,24.9,51,14.1,24.9,0.0,3.6,13,950.3,1020.1,404.5,3,0.0,0.0,0.0,1.0,1.0,782.3,--
2025/9/3 16:42,24.3,56,24.8,47,12.7,24.8,1.8,2.5,180,950.3,1020.1,399.5,3,0.0,0.0,0.0,1.0,1.0,782.3,--
2025/9/3 16:43,24.3,56,25.0,47,12.9,25.0,1.8,2.5,257,950.1,1019.9,393.2,3,0.0,0.0,0.0,1.0,1.0,782.3,--
2025/9/3 16:44,24.3,56,25.5,48,13.7,25.5,4.0,4.0,110,950.4,1020.2,393.1,3,0.0,0.0,0.0,1.0,1.0,782.3,--
2025/9/3 16:45,24.3,56,25.4,49,13.9,25.4,5.0,5.0,126,950.2,1020.0,389.4,3,0.0,0.0,0.0,1.0,1.0,782.3,--
2025/9/3 16:46,24.3,56,25.1,47,13.0,25.1,2.9,3.6,21,950.2,1020.0,387.1,3,0.0,0.0,0.0,1.0,1.0,782.3,--
2025/9/3 16:47,24.3,56,25.0,49,13.6,25.0,1.8,2.9,301,950.1,1019.9,381.2,3,0.0,0.0,0.0,1.0,1.0,782.3,--
2025/9/3 16:48,24.3,56,25.2,48,13.4,25.2,0.0,1.8,81,950.2,1020.0,379.4,3,0.0,0.0,0.0,1.0,1.0,782.3,--
2025/9/3 16:49,24.3,56,25.1,50,14.0,25.1,2.2,4.0,312,950.2,1020.0,373.6,3,0.0,0.0,0.0,1.0,1.0,782.3,--
2025/9/3 16:50,24.4,56,25.1,48,13.4,25.1,4.0,5.0,141,950.0,1019.8,359.5,3,0.0,0.0,0.0,1.0,1.0,782.3,--
2025/9/3 16:51,24.3,56,25.0,49,13.6,25.0,0.0,5.4,166,950.3,1020.1,358.8,3,0.0,0.0,0.0,1.0,1.0,782.3,--
2025/9/3 16:52,24.3,56,24.8,49,13.4,24.8,9.0,9.7,115,950.2,1020.0,353.8,3,0.0,0.0,0.0,1.0,1.0,782.3,--
2025/9/3 16:53,24.4,56,24.6,50,13.5,24.6,3.2,3.6,116,950.1,1019.9,339.8,3,0.0,0.0,0.0,1.0,1.0,782.3,--
2025/9/3 16:54,24.4,56,24.5,49,13.1,24.5,6.5,9.0,138,950.2,1020.0,343.8,3,0.0,0.0,0.0,1.0,1.0,782.3,--
2025/9/3 16:55,24.4,56,24.4,49,13.0,24.4,0.0,1.8,122,950.2,1020.0,346.6,3,0.0,0.0,0.0,1.0,1.0,782.3,--
2025/9/3 16:56,24.4,56,24.6,49,13.2,24.6,2.5,6.1,109,950.2,1020.0,343.0,3,0.0,0.0,0.0,1.0,1.0,782.3,--
2025/9/3 16:57,24.4,56,24.5,49,13.1,24.5,1.8,5.8,114,950.0,1019.8,342.6,3,0.0,0.0,0.0,1.0,1.0,782.3,--
2025/9/3 16:58,24.4,56,24.5,49,13.1,24.5,3.2,3.6,122,950.3,1020.1,340.4,3,0.0,0.0,0.0,1.0,1.0,782.3,--
2025/9/3 16:59,24.4,56,24.6,48,12.9,24.6,3.6,3.6,126,950.1,1019.9,337.1,3,0.0,0.0,0.0,1.0,1.0,782.3,--
2025/9/3 17:00,24.4,56,24.5,48,12.8,24.5,2.9,3.6,112,950.3,1020.1,332.1,3,0.0,0.0,0.0,1.0,1.0,782.3,--
2025/9/3 17:01,24.4,56,24.5,49,13.1,24.5,4.7,6.1,119,950.4,1020.2,325.8,3,0.0,0.0,0.0,1.0,1.0,782.3,--
2025/9/3 17:02,24.4,56,24.5,50,13.4,24.5,5.4,9.4,124,950.4,1020.2,320.9,2,0.0,0.0,0.0,1.0,1.0,782.3,--
2025/9/3 17:03,24.4,56,24.5,51,13.7,24.5,0.0,5.0,116,950.1,1019.9,317.6,2,0.0,0.0,0.0,1.0,1.0,782.3,--
2025/9/3 17:04,24.4,56,24.7,54,14.8,24.7,1.8,2.5,276,950.1,1019.9,314.1,2,0.0,0.0,0.0,1.0,1.0,782.3,--
2025/9/3 17:05,24.3,57,25.0,49,13.6,25.0,2.9,4.3,89,950.2,1020.0,308.7,2,0.0,0.0,0.0,1.0,1.0,782.3,--
2025/9/3 17:06,24.3,57,24.9,49,13.5,24.9,3.2,7.2,121,950.1,1019.9,308.5,2,0.0,0.0,0.0,1.0,1.0,782.3,--
2025/9/3 17:07,24.3,57,24.7,50,13.6,24.7,2.2,2.5,132,950.1,1019.9,305.9,2,0.0,0.0,0.0,1.0,1.0,782.3,--
2025/9/3 17:08,24.3,57,24.6,49,13.2,24.6,6.1,7.2,114,950.1,1019.9,303.8,2,0.0,0.0,0.0,1.0,1.0,782.3,--
2025/9/3 17:09,24.3,57,24.4,50,13.3,24.4,5.4,5.4,113,950.2,1020.0,299.0,2,0.0,0.0,0.0,1.0,1.0,782.3,--
2025/9/3 17:10,24.3,57,24.4,50,13.3,24.4,4.7,4.7,102,950.1,1019.9,295.5,2,0.0,0.0,0.0,1.0,1.0,782.3,--
2025/9/3 17:11,24.3,57,24.5,49,13.1,24.5,0.0,4.3,132,950.1,1019.9,292.3,2,0.0,0.0,0.0,1.0,1.0,782.3,--
2025/9/3 17:12,24.3,57,24.7,49,13.3,24.7,3.6,4.7,288,950.2,1020.0,288.3,2,0.0,0.0,0.0,1.0,1.0,782.3,--
2025/9/3 17:13,24.4,57,24.9,55,15.3,24.9,2.5,2.9,255,950.2,1020.0,284.7,2,0.0,0.0,0.0,1.0,1.0,782.3,--
2025/9/3 17:14,24.4,57,25.0,52,14.5,25.0,2.2,3.6,328,950.0,1019.8,280.9,2,0.0,0.0,0.0,1.0,1.0,782.3,--
2025/9/3 17:15,24.4,57,25.1,53,14.9,25.1,2.2,4.0,68,950.1,1019.9,276.7,2,0.0,0.0,0.0,1.0,1.0,782.3,--
2025/9/3 17:16,24.5,56,25.1,54,15.2,25.1,1.8,3.2,305,950.1,1019.9,272.2,2,0.0,0.0,0.0,1.0,1.0,782.3,--
2025/9/3 17:17,24.5,56,25.1,50,14.0,25.1,5.8,8.3,99,950.1,1019.9,271.9,2,0.0,0.0,0.0,1.0,1.0,782.3,--
2025/9/3 17:18,24.5,56,24.8,49,13.4,24.8,10.4,10.4,127,950.1,1019.9,268.7,2,0.0,0.0,0.0,1.0,1.0,782.3,--
2025/9/3 17:19,24.5,56,24.4,50,13.3,24.4,9.7,10.1,128,950.2,1020.0,266.2,2,0.0,0.0,0.0,1.0,1.0,782.3,--
2025/9/3 17:20,24.5,56,24.2,52,13.7,24.2,2.9,6.5,100,949.9,1019.7,263.3,2,0.0,0.0,0.0,1.0,1.0,782.3,--
2025/9/3 17:21,24.5,56,24.3,52,13.8,24.3,2.9,6.5,97,950.1,1019.9,260.7,2,0.0,0.0,0.0,1.0,1.0,782.3,--
2025/9/3 17:22,24.5,56,24.3,53,14.1,24.3,2.5,3.2,261,950.3,1020.1,258.0,2,0.0,0.0,0.0,1.0,1.0,782.3,--
2025/9/3 17:23,24.5,56,24.3,52,13.8,24.3,2.9,4.7,152,950.0,1019.8,255.8,2,0.0,0.0,0.0,1.0,1.0,782.3,--
2025/9/3 17:24,24.5,56,24.5,51,13.7,24.5,3.6,5.4,112,950.0,1019.8,252.0,2,0.0,0.0,0.0,1.0,1.0,782.3,--
2025/9/3 17:25,24.5,56,24.5,52,14.0,24.5,2.5,2.9,322,950.0,1019.8,249.2,2,0.0,0.0,0.0,1.0,1.0,782.3,--
2025/9/3 17:26,24.5,56,24.5,52,14.0,24.5,0.0,3.2,123,950.1,1019.9,246.3,2,0.0,0.0,0.0,1.0,1.0,782.3,--
2025/9/3 17:27,24.5,56,24.6,51,13.8,24.6,3.2,4.3,260,950.2,1020.0,243.1,2,0.0,0.0,0.0,1.0,1.0,782.3,--
2025/9/3 17:28,24.5,56,24.7,54,14.8,24.7,1.8,1.8,211,950.0,1019.8,238.2,2,0.0,0.0,0.0,1.0,1.0,782.3,--
2025/9/3 17:29,24.4,56,24.9,54,15.0,24.9,0.0,2.2,242,950.2,1020.0,236.3,2,0.0,0.0,0.0,1.0,1.0,782.3,--
2025/9/3 17:30,24.4,56,25.1,50,14.0,25.1,4.0,5.0,104,950.1,1019.9,231.8,2,0.0,0.0,0.0,1.0,1.0,782.3,--
2025/9/3 17:31,24.4,56,24.8,50,13.7,24.8,3.2,3.6,97,950.2,1020.0,228.0,2,0.0,0.0,0.0,1.0,1.0,782.3,--
2025/9/3 17:32,24.4,56,24.7,50,13.6,24.7,2.9,4.3,128,950.2,1020.0,224.7,2,0.0,0.0,0.0,1.0,1.0,782.3,--
2025/9/3 17:33,24.4,56,24.7,50,13.6,24.7,3.6,3.6,119,950.2,1020.0,219.6,2,0.0,0.0,0.0,1.0,1.0,782.3,--
2025/9/3 17:34,24.4,56,24.6,53,14.4,24.6,6.5,6.5,260,950.0,1019.8,215.1,2,0.0,0.0,0.0,1.0,1.0,782.3,--
2025/9/3 17:35,24.4,56,24.6,54,14.7,24.6,2.5,2.9,279,950.1,1019.9,211.6,1,0.0,0.0,0.0,1.0,1.0,782.3,--
2025/9/3 17:36,24.4,56,24.5,54,14.6,24.5,2.2,2.5,259,950.1,1019.9,207.2,1,0.0,0.0,0.0,1.0,1.0,782.3,--
2025/9/3 17:37,24.4,56,24.5,53,14.3,24.5,3.6,5.4,235,950.3,1020.1,202.6,1,0.0,0.0,0.0,1.0,1.0,782.3,--
2025/9/3 17:38,24.4,56,24.5,52,14.0,24.5,2.2,2.9,91,950.2,1020.0,199.2,1,0.0,0.0,0.0,1.0,1.0,782.3,--
2025/9/3 17:39,24.4,56,24.5,50,13.4,24.5,2.9,5.8,128,950.2,1020.0,195.8,1,0.0,0.0,0.0,1.0,1.0,782.3,--
2025/9/3 17:40,24.4,56,24.3,52,13.8,24.3,0.0,3.6,212,950.0,1019.8,193.1,1,0.0,0.0,0.0,1.0,1.0,782.3,--
2025/9/3 17:41,24.4,56,24.5,51,13.7,24.5,2.5,2.9,75,950.2,1020.0,191.5,1,0.0,0.0,0.0,1.0,1.0,782.3,--
2025/9/3 17:42,24.4,56,24.5,51,13.7,24.5,0.0,4.7,162,950.1,1019.9,190.2,1,0.0,0.0,0.0,1.0,1.0,782.3,--
2025/9/3 17:43,24.4,56,24.6,53,14.4,24.6,1.8,2.2,285,950.2,1020.0,188.1,1,0.0,0.0,0.0,1.0,1.0,782.3,--
2025/9/3 17:44,24.4,56,24.8,53,14.6,24.8,1.8,2.2,252,950.2,1020.0,184.1,1,0.0,0.0,0.0,1.0,1.0,782.3,--
2025/9/3 17:45,24.4,56,24.8,50,13.7,24.8,4.3,5.0,116,950.2,1020.0,180.0,1,0.0,0.0,0.0,1.0,1.0,782.3,--
2025/9/3 17:46,24.3,56,24.5,51,13.7,24.5,3.6,6.8,98,950.4,1020.2,176.0,1,0.0,0.0,0.0,1.0,1.0,782.3,--
2025/9/3 17:47,24.3,56,24.4,52,13.9,24.4,0.0,0.0,336,950.4,1020.2,172.9,1,0.0,0.0,0.0,1.0,1.0,782.3,--
2025/9/3 17:48,24.3,56,24.5,52,14.0,24.5,2.9,3.2,262,950.4,1020.2,170.7,1,0.0,0.0,0.0,1.0,1.0,782.3,--
2025/9/3 17:49,24.3,56,24.5,54,14.6,24.5,0.0,1.8,303,950.3,1020.1,168.5,1,0.0,0.0,0.0,1.0,1.0,782.3,--
2025/9/3 17:50,24.3,56,24.4,50,13.3,24.4,4.3,5.0,123,950.2,1020.0,150.9,1,0.0,0.0,0.0,1.0,1.0,782.3,--
2025/9/3 17:51,24.3,57,24.2,51,13.5,24.2,6.8,6.8,117,950.3,1020.1,95.5,0,0.0,0.0,0.0,1.0,1.0,782.3,--
2025/9/3 17:52,24.3,57,24.0,51,13.3,24.0,5.4,5.4,125,950.4,1020.2,68.1,0,0.0,0.0,0.0,1.0,1.0,782.3,--
2025/9/3 17:53,24.3,57,23.8,52,13.4,23.8,6.5,7.6,118,950.2,1020.0,80.8,0,0.0,0.0,0.0,1.0,1.0,782.3,--
2025/9/3 17:54,24.3,57,23.8,52,13.4,23.8,0.0,2.5,230,950.3,1020.1,75.1,0,0.0,0.0,0.0,1.0,1.0,782.3,--
2025/9/3 17:55,24.3,57,23.7,52,13.3,23.7,1.8,3.2,322,950.3,1020.1,62.1,0,0.0,0.0,0.0,1.0,1.0,782.3,--
2025/9/3 17:56,24.3,57,23.7,53,13.6,23.7,0.0,1.8,75,950.4,1020.2,58.7,0,0.0,0.0,0.0,1.0,1.0,782.3,--
2025/9/3 17:57,24.3,57,23.7,52,13.3,23.7,1.8,3.2,238,950.2,1020.0,60.6,0,0.0,0.0,0.0,1.0,1.0,782.3,--
2025/9/3 17:58,24.3,57,23.6,52,13.2,23.6,0.0,1.8,269,950.2,1020.0,61.7,0,0.0,0.0,0.0,1.0,1.0,782.3,--
2025/9/3 17:59,24.2,57,23.3,54,13.5,23.3,2.9,2.9,84,950.4,1020.2,63.0,0,0.0,0.0,0.0,1.0,1.0,782.3,--
2025/9/3 18:00,24.2,57,23.2,53,13.1,23.2,6.5,6.5,118,950.3,1020.1,65.2,0,0.0,0.0,0.0,1.0,1.0,782.3,--
2025/9/3 18:01,24.2,57,23.3,53,13.2,23.3,0.0,2.2,174,950.5,1020.3,68.8,0,0.0,0.0,0.0,1.0,1.0,782.3,--
2025/9/3 18:02,24.2,57,23.3,56,14.1,23.3,2.2,3.2,269,950.4,1020.2,70.9,0,0.0,0.0,0.0,1.0,1.0,782.3,--
2025/9/3 18:03,24.2,57,22.9,58,14.2,22.9,1.8,3.6,252,950.4,1020.2,71.6,0,0.0,0.0,0.0,1.0,1.0,782.3,--
2025/9/3 18:04,24.2,57,22.6,59,14.2,22.6,0.0,2.2,280,950.5,1020.3,71.1,0,0.0,0.0,0.0,1.0,1.0,782.3,--
2025/9/3 18:05,24.2,57,22.4,58,13.7,22.4,0.0,2.9,199,950.4,1020.2,69.8,0,0.0,0.0,0.0,1.0,1.0,782.3,--
2025/9/3 18:06,24.2,57,22.4,55,12.9,22.4,2.2,2.5,126,950.5,1020.3,67.3,0,0.0,0.0,0.0,1.0,1.0,782.3,--
2025/9/3 18:07,24.2,57,22.6,57,13.7,22.6,3.2,3.2,277,950.4,1020.2,65.2,0,0.0,0.0,0.0,1.0,1.0,782.3,--
2025/9/3 18:08,24.2,57,22.6,54,12.8,22.6,2.5,5.0,113,950.2,1020.0,63.6,0,0.0,0.0,0.0,1.0,1.0,782.3,--
2025/9/3 18:09,24.2,57,22.9,53,12.8,22.9,0.0,4.0,109,950.2,1020.0,61.9,0,0.0,0.0,0.0,1.0,1.0,782.3,--
2025/9/3 18:10,24.2,57,23.0,54,13.2,23.0,0.0,2.2,122,950.4,1020.2,59.7,0,0.0,0.0,0.0,1.0,1.0,782.3,--
2025/9/3 18:11,24.2,57,23.0,57,14.1,23.0,1.8,2.9,241,950.4,1020.2,56.9,0,0.0,0.0,0.0,1.0,1.0,782.3,--
2025/9/3 18:12,24.2,57,23.0,52,12.6,23.0,2.2,3.6,131,950.3,1020.1,54.8,0,0.0,0.0,0.0,1.0,1.0,782.3,--
2025/9/3 18:13,24.2,57,23.0,52,12.6,23.0,3.6,6.1,124,950.4,1020.2,53.2,0,0.0,0.0,0.0,1.0,1.0,782.3,--
2025/9/3 18:14,24.2,57,23.0,53,12.9,23.0,0.0,1.8,117,950.2,1020.0,51.8,0,0.0,0.0,0.0,1.0,1.0,782.3,--
2025/9/3 18:15,24.2,57,23.0,52,12.6,23.0,1.8,2.5,106,950.5,1020.3,50.1,0,0.0,0.0,0.0,1.0,1.0,782.3,--
2025/9/3 18:16,24.2,57,23.0,52,12.6,23.0,3.6,3.6,101,950.3,1020.1,48.3,0,0.0,0.0,0.0,1.0,1.0,782.3,--
2025/9/3 18:17,24.2,57,23.0,55,13.5,23.0,0.0,2.2,208,950.2,1020.0,46.2,0,0.0,0.0,0.0,1.0,1.0,782.3,--
2025/9/3 18:18,24.2,57,22.8,53,12.7,22.8,2.2,2.5,239,950.2,1020.0,44.2,0,0.0,0.0,0.0,1.0,1.0,782.3,--
2025/9/3 18:19,24.2,57,22.7,60,14.6,22.7,0.0,0.0,259,950.4,1020.2,42.4,0,0.0,0.0,0.0,1.0,1.0,782.3,--
2025/9/3 18:20,24.2,57,22.4,62,14.8,22.4,0.0,0.0,246,950.2,1020.0,40.7,0,0.0,0.0,0.0,1.0,1.0,782.3,--
2025/9/3 18:21,24.1,57,22.3,60,14.2,22.3,0.0,0.0,246,950.3,1020.1,39.6,0,0.0,0.0,0.0,1.0,1.0,782.3,--
2025/9/3 18:22,24.1,57,22.1,61,14.2,22.1,0.0,0.0,235,950.3,1020.1,38.6,0,0.0,0.0,0.0,1.0,1.0,782.3,--
2025/9/3 18:23,24.2,56,22.0,60,13.9,22.0,1.8,1.8,247,950.3,1020.1,37.9,0,0.0,0.0,0.0,1.0,1.0,782.3,--
2025/9/3 18:24,24.1,56,21.7,61,13.9,21.7,0.0,0.0,269,950.3,1020.1,37.5,0,0.0,0.0,0.0,1.0,1.0,782.3,--
2025/9/3 18:25,24.1,56,21.6,61,13.8,21.6,0.0,0.0,219,950.3,1020.1,37.2,0,0.0,0.0,0.0,1.0,1.0,782.3,--
2025/9/3 18:26,24.1,55,21.5,61,13.7,21.5,0.0,0.0,202,950.2,1020.0,36.8,0,0.0,0.0,0.0,1.0,1.0,782.3,--
2025/9/3 18:27,24.1,55,21.4,61,13.6,21.4,0.0,0.0,219,950.3,1020.1,36.4,0,0.0,0.0,0.0,1.0,1.0,782.3,--
2025/9/3 18:28,24.1,55,21.3,61,13.5,21.3,0.0,0.0,230,950.4,1020.2,36.0,0,0.0,0.0,0.0,1.0,1.0,782.3,--
2025/9/3 18:29,24.1,55,21.2,62,13.6,21.2,0.0,0.0,230,950.3,1020.1,35.6,0,0.0,0.0,0.0,1.0,1.0,782.3,--
2025/9/3 18:30,24.1,54,21.1,64,14.0,21.1,0.0,0.0,230,950.3,1020.1,35.2,0,0.0,0.0,0.0,1.0,1.0,782.3,--
2025/9/3 18:31,24.1,54,21.1,63,13.8,21.1,0.0,0.0,230,950.3,1020.1,34.9,0,0.0,0.0,0.0,1.0,1.0,782.3,--
2025/9/3 18:32,24.1,54,20.9,65,14.1,20.9,0.0,0.0,230,950.4,1020.2,34.6,0,0.0,0.0,0.0,1.0,1.0,782.3,--
2025/9/3 18:33,24.1,54,20.8,63,13.5,20.8,0.0,0.0,233,950.4,1020.2,34.3,0,0.0,0.0,0.0,1.0,1.0,782.3,--
2025/9/3 18:34,24.1,54,20.7,63,13.4,20.7,0.0,0.0,233,950.1,1019.9,33.9,0,0.0,0.0,0.0,1.0,1.0,782.3,--
2025/9/3 18:35,24.0,54,20.7,64,13.7,20.7,0.0,0.0,233,950.2,1020.0,33.6,0,0.0,0.0,0.0,1.0,1.0,782.3,--
2025/9/3 18:36,24.0,54,20.6,64,13.6,20.6,0.0,0.0,233,950.2,1020.0,33.0,0,0.0,0.0,0.0,1.0,1.0,782.3,--
2025/9/3 18:37,24.1,54,20.6,64,13.6,20.6,0.0,0.0,233,950.2,1020.0,32.5,0,0.0,0.0,0.0,1.0,1.0,782.3,--
2025/9/3 18:38,24.1,54,20.6,64,13.6,20.6,0.0,0.0,233,950.3,1020.1,32.1,0,0.0,0.0,0.0,1.0,1.0,782.3,--
2025/9/3 18:39,24.1,54,20.5,64,13.5,20.5,0.0,0.0,233,950.1,1019.9,31.6,0,0.0,0.0,0.0,1.0,1.0,782.3,--
2025/9/3 18:40,24.1,54,20.5,63,13.2,20.5,0.0,0.0,233,949.9,1019.7,31.2,0,0.0,0.0,0.0,1.0,1.0,782.3,--
2025/9/3 18:41,24.1,54,20.5,64,13.5,20.5,0.0,0.0,233,950.3,1020.1,30.8,0,0.0,0.0,0.0,1.0,1.0,782.3,--
2025/9/3 18:42,24.0,54,20.5,64,13.5,20.5,0.0,0.0,233,950.2,1020.0,30.3,0,0.0,0.0,0.0,1.0,1.0,782.3,--
2025/9/3 18:43,24.1,54,20.4,65,13.6,20.4,0.0,0.0,233,950.1,1019.9,29.9,0,0.0,0.0,0.0,1.0,1.0,782.3,--
2025/9/3 18:44,24.0,54,20.3,65,13.5,20.3,0.0,0.0,233,950.2,1020.0,29.5,0,0.0,0.0,0.0,1.0,1.0,782.3,--
2025/9/3 18:45,24.0,54,20.2,65,13.4,20.2,0.0,0.0,233,950.2,1020.0,29.2,0,0.0,0.0,0.0,1.0,1.0,782.3,--
2025/9/3 18:46,24.0,54,20.2,64,13.2,20.2,0.0,0.0,233,950.4,1020.2,28.8,0,0.0,0.0,0.0,1.0,1.0,782.3,--
2025/9/3 18:47,24.0,54,20.2,67,13.9,20.2,0.0,0.0,233,950.2,1020.0,28.4,0,0.0,0.0,0.0,1.0,1.0,782.3,--
2025/9/3 18:48,24.0,54,20.1,64,13.1,20.1,0.0,0.0,233,950.2,1020.0,28.0,0,0.0,0.0,0.0,1.0,1.0,782.3,--
2025/9/3 18:49,24.0,55,20.1,64,13.1,20.1,0.0,0.0,233,950.1,1019.9,27.6,0,0.0,0.0,0.0,1.0,1.0,782.3,--
2025/9/3 18:50,24.0,55,20.0,64,13.0,20.0,0.0,0.0,233,950.2,1020.0,27.1,0,0.0,0.0,0.0,1.0,1.0,782.3,--
2025/9/3 18:51,24.0,55,20.0,66,13.5,20.0,0.0,0.0,233,950.1,1019.9,26.7,0,0.0,0.0,0.0,1.0,1.0,782.3,--
2025/9/3 18:52,24.0,55,19.9,64,12.9,19.9,0.0,0.0,233,950.2,1020.0,26.3,0,0.0,0.0,0.0,1.0,1.0,782.3,--
2025/9/3 18:53,24.0,55,19.9,65,13.1,19.9,0.0,0.0,233,950.2,1020.0,25.8,0,0.0,0.0,0.0,1.0,1.0,782.3,--
2025/9/3 18:54,24.0,55,19.8,67,13.5,19.8,0.0,0.0,233,950.4,1020.2,25.4,0,0.0,0.0,0.0,1.0,1.0,782.3,--
2025/9/3 18:55,24.0,55,19.8,66,13.3,19.8,0.0,0.0,304,950.3,1020.1,25.0,0,0.0,0.0,0.0,1.0,1.0,782.3,--
2025/9/3 18:56,24.0,55,19.7,66,13.2,19.7,0.0,0.0,304,950.2,1020.0,24.6,0,0.0,0.0,0.0,1.0,1.0,782.3,--
2025/9/3 18:57,24.1,55,19.7,68,13.6,19.7,0.0,0.0,304,950.2,1020.0,24.1,0,0.0,0.0,0.0,1.0,1.0,782.3,--
2025/9/3 18:58,24.1,55,19.7,71,14.3,19.7,0.0,0.0,309,950.3,1020.1,23.6,0,0.0,0.0,0.0,1.0,1.0,782.3,--
2025/9/3 18:59,24.1,55,19.6,70,14.0,19.6,0.0,0.0,38,950.3,1020.1,23.2,0,0.0,0.0,0.0,1.0,1.0,782.3,--
2025/9/3 19:00,24.0,55,19.7,70,14.1,19.7,0.0,0.0,38,950.2,1020.0,22.7,0,0.0,0.0,0.0,1.0,1.0,782.3,--
2025/9/3 19:01,24.0,55,19.7,68,13.6,19.7,0.0,2.9,313,950.3,1020.1,22.2,0,0.0,0.0,0.0,1.0,1.0,782.3,--
2025/9/3 19:02,24.0,55,19.8,70,14.2,19.8,1.8,2.2,301,950.3,1020.1,21.7,0,0.0,0.0,0.0,1.0,1.0,782.3,--
2025/9/3 19:03,24.0,55,19.9,67,13.6,19.9,0.0,2.2,57,950.3,1020.1,21.3,0,0.0,0.0,0.0,1.0,1.0,782.3,--
2025/9/3 19:04,24.0,55,20.0,66,13.5,20.0,2.9,4.3,10,950.4,1020.2,20.7,0,0.0,0.0,0.0,1.0,1.0,782.3,--
2025/9/3 19:05,24.1,55,20.3,66,13.8,20.3,4.0,4.0,7,950.5,1020.3,20.2,0,0.0,0.0,0.0,1.0,1.0,782.3,--
2025/9/3 19:06,24.0,55,20.4,67,14.1,20.4,0.0,2.9,341,950.4,1020.2,19.7,0,0.0,0.0,0.0,1.0,1.0,782.3,--
2025/9/3 19:07,24.0,55,20.4,67,14.1,20.4,3.2,3.2,4,950.3,1020.1,19.1,0,0.0,0.0,0.0,1.0,1.0,782.3,--
2025/9/3 19:08,24.1,55,20.4,66,13.8,20.4,2.5,4.0,22,950.2,1020.0,18.6,0,0.0,0.0,0.0,1.0,1.0,782.3,--
2025/9/3 19:09,24.0,55,20.4,66,13.8,20.4,0.0,2.2,243,950.4,1020.2,18.0,0,0.0,0.0,0.0,1.0,1.0,782.3,--
2025/9/3 19:10,24.0,55,20.4,66,13.8,20.4,2.2,3.6,346,950.3,1020.1,17.5,0,0.0,0.0,0.0,1.0,1.0,782.3,--
2025/9/3 19:11,24.1,55,20.4,66,13.8,20.4,2.2,2.9,341,950.2,1020.0,16.9,0,0.0,0.0,0.0,1.0,1.0,782.3,--
2025/9/3 19:12,24.0,55,20.3,68,14.2,20.3,0.0,0.0,309,950.5,1020.3,16.3,0,0.0,0.0,0.0,1.0,1.0,782.3,--
2025/9/3 19:13,24.0,55,20.2,67,13.9,20.2,0.0,1.8,321,950.3,1020.1,15.7,0,0.0,0.0,0.0,1.0,1.0,782.3,--
2025/9/3 19:14,24.0,55,20.2,67,13.9,20.2,4.7,4.7,22,950.4,1020.2,15.1,0,0.0,0.0,0.0,1.0,1.0,782.3,--
2025/9/3 19:15,24.0,55,20.2,68,14.1,20.2,0.0,1.8,280,950.3,1020.1,14.5,0,0.0,0.0,0.0,1.0,1.0,782.3,--
2025/9/3 19:16,24.0,55,20.1,67,13.8,20.1,2.9,2.9,258,950.3,1020.1,13.9,0,0.0,0.0,0.0,1.0,1.0,782.3,--
2025/9/3 19:17,24.0,55,20.0,67,13.7,20.0,2.2,5.0,16,950.3,1020.1,13.3,0,0.0,0.0,0.0,1.0,1.0,782.3,--
2025/9/3 19:18,24.0,56,20.0,66,13.5,20.0,6.1,6.8,17,950.4,1020.2,12.7,0,0.0,0.0,0.0,1.0,1.0,782.3,--
2025/9/3 19:19,24.0,56,20.0,68,13.9,20.0,1.8,2.5,352,950.3,1020.1,12.2,0,0.0,0.0,0.0,1.0,1.0,782.3,--
2025/9/3 19:20,24.0,56,20.0,67,13.7,20.0,3.2,4.0,350,950.4,1020.2,11.6,0,0.0,0.0,0.0,1.0,1.0,782.3,--
2025/9/3 19:21,24.0,56,19.9,68,13.8,19.9,0.0,2.2,12,950.4,1020.2,11.0,0,0.0,0.0,0.0,1.0,1.0,782.3,--
2025/9/3 19:22,24.0,56,19.9,68,13.8,19.9,2.5,3.2,330,950.4,1020.2,10.4,0,0.0,0.0,0.0,1.0,1.0,782.3,--
2025/9/3 19:23,24.0,56,19.9,68,13.8,19.9,0.0,2.9,321,950.4,1020.2,9.8,0,0.0,0.0,0.0,1.0,1.0,782.3,--
2025/9/3 19:24,24.0,56,19.9,68,13.8,19.9,2.2,2.9,2,950.5,1020.3,9.3,0,0.0,0.0,0.0,1.0,1.0,782.3,--
2025/9/3 19:25,24.0,56,19.9,69,14.1,19.9,4.3,4.3,348,950.6,1020.4,8.7,0,0.0,0.0,0.0,1.0,1.0,782.3,--
2025/9/3 19:26,24.0,56,19.8,70,14.2,19.8,2.2,2.9,294,950.6,1020.4,8.2,0,0.0,0.0,0.0,1.0,1.0,782.3,--
2025/9/3 19:27,24.0,56,19.8,70,14.2,19.8,3.6,3.6,1,950.5,1020.3,7.6,0,0.0,0.0,0.0,1.0,1.0,782.3,--
2025/9/3 19:28,24.0,56,19.7,70,14.1,19.7,1.8,3.6,6,950.4,1020.2,6.8,0,0.0,0.0,0.0,1.0,1.0,782.3,--
2025/9/3 19:29,24.0,56,19.6,70,14.0,19.6,2.9,3.6,39,950.4,1020.2,6.3,0,0.0,0.0,0.0,1.0,1.0,782.3,--
2025/9/3 19:30,24.0,56,19.5,72,14.3,19.5,0.0,1.8,6,950.4,1020.2,5.9,0,0.0,0.0,0.0,1.0,1.0,782.3,--
2025/9/3 19:31,24.0,56,19.4,72,14.2,19.4,2.9,2.9,348,950.4,1020.2,5.3,0,0.0,0.0,0.0,1.0,1.0,782.3,--
2025/9/3 19:32,23.9,56,19.3,71,13.9,19.3,1.8,3.2,331,950.5,1020.3,4.9,0,0.0,0.0,0.0,1.0,1.0,782.3,--
2025/9/3 19:33,24.0,56,19.2,71,13.8,19.2,3.2,4.3,0,950.5,1020.3,4.4,0,0.0,0.0,0.0,1.0,1.0,782.3,--
2025/9/3 19:34,24.0,56,19.2,71,13.8,19.2,2.2,3.2,342,950.5,1020.3,4.1,0,0.0,0.0,0.0,1.0,1.0,782.3,--
2025/9/3 19:35,24.0,56,19.2,70,13.6,19.2,0.0,4.3,327,950.5,1020.3,3.7,0,0.0,0.0,0.0,1.0,1.0,782.3,--
2025/9/3 19:36,24.0,56,19.1,70,13.5,19.1,1.8,4.3,4,950.5,1020.3,3.3,0,0.0,0.0,0.0,1.0,1.0,782.3,--
2025/9/3 19:37,24.0,56,19.1,70,13.5,19.1,0.0,2.2,281,950.4,1020.2,2.9,0,0.0,0.0,0.0,1.0,1.0,782.3,--
2025/9/3 19:38,24.0,56,19.1,70,13.5,19.1,1.8,2.2,342,950.6,1020.4,2.6,0,0.0,0.0,0.0,1.0,1.0,782.3,--
2025/9/3 19:39,24.0,56,19.1,70,13.5,19.1,2.5,2.5,341,950.4,1020.2,2.2,0,0.0,0.0,0.0,1.0,1.0,782.3,--
2025/9/3 19:40,24.0,56,19.1,70,13.5,19.1,2.5,2.9,352,950.5,1020.3,2.0,0,0.0,0.0,0.0,1.0,1.0,782.3,--
2025/9/3 19:41,24.0,56,19.0,71,13.6,19.0,0.0,1.8,51,950.2,1020.0,1.8,0,0.0,0.0,0.0,1.0,1.0,782.3,--
2025/9/3 19:42,24.0,56,19.0,69,13.2,19.0,0.0,0.0,79,950.6,1020.4,1.5,0,0.0,0.0,0.0,1.0,1.0,782.3,--
2025/9/3 19:43,24.0,56,18.9,70,13.3,18.9,2.9,4.3,20,950.4,1020.2,1.3,0,0.0,0.0,0.0,1.0,1.0,782.3,--
2025/9/3 19:44,24.0,56,19.0,70,13.4,19.0,0.0,1.8,77,950.5,1020.3,1.1,0,0.0,0.0,0.0,1.0,1.0,782.3,--
2025/9/3 19:45,24.0,56,19.0,71,13.6,19.0,0.0,0.0,137,950.3,1020.1,0.9,0,0.0,0.0,0.0,1.0,1.0,782.3,--
2025/9/3 19:46,24.1,56,19.0,72,13.8,19.0,0.0,0.0,50,950.4,1020.2,0.7,0,0.0,0.0,0.0,1.0,1.0,782.3,--
2025/9/3 19:47,24.1,56,18.8,72,13.6,18.8,0.0,0.0,11,950.4,1020.2,0.6,0,0.0,0.0,0.0,1.0,1.0,782.3,--
2025/9/3 19:48,24.1,56,18.7,73,13.8,18.7,0.0,0.0,6,950.5,1020.3,0.5,0,0.0,0.0,0.0,1.0,1.0,782.3,--
2025/9/3 19:49,24.0,56,18.6,73,13.7,18.6,2.5,3.2,20,950.4,1020.2,0.4,0,0.0,0.0,0.0,1.0,1.0,782.3,--
2025/9/3 19:50,24.0,56,18.6,74,13.9,18.6,2.5,3.2,7,950.3,1020.1,0.3,0,0.0,0.0,0.0,1.0,1.0,782.3,--
2025/9/3 19:51,24.0,56,18.5,74,13.8,18.5,1.8,2.5,338,950.5,1020.3,0.3,0,0.0,0.0,0.0,1.0,1.0,782.3,--
2025/9/3 19:52,24.0,56,18.3,75,13.8,18.3,2.2,2.5,15,950.7,1020.5,0.2,0,0.0,0.0,0.0,1.0,1.0,782.3,--
2025/9/3 19:53,24.0,56,18.2,76,13.9,18.2,1.8,1.8,3,950.4,1020.2,0.1,0,0.0,0.0,0.0,1.0,1.0,782.3,--
2025/9/3 19:54,24.1,56,18.1,76,13.8,18.1,2.5,2.9,338,950.7,1020.5,0.1,0,0.0,0.0,0.0,1.0,1.0,782.3,--
2025/9/3 19:55,24.0,56,18.0,77,13.9,18.0,0.0,2.2,317,950.7,1020.5,0.0,0,0.0,0.0,0.0,1.0,1.0,782.3,--
2025/9/3 19:56,24.0,56,17.9,76,13.6,17.9,0.0,0.0,27,950.4,1020.2,0.0,0,0.0,0.0,0.0,1.0,1.0,782.3,--
2025/9/3 19:57,24.0,56,17.9,74,13.2,17.9,0.0,2.5,297,950.4,1020.2,0.0,0,0.0,0.0,0.0,1.0,1.0,782.3,--
2025/9/3 19:58,24.0,56,17.9,74,13.2,17.9,0.0,3.6,327,950.6,1020.4,0.0,0,0.0,0.0,0.0,1.0,1.0,782.3,--
2025/9/3 19:59,24.0,56,18.0,73,13.1,18.0,1.8,2.5,293,950.5,1020.3,0.0,0,0.0,0.0,0.0,1.0,1.0,782.3,--
2025/9/3 20:00,24.0,56,18.0,73,13.1,18.0,0.0,2.5,53,950.5,1020.3,0.0,0,0.0,0.0,0.0,1.0,1.0,782.3,--
2025/9/3 20:01,24.0,57,18.0,73,13.1,18.0,0.0,1.8,235,950.5,1020.3,0.0,0,0.0,0.0,0.0,1.0,1.0,782.3,--
2025/9/3 20:02,24.1,57,18.1,73,13.2,18.1,2.9,6.5,356,950.6,1020.4,0.0,0,0.0,0.0,0.0,1.0,1.0,782.3,--
2025/9/3 20:03,24.0,57,18.1,74,13.4,18.1,0.0,2.2,275,950.6,1020.4,0.0,0,0.0,0.0,0.0,1.0,1.0,782.3,--
2025/9/3 20:04,24.1,57,18.0,73,13.1,18.0,2.2,2.9,282,950.3,1020.1,0.0,0,0.0,0.0,0.0,1.0,1.0,782.3,--
2025/9/3 20:05,24.1,57,18.0,74,13.3,18.0,1.8,2.5,0,950.5,1020.3,0.0,0,0.0,0.0,0.0,1.0,1.0,782.3,--
2025/9/3 20:06,24.1,57,18.0,74,13.3,18.0,0.0,1.8,322,950.4,1020.2,0.0,0,0.0,0.0,0.0,1.0,1.0,782.3,--
2025/9/3 20:07,24.1,57,17.9,74,13.2,17.9,0.0,2.2,315,950.4,1020.2,0.0,0,0.0,0.0,0.0,1.0,1.0,782.3,--
2025/9/3 20:08,24.1,57,17.9,74,13.2,17.9,2.9,3.6,299,950.5,1020.3,0.0,0,0.0,0.0,0.0,1.0,1.0,782.3,--
2025/9/3 20:09,24.0,57,17.9,72,12.8,17.9,3.6,4.0,273,950.6,1020.4,0.0,0,0.0,0.0,0.0,1.0,1.0,782.3,--
2025/9/3 20:10,24.0,58,18.0,72,12.9,18.0,4.0,4.7,317,950.6,1020.4,0.0,0,0.0,0.0,0.0,1.0,1.0,782.3,--
2025/9/3 20:11,24.0,57,18.2,71,12.9,18.2,2.2,2.5,10,950.6,1020.4,0.0,0,0.0,0.0,0.0,1.0,1.0,782.3,--
2025/9/3 20:12,24.0,58,18.3,71,13.0,18.3,3.2,4.3,320,950.7,1020.5,0.0,0,0.0,0.0,0.0,1.0,1.0,782.3,--
2025/9/3 20:13,24.0,58,18.4,71,13.1,18.4,3.2,3.6,34,950.8,1020.6,0.0,0,0.0,0.0,0.0,1.0,1.0,782.3,--
2025/9/3 20:14,24.0,58,18.5,71,13.2,18.5,2.5,3.6,330,951.0,1020.8,0.0,0,0.0,0.0,0.0,1.0,1.0,782.3,--
2025/9/3 20:15,24.0,58,18.5,71,13.2,18.5,1.8,4.0,6,950.6,1020.4,0.0,0,0.0,0.0,0.0,1.0,1.0,782.3,--
2025/9/3 20:16,24.1,58,18.5,70,13.0,18.5,2.9,2.9,15,950.7,1020.5,0.0,0,0.0,0.0,0.0,1.0,1.0,782.3,--
2025/9/3 20:17,24.1,58,18.5,71,13.2,18.5,2.2,3.6,37,950.6,1020.4,0.0,0,0.0,0.0,0.0,1.0,1.0,782.3,--
2025/9/3 20:18,24.1,58,18.4,72,13.2,18.4,2.2,2.5,12,950.7,1020.5,0.0,0,0.0,0.0,0.0,1.0,1.0,782.3,--
2025/9/3 20:19,24.1,58,18.3,72,13.2,18.3,0.0,2.9,343,950.8,1020.6,0.0,0,0.0,0.0,0.0,1.0,1.0,782.3,--
2025/9/3 20:20,24.1,58,18.2,73,13.3,18.2,0.0,2.2,318,950.6,1020.4,0.0,0,0.0,0.0,0.0,1.0,1.0,782.3,--
2025/9/3 20:21,24.1,58,18.1,73,13.2,18.1,0.0,3.2,233,950.8,1020.6,0.0,0,0.0,0.0,0.0,1.0,1.0,782.3,--
2025/9/3 20:22,24.1,58,18.0,74,13.3,18.0,0.0,2.9,297,950.8,1020.6,0.0,0,0.0,0.0,0.0,1.0,1.0,782.3,--
2025/9/3 20:23,24.1,58,17.9,74,13.2,17.9,2.2,2.5,10,950.8,1020.6,0.0,0,0.0,0.0,0.0,1.0,1.0,782.3,--
2025/9/3 20:24,24.1,58,17.9,73,13.0,17.9,0.0,2.2,202,950.9,1020.7,0.0,0,0.0,0.0,0.0,1.0,1.0,782.3,--
2025/9/3 20:25,24.1,58,17.9,74,13.2,17.9,0.0,2.5,322,950.9,1020.7,0.0,0,0.0,0.0,0.0,1.0,1.0,782.3,--
2025/9/3 20:26,24.1,58,17.8,73,12.9,17.8,2.5,5.0,21,950.8,1020.6,0.0,0,0.0,0.0,0.0,1.0,1.0,782.3,--
2025/9/3 20:27,24.1,58,17.9,72,12.8,17.9,3.2,3.6,284,950.8,1020.6,0.0,0,0.0,0.0,0.0,1.0,1.0,782.3,--
2025/9/3 20:28,24.1,58,18.0,73,13.1,18.0,0.0,4.0,265,950.9,1020.7,0.0,0,0.0,0.0,0.0,1.0,1.0,782.3,--
2025/9/3 20:29,24.1,58,18.1,72,13.0,18.1,7.2,7.2,355,950.9,1020.7,0.0,0,0.0,0.0,0.0,1.0,1.0,782.3,--
2025/9/3 20:30,24.1,59,18.3,70,12.8,18.3,0.0,2.9,311,951.0,1020.8,0.0,0,0.0,0.0,0.0,1.0,1.0,782.3,--
2025/9/3 20:31,24.1,59,18.4,71,13.1,18.4,2.9,5.0,319,951.0,1020.8,0.0,0,0.0,0.0,0.0,1.0,1.0,782.3,--
2025/9/3 20:32,24.1,59,18.5,70,13.0,18.5,0.0,2.5,299,951.0,1020.8,0.0,0,0.0,0.0,0.0,1.0,1.0,782.3,--
2025/9/3 20:33,24.1,59,18.5,69,12.7,18.5,3.6,4.0,14,951.0,1020.8,0.0,0,0.0,0.0,0.0,1.0,1.0,782.3,--
2025/9/3 20:34,24.1,59,18.5,70,13.0,18.5,0.0,2.2,322,951.0,1020.8,0.0,0,0.0,0.0,0.0,1.0,1.0,782.3,--
2025/9/3 20:35,24.1,59,18.5,70,13.0,18.5,0.0,2.2,287,950.9,1020.7,0.0,0,0.0,0.0,0.0,1.0,1.0,782.3,--
2025/9/3 20:36,24.1,59,18.5,70,13.0,18.5,2.2,3.6,319,951.1,1020.9,0.0,0,0.0,0.0,0.0,1.0,1.0,782.3,--
2025/9/3 20:37,24.1,59,18.6,69,12.8,18.6,4.0,5.0,358,951.1,1020.9,0.0,0,0.0,0.0,0.0,1.0,1.0,782.3,--
2025/9/3 20:38,24.1,59,18.6,69,12.8,18.6,2.2,2.5,289,951.1,1020.9,0.0,0,0.0,0.0,0.0,1.0,1.0,782.3,--
2025/9/3 20:39,24.1,59,18.6,70,13.0,18.6,2.9,5.0,316,951.2,1021.0,0.0,0,0.0,0.0,0.0,1.0,1.0,782.3,--
2025/9/3 20:40,24.1,59,18.6,69,12.8,18.6,3.6,5.4,346,951.0,1020.8,0.0,0,0.0,0.0,0.0,1.0,1.0,782.3,--
2025/9/3 20:41,24.1,60,18.7,68,12.7,18.7,6.5,6.8,9,951.1,1020.9,0.0,0,0.0,0.0,0.0,1.0,1.0,782.3,--
2025/9/3 20:42,24.1,59,18.8,68,12.8,18.8,3.6,6.5,18,951.1,1020.9,0.0,0,0.0,0.0,0.0,1.0,1.0,782.3,--
2025/9/3 20:43,24.1,59,18.8,70,13.2,18.8,2.2,2.5,310,951.0,1020.8,0.0,0,0.0,0.0,0.0,1.0,1.0,782.3,--
2025/9/3 20:44,24.1,59,18.5,70,13.0,18.5,2.2,2.2,281,951.0,1020.8,0.0,0,0.0,0.0,0.0,1.0,1.0,782.3,--
2025/9/3 20:45,24.1,59,18.4,71,13.1,18.4,0.0,2.2,317,951.1,1020.9,0.0,0,0.0,0.0,0.0,1.0,1.0,782.3,--
2025/9/3 20:46,24.1,59,18.3,71,13.0,18.3,0.0,2.5,49,951.1,1020.9,0.0,0,0.0,0.0,0.0,1.0,1.0,782.3,--
2025/9/3 20:47,24.1,59,18.3,71,13.0,18.3,0.0,3.2,358,951.0,1020.8,0.0,0,0.0,0.0,0.0,1.0,1.0,782.3,--
2025/9/3 20:48,24.1,59,18.2,72,13.1,18.2,3.2,3.2,304,951.1,1020.9,0.0,0,0.0,0.0,0.0,1.0,1.0,782.3,--
2025/9/3 20:49,24.1,59,18.1,72,13.0,18.1,4.3,4.3,19,951.1,1020.9,0.0,0,0.0,0.0,0.0,1.0,1.0,782.3,--
2025/9/3 20:50,24.1,59,18.1,70,12.6,18.1,3.6,5.4,24,951.1,1020.9,0.0,0,0.0,0.0,0.0,1.0,1.0,782.3,--
2025/9/3 20:51,24.1,59,18.2,71,12.9,18.2,2.5,4.0,264,951.0,1020.8,0.0,0,0.0,0.0,0.0,1.0,1.0,782.3,--
2025/9/3 20:52,24.1,59,18.2,72,13.1,18.2,0.0,2.5,284,951.0,1020.8,0.0,0,0.0,0.0,0.0,1.0,1.0,782.3,--
2025/9/3 20:53,24.1,59,18.0,73,13.1,18.0,0.0,2.9,292,951.2,1021.0,0.0,0,0.0,0.0,0.0,1.0,1.0,782.3,--
2025/9/3 20:54,24.1,59,18.0,72,12.9,18.0,0.0,2.9,294,951.1,1020.9,0.0,0,0.0,0.0,0.0,1.0,1.0,782.3,--
2025/9/3 20:55,24.1,59,17.9,73,13.0,17.9,0.0,2.9,95,951.1,1020.9,0.0,0,0.0,0.0,0.0,1.0,1.0,782.3,--
2025/9/3 20:56,24.1,59,17.9,72,12.8,17.9,4.0,4.3,38,951.0,1020.8,0.0,0,0.0,0.0,0.0,1.0,1.0,782.3,--
2025/9/3 20:57,24.1,59,18.0,70,12.5,18.0,4.3,5.0,16,951.1,1020.9,0.0,0,0.0,0.0,0.0,1.0,1.0,782.3,--
2025/9/3 20:58,24.1,59,18.1,70,12.6,18.1,2.9,3.2,353,951.1,1020.9,0.0,0,0.0,0.0,0.0,1.0,1.0,782.3,--
2025/9/3 20:59,24.1,59,18.2,70,12.7,18.2,0.0,1.8,357,951.2,1021.0,0.0,0,0.0,0.0,0.0,1.0,1.0,782.3,--
2025/9/3 21:00,24.1,59,18.3,71,13.0,18.3,0.0,2.9,320,951.1,1020.9,0.0,0,0.0,0.0,0.0,1.0,1.0,782.3,--
2025/9/3 21:01,24.1,59,18.2,71,12.9,18.2,0.0,0.0,182,951.2,1021.0,0.0,0,0.0,0.0,0.0,1.0,1.0,782.3,--
2025/9/3 21:02,24.1,59,18.1,72,13.0,18.1,1.8,2.2,334,951.2,1021.0,0.0,0,0.0,0.0,0.0,1.0,1.0,782.3,--
2025/9/3 21:03,24.1,59,18.1,72,13.0,18.1,3.6,3.6,17,951.2,1021.0,0.0,0,0.0,0.0,0.0,1.0,1.0,782.3,--
2025/9/3 21:04,24.1,59,18.0,72,12.9,18.0,0.0,4.0,41,951.2,1021.0,0.0,0,0.0,0.0,0.0,1.0,1.0,782.3,--
2025/9/3 21:05,24.1,59,18.0,72,12.9,18.0,1.8,2.9,333,951.1,1020.9,0.0,0,0.0,0.0,0.0,1.0,1.0,782.3,--
2025/9/3 21:06,24.1,59,18.0,71,12.7,18.0,2.9,3.2,22,951.3,1021.1,0.0,0,0.0,0.0,0.0,1.0,1.0,782.3,--
2025/9/3 21:07,24.1,59,18.0,71,12.7,18.0,4.3,4.3,8,951.2,1021.0,0.0,0,0.0,0.0,0.0,1.0,1.0,782.3,--
2025/9/3 21:08,24.1,58,18.0,72,12.9,18.0,1.8,2.9,308,951.2,1021.0,0.0,0,0.0,0.0,0.0,1.0,1.0,782.3,--
2025/9/3 21:09,24.1,59,17.9,71,12.6,17.9,2.5,2.9,41,951.1,1020.9,0.0,0,0.0,0.0,0.0,1.0,1.0,782.3,--
2025/9/3 21:10,24.1,58,17.9,72,12.8,17.9,2.5,3.2,345,951.3,1021.1,0.0,0,0.0,0.0,0.0,1.0,1.0,782.3,--
2025/9/3 21:11,24.1,59,17.9,73,13.0,17.9,1.8,2.2,2,951.1,1020.9,0.0,0,0.0,0.0,0.0,1.0,1.0,782.3,--
2025/9/3 21:12,24.1,58,17.9,71,12.6,17.9,2.5,4.0,37,951.1,1020.9,0.0,0,0.0,0.0,0.0,1.0,1.0,782.3,--
2025/9/3 21:13,24.1,58,17.9,72,12.8,17.9,1.8,4.0,333,951.0,1020.8,0.0,0,0.0,0.0,0.0,1.0,1.0,782.3,--
2025/9/3 21:14,24.1,59,17.9,73,13.0,17.9,2.9,4.3,356,951.2,1021.0,0.0,0,0.0,0.0,0.0,1.0,1.0,782.3,--
2025/9/3 21:15,24.1,58,17.7,73,12.8,17.7,2.5,2.5,318,951.1,1020.9,0.0,0,0.0,0.0,0.0,1.0,1.0,782.3,--
2025/9/3 21:16,24.1,58,17.7,73,12.8,17.7,2.5,3.6,14,951.1,1020.9,0.0,0,0.0,0.0,0.0,1.0,1.0,782.3,--
2025/9/3 21:17,24.1,59,17.8,72,12.7,17.8,0.0,2.5,302,951.2,1021.0,0.0,0,0.0,0.0,0.0,1.0,1.0,782.3,--
2025/9/3 21:18,24.1,58,17.8,74,13.1,17.8,2.2,3.6,316,951.3,1021.1,0.0,0,0.0,0.0,0.0,1.0,1.0,782.3,--
2025/9/3 21:19,24.1,59,17.5,74,12.9,17.5,1.8,2.2,11,951.2,1021.0,0.0,0,0.0,0.0,0.0,1.0,1.0,782.3,--
2025/9/3 21:20,24.1,59,17.4,75,12.9,17.4,1.8,2.2,351,951.2,1021.0,0.0,0,0.0,0.0,0.0,1.0,1.0,782.3,--
2025/9/3 21:21,24.1,59,17.2,76,12.9,17.2,0.0,2.5,359,951.3,1021.1,0.0,0,0.0,0.0,0.0,1.0,1.0,782.3,--
2025/9/3 21:22,24.0,59,17.2,74,12.6,17.2,2.9,3.2,34,951.3,1021.1,0.0,0,0.0,0.0,0.0,1.0,1.0,782.3,--
2025/9/3 21:23,24.0,59,17.4,73,12.5,17.4,0.0,3.2,119,951.4,1021.2,0.0,0,0.0,0.0,0.0,1.0,1.0,782.3,--
2025/9/3 21:24,24.0,59,17.5,74,12.9,17.5,2.5,2.5,341,951.3,1021.1,0.0,0,0.0,0.0,0.0,1.0,1.0,782.3,--
2025/9/3 21:25,24.0,59,17.5,74,12.9,17.5,2.9,2.9,323,951.5,1021.3,0.0,0,0.0,0.0,0.0,1.0,1.0,782.3,--
2025/9/3 21:26,24.0,59,17.4,75,12.9,17.4,2.5,3.6,297,951.2,1021.0,0.0,0,0.0,0.0,0.0,1.0,1.0,782.3,--
2025/9/3 21:27,24.0,59,17.3,75,12.8,17.3,1.8,3.2,358,951.3,1021.1,0.0,0,0.0,0.0,0.0,1.0,1.0,782.3,--
2025/9/3 21:28,24.0,59,17.2,76,12.9,17.2,2.2,2.9,296,951.3,1021.1,0.0,0,0.0,0.0,0.0,1.0,1.0,782.3,--
2025/9/3 21:29,24.1,60,17.0,77,12.9,17.0,1.8,2.5,319,951.5,1021.3,0.0,0,0.0,0.0,0.0,1.0,1.0,782.3,--
2025/9/3 21:30,24.1,60,17.0,76,12.7,17.0,2.2,2.9,319,951.3,1021.1,0.0,0,0.0,0.0,0.0,1.0,1.0,782.3,--
2025/9/3 21:31,24.1,60,16.9,77,12.8,16.9,1.8,2.5,267,951.3,1021.1,0.0,0,0.0,0.0,0.0,1.0,1.0,782.3,--
2025/9/3 21:32,24.1,60,16.9,76,12.6,16.9,4.0,4.7,8,951.5,1021.3,0.0,0,0.0,0.0,0.0,1.0,1.0,782.3,--
2025/9/3 21:33,24.1,60,16.9,76,12.6,16.9,1.8,2.9,266,951.4,1021.2,0.0,0,0.0,0.0,0.0,1.0,1.0,782.3,--
2025/9/3 21:34,24.1,60,16.9,77,12.8,16.9,1.8,2.9,14,951.3,1021.1,0.0,0,0.0,0.0,0.0,1.0,1.0,782.3,--
2025/9/3 21:35,24.1,60,16.9,77,12.8,16.9,2.9,4.3,340,951.5,1021.3,0.0,0,0.0,0.0,0.0,1.0,1.0,782.3,--
2025/9/3 21:36,24.1,60,16.9,77,12.8,16.9,0.0,2.2,328,951.2,1021.0,0.0,0,0.0,0.0,0.0,1.0,1.0,782.3,--
2025/9/3 21:37,24.1,59,16.8,77,12.7,16.8,2.2,2.9,346,951.4,1021.2,0.0,0,0.0,0.0,0.0,1.0,1.0,782.3,--
2025/9/3 21:38,24.1,59,16.8,77,12.7,16.8,1.8,2.9,1,951.4,1021.2,0.0,0,0.0,0.0,0.0,1.0,1.0,782.3,--
2025/9/3 21:39,24.1,59,16.8,77,12.7,16.8,0.0,2.2,343,951.6,1021.4,0.0,0,0.0,0.0,0.0,1.0,1.0,782.3,--
2025/9/3 21:40,24.1,60,16.7,78,12.9,16.7,0.0,2.2,318,951.2,1021.0,0.0,0,0.0,0.0,0.0,1.0,1.0,782.3,--
2025/9/3 21:41,24.1,59,16.7,78,12.9,16.7,0.0,0.0,32,951.5,1021.3,0.0,0,0.0,0.0,0.0,1.0,1.0,782.3,--
2025/9/3 21:42,24.1,59,16.7,77,12.6,16.7,0.0,2.2,75,951.4,1021.2,0.0,0,0.0,0.0,0.0,1.0,1.0,782.3,--
2025/9/3 21:43,24.1,59,16.7,77,12.6,16.7,0.0,3.6,301,951.4,1021.2,0.0,0,0.0,0.0,0.0,1.0,1.0,782.3,--
2025/9/3 21:44,24.1,59,16.7,77,12.6,16.7,0.0,1.8,45,951.2,1021.0,0.0,0,0.0,0.0,0.0,1.0,1.0,782.3,--
2025/9/3 21:45,24.1,59,16.7,77,12.6,16.7,1.8,3.6,31,951.3,1021.1,0.0,0,0.0,0.0,0.0,1.0,1.0,782.3,--
2025/9/3 21:46,24.2,59,16.7,77,12.6,16.7,0.0,3.6,243,951.3,1021.1,0.0,0,0.0,0.0,0.0,1.0,1.0,782.3,--
2025/9/3 21:47,24.2,59,16.7,77,12.6,16.7,1.8,2.9,34,951.4,1021.2,0.0,0,0.0,0.0,0.0,1.0,1.0,782.3,--
2025/9/3 21:48,24.2,59,16.7,77,12.6,16.7,0.0,2.2,279,951.3,1021.1,0.0,0,0.0,0.0,0.0,1.0,1.0,782.3,--
2025/9/3 21:49,24.2,59,16.7,77,12.6,16.7,2.5,2.9,318,951.1,1020.9,0.0,0,0.0,0.0,0.0,1.0,1.0,782.3,--
2025/9/3 21:50,24.2,59,16.7,77,12.6,16.7,0.0,1.8,313,951.3,1021.1,0.0,0,0.0,0.0,0.0,1.0,1.0,782.3,--
2025/9/3 21:51,24.2,59,16.7,78,12.9,16.7,1.8,3.2,327,951.2,1021.0,0.0,0,0.0,0.0,0.0,1.0,1.0,782.3,--
2025/9/3 21:52,24.2,59,16.6,78,12.8,16.6,2.2,2.9,357,951.2,1021.0,0.0,0,0.0,0.0,0.0,1.0,1.0,782.3,--
2025/9/3 21:53,24.2,58,16.6,78,12.8,16.6,1.8,2.2,302,951.2,1021.0,0.0,0,0.0,0.0,0.0,1.0,1.0,782.3,--
2025/9/3 21:54,24.2,58,16.5,79,12.9,16.5,2.2,3.6,9,951.1,1020.9,0.0,0,0.0,0.0,0.0,1.0,1.0,782.3,--
2025/9/3 21:55,24.1,58,16.5,79,12.9,16.5,0.0,1.8,326,951.2,1021.0,0.0,0,0.0,0.0,0.0,1.0,1.0,782.3,--
2025/9/3 21:56,24.1,58,16.5,78,12.7,16.5,2.5,2.5,302,951.2,1021.0,0.0,0,0.0,0.0,0.0,1.0,1.0,782.3,--
2025/9/3 21:57,24.1,58,16.5,78,12.7,16.5,0.0,2.5,338,951.3,1021.1,0.0,0,0.0,0.0,0.0,1.0,1.0,782.3,--
2025/9/3 21:58,24.2,58,16.5,78,12.7,16.5,0.0,2.5,331,951.1,1020.9,0.0,0,0.0,0.0,0.0,1.0,1.0,782.3,--
2025/9/3 21:59,24.1,58,16.5,78,12.7,16.5,2.5,2.5,309,951.3,1021.1,0.0,0,0.0,0.0,0.0,1.0,1.0,782.3,--
2025/9/3 22:00,24.1,58,16.5,78,12.7,16.5,0.0,3.2,310,951.1,1020.9,0.0,0,0.0,0.0,0.0,1.0,1.0,782.3,--
2025/9/3 22:01,24.1,58,16.6,78,12.8,16.6,0.0,2.2,0,951.2,1021.0,0.0,0,0.0,0.0,0.0,1.0,1.0,782.3,--
2025/9/3 22:02,24.1,57,16.6,77,12.5,16.6,0.0,2.9,291,951.3,1021.1,0.0,0,0.0,0.0,0.0,1.0,1.0,782.3,--
2025/9/3 22:03,24.1,57,16.6,77,12.5,16.6,2.9,2.9,316,951.3,1021.1,0.0,0,0.0,0.0,0.0,1.0,1.0,782.3,--
2025/9/3 22:04,24.1,57,16.7,77,12.6,16.7,2.5,3.2,274,951.3,1021.1,0.0,0,0.0,0.0,0.0,1.0,1.0,782.3,--
2025/9/3 22:05,24.2,57,16.8,76,12.5,16.8,1.8,2.5,296,951.4,1021.2,0.0,0,0.0,0.0,0.0,1.0,1.0,782.3,--
2025/9/3 22:06,24.1,58,16.8,76,12.5,16.8,3.2,3.2,355,951.4,1021.2,0.0,0,0.0,0.0,0.0,1.0,1.0,782.3,--
2025/9/3 22:07,24.2,58,17.0,75,12.6,17.0,1.8,3.6,340,951.2,1021.0,0.0,0,0.0,0.0,0.0,1.0,1.0,782.3,--
2025/9/3 22:08,24.1,58,17.3,74,12.7,17.3,0.0,3.6,300,951.3,1021.1,0.0,0,0.0,0.0,0.0,1.0,1.0,782.3,--
2025/9/3 22:09,24.1,58,17.4,74,12.8,17.4,2.9,4.3,329,951.2,1021.0,0.0,0,0.0,0.0,0.0,1.0,1.0,782.3,--
2025/9/3 22:10,24.1,57,17.5,73,12.6,17.5,2.2,2.9,311,951.1,1020.9,0.0,0,0.0,0.0,0.0,1.0,1.0,782.3,--
2025/9/3 22:11,24.1,57,17.6,73,12.7,17.6,2.2,5.0,343,951.0,1020.8,0.0,0,0.0,0.0,0.0,1.0,1.0,782.3,--
2025/9/3 22:12,24.1,57,17.6,73,12.7,17.6,0.0,2.9,15,951.2,1021.0,0.0,0,0.0,0.0,0.0,1.0,1.0,782.3,--
2025/9/3 22:13,24.1,57,17.6,73,12.7,17.6,2.5,4.0,284,951.3,1021.1,0.0,0,0.0,0.0,0.0,1.0,1.0,782.3,--
2025/9/3 22:14,24.1,57,17.6,73,12.7,17.6,3.2,3.6,323,951.4,1021.2,0.0,0,0.0,0.0,0.0,1.0,1.0,782.3,--
2025/9/3 22:15,24.1,57,17.7,73,12.8,17.7,0.0,2.2,318,951.3,1021.1,0.0,0,0.0,0.0,0.0,1.0,1.0,782.3,--
2025/9/3 22:16,24.1,57,17.7,72,12.6,17.7,2.5,4.0,343,951.2,1021.0,0.0,0,0.0,0.0,0.0,1.0,1.0,782.3,--
2025/9/3 22:17,24.2,58,17.7,72,12.6,17.7,2.5,5.0,324,951.2,1021.0,0.0,0,0.0,0.0,0.0,1.0,1.0,782.3,--
2025/9/3 22:18,24.2,57,17.8,71,12.5,17.8,2.5,4.7,299,951.2,1021.0,0.0,0,0.0,0.0,0.0,1.0,1.0,782.3,--
2025/9/3 22:19,24.2,58,17.9,72,12.8,17.9,2.9,5.0,5,951.2,1021.0,0.0,0,0.0,0.0,0.0,1.0,1.0,782.3,--
2025/9/3 22:20,24.2,58,17.9,72,12.8,17.9,2.5,5.0,322,951.1,1020.9,0.0,0,0.0,0.0,0.0,1.0,1.0,782.3,--
2025/9/3 22:21,24.2,57,17.8,72,12.7,17.8,2.2,2.2,350,951.3,1021.1,0.0,0,0.0,0.0,0.0,1.0,1.0,782.3,--
2025/9/3 22:22,24.2,58,17.8,72,12.7,17.8,3.2,4.3,342,951.3,1021.1,0.0,0,0.0,0.0,0.0,1.0,1.0,782.3,--
2025/9/3 22:23,24.2,57,17.8,72,12.7,17.8,2.9,4.3,348,951.0,1020.8,0.0,0,0.0,0.0,0.0,1.0,1.0,782.3,--
2025/9/3 22:24,24.2,57,17.7,72,12.6,17.7,5.0,5.0,348,951.2,1021.0,0.0,0,0.0,0.0,0.0,1.0,1.0,782.3,--
2025/9/3 22:25,24.2,57,17.8,72,12.7,17.8,2.2,4.3,343,951.2,1021.0,0.0,0,0.0,0.0,0.0,1.0,1.0,782.3,--
2025/9/3 22:26,24.2,57,17.8,72,12.7,17.8,2.9,4.0,336,951.1,1020.9,0.0,0,0.0,0.0,0.0,1.0,1.0,782.3,--
2025/9/3 22:27,24.2,57,17.9,72,12.8,17.9,2.2,3.6,348,951.1,1020.9,0.0,0,0.0,0.0,0.0,1.0,1.0,782.3,--
2025/9/3 22:28,24.2,57,17.9,72,12.8,17.9,3.2,4.0,258,951.1,1020.9,0.0,0,0.0,0.0,0.0,1.0,1.0,782.3,--
2025/9/3 22:29,24.2,57,17.9,71,12.6,17.9,6.5,7.6,273,951.1,1020.9,0.0,0,0.0,0.0,0.0,1.0,1.0,782.3,--
2025/9/3 22:30,24.2,57,18.0,71,12.7,18.0,2.9,3.2,3,951.1,1020.9,0.0,0,0.0,0.0,0.0,1.0,1.0,782.3,--
2025/9/3 22:31,24.2,57,18.1,71,12.8,18.1,1.8,4.3,6,951.3,1021.1,0.0,0,0.0,0.0,0.0,1.0,1.0,782.3,--
2025/9/3 22:32,24.2,57,18.1,70,12.6,18.1,5.0,6.1,281,951.1,1020.9,0.0,0,0.0,0.0,0.0,1.0,1.0,782.3,--
2025/9/3 22:33,24.2,57,18.1,71,12.8,18.1,3.6,5.0,282,951.1,1020.9,0.0,0,0.0,0.0,0.0,1.0,1.0,782.3,--
2025/9/3 22:34,24.2,57,18.1,70,12.6,18.1,1.8,3.6,280,951.1,1020.9,0.0,0,0.0,0.0,0.0,1.0,1.0,782.3,--
2025/9/3 22:35,24.2,58,18.1,71,12.8,18.1,3.2,3.2,296,951.1,1020.9,0.0,0,0.0,0.0,0.0,1.0,1.0,782.3,--
2025/9/3 22:36,24.2,58,18.0,72,12.9,18.0,1.8,3.2,324,951.1,1020.9,0.0,0,0.0,0.0,0.0,1.0,1.0,782.3,--
2025/9/3 22:37,24.2,58,17.9,72,12.8,17.9,2.9,4.3,322,951.1,1020.9,0.0,0,0.0,0.0,0.0,1.0,1.0,782.3,--
2025/9/3 22:38,24.2,58,17.9,72,12.8,17.9,0.0,2.2,278,951.0,1020.8,0.0,0,0.0,0.0,0.0,1.0,1.0,782.3,--
2025/9/3 22:39,24.2,58,17.8,72,12.7,17.8,1.8,2.2,331,951.1,1020.9,0.0,0,0.0,0.0,0.0,1.0,1.0,782.3,--
2025/9/3 22:40,24.3,58,17.7,72,12.6,17.7,1.8,2.9,132,951.0,1020.8,0.0,0,0.0,0.0,0.0,1.0,1.0,782.3,--
2025/9/3 22:41,24.3,58,17.8,72,12.7,17.8,3.6,4.3,6,951.1,1020.9,0.0,0,0.0,0.0,0.0,1.0,1.0,782.3,--
2025/9/3 22:42,24.3,59,17.8,72,12.7,17.8,2.5,4.3,86,951.2,1021.0,0.0,0,0.0,0.0,0.0,1.0,1.0,782.3,--
2025/9/3 22:43,24.3,59,17.7,72,12.6,17.7,4.0,5.4,106,950.9,1020.7,0.0,0,0.0,0.0,0.0,1.0,1.0,782.3,--
2025/9/3 22:44,24.3,59,17.7,72,12.6,17.7,2.2,3.2,76,951.1,1020.9,0.0,0,0.0,0.0,0.0,1.0,1.0,782.3,--
2025/9/3 22:45,24.3,59,17.7,72,12.6,17.7,2.2,2.5,82,951.1,1020.9,0.0,0,0.0,0.0,0.0,1.0,1.0,782.3,--
2025/9/3 22:46,24.3,59,17.7,72,12.6,17.7,6.5,6.8,111,951.1,1020.9,0.0,0,0.0,0.0,0.0,1.0,1.0,782.3,--
2025/9/3 22:47,24.4,59,17.7,72,12.6,17.7,2.9,2.9,56,951.1,1020.9,0.0,0,0.0,0.0,0.0,1.0,1.0,782.3,--
2025/9/3 22:48,24.4,60,17.7,73,12.8,17.7,2.9,4.0,45,951.3,1021.1,0.0,0,0.0,0.0,0.0,1.0,1.0,782.3,--
2025/9/3 22:49,24.4,60,17.7,72,12.6,17.7,2.9,3.6,173,951.1,1020.9,0.0,0,0.0,0.0,0.0,1.0,1.0,782.3,--
2025/9/3 22:50,24.4,60,17.8,72,12.7,17.8,4.7,7.6,118,951.0,1020.8,0.0,0,0.0,0.0,0.0,1.0,1.0,782.3,--
2025/9/3 22:51,24.4,60,17.7,72,12.6,17.7,0.0,2.5,106,951.3,1021.1,0.0,0,0.0,0.0,0.0,1.0,1.0,782.3,--
2025/9/3 22:52,24.4,60,17.7,73,12.8,17.7,0.0,4.0,128,951.3,1021.1,0.0,0,0.0,0.0,0.0,1.0,1.0,782.3,--
2025/9/3 22:53,24.3,60,17.6,73,12.7,17.6,2.2,3.6,70,951.2,1021.0,0.0,0,0.0,0.0,0.0,1.0,1.0,782.3,--
2025/9/3 22:54,24.4,60,17.6,72,12.5,17.6,3.2,3.6,125,951.3,1021.1,0.0,0,0.0,0.0,0.0,1.0,1.0,782.3,--
2025/9/3 22:55,24.4,60,17.6,73,12.7,17.6,2.2,3.2,108,951.0,1020.8,0.0,0,0.0,0.0,0.0,1.0,1.0,782.3,--
2025/9/3 22:56,24.3,60,17.5,73,12.6,17.5,1.8,1.8,39,951.1,1020.9,0.0,0,0.0,0.0,0.0,1.0,1.0,782.3,--
2025/9/3 22:57,24.4,60,17.5,74,12.9,17.5,2.2,3.2,128,951.3,1021.1,0.0,0,0.0,0.0,0.0,1.0,1.0,782.3,--
2025/9/3 22:58,24.4,60,17.4,75,12.9,17.4,3.2,3.6,335,951.0,1020.8,0.0,0,0.0,0.0,0.0,1.0,1.0,782.3,--
2025/9/3 22:59,24.4,60,17.1,77,13.0,17.1,1.8,3.2,0,951.3,1021.1,0.0,0,0.0,0.0,0.0,1.0,1.0,782.3,--
2025/9/3 23:00,24.4,60,16.8,77,12.7,16.8,0.0,0.0,246,951.0,1020.8,0.0,0,0.0,0.0,0.0,1.0,1.0,782.3,--
2025/9/3 23:01,24.4,60,16.6,77,12.5,16.6,0.0,3.2,177,951.2,1021.0,0.0,0,0.0,0.0,0.0,1.0,1.0,782.3,--
2025/9/3 23:02,24.4,60,16.6,77,12.5,16.6,0.0,4.0,43,951.2,1021.0,0.0,0,0.0,0.0,0.0,1.0,1.0,782.3,--
2025/9/3 23:03,24.4,60,16.6,78,12.8,16.6,0.0,2.9,309,951.2,1021.0,0.0,0,0.0,0.0,0.0,1.0,1.0,782.3,--
2025/9/3 23:04,24.4,60,16.5,78,12.7,16.5,1.8,2.2,286,951.3,1021.1,0.0,0,0.0,0.0,0.0,1.0,1.0,782.3,--
2025/9/3 23:05,24.4,60,16.5,77,12.4,16.5,0.0,2.5,260,951.3,1021.1,0.0,0,0.0,0.0,0.0,1.0,1.0,782.3,--
2025/9/3 23:06,24.4,60,16.6,77,12.5,16.6,1.8,2.5,310,951.3,1021.1,0.0,0,0.0,0.0,0.0,1.0,1.0,782.3,--
2025/9/3 23:07,24.4,61,16.7,75,12.3,16.7,1.8,3.2,247,951.2,1021.0,0.0,0,0.0,0.0,0.0,1.0,1.0,782.3,--
2025/9/3 23:08,24.4,61,16.9,76,12.6,16.9,2.9,3.2,287,951.3,1021.1,0.0,0,0.0,0.0,0.0,1.0,1.0,782.3,--
2025/9/3 23:09,24.4,61,17.0,74,12.4,17.0,0.0,2.2,342,951.4,1021.2,0.0,0,0.0,0.0,0.0,1.0,1.0,782.3,--
2025/9/3 23:10,24.4,61,17.1,74,12.5,17.1,0.0,2.9,116,951.2,1021.0,0.0,0,0.0,0.0,0.0,1.0,1.0,782.3,--
2025/9/3 23:11,24.4,61,17.0,75,12.6,17.0,0.0,0.0,25,951.2,1021.0,0.0,0,0.0,0.0,0.0,1.0,1.0,782.3,--
2025/9/3 23:12,24.4,61,17.0,75,12.6,17.0,2.2,3.2,343,951.4,1021.2,0.0,0,0.0,0.0,0.0,1.0,1.0,782.3,--
2025/9/3 23:13,24.4,61,17.0,76,12.7,17.0,2.2,2.5,335,951.2,1021.0,0.0,0,0.0,0.0,0.0,1.0,1.0,782.3,--
2025/9/3 23:14,24.4,60,17.0,76,12.7,17.0,2.2,2.5,49,951.2,1021.0,0.0,0,0.0,0.0,0.0,1.0,1.0,782.3,--
2025/9/3 23:15,24.4,60,17.0,75,12.6,17.0,0.0,2.9,42,951.2,1021.0,0.0,0,0.0,0.0,0.0,1.0,1.0,782.3,--
2025/9/3 23:16,24.4,60,17.0,76,12.7,17.0,2.9,4.0,349,951.1,1020.9,0.0,0,0.0,0.0,0.0,1.0,1.0,782.3,--
2025/9/3 23:17,24.4,60,16.9,78,13.1,16.9,0.0,2.2,295,951.2,1021.0,0.0,0,0.0,0.0,0.0,1.0,1.0,782.3,--
2025/9/3 23:18,24.4,59,16.7,79,13.1,16.7,1.8,2.5,281,951.3,1021.1,0.0,0,0.0,0.0,0.0,1.0,1.0,782.3,--
2025/9/3 23:19,24.4,59,16.5,79,12.9,16.5,0.0,0.0,287,951.2,1021.0,0.0,0,0.0,0.0,0.0,1.0,1.0,782.3,--
2025/9/3 23:20,24.4,59,16.4,79,12.8,16.4,0.0,1.8,170,951.1,1020.9,0.0,0,0.0,0.0,0.0,1.0,1.0,782.3,--
2025/9/3 23:21,24.4,59,16.3,79,12.7,16.3,0.0,2.5,36,951.1,1020.9,0.0,0,0.0,0.0,0.0,1.0,1.0,782.3,--
2025/9/3 23:22,24.4,59,16.2,80,12.8,16.2,0.0,2.2,294,951.0,1020.8,0.0,0,0.0,0.0,0.0,1.0,1.0,782.3,--
2025/9/3 23:23,24.4,59,16.1,81,12.8,16.1,1.8,3.6,19,951.1,1020.9,0.0,0,0.0,0.0,0.0,1.0,1.0,782.3,--
2025/9/3 23:24,24.4,59,16.0,81,12.7,16.0,0.0,1.8,136,951.1,1020.9,0.0,0,0.0,0.0,0.0,1.0,1.0,782.3,--
2025/9/3 23:25,24.4,59,16.0,81,12.7,16.0,0.0,2.5,22,951.2,1021.0,0.0,0,0.0,0.0,0.0,1.0,1.0,782.3,--
2025/9/3 23:26,24.4,59,15.9,81,12.6,15.9,2.5,2.5,26,951.0,1020.8,0.0,0,0.0,0.0,0.0,1.0,1.0,782.3,--
2025/9/3 23:27,24.4,59,15.8,81,12.5,15.8,2.2,2.5,357,951.2,1021.0,0.0,0,0.0,0.0,0.0,1.0,1.0,782.3,--
2025/9/3 23:28,24.4,59,15.8,82,12.7,15.8,0.0,2.5,302,951.0,1020.8,0.0,0,0.0,0.0,0.0,1.0,1.0,782.3,--
2025/9/3 23:29,24.4,59,15.7,82,12.6,15.7,0.0,1.8,284,951.1,1020.9,0.0,0,0.0,0.0,0.0,1.0,1.0,782.3,--
2025/9/3 23:30,24.4,60,15.6,81,12.3,15.6,0.0,1.8,68,951.0,1020.8,0.0,0,0.0,0.0,0.0,1.0,1.0,782.3,--
2025/9/3 23:31,24.3,60,15.7,81,12.4,15.7,0.0,2.5,286,951.2,1021.0,0.0,0,0.0,0.0,0.0,1.0,1.0,782.3,--
2025/9/3 23:32,24.3,60,15.7,82,12.6,15.7,3.2,4.3,39,951.1,1020.9,0.0,0,0.0,0.0,0.0,1.0,1.0,782.3,--
2025/9/3 23:33,24.3,60,15.7,82,12.6,15.7,0.0,2.9,38,950.9,1020.7,0.0,0,0.0,0.0,0.0,1.0,1.0,782.3,--
2025/9/3 23:34,24.3,60,15.7,82,12.6,15.7,0.0,2.5,78,951.2,1021.0,0.0,0,0.0,0.0,0.0,1.0,1.0,782.3,--
2025/9/3 23:35,24.3,60,15.7,82,12.6,15.7,0.0,1.8,105,951.1,1020.9,0.0,0,0.0,0.0,0.0,1.0,1.0,782.3,--
2025/9/3 23:36,24.3,60,15.6,82,12.5,15.6,0.0,2.5,17,951.1,1020.9,0.0,0,0.0,0.0,0.0,1.0,1.0,782.3,--
2025/9/3 23:37,24.3,60,15.6,83,12.7,15.6,1.8,2.2,2,951.1,1020.9,0.0,0,0.0,0.0,0.0,1.0,1.0,782.3,--
2025/9/3 23:38,24.3,60,15.5,83,12.6,15.5,0.0,2.2,229,951.1,1020.9,0.0,0,0.0,0.0,0.0,1.0,1.0,782.3,--
2025/9/3 23:39,24.3,60,15.4,84,12.7,15.4,0.0,2.5,64,951.3,1021.1,0.0,0,0.0,0.0,0.0,1.0,1.0,782.3,--
2025/9/3 23:40,24.3,60,15.3,84,12.6,15.3,0.0,0.0,119,951.1,1020.9,0.0,0,0.0,0.0,0.0,1.0,1.0,782.3,--
2025/9/3 23:41,24.3,60,15.3,84,12.6,15.3,2.2,2.9,1,951.0,1020.8,0.0,0,0.0,0.0,0.0,1.0,1.0,782.3,--
2025/9/3 23:42,24.2,61,15.2,84,12.5,15.2,1.8,2.5,38,951.1,1020.9,0.0,0,0.0,0.0,0.0,1.0,1.0,782.3,--
2025/9/3 23:43,24.3,61,15.2,85,12.7,15.2,2.5,2.5,141,951.1,1020.9,0.0,0,0.0,0.0,0.0,1.0,1.0,782.3,--
2025/9/3 23:44,24.3,61,15.2,84,12.5,15.2,0.0,2.2,260,951.2,1021.0,0.0,0,0.0,0.0,0.0,1.0,1.0,782.3,--
2025/9/3 23:45,24.3,60,15.2,84,12.5,15.2,2.2,2.5,355,951.1,1020.9,0.0,0,0.0,0.0,0.0,1.0,1.0,782.3,--
2025/9/3 23:46,24.3,61,15.2,84,12.5,15.2,0.0,1.8,114,951.1,1020.9,0.0,0,0.0,0.0,0.0,1.0,1.0,782.3,--
2025/9/3 23:47,24.3,61,15.2,84,12.5,15.2,2.5,2.5,290,951.3,1021.1,0.0,0,0.0,0.0,0.0,1.0,1.0,782.3,--
2025/9/3 23:48,24.3,61,15.2,83,12.3,15.2,2.9,3.6,18,951.3,1021.1,0.0,0,0.0,0.0,0.0,1.0,1.0,782.3,--
2025/9/3 23:49,24.3,61,15.3,83,12.4,15.3,3.2,5.4,43,951.1,1020.9,0.0,0,0.0,0.0,0.0,1.0,1.0,782.3,--
2025/9/3 23:50,24.3,61,15.5,83,12.6,15.5,2.5,4.0,44,951.1,1020.9,0.0,0,0.0,0.0,0.0,1.0,1.0,782.3,--
2025/9/3 23:51,24.3,61,15.8,82,12.7,15.8,2.9,3.2,276,951.3,1021.1,0.0,0,0.0,0.0,0.0,1.0,1.0,782.3,--
2025/9/3 23:52,24.3,61,15.7,82,12.6,15.7,0.0,2.2,134,951.1,1020.9,0.0,0,0.0,0.0,0.0,1.0,1.0,782.3,--
2025/9/3 23:53,24.3,61,15.7,82,12.6,15.7,1.8,1.8,117,951.0,1020.8,0.0,0,0.0,0.0,0.0,1.0,1.0,782.3,--
2025/9/3 23:54,24.3,60,15.6,82,12.5,15.6,0.0,3.6,19,951.2,1021.0,0.0,0,0.0,0.0,0.0,1.0,1.0,782.3,--
2025/9/3 23:55,24.3,60,15.7,82,12.6,15.7,2.5,4.3,44,951.2,1021.0,0.0,0,0.0,0.0,0.0,1.0,1.0,782.3,--
2025/9/3 23:56,24.3,60,15.7,82,12.6,15.7,2.2,3.2,27,951.0,1020.8,0.0,0,0.0,0.0,0.0,1.0,1.0,782.3,--
2025/9/3 23:57,24.3,60,15.7,83,12.8,15.7,3.2,4.3,4,951.3,1021.1,0.0,0,0.0,0.0,0.0,1.0,1.0,782.3,--
2025/9/3 23:58,24.3,60,15.6,83,12.7,15.6,0.0,0.0,330,951.0,1020.8,0.0,0,0.0,0.0,0.0,1.0,1.0,782.3,--
2025/9/3 23:59,24.3,59,15.5,83,12.6,15.5,3.6,4.0,14,951.1,1020.9,0.0,0,0.0,0.0,0.0,1.0,1.0,782.3,--
2025/9/4 0:00,24.3,59,15.4,84,12.7,15.4,0.0,2.2,265,951.1,1020.9,0.0,0,0.0,0.0,0.0,1.0,1.0,782.3,--
2025/9/4 0:00,24.3,59,15.4,84,12.7,15.4,0.0,2.2,231,951.1,1020.9,0.0,0,0.0,0.0,0.0,1.0,1.0,782.3,--
2025/9/4 0:01,24.3,59,15.3,84,12.6,15.3,0.0,2.2,313,951.0,1020.8,0.0,0,0.0,0.0,0.0,1.0,1.0,782.3,--
2025/9/4 0:02,24.3,59,15.2,84,12.5,15.2,1.8,3.2,11,951.0,1020.8,0.0,0,0.0,0.0,0.0,1.0,1.0,782.3,--
2025/9/4 0:03,24.3,59,15.2,85,12.7,15.2,2.9,3.2,66,951.2,1021.0,0.0,0,0.0,0.0,0.0,1.0,1.0,782.3,--
2025/9/4 0:04,24.3,59,15.1,85,12.6,15.1,2.5,2.9,31,951.1,1020.9,0.0,0,0.0,0.0,0.0,1.0,1.0,782.3,--
2025/9/4 0:05,24.3,58,15.1,85,12.6,15.1,2.9,5.0,5,951.1,1020.9,0.0,0,0.0,0.0,0.0,1.0,1.0,782.3,--
2025/9/4 0:06,24.3,59,15.0,85,12.5,15.0,0.0,1.8,311,951.0,1020.8,0.0,0,0.0,0.0,0.0,1.0,1.0,782.3,--
2025/9/4 0:07,24.3,58,15.0,85,12.5,15.0,0.0,2.2,28,951.0,1020.8,0.0,0,0.0,0.0,0.0,1.0,1.0,782.3,--
2025/9/4 0:08,24.3,58,15.0,86,12.7,15.0,2.5,3.6,29,951.2,1021.0,0.0,0,0.0,0.0,0.0,1.0,1.0,782.3,--
2025/9/4 0:09,24.3,58,14.9,86,12.6,14.9,1.8,2.2,17,951.0,1020.8,0.0,0,0.0,0.0,0.0,1.0,1.0,782.3,--
2025/9/4 0:10,24.3,58,14.9,86,12.6,14.9,2.2,3.2,113,951.0,1020.8,0.0,0,0.0,0.0,0.0,1.0,1.0,782.3,--
2025/9/4 0:11,24.3,58,15.0,85,12.5,15.0,2.2,4.0,53,951.0,1020.8,0.0,0,0.0,0.0,0.0,1.0,1.0,782.3,--
2025/9/4 0:12,24.3,58,15.0,85,12.5,15.0,0.0,0.0,18,951.1,1020.9,0.0,0,0.0,0.0,0.0,1.0,1.0,782.3,--
2025/9/4 0:13,24.3,58,15.1,85,12.6,15.1,0.0,2.2,357,951.1,1020.9,0.0,0,0.0,0.0,0.0,1.0,1.0,782.3,--
2025/9/4 0:14,24.3,58,15.0,86,12.7,15.0,1.8,2.5,124,951.0,1020.8,0.0,0,0.0,0.0,0.0,1.0,1.0,782.3,--
2025/9/4 0:15,24.3,58,15.0,86,12.7,15.0,2.2,2.9,31,951.1,1020.9,0.0,0,0.0,0.0,0.0,1.0,1.0,782.3,--
2025/9/4 0:16,24.3,58,14.9,86,12.6,14.9,0.0,1.8,58,950.9,1020.7,0.0,0,0.0,0.0,0.0,1.0,1.0,782.3,--
2025/9/4 0:17,24.3,58,14.9,86,12.6,14.9,0.0,3.6,28,951.1,1020.9,0.0,0,0.0,0.0,0.0,1.0,1.0,782.3,--
2025/9/4 0:18,24.3,58,14.9,86,12.6,14.9,3.2,5.4,50,951.1,1020.9,0.0,0,0.0,0.0,0.0,1.0,1.0,782.3,--
2025/9/4 0:19,24.3,58,15.0,86,12.7,15.0,2.9,4.0,2,951.0,1020.8,0.0,0,0.0,0.0,0.0,1.0,1.0,782.3,--
2025/9/4 0:20,24.3,57,14.9,86,12.6,14.9,0.0,2.2,84,950.9,1020.7,0.0,0,0.0,0.0,0.0,1.0,1.0,782.3,--
2025/9/4 0:21,24.3,57,14.9,86,12.6,14.9,2.9,2.9,62,951.0,1020.8,0.0,0,0.0,0.0,0.0,1.0,1.0,782.3,--
2025/9/4 0:22,24.3,58,14.8,87,12.7,14.8,0.0,3.6,348,951.0,1020.8,0.0,0,0.0,0.0,0.0,1.0,1.0,782.3,--
2025/9/4 0:23,24.3,58,14.7,87,12.6,14.7,0.0,2.2,86,950.9,1020.7,0.0,0,0.0,0.0,0.0,1.0,1.0,782.3,--
2025/9/4 0:24,24.3,57,14.7,87,12.6,14.7,1.8,2.2,13,951.0,1020.8,0.0,0,0.0,0.0,0.0,1.0,1.0,782.3,--
2025/9/4 0:25,24.4,57,14.7,87,12.6,14.7,3.2,4.0,29,951.0,1020.8,0.0,0,0.0,0.0,0.0,1.0,1.0,782.3,--
2025/9/4 0:26,24.3,57,14.7,87,12.6,14.7,2.5,4.0,27,950.8,1020.6,0.0,0,0.0,0.0,0.0,1.0,1.0,782.3,--
2025/9/4 0:27,24.3,57,14.7,87,12.6,14.7,2.5,3.2,26,951.1,1020.9,0.0,0,0.0,0.0,0.0,1.0,1.0,782.3,--
2025/9/4 0:28,24.3,57,14.7,87,12.6,14.7,2.2,2.5,70,950.8,1020.6,0.0,0,0.0,0.0,0.0,1.0,1.0,782.3,--
2025/9/4 0:29,24.3,57,14.6,87,12.5,14.6,0.0,2.2,101,950.8,1020.6,0.0,0,0.0,0.0,0.0,1.0,1.0,782.3,--
2025/9/4 0:30,24.3,57,14.6,87,12.5,14.6,2.2,2.5,240,951.0,1020.8,0.0,0,0.0,0.0,0.0,1.0,1.0,782.3,--
2025/9/4 0:31,24.3,57,14.6,87,12.5,14.6,1.8,3.2,59,951.1,1020.9,0.0,0,0.0,0.0,0.0,1.0,1.0,782.3,--
2025/9/4 0:32,24.3,57,14.6,88,12.6,14.6,2.9,3.6,29,951.0,1020.8,0.0,0,0.0,0.0,0.0,1.0,1.0,782.3,--
2025/9/4 0:33,24.3,57,14.6,88,12.6,14.6,3.2,3.6,25,950.8,1020.6,0.0,0,0.0,0.0,0.0,1.0,1.0,782.3,--
2025/9/4 0:34,24.4,57,14.6,88,12.6,14.6,0.0,2.2,35,951.0,1020.8,0.0,0,0.0,0.0,0.0,1.0,1.0,782.3,--
2025/9/4 0:35,24.3,57,14.6,88,12.6,14.6,2.2,4.3,69,950.8,1020.6,0.0,0,0.0,0.0,0.0,1.0,1.0,782.3,--
2025/9/4 0:36,24.3,57,14.6,88,12.6,14.6,1.8,2.5,76,950.8,1020.6,0.0,0,0.0,0.0,0.0,1.0,1.0,782.3,--
2025/9/4 0:37,24.3,57,14.6,88,12.6,14.6,1.8,2.2,22,950.7,1020.5,0.0,0,0.0,0.0,0.0,1.0,1.0,782.3,--
2025/9/4 0:38,24.3,57,14.5,88,12.5,14.5,2.2,2.2,7,950.8,1020.6,0.0,0,0.0,0.0,0.0,1.0,1.0,782.3,--
2025/9/4 0:39,24.3,57,14.5,88,12.5,14.5,5.4,5.4,22,950.7,1020.5,0.0,0,0.0,0.0,0.0,1.0,1.0,782.3,--
2025/9/4 0:40,24.3,57,14.4,88,12.4,14.4,0.0,2.2,238,950.8,1020.6,0.0,0,0.0,0.0,0.0,1.0,1.0,782.3,--
2025/9/4 0:41,24.3,57,14.4,89,12.6,14.4,0.0,1.8,26,950.9,1020.7,0.0,0,0.0,0.0,0.0,1.0,1.0,782.3,--
2025/9/4 0:42,24.3,57,14.3,89,12.5,14.3,0.0,2.2,17,950.8,1020.6,0.0,0,0.0,0.0,0.0,1.0,1.0,782.3,--
2025/9/4 0:43,24.3,57,14.3,89,12.5,14.3,2.9,3.6,29,950.9,1020.7,0.0,0,0.0,0.0,0.0,1.0,1.0,782.3,--
2025/9/4 0:44,24.3,57,14.4,89,12.6,14.4,2.9,4.3,45,950.9,1020.7,0.0,0,0.0,0.0,0.0,1.0,1.0,782.3,--
2025/9/4 0:45,24.3,57,14.4,89,12.6,14.4,0.0,4.0,49,950.9,1020.7,0.0,0,0.0,0.0,0.0,1.0,1.0,782.3,--
2025/9/4 0:46,24.3,57,14.4,88,12.4,14.4,2.2,2.5,54,950.9,1020.7,0.0,0,0.0,0.0,0.0,1.0,1.0,782.3,--
2025/9/4 0:47,24.3,57,14.4,88,12.4,14.4,0.0,2.2,356,950.8,1020.6,0.0,0,0.0,0.0,0.0,1.0,1.0,782.3,--
2025/9/4 0:48,24.3,57,14.4,88,12.4,14.4,0.0,1.8,3,950.9,1020.7,0.0,0,0.0,0.0,0.0,1.0,1.0,782.3,--
2025/9/4 0:49,24.3,57,14.4,89,12.6,14.4,1.8,3.2,325,950.8,1020.6,0.0,0,0.0,0.0,0.0,1.0,1.0,782.3,--
2025/9/4 0:50,24.3,57,14.3,89,12.5,14.3,2.5,2.5,31,950.8,1020.6,0.0,0,0.0,0.0,0.0,1.0,1.0,782.3,--
2025/9/4 0:51,24.3,57,14.3,89,12.5,14.3,4.7,4.7,40,951.0,1020.8,0.0,0,0.0,0.0,0.0,1.0,1.0,782.3,--
2025/9/4 0:52,24.3,57,14.4,89,12.6,14.4,2.2,2.5,36,950.8,1020.6,0.0,0,0.0,0.0,0.0,1.0,1.0,782.3,--
2025/9/4 0:53,24.3,57,14.3,89,12.5,14.3,3.2,3.2,22,951.0,1020.8,0.0,0,0.0,0.0,0.0,1.0,1.0,782.3,--
2025/9/4 0:54,24.3,57,14.3,89,12.5,14.3,2.9,4.0,11,950.9,1020.7,0.0,0,0.0,0.0,0.0,1.0,1.0,782.3,--
2025/9/4 0:55,24.3,57,14.2,89,12.4,14.2,0.0,2.9,55,950.9,1020.7,0.0,0,0.0,0.0,0.0,1.0,1.0,782.3,--
2025/9/4 0:56,24.3,57,14.2,89,12.4,14.2,1.8,2.5,25,950.8,1020.6,0.0,0,0.0,0.0,0.0,1.0,1.0,782.3,--
2025/9/4 0:57,24.3,57,14.2,89,12.4,14.2,2.9,4.0,18,951.0,1020.8,0.0,0,0.0,0.0,0.0,1.0,1.0,782.3,--
2025/9/4 0:58,24.2,57,14.1,89,12.3,14.1,0.0,3.2,239,950.8,1020.6,0.0,0,0.0,0.0,0.0,1.0,1.0,782.3,--
2025/9/4 0:59,24.2,57,14.1,89,12.3,14.1,0.0,2.2,39,950.9,1020.7,0.0,0,0.0,0.0,0.0,1.0,1.0,782.3,--
2025/9/4 1:00,24.2,57,14.0,89,12.2,14.0,2.2,2.5,37,950.8,1020.6,0.0,0,0.0,0.0,0.0,1.0,1.0,782.3,--
2025/9/4 1:01,24.2,57,14.0,90,12.4,14.0,3.6,4.0,16,950.8,1020.6,0.0,0,0.0,0.0,0.0,1.0,1.0,782.3,--
2025/9/4 1:02,24.2,57,14.0,90,12.4,14.0,0.0,3.2,24,950.9,1020.7,0.0,0,0.0,0.0,0.0,1.0,1.0,782.3,--
2025/9/4 1:03,24.2,57,14.0,90,12.4,14.0,2.2,2.2,108,951.0,1020.8,0.0,0,0.0,0.0,0.0,1.0,1.0,782.3,--
2025/9/4 1:04,24.1,57,14.0,90,12.4,14.0,0.0,2.5,40,950.9,1020.7,0.0,0,0.0,0.0,0.0,1.0,1.0,782.3,--
2025/9/4 1:05,24.2,57,14.0,90,12.4,14.0,2.9,4.0,27,950.9,1020.7,0.0,0,0.0,0.0,0.0,1.0,1.0,782.3,--
2025/9/4 1:06,24.2,57,14.0,90,12.4,14.0,2.2,3.2,58,951.0,1020.8,0.0,0,0.0,0.0,0.0,1.0,1.0,782.3,--
2025/9/4 1:07,24.2,57,13.9,90,12.3,13.9,3.6,4.7,20,951.0,1020.8,0.0,0,0.0,0.0,0.0,1.0,1.0,782.3,--
2025/9/4 1:08,24.2,57,13.9,90,12.3,13.9,0.0,2.9,333,950.9,1020.7,0.0,0,0.0,0.0,0.0,1.0,1.0,782.3,--
2025/9/4 1:09,24.2,57,13.9,90,12.3,13.9,0.0,2.2,20,950.9,1020.7,0.0,0,0.0,0.0,0.0,1.0,1.0,782.3,--
2025/9/4 1:10,24.1,57,13.9,90,12.3,13.9,1.8,2.2,4,950.9,1020.7,0.0,0,0.0,0.0,0.0,1.0,1.0,782.3,--
2025/9/4 1:11,24.2,57,13.9,90,12.3,13.9,0.0,2.2,25,950.9,1020.7,0.0,0,0.0,0.0,0.0,1.0,1.0,782.3,--
2025/9/4 1:12,24.2,57,13.8,91,12.4,13.8,0.0,2.2,257,951.0,1020.8,0.0,0,0.0,0.0,0.0,1.0,1.0,782.3,--
2025/9/4 1:13,24.2,57,13.8,91,12.4,13.8,2.5,2.5,359,950.7,1020.5,0.0,0,0.0,0.0,0.0,1.0,1.0,782.3,--
2025/9/4 1:14,24.2,57,13.8,91,12.4,13.8,1.8,2.5,79,950.9,1020.7,0.0,0,0.0,0.0,0.0,1.0,1.0,782.3,--
2025/9/4 1:15,24.2,57,13.7,91,12.3,13.7,0.0,2.2,54,950.8,1020.6,0.0,0,0.0,0.0,0.0,1.0,1.0,782.3,--
2025/9/4 1:16,24.2,57,13.7,91,12.3,13.7,1.8,2.9,36,951.0,1020.8,0.0,0,0.0,0.0,0.0,1.0,1.0,782.3,--
2025/9/4 1:17,24.2,57,13.8,91,12.4,13.8,0.0,1.8,14,950.9,1020.7,0.0,0,0.0,0.0,0.0,1.0,1.0,782.3,--
2025/9/4 1:18,24.2,57,13.7,91,12.3,13.7,0.0,2.9,331,950.9,1020.7,0.0,0,0.0,0.0,0.0,1.0,1.0,782.3,--
2025/9/4 1:19,24.2,57,13.7,91,12.3,13.7,0.0,2.2,359,951.0,1020.8,0.0,0,0.0,0.0,0.0,1.0,1.0,782.3,--
2025/9/4 1:20,24.2,57,13.8,91,12.4,13.8,2.2,2.9,56,950.8,1020.6,0.0,0,0.0,0.0,0.0,1.0,1.0,782.3,--
2025/9/4 1:21,24.2,57,13.8,91,12.4,13.8,0.0,3.2,359,951.0,1020.8,0.0,0,0.0,0.0,0.0,1.0,1.0,782.3,--
2025/9/4 1:22,24.2,57,13.8,91,12.4,13.8,0.0,2.5,5,951.0,1020.8,0.0,0,0.0,0.0,0.0,1.0,1.0,782.3,--
2025/9/4 1:23,24.2,57,13.8,91,12.4,13.8,1.8,2.5,2,951.0,1020.8,0.0,0,0.0,0.0,0.0,1.0,1.0,782.3,--
2025/9/4 1:24,24.2,57,13.8,91,12.4,13.8,0.0,2.9,12,950.9,1020.7,0.0,0,0.0,0.0,0.0,1.0,1.0,782.3,--
2025/9/4 1:25,24.2,57,13.8,91,12.4,13.8,1.8,2.9,21,951.0,1020.8,0.0,0,0.0,0.0,0.0,1.0,1.0,782.3,--
2025/9/4 1:26,24.2,57,13.8,90,12.2,13.8,2.2,3.6,20,951.0,1020.8,0.0,0,0.0,0.0,0.0,1.0,1.0,782.3,--
2025/9/4 1:27,24.2,57,13.9,90,12.3,13.9,0.0,2.9,23,950.8,1020.6,0.0,0,0.0,0.0,0.0,1.0,1.0,782.3,--
2025/9/4 1:28,24.2,57,13.9,90,12.3,13.9,0.0,2.2,331,950.8,1020.6,0.0,0,0.0,0.0,0.0,1.0,1.0,782.3,--
2025/9/4 1:29,24.2,57,13.9,90,12.3,13.9,3.2,3.2,5,950.8,1020.6,0.0,0,0.0,0.0,0.0,1.0,1.0,782.3,--
2025/9/4 1:30,24.1,57,13.8,90,12.2,13.8,0.0,1.8,53,950.9,1020.7,0.0,0,0.0,0.0,0.0,1.0,1.0,782.3,--
2025/9/4 1:31,24.1,57,13.8,91,12.4,13.8,2.5,3.6,6,950.9,1020.7,0.0,0,0.0,0.0,0.0,1.0,1.0,782.3,--
2025/9/4 1:32,24.2,57,13.8,90,12.2,13.8,1.8,2.2,28,950.9,1020.7,0.0,0,0.0,0.0,0.0,1.0,1.0,782.3,--
2025/9/4 1:33,24.2,57,13.8,90,12.2,13.8,2.5,2.9,72,950.9,1020.7,0.0,0,0.0,0.0,0.0,1.0,1.0,782.3,--
2025/9/4 1:34,24.2,57,13.8,91,12.4,13.8,0.0,3.2,32,950.9,1020.7,0.0,0,0.0,0.0,0.0,1.0,1.0,782.3,--
2025/9/4 1:35,24.1,57,13.8,90,12.2,13.8,0.0,2.2,43,950.7,1020.5,0.0,0,0.0,0.0,0.0,1.0,1.0,782.3,--
2025/9/4 1:36,24.1,57,13.7,91,12.3,13.7,2.5,3.6,337,950.9,1020.7,0.0,0,0.0,0.0,0.0,1.0,1.0,782.3,--
2025/9/4 1:37,24.2,57,13.7,91,12.3,13.7,0.0,2.2,60,951.0,1020.8,0.0,0,0.0,0.0,0.0,1.0,1.0,782.3,--
2025/9/4 1:38,24.2,57,13.7,91,12.3,13.7,0.0,2.5,96,951.0,1020.8,0.0,0,0.0,0.0,0.0,1.0,1.0,782.3,--
2025/9/4 1:39,24.2,57,13.7,91,12.3,13.7,1.8,2.5,50,950.8,1020.6,0.0,0,0.0,0.0,0.0,1.0,1.0,782.3,--
2025/9/4 1:40,24.2,57,13.7,91,12.3,13.7,1.8,2.9,51,950.9,1020.7,0.0,0,0.0,0.0,0.0,1.0,1.0,782.3,--
2025/9/4 1:41,24.2,57,13.7,91,12.3,13.7,2.9,2.9,30,950.7,1020.5,0.0,0,0.0,0.0,0.0,1.0,1.0,782.3,--
2025/9/4 1:42,24.2,57,13.7,91,12.3,13.7,1.8,2.9,99,950.9,1020.7,0.0,0,0.0,0.0,0.0,1.0,1.0,782.3,--
2025/9/4 1:43,24.2,57,13.6,91,12.2,13.6,0.0,3.6,40,950.8,1020.6,0.0,0,0.0,0.0,0.0,1.0,1.0,782.3,--
2025/9/4 1:44,24.3,57,13.6,91,12.2,13.6,2.2,3.6,86,950.7,1020.5,0.0,0,0.0,0.0,0.0,1.0,1.0,782.3,--
2025/9/4 1:45,24.2,56,13.6,91,12.2,13.6,2.5,2.9,31,950.8,1020.6,0.0,0,0.0,0.0,0.0,1.0,1.0,782.3,--
2025/9/4 1:46,24.2,56,13.6,91,12.2,13.6,2.2,2.9,37,950.9,1020.7,0.0,0,0.0,0.0,0.0,1.0,1.0,782.3,--
2025/9/4 1:47,24.2,56,13.6,91,12.2,13.6,2.2,4.3,19,950.8,1020.6,0.0,0,0.0,0.0,0.0,1.0,1.0,782.3,--
2025/9/4 1:48,24.2,56,13.6,91,12.2,13.6,3.2,3.2,30,950.7,1020.5,0.0,0,0.0,0.0,0.0,1.0,1.0,782.3,--
2025/9/4 1:49,24.2,56,13.5,91,12.1,13.5,2.5,3.2,43,950.7,1020.5,0.0,0,0.0,0.0,0.0,1.0,1.0,782.3,--
2025/9/4 1:50,24.2,56,13.5,91,12.1,13.5,0.0,2.5,6,950.9,1020.7,0.0,0,0.0,0.0,0.0,1.0,1.0,782.3,--
2025/9/4 1:51,24.2,56,13.5,91,12.1,13.5,0.0,2.9,7,950.8,1020.6,0.0,0,0.0,0.0,0.0,1.0,1.0,782.3,--
2025/9/4 1:52,24.2,57,13.4,91,12.0,13.4,0.0,2.2,88,950.8,1020.6,0.0,0,0.0,0.0,0.0,1.0,1.0,782.3,--
2025/9/4 1:53,24.2,56,13.4,91,12.0,13.4,2.2,2.5,91,950.9,1020.7,0.0,0,0.0,0.0,0.0,1.0,1.0,782.3,--
2025/9/4 1:54,24.2,56,13.4,92,12.2,13.4,3.6,4.0,32,950.7,1020.5,0.0,0,0.0,0.0,0.0,1.0,1.0,782.3,--
2025/9/4 1:55,24.2,56,13.4,92,12.2,13.4,1.8,2.5,97,950.8,1020.6,0.0,0,0.0,0.0,0.0,1.0,1.0,782.3,--
2025/9/4 1:56,24.2,56,13.4,92,12.2,13.4,2.5,3.2,45,950.9,1020.7,0.0,0,0.0,0.0,0.0,1.0,1.0,782.3,--
2025/9/4 1:57,24.2,56,13.4,92,12.2,13.4,3.6,4.0,15,950.9,1020.7,0.0,0,0.0,0.0,0.0,1.0,1.0,782.3,--
2025/9/4 1:58,24.2,56,13.4,92,12.2,13.4,1.8,3.2,30,950.8,1020.6,0.0,0,0.0,0.0,0.0,1.0,1.0,782.3,--
2025/9/4 1:59,24.2,56,13.4,91,12.0,13.4,2.9,2.9,55,950.7,1020.5,0.0,0,0.0,0.0,0.0,1.0,1.0,782.3,--
2025/9/4 2:00,24.2,56,13.4,91,12.0,13.4,2.2,2.9,0,950.9,1020.7,0.0,0,0.0,0.0,0.0,1.0,1.0,782.3,--
2025/9/4 2:01,24.2,56,13.5,91,12.1,13.5,2.9,4.7,325,950.7,1020.5,0.0,0,0.0,0.0,0.0,1.0,1.0,782.3,--
2025/9/4 2:02,24.2,56,13.6,91,12.2,13.6,2.2,2.9,45,950.9,1020.7,0.0,0,0.0,0.0,0.0,1.0,1.0,782.3,--
2025/9/4 2:03,24.2,56,13.6,91,12.2,13.6,1.8,4.0,56,950.9,1020.7,0.0,0,0.0,0.0,0.0,1.0,1.0,782.3,--
2025/9/4 2:04,24.2,56,13.6,91,12.2,13.6,2.2,3.6,11,950.8,1020.6,0.0,0,0.0,0.0,0.0,1.0,1.0,782.3,--
2025/9/4 2:05,24.2,56,13.6,91,12.2,13.6,0.0,3.6,348,950.7,1020.5,0.0,0,0.0,0.0,0.0,1.0,1.0,782.3,--
2025/9/4 2:06,24.2,56,13.5,91,12.1,13.5,1.8,2.9,33,950.7,1020.5,0.0,0,0.0,0.0,0.0,1.0,1.0,782.3,--
2025/9/4 2:07,24.2,56,13.5,91,12.1,13.5,0.0,2.5,354,950.7,1020.5,0.0,0,0.0,0.0,0.0,1.0,1.0,782.3,--
2025/9/4 2:08,24.2,56,13.5,91,12.1,13.5,0.0,2.5,228,950.7,1020.5,0.0,0,0.0,0.0,0.0,1.0,1.0,782.3,--
2025/9/4 2:09,24.2,56,13.5,91,12.1,13.5,0.0,3.2,347,950.7,1020.5,0.0,0,0.0,0.0,0.0,1.0,1.0,782.3,--
2025/9/4 2:10,24.2,56,13.5,91,12.1,13.5,1.8,2.9,36,950.6,1020.4,0.0,0,0.0,0.0,0.0,1.0,1.0,782.3,--
2025/9/4 2:11,24.1,56,13.4,91,12.0,13.4,0.0,2.2,52,950.7,1020.5,0.0,0,0.0,0.0,0.0,1.0,1.0,782.3,--
2025/9/4 2:12,24.1,56,13.5,91,12.1,13.5,2.9,4.7,4,950.7,1020.5,0.0,0,0.0,0.0,0.0,1.0,1.0,782.3,--
2025/9/4 2:13,24.1,56,13.5,91,12.1,13.5,0.0,2.5,18,950.7,1020.5,0.0,0,0.0,0.0,0.0,1.0,1.0,782.3,--
2025/9/4 2:14,24.1,56,13.5,91,12.1,13.5,0.0,2.9,227,950.6,1020.4,0.0,0,0.0,0.0,0.0,1.0,1.0,782.3,--
2025/9/4 2:15,24.1,56,13.6,91,12.2,13.6,0.0,2.2,89,950.6,1020.4,0.0,0,0.0,0.0,0.0,1.0,1.0,782.3,--
2025/9/4 2:16,24.1,56,13.6,91,12.2,13.6,0.0,2.2,53,950.8,1020.6,0.0,0,0.0,0.0,0.0,1.0,1.0,782.3,--
2025/9/4 2:17,24.1,56,13.6,91,12.2,13.6,0.0,3.6,353,950.6,1020.4,0.0,0,0.0,0.0,0.0,1.0,1.0,782.3,--
2025/9/4 2:18,24.1,56,13.6,91,12.2,13.6,1.8,3.2,329,950.7,1020.5,0.0,0,0.0,0.0,0.0,1.0,1.0,782.3,--
2025/9/4 2:19,24.1,56,13.6,91,12.2,13.6,0.0,2.2,194,950.9,1020.7,0.0,0,0.0,0.0,0.0,1.0,1.0,782.3,--
2025/9/4 2:20,24.2,56,13.6,90,12.0,13.6,1.8,2.9,341,950.7,1020.5,0.0,0,0.0,0.0,0.0,1.0,1.0,782.3,--
2025/9/4 2:21,24.1,57,13.7,90,12.1,13.7,0.0,2.2,75,950.7,1020.5,0.0,0,0.0,0.0,0.0,1.0,1.0,782.3,--
2025/9/4 2:22,24.1,57,13.7,90,12.1,13.7,0.0,1.8,10,950.9,1020.7,0.0,0,0.0,0.0,0.0,1.0,1.0,782.3,--
2025/9/4 2:23,24.1,56,13.7,90,12.1,13.7,0.0,2.2,306,950.6,1020.4,0.0,0,0.0,0.0,0.0,1.0,1.0,782.3,--
2025/9/4 2:24,24.1,56,13.7,90,12.1,13.7,0.0,2.2,308,950.7,1020.5,0.0,0,0.0,0.0,0.0,1.0,1.0,782.3,--
2025/9/4 2:25,24.1,56,13.8,90,12.2,13.8,3.2,3.2,0,950.7,1020.5,0.0,0,0.0,0.0,0.0,1.0,1.0,782.3,--
2025/9/4 2:26,24.2,56,13.8,90,12.2,13.8,1.8,2.9,357,950.6,1020.4,0.0,0,0.0,0.0,0.0,1.0,1.0,782.3,--
2025/9/4 2:27,24.2,56,13.8,90,12.2,13.8,1.8,2.5,113,950.7,1020.5,0.0,0,0.0,0.0,0.0,1.0,1.0,782.3,--
2025/9/4 2:28,24.2,56,13.8,89,12.0,13.8,2.2,3.2,11,950.6,1020.4,0.0,0,0.0,0.0,0.0,1.0,1.0,782.3,--
2025/9/4 2:29,24.2,56,13.8,90,12.2,13.8,0.0,2.2,16,950.6,1020.4,0.0,0,0.0,0.0,0.0,1.0,1.0,782.3,--
2025/9/4 2:30,24.1,56,13.8,90,12.2,13.8,1.8,2.9,359,950.7,1020.5,0.0,0,0.0,0.0,0.0,1.0,1.0,782.3,--
2025/9/4 2:31,24.2,56,13.8,89,12.0,13.8,0.0,1.8,243,950.6,1020.4,0.0,0,0.0,0.0,0.0,1.0,1.0,782.3,--
2025/9/4 2:32,24.2,56,13.8,89,12.0,13.8,1.8,2.9,345,950.7,1020.5,0.0,0,0.0,0.0,0.0,1.0,1.0,782.3,--
2025/9/4 2:33,24.2,56,13.8,89,12.0,13.8,2.9,2.9,6,950.5,1020.3,0.0,0,0.0,0.0,0.0,1.0,1.0,782.3,--
2025/9/4 2:34,24.2,56,13.8,89,12.0,13.8,3.2,5.0,25,950.7,1020.5,0.0,0,0.0,0.0,0.0,1.0,1.0,782.3,--
2025/9/4 2:35,24.2,56,13.8,89,12.0,13.8,1.8,3.6,352,950.6,1020.4,0.0,0,0.0,0.0,0.0,1.0,1.0,782.3,--
2025/9/4 2:36,24.2,56,13.8,89,12.0,13.8,0.0,3.6,340,950.6,1020.4,0.0,0,0.0,0.0,0.0,1.0,1.0,782.3,--
2025/9/4 2:37,24.2,56,13.7,89,11.9,13.7,0.0,3.2,15,950.8,1020.6,0.0,0,0.0,0.0,0.0,1.0,1.0,782.3,--
2025/9/4 2:38,24.2,56,13.6,90,12.0,13.6,2.5,2.9,23,950.6,1020.4,0.0,0,0.0,0.0,0.0,1.0,1.0,782.3,--
2025/9/4 2:39,24.2,56,13.6,90,12.0,13.6,0.0,3.2,336,950.6,1020.4,0.0,0,0.0,0.0,0.0,1.0,1.0,782.3,--
2025/9/4 2:40,24.2,56,13.6,90,12.0,13.6,2.2,3.6,58,950.7,1020.5,0.0,0,0.0,0.0,0.0,1.0,1.0,782.3,--
2025/9/4 2:41,24.1,56,13.5,90,11.9,13.5,2.9,3.6,357,950.6,1020.4,0.0,0,0.0,0.0,0.0,1.0,1.0,782.3,--
2025/9/4 2:42,24.2,56,13.5,90,11.9,13.5,1.8,2.2,59,950.7,1020.5,0.0,0,0.0,0.0,0.0,1.0,1.0,782.3,--
2025/9/4 2:43,24.1,56,13.5,90,11.9,13.5,2.9,2.9,26,950.8,1020.6,0.0,0,0.0,0.0,0.0,1.0,1.0,782.3,--
2025/9/4 2:44,24.2,56,13.4,90,11.8,13.4,2.9,3.6,30,950.7,1020.5,0.0,0,0.0,0.0,0.0,1.0,1.0,782.3,--
2025/9/4 2:45,24.2,56,13.4,90,11.8,13.4,2.5,4.0,34,950.6,1020.4,0.0,0,0.0,0.0,0.0,1.0,1.0,782.3,--
2025/9/4 2:46,24.1,56,13.3,90,11.7,13.3,0.0,3.2,9,950.6,1020.4,0.0,0,0.0,0.0,0.0,1.0,1.0,782.3,--
2025/9/4 2:47,24.2,56,13.3,91,11.9,13.3,0.0,1.8,347,950.7,1020.5,0.0,0,0.0,0.0,0.0,1.0,1.0,782.3,--
2025/9/4 2:48,24.2,56,13.2,91,11.8,13.2,0.0,4.3,65,950.6,1020.4,0.0,0,0.0,0.0,0.0,1.0,1.0,782.3,--
2025/9/4 2:49,24.1,56,13.2,91,11.8,13.2,0.0,2.9,355,950.6,1020.4,0.0,0,0.0,0.0,0.0,1.0,1.0,782.3,--
2025/9/4 2:50,24.1,56,13.2,91,11.8,13.2,0.0,3.2,357,950.7,1020.5,0.0,0,0.0,0.0,0.0,1.0,1.0,782.3,--
2025/9/4 2:51,24.1,56,13.2,91,11.8,13.2,2.5,3.6,2,950.4,1020.2,0.0,0,0.0,0.0,0.0,1.0,1.0,782.3,--
2025/9/4 2:52,24.2,56,13.2,91,11.8,13.2,0.0,2.2,130,950.8,1020.6,0.0,0,0.0,0.0,0.0,1.0,1.0,782.3,--
2025/9/4 2:53,24.1,56,13.2,91,11.8,13.2,0.0,3.2,12,950.6,1020.4,0.0,0,0.0,0.0,0.0,1.0,1.0,782.3,--
2025/9/4 2:54,24.1,56,13.3,91,11.9,13.3,2.9,4.0,317,950.7,1020.5,0.0,0,0.0,0.0,0.0,1.0,1.0,782.3,--
2025/9/4 2:55,24.2,56,13.4,90,11.8,13.4,2.9,3.2,12,950.5,1020.3,0.0,0,0.0,0.0,0.0,1.0,1.0,782.3,--
2025/9/4 2:56,24.2,56,13.4,90,11.8,13.4,2.5,3.6,15,950.6,1020.4,0.0,0,0.0,0.0,0.0,1.0,1.0,782.3,--
2025/9/4 2:57,24.1,56,13.4,90,11.8,13.4,0.0,2.5,325,950.6,1020.4,0.0,0,0.0,0.0,0.0,1.0,1.0,782.3,--
2025/9/4 2:58,24.1,56,13.4,90,11.8,13.4,0.0,2.9,89,950.6,1020.4,0.0,0,0.0,0.0,0.0,1.0,1.0,782.3,--
2025/9/4 2:59,24.1,56,13.4,90,11.8,13.4,1.8,2.5,27,950.7,1020.5,0.0,0,0.0,0.0,0.0,1.0,1.0,782.3,--
2025/9/4 3:00,24.1,56,13.4,90,11.8,13.4,0.0,2.2,2,950.6,1020.4,0.0,0,0.0,0.0,0.0,1.0,1.0,782.3,--
2025/9/4 3:01,24.1,56,13.4,90,11.8,13.4,2.2,3.2,23,950.5,1020.3,0.0,0,0.0,0.0,0.0,1.0,1.0,782.3,--
2025/9/4 3:02,24.1,56,13.3,90,11.7,13.3,2.5,2.5,27,950.5,1020.3,0.0,0,0.0,0.0,0.0,1.0,1.0,782.3,--
2025/9/4 3:03,24.1,56,13.3,90,11.7,13.3,2.2,2.9,25,950.6,1020.4,0.0,0,0.0,0.0,0.0,1.0,1.0,782.3,--
2025/9/4 3:04,24.1,56,13.3,90,11.7,13.3,2.9,4.3,29,950.5,1020.3,0.0,0,0.0,0.0,0.0,1.0,1.0,782.3,--
2025/9/4 3:05,24.1,56,13.3,90,11.7,13.3,2.9,4.0,4,950.6,1020.4,0.0,0,0.0,0.0,0.0,1.0,1.0,782.3,--
2025/9/4 3:06,24.1,56,13.3,90,11.7,13.3,0.0,2.9,3,950.8,1020.6,0.0,0,0.0,0.0,0.0,1.0,1.0,782.3,--
2025/9/4 3:07,24.1,56,13.2,90,11.6,13.2,2.9,2.9,5,950.6,1020.4,0.0,0,0.0,0.0,0.0,1.0,1.0,782.3,--
2025/9/4 3:08,24.1,56,13.1,91,11.7,13.1,2.2,2.2,279,950.6,1020.4,0.0,0,0.0,0.0,0.0,1.0,1.0,782.3,--
2025/9/4 3:09,24.1,56,13.1,91,11.7,13.1,0.0,2.5,355,950.7,1020.5,0.0,0,0.0,0.0,0.0,1.0,1.0,782.3,--
2025/9/4 3:10,24.1,56,13.0,91,11.6,13.0,0.0,2.2,336,950.7,1020.5,0.0,0,0.0,0.0,0.0,1.0,1.0,782.3,--
2025/9/4 3:11,24.1,56,13.0,91,11.6,13.0,1.8,2.2,330,950.5,1020.3,0.0,0,0.0,0.0,0.0,1.0,1.0,782.3,--
2025/9/4 3:12,24.1,55,13.0,91,11.6,13.0,0.0,3.6,10,950.7,1020.5,0.0,0,0.0,0.0,0.0,1.0,1.0,782.3,--
2025/9/4 3:13,24.1,55,12.9,91,11.5,12.9,3.6,5.0,31,950.5,1020.3,0.0,0,0.0,0.0,0.0,1.0,1.0,782.3,--
2025/9/4 3:14,24.2,55,12.9,91,11.5,12.9,0.0,2.2,27,950.5,1020.3,0.0,0,0.0,0.0,0.0,1.0,1.0,782.3,--
2025/9/4 3:15,24.1,55,12.9,92,11.7,12.9,2.5,5.0,26,950.6,1020.4,0.0,0,0.0,0.0,0.0,1.0,1.0,782.3,--
2025/9/4 3:16,24.1,55,12.9,91,11.5,12.9,2.5,5.0,40,950.5,1020.3,0.0,0,0.0,0.0,0.0,1.0,1.0,782.3,--
2025/9/4 3:17,24.1,55,13.0,91,11.6,13.0,2.5,3.2,346,950.6,1020.4,0.0,0,0.0,0.0,0.0,1.0,1.0,782.3,--
2025/9/4 3:18,24.1,55,12.9,91,11.5,12.9,2.2,3.6,18,950.5,1020.3,0.0,0,0.0,0.0,0.0,1.0,1.0,782.3,--
2025/9/4 3:19,24.1,55,13.0,91,11.6,13.0,2.5,4.3,8,950.5,1020.3,0.0,0,0.0,0.0,0.0,1.0,1.0,782.3,--
2025/9/4 3:20,24.2,55,13.0,91,11.6,13.0,3.6,4.0,352,950.6,1020.4,0.0,0,0.0,0.0,0.0,1.0,1.0,782.3,--
2025/9/4 3:21,24.1,55,12.9,91,11.5,12.9,0.0,3.2,29,950.4,1020.2,0.0,0,0.0,0.0,0.0,1.0,1.0,782.3,--
2025/9/4 3:22,24.1,55,12.9,91,11.5,12.9,1.8,2.9,4,950.6,1020.4,0.0,0,0.0,0.0,0.0,1.0,1.0,782.3,--
2025/9/4 3:23,24.1,56,12.8,91,11.4,12.8,0.0,2.9,13,950.5,1020.3,0.0,0,0.0,0.0,0.0,1.0,1.0,782.3,--
2025/9/4 3:24,24.1,55,12.8,91,11.4,12.8,0.0,2.2,49,950.7,1020.5,0.0,0,0.0,0.0,0.0,1.0,1.0,782.3,--
2025/9/4 3:25,24.1,55,12.8,92,11.6,12.8,0.0,1.8,0,950.4,1020.2,0.0,0,0.0,0.0,0.0,1.0,1.0,782.3,--
2025/9/4 3:26,24.1,55,12.8,92,11.6,12.8,0.0,2.5,135,950.5,1020.3,0.0,0,0.0,0.0,0.0,1.0,1.0,782.3,--
2025/9/4 3:27,24.1,55,12.8,92,11.6,12.8,0.0,2.2,57,950.3,1020.1,0.0,0,0.0,0.0,0.0,1.0,1.0,782.3,--
2025/9/4 3:28,24.1,55,12.8,92,11.6,12.8,2.2,3.6,32,950.6,1020.4,0.0,0,0.0,0.0,0.0,1.0,1.0,782.3,--
2025/9/4 3:29,24.1,55,12.8,92,11.6,12.8,1.8,3.2,32,950.5,1020.3,0.0,0,0.0,0.0,0.0,1.0,1.0,782.3,--
2025/9/4 3:30,24.1,55,12.8,92,11.6,12.8,0.0,2.9,34,950.5,1020.3,0.0,0,0.0,0.0,0.0,1.0,1.0,782.3,--
2025/9/4 3:31,24.1,55,12.8,92,11.6,12.8,3.6,3.6,33,950.6,1020.4,0.0,0,0.0,0.0,0.0,1.0,1.0,782.3,--
2025/9/4 3:32,24.0,55,12.7,92,11.5,12.7,0.0,2.2,48,950.5,1020.3,0.0,0,0.0,0.0,0.0,1.0,1.0,782.3,--
2025/9/4 3:33,24.0,55,12.7,92,11.5,12.7,0.0,2.9,21,950.4,1020.2,0.0,0,0.0,0.0,0.0,1.0,1.0,782.3,--
2025/9/4 3:34,24.0,55,12.7,92,11.5,12.7,0.0,2.5,24,950.5,1020.3,0.0,0,0.0,0.0,0.0,1.0,1.0,782.3,--
2025/9/4 3:35,24.0,55,12.7,92,11.5,12.7,0.0,2.9,36,950.5,1020.3,0.0,0,0.0,0.0,0.0,1.0,1.0,782.3,--
2025/9/4 3:36,24.0,55,12.6,92,11.4,12.6,1.8,2.2,91,950.5,1020.3,0.0,0,0.0,0.0,0.0,1.0,1.0,782.3,--
2025/9/4 3:37,24.0,55,12.6,92,11.4,12.6,1.8,2.5,86,950.5,1020.3,0.0,0,0.0,0.0,0.0,1.0,1.0,782.3,--
2025/9/4 3:38,24.0,55,12.6,93,11.5,12.6,2.2,2.2,314,950.6,1020.4,0.0,0,0.0,0.0,0.0,1.0,1.0,782.3,--
2025/9/4 3:39,24.0,55,12.7,92,11.5,12.7,2.2,3.2,22,950.3,1020.1,0.0,0,0.0,0.0,0.0,1.0,1.0,782.3,--
2025/9/4 3:40,24.0,55,12.7,92,11.5,12.7,1.8,3.2,17,950.5,1020.3,0.0,0,0.0,0.0,0.0,1.0,1.0,782.3,--
2025/9/4 3:41,24.0,55,12.7,92,11.5,12.7,1.8,3.2,25,950.6,1020.4,0.0,0,0.0,0.0,0.0,1.0,1.0,782.3,--
2025/9/4 3:42,24.0,55,12.6,92,11.4,12.6,0.0,2.5,12,950.4,1020.2,0.0,0,0.0,0.0,0.0,1.0,1.0,782.3,--
2025/9/4 3:43,24.1,55,12.6,92,11.4,12.6,0.0,1.8,294,950.5,1020.3,0.0,0,0.0,0.0,0.0,1.0,1.0,782.3,--
2025/9/4 3:44,24.1,55,12.6,92,11.4,12.6,2.2,2.9,56,950.4,1020.2,0.0,0,0.0,0.0,0.0,1.0,1.0,782.3,--
2025/9/4 3:45,24.1,55,12.6,92,11.4,12.6,1.8,2.5,48,950.4,1020.2,0.0,0,0.0,0.0,0.0,1.0,1.0,782.3,--
2025/9/4 3:46,24.1,55,12.7,92,11.5,12.7,0.0,2.9,32,950.5,1020.3,0.0,0,0.0,0.0,0.0,1.0,1.0,782.3,--
2025/9/4 3:47,24.1,55,12.6,92,11.4,12.6,2.2,2.9,2,950.4,1020.2,0.0,0,0.0,0.0,0.0,1.0,1.0,782.3,--
2025/9/4 3:48,24.1,55,12.6,92,11.4,12.6,0.0,2.9,5,950.5,1020.3,0.0,0,0.0,0.0,0.0,1.0,1.0,782.3,--
2025/9/4 3:49,24.1,55,12.7,92,11.5,12.7,0.0,0.0,18,950.6,1020.4,0.0,0,0.0,0.0,0.0,1.0,1.0,782.3,--
2025/9/4 3:50,24.1,55,12.7,92,11.5,12.7,1.8,2.5,48,950.5,1020.3,0.0,0,0.0,0.0,0.0,1.0,1.0,782.3,--
2025/9/4 3:51,24.1,55,12.7,92,11.5,12.7,0.0,2.2,345,950.5,1020.3,0.0,0,0.0,0.0,0.0,1.0,1.0,782.3,--
2025/9/4 3:52,24.1,55,12.7,92,11.5,12.7,2.2,2.2,10,950.5,1020.3,0.0,0,0.0,0.0,0.0,1.0,1.0,782.3,--
2025/9/4 3:53,24.1,55,12.7,92,11.5,12.7,2.5,3.6,57,950.5,1020.3,0.0,0,0.0,0.0,0.0,1.0,1.0,782.3,--
2025/9/4 3:54,24.1,55,12.7,92,11.5,12.7,2.2,3.6,42,950.4,1020.2,0.0,0,0.0,0.0,0.0,1.0,1.0,782.3,--
2025/9/4 3:55,24.1,55,12.7,92,11.5,12.7,0.0,1.8,21,950.3,1020.1,0.0,0,0.0,0.0,0.0,1.0,1.0,782.3,--
2025/9/4 3:56,24.1,55,12.8,92,11.6,12.8,0.0,2.5,228,950.4,1020.2,0.0,0,0.0,0.0,0.0,1.0,1.0,782.3,--
2025/9/4 3:57,24.1,54,12.8,92,11.6,12.8,0.0,0.0,157,950.4,1020.2,0.0,0,0.0,0.0,0.0,1.0,1.0,782.3,--
2025/9/4 3:58,24.1,55,12.8,92,11.6,12.8,2.9,3.2,318,950.4,1020.2,0.0,0,0.0,0.0,0.0,1.0,1.0,782.3,--
2025/9/4 3:59,24.1,54,12.8,92,11.6,12.8,2.2,2.5,0,950.4,1020.2,0.0,0,0.0,0.0,0.0,1.0,1.0,782.3,--
2025/9/4 4:00,24.1,55,12.9,91,11.5,12.9,2.2,2.5,257,950.3,1020.1,0.0,0,0.0,0.0,0.0,1.0,1.0,782.3,--
2025/9/4 4:01,24.1,55,13.0,91,11.6,13.0,0.0,1.8,313,950.3,1020.1,0.0,0,0.0,0.0,0.0,1.0,1.0,782.3,--
2025/9/4 4:02,24.1,55,13.0,90,11.4,13.0,2.9,2.9,339,950.5,1020.3,0.0,0,0.0,0.0,0.0,1.0,1.0,782.3,--
2025/9/4 4:03,24.1,54,13.2,90,11.6,13.2,0.0,3.2,358,950.5,1020.3,0.0,0,0.0,0.0,0.0,1.0,1.0,782.3,--
2025/9/4 4:04,24.1,55,13.3,90,11.7,13.3,0.0,2.2,11,950.3,1020.1,0.0,0,0.0,0.0,0.0,1.0,1.0,782.3,--
2025/9/4 4:05,24.0,54,13.3,90,11.7,13.3,2.5,2.9,8,950.3,1020.1,0.0,0,0.0,0.0,0.0,1.0,1.0,782.3,--
2025/9/4 4:06,24.0,55,13.3,89,11.5,13.3,1.8,4.7,44,950.4,1020.2,0.0,0,0.0,0.0,0.0,1.0,1.0,782.3,--
2025/9/4 4:07,24.0,55,13.3,89,11.5,13.3,2.5,4.0,304,950.1,1019.9,0.0,0,0.0,0.0,0.0,1.0,1.0,782.3,--
2025/9/4 4:08,24.0,54,13.5,88,11.5,13.5,0.0,3.6,122,950.5,1020.3,0.0,0,0.0,0.0,0.0,1.0,1.0,782.3,--
2025/9/4 4:09,24.0,55,13.4,89,11.6,13.4,1.8,2.9,1,950.4,1020.2,0.0,0,0.0,0.0,0.0,1.0,1.0,782.3,--
2025/9/4 4:10,24.0,54,13.4,89,11.6,13.4,3.2,3.2,22,950.3,1020.1,0.0,0,0.0,0.0,0.0,1.0,1.0,782.3,--
2025/9/4 4:11,24.0,55,13.4,89,11.6,13.4,2.9,2.9,40,950.3,1020.1,0.0,0,0.0,0.0,0.0,1.0,1.0,782.3,--
2025/9/4 4:12,24.0,54,13.3,89,11.5,13.3,0.0,1.8,21,950.3,1020.1,0.0,0,0.0,0.0,0.0,1.0,1.0,782.3,--
2025/9/4 4:13,24.0,54,13.3,89,11.5,13.3,0.0,2.9,354,950.4,1020.2,0.0,0,0.0,0.0,0.0,1.0,1.0,782.3,--
2025/9/4 4:14,24.0,54,13.2,90,11.6,13.2,1.8,2.9,27,950.3,1020.1,0.0,0,0.0,0.0,0.0,1.0,1.0,782.3,--
2025/9/4 4:15,24.0,54,13.2,89,11.4,13.2,0.0,3.2,14,950.3,1020.1,0.0,0,0.0,0.0,0.0,1.0,1.0,782.3,--
2025/9/4 4:16,24.0,54,13.2,89,11.4,13.2,2.5,2.5,50,950.4,1020.2,0.0,0,0.0,0.0,0.0,1.0,1.0,782.3,--
2025/9/4 4:17,24.0,54,13.2,90,11.6,13.2,0.0,3.6,32,950.5,1020.3,0.0,0,0.0,0.0,0.0,1.0,1.0,782.3,--
2025/9/4 4:18,24.0,54,13.1,90,11.5,13.1,0.0,3.2,16,950.4,1020.2,0.0,0,0.0,0.0,0.0,1.0,1.0,782.3,--
2025/9/4 4:19,24.0,54,13.0,90,11.4,13.0,0.0,3.2,356,950.2,1020.0,0.0,0,0.0,0.0,0.0,1.0,1.0,782.3,--
2025/9/4 4:20,24.0,54,12.9,90,11.3,12.9,0.0,2.9,6,950.2,1020.0,0.0,0,0.0,0.0,0.0,1.0,1.0,782.3,--
2025/9/4 4:21,24.0,54,12.9,91,11.5,12.9,0.0,3.2,336,950.2,1020.0,0.0,0,0.0,0.0,0.0,1.0,1.0,782.3,--
2025/9/4 4:22,24.0,54,12.9,91,11.5,12.9,0.0,2.5,353,950.3,1020.1,0.0,0,0.0,0.0,0.0,1.0,1.0,782.3,--
2025/9/4 4:23,24.0,54,12.9,91,11.5,12.9,2.2,2.5,78,950.3,1020.1,0.0,0,0.0,0.0,0.0,1.0,1.0,782.3,--
2025/9/4 4:24,24.0,54,12.8,91,11.4,12.8,0.0,2.5,51,950.1,1019.9,0.0,0,0.0,0.0,0.0,1.0,1.0,782.3,--
2025/9/4 4:25,24.0,54,12.8,91,11.4,12.8,2.2,2.9,61,950.4,1020.2,0.0,0,0.0,0.0,0.0,1.0,1.0,782.3,--
2025/9/4 4:26,24.0,54,12.8,91,11.4,12.8,0.0,3.2,64,950.3,1020.1,0.0,0,0.0,0.0,0.0,1.0,1.0,782.3,--
2025/9/4 4:27,24.0,54,12.8,91,11.4,12.8,2.5,4.3,33,950.4,1020.2,0.0,0,0.0,0.0,0.0,1.0,1.0,782.3,--
2025/9/4 4:28,24.0,54,12.8,91,11.4,12.8,2.5,5.4,39,950.3,1020.1,0.0,0,0.0,0.0,0.0,1.0,1.0,782.3,--
2025/9/4 4:29,24.0,55,12.8,91,11.4,12.8,0.0,0.0,0,950.3,1020.1,0.0,0,0.0,0.0,0.0,1.0,1.0,782.3,--
2025/9/4 4:30,24.0,55,12.8,91,11.4,12.8,1.8,3.2,6,950.3,1020.1,0.0,0,0.0,0.0,0.0,1.0,1.0,782.3,--
2025/9/4 4:31,24.0,55,12.7,92,11.5,12.7,0.0,2.5,49,950.3,1020.1,0.0,0,0.0,0.0,0.0,1.0,1.0,782.3,--
2025/9/4 4:32,24.0,55,12.7,91,11.3,12.7,2.2,2.5,59,950.2,1020.0,0.0,0,0.0,0.0,0.0,1.0,1.0,782.3,--
2025/9/4 4:33,24.0,54,12.7,91,11.3,12.7,1.8,2.2,74,950.4,1020.2,0.0,0,0.0,0.0,0.0,1.0,1.0,782.3,--
2025/9/4 4:34,24.0,54,12.7,92,11.5,12.7,2.9,3.2,15,950.3,1020.1,0.0,0,0.0,0.0,0.0,1.0,1.0,782.3,--
2025/9/4 4:35,24.0,54,12.7,92,11.5,12.7,3.2,4.3,5,950.2,1020.0,0.0,0,0.0,0.0,0.0,1.0,1.0,782.3,--
2025/9/4 4:36,24.0,54,12.6,92,11.4,12.6,0.0,2.2,31,950.4,1020.2,0.0,0,0.0,0.0,0.0,1.0,1.0,782.3,--
2025/9/4 4:37,24.0,54,12.6,92,11.4,12.6,0.0,2.9,357,950.3,1020.1,0.0,0,0.0,0.0,0.0,1.0,1.0,782.3,--
2025/9/4 4:38,24.0,54,12.6,92,11.4,12.6,0.0,3.2,34,950.3,1020.1,0.0,0,0.0,0.0,0.0,1.0,1.0,782.3,--
2025/9/4 4:39,24.0,55,12.6,92,11.4,12.6,0.0,4.3,347,950.2,1020.0,0.0,0,0.0,0.0,0.0,1.0,1.0,782.3,--
2025/9/4 4:40,24.0,54,12.6,91,11.2,12.6,0.0,1.8,10,950.5,1020.3,0.0,0,0.0,0.0,0.0,1.0,1.0,782.3,--
2025/9/4 4:41,24.0,55,12.6,92,11.4,12.6,0.0,2.9,358,950.4,1020.2,0.0,0,0.0,0.0,0.0,1.0,1.0,782.3,--
2025/9/4 4:42,24.0,54,12.6,92,11.4,12.6,0.0,2.9,271,950.5,1020.3,0.0,0,0.0,0.0,0.0,1.0,1.0,782.3,--
2025/9/4 4:43,24.0,54,12.6,92,11.4,12.6,1.8,2.9,354,950.4,1020.2,0.0,0,0.0,0.0,0.0,1.0,1.0,782.3,--
2025/9/4 4:44,24.0,54,12.5,92,11.3,12.5,2.5,3.6,38,950.3,1020.1,0.0,0,0.0,0.0,0.0,1.0,1.0,782.3,--
2025/9/4 4:45,24.0,54,12.5,92,11.3,12.5,2.5,3.2,54,950.2,1020.0,0.0,0,0.0,0.0,0.0,1.0,1.0,782.3,--
2025/9/4 4:46,24.0,54,12.5,92,11.3,12.5,2.2,3.2,346,950.3,1020.1,0.0,0,0.0,0.0,0.0,1.0,1.0,782.3,--
2025/9/4 4:47,24.0,54,12.3,92,11.1,12.3,2.9,2.9,319,950.2,1020.0,0.0,0,0.0,0.0,0.0,1.0,1.0,782.3,--
2025/9/4 4:48,24.0,54,12.4,92,11.2,12.4,1.8,2.5,352,950.3,1020.1,0.0,0,0.0,0.0,0.0,1.0,1.0,782.3,--
2025/9/4 4:49,24.0,54,12.3,93,11.2,12.3,2.5,3.2,47,950.4,1020.2,0.0,0,0.0,0.0,0.0,1.0,1.0,782.3,--
2025/9/4 4:50,24.0,54,12.3,93,11.2,12.3,0.0,2.2,343,950.3,1020.1,0.0,0,0.0,0.0,0.0,1.0,1.0,782.3,--
2025/9/4 4:51,24.0,54,12.4,92,11.2,12.4,3.2,3.6,20,950.3,1020.1,0.0,0,0.0,0.0,0.0,1.0,1.0,782.3,--
2025/9/4 4:52,24.0,54,12.4,92,11.2,12.4,1.8,4.0,2,950.3,1020.1,0.0,0,0.0,0.0,0.0,1.0,1.0,782.3,--
2025/9/4 4:53,24.0,54,12.3,92,11.1,12.3,1.8,2.2,199,950.4,1020.2,0.0,0,0.0,0.0,0.0,1.0,1.0,782.3,--
2025/9/4 4:54,24.0,54,12.3,92,11.1,12.3,0.0,1.8,55,950.4,1020.2,0.0,0,0.0,0.0,0.0,1.0,1.0,782.3,--
2025/9/4 4:55,24.0,54,12.3,93,11.2,12.3,0.0,3.2,107,950.4,1020.2,0.0,0,0.0,0.0,0.0,1.0,1.0,782.3,--
2025/9/4 4:56,24.0,54,12.3,93,11.2,12.3,3.6,4.0,27,950.4,1020.2,0.0,0,0.0,0.0,0.0,1.0,1.0,782.3,--
2025/9/4 4:57,24.0,54,12.3,92,11.1,12.3,2.9,4.3,29,950.3,1020.1,0.0,0,0.0,0.0,0.0,1.0,1.0,782.3,--
2025/9/4 4:58,24.0,54,12.3,92,11.1,12.3,0.0,1.8,168,950.4,1020.2,0.0,0,0.0,0.0,0.0,1.0,1.0,782.3,--
2025/9/4 4:59,24.0,54,12.3,93,11.2,12.3,1.8,2.9,325,950.2,1020.0,0.0,0,0.0,0.0,0.0,1.0,1.0,782.3,--
2025/9/4 5:00,24.0,54,12.3,93,11.2,12.3,0.0,1.8,240,950.4,1020.2,0.0,0,0.0,0.0,0.0,1.0,1.0,782.3,--
2025/9/4 5:01,24.0,54,12.3,93,11.2,12.3,2.2,2.9,31,950.4,1020.2,0.0,0,0.0,0.0,0.0,1.0,1.0,782.3,--
2025/9/4 5:02,24.0,54,12.3,93,11.2,12.3,2.5,3.6,23,950.3,1020.1,0.0,0,0.0,0.0,0.0,1.0,1.0,782.3,--
2025/9/4 5:03,24.0,54,12.3,92,11.1,12.3,5.0,5.4,39,950.3,1020.1,0.0,0,0.0,0.0,0.0,1.0,1.0,782.3,--
2025/9/4 5:04,24.0,54,12.3,92,11.1,12.3,1.8,3.6,8,950.3,1020.1,0.0,0,0.0,0.0,0.0,1.0,1.0,782.3,--
2025/9/4 5:05,24.0,54,12.4,92,11.2,12.4,2.2,2.9,19,950.5,1020.3,0.0,0,0.0,0.0,0.0,1.0,1.0,782.3,--
2025/9/4 5:06,24.0,54,12.3,92,11.1,12.3,0.0,2.5,348,950.3,1020.1,0.0,0,0.0,0.0,0.0,1.0,1.0,782.3,--
2025/9/4 5:07,24.0,54,12.3,92,11.1,12.3,0.0,3.2,359,950.3,1020.1,0.0,0,0.0,0.0,0.0,1.0,1.0,782.3,--
2025/9/4 5:08,24.0,54,12.4,92,11.2,12.4,0.0,2.2,343,950.3,1020.1,0.0,0,0.0,0.0,0.0,1.0,1.0,782.3,--
2025/9/4 5:09,24.0,54,12.4,92,11.2,12.4,2.2,2.9,337,950.6,1020.4,0.0,0,0.0,0.0,0.0,1.0,1.0,782.3,--
2025/9/4 5:10,24.0,54,12.4,92,11.2,12.4,1.8,3.2,42,950.3,1020.1,0.0,0,0.0,0.0,0.0,1.0,1.0,782.3,--
2025/9/4 5:11,24.0,54,12.3,92,11.1,12.3,1.8,2.9,52,950.4,1020.2,0.0,0,0.0,0.0,0.0,1.0,1.0,782.3,--
2025/9/4 5:12,23.9,54,12.3,92,11.1,12.3,2.2,3.2,34,950.4,1020.2,0.0,0,0.0,0.0,0.0,1.0,1.0,782.3,--
2025/9/4 5:13,24.0,54,12.4,92,11.2,12.4,1.8,4.3,345,950.3,1020.1,0.0,0,0.0,0.0,0.0,1.0,1.0,782.3,--
2025/9/4 5:14,24.0,54,12.4,92,11.2,12.4,4.0,5.8,34,950.3,1020.1,0.0,0,0.0,0.0,0.0,1.0,1.0,782.3,--
2025/9/4 5:15,23.9,54,12.4,92,11.2,12.4,0.0,2.9,17,950.4,1020.2,0.0,0,0.0,0.0,0.0,1.0,1.0,782.3,--
2025/9/4 5:16,23.9,54,12.4,92,11.2,12.4,0.0,3.6,25,950.3,1020.1,0.0,0,0.0,0.0,0.0,1.0,1.0,782.3,--
2025/9/4 5:17,23.9,54,12.3,92,11.1,12.3,1.8,2.5,7,950.2,1020.0,0.0,0,0.0,0.0,0.0,1.0,1.0,782.3,--
2025/9/4 5:18,24.0,54,12.3,92,11.1,12.3,3.2,3.2,15,950.4,1020.2,0.0,0,0.0,0.0,0.0,1.0,1.0,782.3,--
2025/9/4 5:19,24.0,54,12.3,92,11.1,12.3,2.9,3.2,17,950.2,1020.0,0.0,0,0.0,0.0,0.0,1.0,1.0,782.3,--
2025/9/4 5:20,24.0,54,12.2,92,11.0,12.2,0.0,2.2,357,950.2,1020.0,0.0,0,0.0,0.0,0.0,1.0,1.0,782.3,--
2025/9/4 5:21,23.9,54,12.3,92,11.1,12.3,0.0,2.5,339,950.3,1020.1,0.0,0,0.0,0.0,0.0,1.0,1.0,782.3,--
2025/9/4 5:22,23.9,54,12.3,92,11.1,12.3,2.2,3.2,348,950.2,1020.0,0.0,0,0.0,0.0,0.0,1.0,1.0,782.3,--
2025/9/4 5:23,24.0,54,12.3,92,11.1,12.3,1.8,3.2,27,950.2,1020.0,0.0,0,0.0,0.0,0.0,1.0,1.0,782.3,--
2025/9/4 5:24,24.0,54,12.3,92,11.1,12.3,2.2,2.5,4,950.3,1020.1,0.0,0,0.0,0.0,0.0,1.0,1.0,782.3,--
2025/9/4 5:25,23.9,54,12.3,93,11.2,12.3,0.0,3.6,16,950.2,1020.0,0.0,0,0.0,0.0,0.0,1.0,1.0,782.3,--
2025/9/4 5:26,24.0,54,12.3,92,11.1,12.3,0.0,3.2,48,950.1,1019.9,0.0,0,0.0,0.0,0.0,1.0,1.0,782.3,--
2025/9/4 5:27,23.9,54,12.3,92,11.1,12.3,4.7,4.7,34,950.4,1020.2,0.0,0,0.0,0.0,0.0,1.0,1.0,782.3,--
2025/9/4 5:28,23.9,54,12.3,93,11.2,12.3,2.5,3.2,31,950.3,1020.1,0.0,0,0.0,0.0,0.0,1.0,1.0,782.3,--
2025/9/4 5:29,23.9,54,12.4,92,11.2,12.4,2.9,4.0,33,950.3,1020.1,0.0,0,0.0,0.0,0.0,1.0,1.0,782.3,--
2025/9/4 5:30,23.9,54,12.3,92,11.1,12.3,2.2,2.2,352,950.2,1020.0,0.0,0,0.0,0.0,0.0,1.0,1.0,782.3,--
2025/9/4 5:31,23.9,54,12.3,92,11.1,12.3,2.2,3.2,21,950.3,1020.1,0.0,0,0.0,0.0,0.0,1.0,1.0,782.3,--
2025/9/4 5:32,23.9,54,12.3,92,11.1,12.3,1.8,3.6,10,950.2,1020.0,0.0,0,0.0,0.0,0.0,1.0,1.0,782.3,--
2025/9/4 5:33,24.0,54,12.2,92,11.0,12.2,0.0,2.2,33,950.3,1020.1,0.0,0,0.0,0.0,0.0,1.0,1.0,782.3,--
2025/9/4 5:34,23.9,54,12.2,92,11.0,12.2,0.0,1.8,45,950.3,1020.1,0.0,0,0.0,0.0,0.0,1.0,1.0,782.3,--
2025/9/4 5:35,24.0,54,12.2,93,11.1,12.2,0.0,2.2,316,950.3,1020.1,0.0,0,0.0,0.0,0.0,1.0,1.0,782.3,--
2025/9/4 5:36,23.9,54,12.2,93,11.1,12.2,2.2,3.6,345,950.2,1020.0,0.0,0,0.0,0.0,0.0,1.0,1.0,782.3,--
2025/9/4 5:37,24.0,54,12.2,93,11.1,12.2,0.0,3.2,350,950.2,1020.0,0.0,0,0.0,0.0,0.0,1.0,1.0,782.3,--
2025/9/4 5:38,24.0,54,12.2,93,11.1,12.2,0.0,2.9,32,950.3,1020.1,0.0,0,0.0,0.0,0.0,1.0,1.0,782.3,--
2025/9/4 5:39,24.0,54,12.2,93,11.1,12.2,2.2,2.2,60,950.2,1020.0,0.0,0,0.0,0.0,0.0,1.0,1.0,782.3,--
2025/9/4 5:40,24.0,54,12.3,93,11.2,12.3,1.8,3.2,17,950.4,1020.2,0.0,0,0.0,0.0,0.0,1.0,1.0,782.3,--
2025/9/4 5:41,24.0,54,12.3,92,11.1,12.3,2.2,3.6,25,950.3,1020.1,0.0,0,0.0,0.0,0.0,1.0,1.0,782.3,--
2025/9/4 5:42,24.0,53,12.3,92,11.1,12.3,2.5,3.2,25,950.4,1020.2,0.0,0,0.0,0.0,0.0,1.0,1.0,782.3,--
2025/9/4 5:43,24.0,53,12.3,92,11.1,12.3,2.2,3.2,25,950.2,1020.0,0.0,0,0.0,0.0,0.0,1.0,1.0,782.3,--
2025/9/4 5:44,23.9,53,12.3,92,11.1,12.3,2.2,3.2,18,950.3,1020.1,0.0,0,0.0,0.0,0.0,1.0,1.0,782.3,--
2025/9/4 5:45,24.0,53,12.2,92,11.0,12.2,0.0,2.2,256,950.4,1020.2,0.0,0,0.0,0.0,0.0,1.0,1.0,782.3,--
2025/9/4 5:46,23.9,53,12.3,92,11.1,12.3,1.8,2.5,326,950.2,1020.0,0.0,0,0.0,0.0,0.0,1.0,1.0,782.3,--
2025/9/4 5:47,24.0,53,12.3,92,11.1,12.3,1.8,2.2,353,950.4,1020.2,0.0,0,0.0,0.0,0.0,1.0,1.0,782.3,--
2025/9/4 5:48,24.0,53,12.3,92,11.1,12.3,0.0,2.5,15,950.1,1019.9,0.0,0,0.0,0.0,0.0,1.0,1.0,782.3,--
2025/9/4 5:49,23.9,54,12.3,92,11.1,12.3,2.5,3.6,31,950.3,1020.1,0.0,0,0.0,0.0,0.0,1.0,1.0,782.3,--
2025/9/4 5:50,24.0,53,12.3,92,11.1,12.3,2.5,3.2,33,950.4,1020.2,0.0,0,0.0,0.0,0.0,1.0,1.0,782.3,--
2025/9/4 5:51,24.0,54,12.3,92,11.1,12.3,0.0,4.3,40,950.5,1020.3,0.0,0,0.0,0.0,0.0,1.0,1.0,782.3,--
2025/9/4 5:52,24.0,53,12.2,92,11.0,12.2,5.4,6.1,17,950.3,1020.1,0.0,0,0.0,0.0,0.0,1.0,1.0,782.3,--
2025/9/4 5:53,23.9,53,12.2,92,11.0,12.2,0.0,3.6,352,950.3,1020.1,0.0,0,0.0,0.0,0.0,1.0,1.0,782.3,--
2025/9/4 5:54,23.9,53,12.2,92,11.0,12.2,3.6,5.0,12,950.3,1020.1,0.0,0,0.0,0.0,0.0,1.0,1.0,782.3,--
2025/9/4 5:55,24.0,53,12.1,92,10.9,12.1,0.0,2.5,153,950.3,1020.1,0.0,0,0.0,0.0,0.0,1.0,1.0,782.3,--
2025/9/4 5:56,24.0,53,12.1,92,10.9,12.1,0.0,0.0,30,950.5,1020.3,0.0,0,0.0,0.0,0.0,1.0,1.0,782.3,--
2025/9/4 5:57,23.9,54,12.1,93,11.0,12.1,0.0,2.2,341,950.4,1020.2,0.0,0,0.0,0.0,0.0,1.0,1.0,782.3,--
2025/9/4 5:58,24.0,53,12.1,93,11.0,12.1,0.0,2.5,266,950.6,1020.4,0.0,0,0.0,0.0,0.0,1.0,1.0,782.3,--
2025/9/4 5:59,23.9,53,12.1,93,11.0,12.1,2.2,2.5,345,950.5,1020.3,0.0,0,0.0,0.0,0.0,1.0,1.0,782.3,--
2025/9/4 6:00,23.9,53,12.1,93,11.0,12.1,1.8,2.9,116,950.4,1020.2,0.0,0,0.0,0.0,0.0,1.0,1.0,782.3,--
2025/9/4 6:01,23.9,53,12.0,93,10.9,12.0,0.0,2.2,25,950.4,1020.2,0.0,0,0.0,0.0,0.0,1.0,1.0,782.3,--
2025/9/4 6:02,23.9,53,12.0,93,10.9,12.0,2.2,2.9,60,950.5,1020.3,0.0,0,0.0,0.0,0.0,1.0,1.0,782.3,--
2025/9/4 6:03,23.9,53,12.1,93,11.0,12.1,4.0,4.3,33,950.4,1020.2,0.0,0,0.0,0.0,0.0,1.0,1.0,782.3,--
2025/9/4 6:04,23.9,53,12.1,93,11.0,12.1,3.2,4.7,47,950.5,1020.3,0.0,0,0.0,0.0,0.0,1.0,1.0,782.3,--
2025/9/4 6:05,23.9,53,12.2,93,11.1,12.2,1.8,2.9,66,950.4,1020.2,0.0,0,0.0,0.0,0.0,1.0,1.0,782.3,--
2025/9/4 6:06,23.9,53,12.2,93,11.1,12.2,2.5,2.9,28,950.5,1020.3,0.0,0,0.0,0.0,0.0,1.0,1.0,782.3,--
2025/9/4 6:07,23.9,53,12.1,93,11.0,12.1,0.0,2.9,21,950.5,1020.3,0.0,0,0.0,0.0,0.0,1.0,1.0,782.3,--
2025/9/4 6:08,23.9,53,12.1,92,10.9,12.1,0.0,0.0,353,950.5,1020.3,0.0,0,0.0,0.0,0.0,1.0,1.0,782.3,--
2025/9/4 6:09,23.9,53,12.0,93,10.9,12.0,0.0,2.9,116,950.4,1020.2,0.0,0,0.0,0.0,0.0,1.0,1.0,782.3,--
2025/9/4 6:10,23.9,53,12.0,93,10.9,12.0,1.8,2.2,30,950.4,1020.2,0.0,0,0.0,0.0,0.0,1.0,1.0,782.3,--
2025/9/4 6:11,23.9,53,12.0,93,10.9,12.0,1.8,3.2,25,950.4,1020.2,0.0,0,0.0,0.0,0.0,1.0,1.0,782.3,--
2025/9/4 6:12,23.9,53,12.0,93,10.9,12.0,0.0,2.2,31,950.5,1020.3,0.0,0,0.0,0.0,0.0,1.0,1.0,782.3,--
2025/9/4 6:13,23.9,53,12.0,93,10.9,12.0,2.2,3.2,26,950.3,1020.1,0.0,0,0.0,0.0,0.0,1.0,1.0,782.3,--
2025/9/4 6:14,23.9,53,12.0,93,10.9,12.0,2.2,3.2,52,950.3,1020.1,0.0,0,0.0,0.0,0.0,1.0,1.0,782.3,--
2025/9/4 6:15,23.9,53,12.0,93,10.9,12.0,3.2,3.6,14,950.4,1020.2,0.0,0,0.0,0.0,0.0,1.0,1.0,782.3,--
2025/9/4 6:16,23.9,53,12.0,93,10.9,12.0,1.8,2.5,52,950.4,1020.2,0.1,0,0.0,0.0,0.0,1.0,1.0,782.3,--
2025/9/4 6:17,23.9,53,11.9,93,10.8,11.9,2.2,2.9,12,950.5,1020.3,0.1,0,0.0,0.0,0.0,1.0,1.0,782.3,--
2025/9/4 6:18,23.9,53,12.0,93,10.9,12.0,1.8,2.2,95,950.3,1020.1,0.2,0,0.0,0.0,0.0,1.0,1.0,782.3,--
2025/9/4 6:19,23.9,53,11.9,93,10.8,11.9,2.2,2.9,47,950.3,1020.1,0.2,0,0.0,0.0,0.0,1.0,1.0,782.3,--
2025/9/4 6:20,23.9,53,11.9,93,10.8,11.9,0.0,2.5,3,950.3,1020.1,0.3,0,0.0,0.0,0.0,1.0,1.0,782.3,--
2025/9/4 6:21,23.9,53,11.9,94,10.9,11.9,0.0,1.8,75,950.3,1020.1,0.3,0,0.0,0.0,0.0,1.0,1.0,782.3,--
2025/9/4 6:22,23.9,53,11.9,94,10.9,11.9,1.8,2.5,17,950.5,1020.3,0.4,0,0.0,0.0,0.0,1.0,1.0,782.3,--
2025/9/4 6:23,23.9,53,11.9,94,10.9,11.9,2.2,2.9,24,950.4,1020.2,0.6,0,0.0,0.0,0.0,1.0,1.0,782.3,--
2025/9/4 6:24,23.9,53,11.9,94,10.9,11.9,2.2,3.6,7,950.5,1020.3,0.7,0,0.0,0.0,0.0,1.0,1.0,782.3,--
2025/9/4 6:25,23.9,53,12.0,94,11.0,12.0,0.0,2.2,40,950.6,1020.4,0.8,0,0.0,0.0,0.0,1.0,1.0,782.3,--
2025/9/4 6:26,23.9,53,11.9,94,10.9,11.9,0.0,2.2,48,950.3,1020.1,1.0,0,0.0,0.0,0.0,1.0,1.0,782.3,--
2025/9/4 6:27,23.9,53,11.9,94,10.9,11.9,1.8,2.2,8,950.5,1020.3,1.1,0,0.0,0.0,0.0,1.0,1.0,782.3,--
2025/9/4 6:28,23.9,53,11.9,94,10.9,11.9,2.2,2.2,32,950.4,1020.2,1.4,0,0.0,0.0,0.0,1.0,1.0,782.3,--
2025/9/4 6:29,23.9,53,12.0,94,11.0,12.0,3.2,3.2,6,950.4,1020.2,1.6,0,0.0,0.0,0.0,1.0,1.0,782.3,--
2025/9/4 6:30,23.9,53,12.0,94,11.0,12.0,1.8,1.8,7,950.4,1020.2,1.8,0,0.0,0.0,0.0,1.0,1.0,782.3,--
2025/9/4 6:31,23.9,53,12.0,94,11.0,12.0,1.8,3.2,358,950.4,1020.2,2.2,0,0.0,0.0,0.0,1.0,1.0,782.3,--
2025/9/4 6:32,23.9,53,12.0,94,11.0,12.0,0.0,3.2,14,950.4,1020.2,2.4,0,0.0,0.0,0.0,1.0,1.0,782.3,--
2025/9/4 6:33,23.9,53,12.0,94,11.0,12.0,0.0,2.5,342,950.4,1020.2,2.7,0,0.0,0.0,0.0,1.0,1.0,782.3,--
2025/9/4 6:34,23.9,53,12.1,93,11.0,12.1,0.0,3.2,340,950.5,1020.3,3.0,0,0.0,0.0,0.0,1.0,1.0,782.3,--
2025/9/4 6:35,23.9,53,12.2,93,11.1,12.2,0.0,3.6,336,950.3,1020.1,3.4,0,0.0,0.0,0.0,1.0,1.0,782.3,--
2025/9/4 6:36,23.9,53,12.2,93,11.1,12.2,2.5,3.6,346,950.4,1020.2,3.8,0,0.0,0.0,0.0,1.0,1.0,782.3,--
2025/9/4 6:37,23.9,53,12.1,93,11.0,12.1,2.5,3.2,1,950.6,1020.4,4.2,0,0.0,0.0,0.0,1.0,1.0,782.3,--
2025/9/4 6:38,23.9,53,12.1,93,11.0,12.1,3.2,4.0,30,950.6,1020.4,4.7,0,0.0,0.0,0.0,1.0,1.0,782.3,--
2025/9/4 6:39,23.9,53,12.2,93,11.1,12.2,6.1,6.1,12,950.5,1020.3,5.1,0,0.0,0.0,0.0,1.0,1.0,782.3,--
2025/9/4 6:40,23.9,53,12.1,93,11.0,12.1,2.9,4.0,351,950.6,1020.4,5.5,0,0.0,0.0,0.0,1.0,1.0,782.3,--
2025/9/4 6:41,23.9,53,12.1,93,11.0,12.1,0.0,1.8,185,950.6,1020.4,6.0,0,0.0,0.0,0.0,1.0,1.0,782.3,--
2025/9/4 6:42,23.9,53,12.1,93,11.0,12.1,1.8,2.9,296,950.5,1020.3,6.4,0,0.0,0.0,0.0,1.0,1.0,782.3,--
2025/9/4 6:43,23.9,53,12.1,93,11.0,12.1,0.0,2.9,15,950.5,1020.3,6.9,0,0.0,0.0,0.0,1.0,1.0,782.3,--
2025/9/4 6:44,23.9,53,12.1,93,11.0,12.1,2.2,3.2,42,950.5,1020.3,7.4,0,0.0,0.0,0.0,1.0,1.0,782.3,--
2025/9/4 6:45,23.9,53,12.1,93,11.0,12.1,0.0,2.2,73,950.6,1020.4,7.9,0,0.0,0.0,0.0,1.0,1.0,782.3,--
2025/9/4 6:46,23.9,53,12.1,93,11.0,12.1,2.2,4.7,22,950.4,1020.2,8.4,0,0.0,0.0,0.0,1.0,1.0,782.3,--
2025/9/4 6:47,23.9,53,12.2,93,11.1,12.2,3.2,3.6,10,950.4,1020.2,8.9,0,0.0,0.0,0.0,1.0,1.0,782.3,--
2025/9/4 6:48,23.9,53,12.2,93,11.1,12.2,1.8,2.2,350,950.6,1020.4,9.4,0,0.0,0.0,0.0,1.0,1.0,782.3,--
2025/9/4 6:49,23.9,53,12.2,93,11.1,12.2,1.8,2.5,276,950.5,1020.3,9.9,0,0.0,0.0,0.0,1.0,1.0,782.3,--
2025/9/4 6:50,23.9,53,12.2,93,11.1,12.2,0.0,2.9,252,950.6,1020.4,10.4,0,0.0,0.0,0.0,1.0,1.0,782.3,--
2025/9/4 6:51,23.9,53,12.2,93,11.1,12.2,0.0,2.9,28,950.5,1020.3,10.8,0,0.0,0.0,0.0,1.0,1.0,782.3,--
2025/9/4 6:52,23.9,53,12.3,92,11.1,12.3,2.9,2.9,17,950.5,1020.3,11.3,0,0.0,0.0,0.0,1.0,1.0,782.3,--
2025/9/4 6:53,23.9,53,12.3,92,11.1,12.3,4.0,4.3,26,950.4,1020.2,11.8,0,0.0,0.0,0.0,1.0,1.0,782.3,--
2025/9/4 6:54,23.9,53,12.4,92,11.2,12.4,3.6,4.0,0,950.4,1020.2,12.3,0,0.0,0.0,0.0,1.0,1.0,782.3,--
2025/9/4 6:55,23.9,53,12.4,92,11.2,12.4,3.6,4.0,8,950.6,1020.4,12.7,0,0.0,0.0,0.0,1.0,1.0,782.3,--
2025/9/4 6:56,23.9,53,12.5,92,11.3,12.5,3.6,5.0,19,950.7,1020.5,13.1,0,0.0,0.0,0.0,1.0,1.0,782.3,--
2025/9/4 6:57,23.9,53,12.5,92,11.3,12.5,3.2,3.2,4,950.7,1020.5,13.6,0,0.0,0.0,0.0,1.0,1.0,782.3,--
2025/9/4 6:58,23.9,53,12.5,92,11.3,12.5,1.8,4.3,11,950.6,1020.4,14.1,0,0.0,0.0,0.0,1.0,1.0,782.3,--
2025/9/4 6:59,23.9,53,12.4,92,11.2,12.4,0.0,2.9,343,950.6,1020.4,14.6,0,0.0,0.0,0.0,1.0,1.0,782.3,--
2025/9/4 7:00,23.9,53,12.3,92,11.1,12.3,0.0,2.2,342,950.6,1020.4,14.9,0,0.0,0.0,0.0,1.0,1.0,782.3,--
2025/9/4 7:01,23.9,53,12.3,93,11.2,12.3,0.0,2.2,8,950.5,1020.3,15.4,0,0.0,0.0,0.0,1.0,1.0,782.3,--
2025/9/4 7:02,23.9,53,12.3,93,11.2,12.3,2.2,2.2,357,950.5,1020.3,15.8,0,0.0,0.0,0.0,1.0,1.0,782.3,--
2025/9/4 7:03,23.9,53,12.3,93,11.2,12.3,2.5,2.9,309,950.6,1020.4,16.2,0,0.0,0.0,0.0,1.0,1.0,782.3,--
2025/9/4 7:04,23.9,53,12.3,93,11.2,12.3,1.8,3.2,313,950.5,1020.3,16.6,0,0.0,0.0,0.0,1.0,1.0,782.3,--
2025/9/4 7:05,23.9,53,12.3,93,11.2,12.3,2.5,3.2,301,950.5,1020.3,17.0,0,0.0,0.0,0.0,1.0,1.0,782.3,--
2025/9/4 7:06,23.9,53,12.4,93,11.3,12.4,0.0,3.2,257,950.7,1020.5,17.5,0,0.0,0.0,0.0,1.0,1.0,782.3,--
2025/9/4 7:07,23.9,53,12.5,93,11.4,12.5,0.0,2.2,309,950.6,1020.4,17.8,0,0.0,0.0,0.0,1.0,1.0,782.3,--
2025/9/4 7:08,23.9,53,12.5,92,11.3,12.5,2.5,2.9,338,950.7,1020.5,18.3,0,0.0,0.0,0.0,1.0,1.0,782.3,--
2025/9/4 7:09,23.9,53,12.7,92,11.5,12.7,2.2,2.9,260,950.6,1020.4,18.7,0,0.0,0.0,0.0,1.0,1.0,782.3,--
2025/9/4 7:10,23.9,53,12.7,92,11.5,12.7,4.0,4.0,336,950.6,1020.4,19.0,0,0.0,0.0,0.0,1.0,1.0,782.3,--
2025/9/4 7:11,23.8,53,12.8,91,11.4,12.8,0.0,1.8,43,950.5,1020.3,19.4,0,0.0,0.0,0.0,1.0,1.0,782.3,--
2025/9/4 7:12,23.9,53,12.9,91,11.5,12.9,2.5,2.5,313,950.6,1020.4,19.7,0,0.0,0.0,0.0,1.0,1.0,782.3,--
2025/9/4 7:13,23.9,53,12.9,91,11.5,12.9,2.2,4.0,0,950.6,1020.4,20.1,0,0.0,0.0,0.0,1.0,1.0,782.3,--
2025/9/4 7:14,23.9,53,13.0,91,11.6,13.0,2.5,2.5,4,950.5,1020.3,20.5,0,0.0,0.0,0.0,1.0,1.0,782.3,--
2025/9/4 7:15,23.8,53,13.0,91,11.6,13.0,2.9,3.6,14,950.7,1020.5,20.8,0,0.0,0.0,0.0,1.0,1.0,782.3,--
2025/9/4 7:16,23.9,53,13.0,91,11.6,13.0,2.2,3.2,14,950.8,1020.6,21.2,0,0.0,0.0,0.0,1.0,1.0,782.3,--
2025/9/4 7:17,23.9,53,13.0,91,11.6,13.0,0.0,2.5,17,950.6,1020.4,21.6,0,0.0,0.0,0.0,1.0,1.0,782.3,--
2025/9/4 7:18,23.8,53,13.0,91,11.6,13.0,0.0,2.5,6,950.6,1020.4,21.9,0,0.0,0.0,0.0,1.0,1.0,782.3,--
2025/9/4 7:19,23.8,53,13.0,91,11.6,13.0,3.6,4.3,47,950.6,1020.4,22.3,0,0.0,0.0,0.0,1.0,1.0,782.3,--
2025/9/4 7:20,23.8,53,13.0,91,11.6,13.0,3.2,4.3,26,950.6,1020.4,22.6,0,0.0,0.0,0.0,1.0,1.0,782.3,--
2025/9/4 7:21,23.8,53,13.0,91,11.6,13.0,3.6,3.6,31,950.6,1020.4,22.9,0,0.0,0.0,0.0,1.0,1.0,782.3,--
2025/9/4 7:22,23.8,53,13.0,91,11.6,13.0,2.2,2.5,61,950.6,1020.4,23.2,0,0.0,0.0,0.0,1.0,1.0,782.3,--
2025/9/4 7:23,23.8,53,13.0,91,11.6,13.0,2.2,3.2,59,950.5,1020.3,23.5,0,0.0,0.0,0.0,1.0,1.0,782.3,--
2025/9/4 7:24,23.8,53,13.0,91,11.6,13.0,2.9,4.0,57,950.6,1020.4,23.9,0,0.0,0.0,0.0,1.0,1.0,782.3,--
2025/9/4 7:25,23.9,53,13.0,91,11.6,13.0,0.0,2.9,9,950.6,1020.4,24.2,0,0.0,0.0,0.0,1.0,1.0,782.3,--
2025/9/4 7:26,23.9,53,13.0,92,11.8,13.0,0.0,2.2,43,950.6,1020.4,24.4,0,0.0,0.0,0.0,1.0,1.0,782.3,--
2025/9/4 7:27,23.9,53,13.0,92,11.8,13.0,0.0,4.0,54,950.7,1020.5,24.7,0,0.0,0.0,0.0,1.0,1.0,782.3,--
2025/9/4 7:28,23.9,53,13.0,92,11.8,13.0,2.5,2.5,13,950.6,1020.4,25.0,0,0.0,0.0,0.0,1.0,1.0,782.3,--
2025/9/4 7:29,23.8,53,12.9,93,11.8,12.9,2.2,2.9,40,950.5,1020.3,25.3,0,0.0,0.0,0.0,1.0,1.0,782.3,--
2025/9/4 7:30,23.8,53,12.9,93,11.8,12.9,2.5,2.9,320,950.6,1020.4,25.5,0,0.0,0.0,0.0,1.0,1.0,782.3,--
2025/9/4 7:31,23.9,53,12.8,93,11.7,12.8,2.2,3.2,268,950.8,1020.6,25.8,0,0.0,0.0,0.0,1.0,1.0,782.3,--
2025/9/4 7:32,23.8,53,12.8,93,11.7,12.8,2.5,3.2,0,950.6,1020.4,26.1,0,0.0,0.0,0.0,1.0,1.0,782.3,--
2025/9/4 7:33,23.8,54,12.8,93,11.7,12.8,1.8,2.9,319,950.7,1020.5,26.3,0,0.0,0.0,0.0,1.0,1.0,782.3,--
2025/9/4 7:34,23.8,54,12.8,93,11.7,12.8,3.2,4.3,15,950.6,1020.4,26.5,0,0.0,0.0,0.0,1.0,1.0,782.3,--
2025/9/4 7:35,23.8,54,12.9,93,11.8,12.9,2.5,5.0,6,950.5,1020.3,26.8,0,0.0,0.0,0.0,1.0,1.0,782.3,--
2025/9/4 7:36,23.8,54,12.9,93,11.8,12.9,2.2,2.5,20,950.7,1020.5,27.0,0,0.0,0.0,0.0,1.0,1.0,782.3,--
2025/9/4 7:37,23.8,54,13.0,93,11.9,13.0,2.2,3.2,33,950.6,1020.4,27.2,0,0.0,0.0,0.0,1.0,1.0,782.3,--
2025/9/4 7:38,23.8,54,13.0,93,11.9,13.0,0.0,1.8,329,950.8,1020.6,27.4,0,0.0,0.0,0.0,1.0,1.0,782.3,--
2025/9/4 7:39,23.8,54,13.0,93,11.9,13.0,0.0,2.9,328,950.6,1020.4,27.7,0,0.0,0.0,0.0,1.0,1.0,782.3,--
2025/9/4 7:40,23.8,54,12.9,93,11.8,12.9,2.9,2.9,7,950.8,1020.6,27.9,0,0.0,0.0,0.0,1.0,1.0,782.3,--
2025/9/4 7:41,23.8,54,12.9,93,11.8,12.9,1.8,2.5,357,950.7,1020.5,28.1,0,0.0,0.0,0.0,1.0,1.0,782.3,--
2025/9/4 7:42,23.8,54,12.9,93,11.8,12.9,2.2,2.5,19,950.7,1020.5,28.4,0,0.0,0.0,0.0,1.0,1.0,782.3,--
2025/9/4 7:43,23.8,54,12.9,93,11.8,12.9,0.0,2.5,3,950.7,1020.5,28.5,0,0.0,0.0,0.0,1.0,1.0,782.3,--
2025/9/4 7:44,23.8,54,13.0,93,11.9,13.0,0.0,2.5,350,950.6,1020.4,28.8,0,0.0,0.0,0.0,1.0,1.0,782.3,--
2025/9/4 7:45,23.8,54,13.0,93,11.9,13.0,0.0,2.5,10,950.5,1020.3,28.9,0,0.0,0.0,0.0,1.0,1.0,782.3,--
2025/9/4 7:46,23.8,54,13.0,93,11.9,13.0,0.0,3.2,0,950.7,1020.5,29.1,0,0.0,0.0,0.0,1.0,1.0,782.3,--
2025/9/4 7:47,23.8,54,13.0,93,11.9,13.0,0.0,2.2,34,950.8,1020.6,29.2,0,0.0,0.0,0.0,1.0,1.0,782.3,--
2025/9/4 7:48,23.8,54,13.0,94,12.0,13.0,0.0,1.8,229,950.7,1020.5,29.4,0,0.0,0.0,0.0,1.0,1.0,782.3,--
2025/9/4 7:49,23.8,55,13.0,93,11.9,13.0,2.5,2.5,349,950.4,1020.2,29.6,0,0.0,0.0,0.0,1.0,1.0,782.3,--
2025/9/4 7:50,23.8,55,13.1,93,12.0,13.1,0.0,1.8,257,950.7,1020.5,29.8,0,0.0,0.0,0.0,1.0,1.0,782.3,--
2025/9/4 7:51,23.8,55,13.1,93,12.0,13.1,2.2,4.0,24,950.6,1020.4,29.9,0,0.0,0.0,0.0,1.0,1.0,782.3,--
2025/9/4 7:52,23.8,55,13.1,93,12.0,13.1,2.9,5.0,9,950.6,1020.4,30.1,0,0.0,0.0,0.0,1.0,1.0,782.3,--
2025/9/4 7:53,23.8,55,13.2,93,12.1,13.2,3.2,4.0,31,950.5,1020.3,30.3,0,0.0,0.0,0.0,1.0,1.0,782.3,--
2025/9/4 7:54,23.8,55,13.2,93,12.1,13.2,2.9,4.0,19,950.7,1020.5,30.5,0,0.0,0.0,0.0,1.0,1.0,782.3,--
2025/9/4 7:55,23.8,55,13.2,93,12.1,13.2,1.8,2.2,346,950.7,1020.5,30.7,0,0.0,0.0,0.0,1.0,1.0,782.3,--
2025/9/4 7:56,23.8,55,13.3,93,12.2,13.3,1.8,3.2,7,950.7,1020.5,30.8,0,0.0,0.0,0.0,1.0,1.0,782.3,--
2025/9/4 7:57,23.8,55,13.3,92,12.1,13.3,1.8,2.2,23,950.8,1020.6,31.0,0,0.0,0.0,0.0,1.0,1.0,782.3,--
2025/9/4 7:58,23.8,55,13.4,92,12.2,13.4,0.0,4.3,2,950.7,1020.5,31.1,0,0.0,0.0,0.0,1.0,1.0,782.3,--
2025/9/4 7:59,23.8,55,13.4,92,12.2,13.4,1.8,2.5,334,950.8,1020.6,31.3,0,0.0,0.0,0.0,1.0,1.0,782.3,--
2025/9/4 8:00,23.8,55,13.5,92,12.3,13.5,1.8,2.9,58,950.7,1020.5,31.4,0,0.0,0.0,0.0,1.0,1.0,782.3,--
2025/9/4 8:01,23.8,55,13.5,92,12.3,13.5,2.9,4.3,25,950.7,1020.5,31.6,0,0.0,0.0,0.0,1.0,1.0,782.3,--
2025/9/4 8:02,23.8,55,13.6,92,12.4,13.6,2.5,3.2,12,950.6,1020.4,31.8,0,0.0,0.0,0.0,1.0,1.0,782.3,--
2025/9/4 8:03,23.8,55,13.6,92,12.4,13.6,2.9,4.7,50,950.8,1020.6,32.0,0,0.0,0.0,0.0,1.0,1.0,782.3,--
2025/9/4 8:04,23.8,55,13.6,92,12.4,13.6,2.5,3.2,17,950.8,1020.6,32.2,0,0.0,0.0,0.0,1.0,1.0,782.3,--
2025/9/4 8:05,23.8,55,13.6,93,12.5,13.6,2.2,2.9,4,950.8,1020.6,32.4,0,0.0,0.0,0.0,1.0,1.0,782.3,--
2025/9/4 8:06,23.8,55,13.6,93,12.5,13.6,2.5,3.6,43,950.8,1020.6,32.5,0,0.0,0.0,0.0,1.0,1.0,782.3,--
2025/9/4 8:07,23.8,55,13.6,93,12.5,13.6,2.2,2.5,11,950.7,1020.5,32.7,0,0.0,0.0,0.0,1.0,1.0,782.3,--
2025/9/4 8:08,23.8,55,13.7,93,12.6,13.7,0.0,3.2,330,950.7,1020.5,32.9,0,0.0,0.0,0.0,1.0,1.0,782.3,--
2025/9/4 8:09,23.8,55,13.7,93,12.6,13.7,3.2,3.2,16,950.7,1020.5,33.0,0,0.0,0.0,0.0,1.0,1.0,782.3,--
2025/9/4 8:10,23.9,55,13.7,93,12.6,13.7,3.2,4.0,1,950.8,1020.6,33.2,0,0.0,0.0,0.0,1.0,1.0,782.3,--
2025/9/4 8:11,23.8,55,13.8,93,12.7,13.8,4.0,5.0,3,950.8,1020.6,33.3,0,0.0,0.0,0.0,1.0,1.0,782.3,--
2025/9/4 8:12,23.8,55,13.8,93,12.7,13.8,5.0,6.5,3,950.7,1020.5,33.5,0,0.0,0.0,0.0,1.0,1.0,782.3,--
2025/9/4 8:13,23.8,55,13.8,93,12.7,13.8,5.8,5.8,15,950.8,1020.6,33.6,0,0.0,0.0,0.0,1.0,1.0,782.3,--
2025/9/4 8:14,23.9,55,13.8,92,12.6,13.8,2.2,4.0,18,950.7,1020.5,33.8,0,0.0,0.0,0.0,1.0,1.0,782.3,--
2025/9/4 8:15,23.8,55,13.9,92,12.7,13.9,1.8,2.5,34,950.7,1020.5,33.9,0,0.0,0.0,0.0,1.0,1.0,782.3,--
2025/9/4 8:16,23.8,55,13.9,92,12.7,13.9,2.2,3.2,29,950.6,1020.4,34.5,0,0.0,0.0,0.0,1.0,1.0,782.3,--
2025/9/4 8:17,23.9,55,14.0,92,12.8,14.0,0.0,2.2,53,950.8,1020.6,36.1,0,0.0,0.0,0.0,1.0,1.0,782.3,--
2025/9/4 8:18,23.9,55,14.0,92,12.8,14.0,1.8,2.9,44,950.7,1020.5,35.1,0,0.0,0.0,0.0,1.0,1.0,782.3,--
2025/9/4 8:19,23.8,55,14.1,92,12.9,14.1,2.2,3.2,4,950.9,1020.7,41.5,0,0.0,0.0,0.0,1.0,1.0,782.3,--
2025/9/4 8:20,23.8,55,14.1,92,12.9,14.1,0.0,3.2,15,950.8,1020.6,38.0,0,0.0,0.0,0.0,1.0,1.0,782.3,--
2025/9/4 8:21,23.8,55,14.2,92,13.0,14.2,2.2,2.9,3,950.7,1020.5,39.3,0,0.0,0.0,0.0,1.0,1.0,782.3,--
2025/9/4 8:22,23.8,55,14.2,92,13.0,14.2,3.6,3.6,21,950.7,1020.5,39.7,0,0.0,0.0,0.0,1.0,1.0,782.3,--
2025/9/4 8:23,23.8,55,14.2,92,13.0,14.2,4.3,5.0,7,950.8,1020.6,35.9,0,0.0,0.0,0.0,1.0,1.0,782.3,--
2025/9/4 8:24,23.8,55,14.3,91,12.9,14.3,0.0,4.0,24,950.9,1020.7,35.2,0,0.0,0.0,0.0,1.0,1.0,782.3,--
2025/9/4 8:25,23.8,55,14.4,91,13.0,14.4,1.8,3.6,315,950.8,1020.6,35.3,0,0.0,0.0,0.0,1.0,1.0,782.3,--
2025/9/4 8:26,23.8,55,14.5,91,13.1,14.5,0.0,2.5,32,950.6,1020.4,35.4,0,0.0,0.0,0.0,1.0,1.0,782.3,--
2025/9/4 8:27,23.8,55,14.6,91,13.2,14.6,2.5,2.9,30,950.6,1020.4,35.5,0,0.0,0.0,0.0,1.0,1.0,782.3,--
2025/9/4 8:28,23.8,55,14.6,90,13.0,14.6,0.0,2.2,66,950.9,1020.7,35.7,0,0.0,0.0,0.0,1.0,1.0,782.3,--
2025/9/4 8:29,23.8,55,14.7,90,13.1,14.7,1.8,2.5,40,950.8,1020.6,35.7,0,0.0,0.0,0.0,1.0,1.0,782.3,--
2025/9/4 8:30,23.8,55,14.8,91,13.4,14.8,4.0,4.7,20,950.8,1020.6,35.8,0,0.0,0.0,0.0,1.0,1.0,782.3,--
2025/9/4 8:31,23.8,55,14.8,91,13.4,14.8,4.0,4.7,12,950.6,1020.4,36.0,0,0.0,0.0,0.0,1.0,1.0,782.3,--
2025/9/4 8:32,23.8,55,14.9,90,13.3,14.9,2.2,4.0,4,950.7,1020.5,41.2,0,0.0,0.0,0.0,1.0,1.0,782.3,--
2025/9/4 8:33,23.8,55,14.9,90,13.3,14.9,3.6,4.3,17,950.6,1020.4,43.6,0,0.0,0.0,0.0,1.0,1.0,782.3,--
2025/9/4 8:34,23.8,55,15.0,90,13.4,15.0,3.6,5.0,359,950.6,1020.4,41.8,0,0.0,0.0,0.0,1.0,1.0,782.3,--
2025/9/4 8:35,23.8,55,15.1,90,13.5,15.1,3.2,4.0,7,950.8,1020.6,37.4,0,0.0,0.0,0.0,1.0,1.0,782.3,--
2025/9/4 8:36,23.8,55,15.1,90,13.5,15.1,2.2,4.7,339,950.7,1020.5,36.5,0,0.0,0.0,0.0,1.0,1.0,782.3,--
2025/9/4 8:37,23.8,55,15.2,90,13.6,15.2,0.0,2.9,26,950.7,1020.5,38.5,0,0.0,0.0,0.0,1.0,1.0,782.3,--
2025/9/4 8:38,23.8,55,15.3,90,13.7,15.3,2.9,5.0,23,950.7,1020.5,43.4,0,0.0,0.0,0.0,1.0,1.0,782.3,--
2025/9/4 8:39,23.8,55,15.4,90,13.8,15.4,4.3,5.0,21,950.7,1020.5,42.9,0,0.0,0.0,0.0,1.0,1.0,782.3,--
2025/9/4 8:40,23.8,55,15.4,90,13.8,15.4,2.9,4.0,28,950.8,1020.6,62.9,0,0.0,0.0,0.0,1.0,1.0,782.3,--
2025/9/4 8:41,23.8,55,15.5,89,13.7,15.5,3.2,4.0,11,950.7,1020.5,62.7,0,0.0,0.0,0.0,1.0,1.0,782.3,--
2025/9/4 8:42,23.8,55,15.6,89,13.8,15.6,1.8,2.2,42,950.8,1020.6,37.6,0,0.0,0.0,0.0,1.0,1.0,782.3,--
2025/9/4 8:43,23.8,55,15.6,88,13.6,15.6,4.3,5.0,10,950.8,1020.6,50.8,0,0.0,0.0,0.0,1.0,1.0,782.3,--
2025/9/4 8:44,23.8,55,15.6,87,13.5,15.6,0.0,3.6,321,950.7,1020.5,54.8,0,0.0,0.0,0.0,1.0,1.0,782.3,--
2025/9/4 8:45,23.8,55,15.7,87,13.6,15.7,4.3,4.3,17,950.7,1020.5,37.4,0,0.0,0.0,0.0,1.0,1.0,782.3,--
2025/9/4 8:46,23.8,55,15.8,86,13.5,15.8,4.3,5.0,15,950.7,1020.5,37.4,0,0.0,0.0,0.0,1.0,1.0,782.3,--
2025/9/4 8:47,23.8,55,15.9,86,13.6,15.9,3.2,6.5,12,950.6,1020.4,37.5,0,0.0,0.0,0.0,1.0,1.0,782.3,--
2025/9/4 8:48,23.8,55,16.0,86,13.7,16.0,4.0,5.0,21,950.7,1020.5,37.6,0,0.0,0.0,0.0,1.0,1.0,782.3,--
2025/9/4 8:49,23.8,55,16.1,85,13.6,16.1,4.3,4.3,12,950.6,1020.4,37.7,0,0.0,0.0,0.0,1.0,1.0,782.3,--
2025/9/4 8:50,23.8,56,16.2,85,13.7,16.2,3.2,5.0,6,950.6,1020.4,37.8,0,0.0,0.0,0.0,1.0,1.0,782.3,--
2025/9/4 8:51,23.8,56,16.2,84,13.5,16.2,2.9,4.7,7,950.6,1020.4,37.8,0,0.0,0.0,0.0,1.0,1.0,782.3,--
2025/9/4 8:52,23.8,56,16.3,84,13.6,16.3,1.8,4.3,13,950.7,1020.5,37.9,0,0.0,0.0,0.0,1.0,1.0,782.3,--
2025/9/4 8:53,23.8,56,16.4,83,13.5,16.4,3.2,4.3,11,950.7,1020.5,38.1,0,0.0,0.0,0.0,1.0,1.0,782.3,--
2025/9/4 8:54,23.8,56,16.4,83,13.5,16.4,3.2,3.2,25,950.7,1020.5,38.2,0,0.0,0.0,0.0,1.0,1.0,782.3,--
2025/9/4 8:55,23.8,56,16.5,84,13.8,16.5,2.9,3.6,29,950.8,1020.6,38.2,0,0.0,0.0,0.0,1.0,1.0,782.3,--
2025/9/4 8:56,23.8,56,16.6,83,13.7,16.6,4.0,4.7,356,950.7,1020.5,38.3,0,0.0,0.0,0.0,1.0,1.0,782.3,--
2025/9/4 8:57,23.8,56,16.6,83,13.7,16.6,2.5,2.9,25,950.7,1020.5,38.4,0,0.0,0.0,0.0,1.0,1.0,782.3,--
2025/9/4 8:58,23.8,56,16.6,83,13.7,16.6,0.0,2.9,67,950.6,1020.4,38.5,0,0.0,0.0,0.0,1.0,1.0,782.3,--
2025/9/4 8:59,23.8,56,16.7,83,13.8,16.7,0.0,2.5,113,950.5,1020.3,38.5,0,0.0,0.0,0.0,1.0,1.0,782.3,--
2025/9/4 9:00,23.8,56,16.8,83,13.9,16.8,1.8,2.5,47,950.7,1020.5,38.6,0,0.0,0.0,0.0,1.0,1.0,782.3,--
2025/9/4 9:01,23.8,56,16.9,81,13.6,16.9,4.7,4.7,104,950.6,1020.4,38.7,0,0.0,0.0,0.0,1.0,1.0,782.3,--
2025/9/4 9:02,23.8,56,17.1,80,13.6,17.1,3.2,5.0,108,950.6,1020.4,38.9,0,0.0,0.0,0.0,1.0,1.0,782.3,--
2025/9/4 9:03,23.8,56,17.5,80,14.0,17.5,4.7,6.1,102,950.7,1020.5,39.3,0,0.0,0.0,0.0,1.0,1.0,782.3,--
2025/9/4 9:04,23.8,56,17.8,79,14.1,17.8,5.8,7.2,113,950.6,1020.4,39.3,0,0.0,0.0,0.0,1.0,1.0,782.3,--
2025/9/4 9:05,23.8,56,18.0,78,14.1,18.0,7.2,7.9,108,950.7,1020.5,39.6,0,0.0,0.0,0.0,1.0,1.0,782.3,--
2025/9/4 9:06,23.8,56,18.2,78,14.3,18.2,6.1,7.6,112,950.6,1020.4,40.8,0,0.0,0.0,0.0,1.0,1.0,782.3,--
2025/9/4 9:07,23.8,56,18.2,79,14.5,18.2,2.9,6.5,88,950.8,1020.6,41.2,0,0.0,0.0,0.0,1.0,1.0,782.3,--
2025/9/4 9:08,23.8,56,18.3,78,14.4,18.3,5.8,7.9,116,950.8,1020.6,40.0,0,0.0,0.0,0.0,1.0,1.0,782.3,--
2025/9/4 9:09,23.8,56,18.3,79,14.6,18.3,4.7,4.7,113,950.8,1020.6,40.0,0,0.0,0.0,0.0,1.0,1.0,782.3,--
2025/9/4 9:10,23.8,56,18.4,77,14.3,18.4,7.2,8.3,110,950.6,1020.4,40.0,0,0.0,0.0,0.0,1.0,1.0,782.3,--
2025/9/4 9:11,23.8,56,18.4,77,14.3,18.4,5.8,6.1,111,950.8,1020.6,40.0,0,0.0,0.0,0.0,1.0,1.0,782.3,--
2025/9/4 9:12,23.8,56,18.4,77,14.3,18.4,4.0,7.2,108,950.8,1020.6,40.2,0,0.0,0.0,0.0,1.0,1.0,782.3,--
2025/9/4 9:13,23.8,56,18.5,77,14.4,18.5,6.1,6.1,108,950.8,1020.6,40.4,0,0.0,0.0,0.0,1.0,1.0,782.3,--
2025/9/4 9:14,23.8,56,18.6,76,14.3,18.6,4.7,5.8,94,950.8,1020.6,40.5,0,0.0,0.0,0.0,1.0,1.0,782.3,--
2025/9/4 9:15,23.8,56,18.6,76,14.3,18.6,4.0,6.5,118,950.8,1020.6,40.6,0,0.0,0.0,0.0,1.0,1.0,782.3,--
2025/9/4 9:16,23.8,56,18.7,76,14.4,18.7,4.3,5.0,108,950.7,1020.5,40.7,0,0.0,0.0,0.0,1.0,1.0,782.3,--
2025/9/4 9:17,23.7,56,18.7,75,14.2,18.7,4.3,6.5,95,950.8,1020.6,40.8,0,0.0,0.0,0.0,1.0,1.0,782.3,--
2025/9/4 9:18,23.7,56,18.8,76,14.5,18.8,5.4,5.8,111,950.9,1020.7,41.0,0,0.0,0.0,0.0,1.0,1.0,782.3,--
2025/9/4 9:19,23.7,57,18.8,75,14.3,18.8,4.7,4.7,106,950.8,1020.6,41.0,0,0.0,0.0,0.0,1.0,1.0,782.3,--
2025/9/4 9:20,23.7,56,18.8,75,14.3,18.8,4.7,6.5,112,950.8,1020.6,41.2,0,0.0,0.0,0.0,1.0,1.0,782.3,--
2025/9/4 9:21,23.7,56,18.8,75,14.3,18.8,4.0,5.0,88,950.7,1020.5,41.2,0,0.0,0.0,0.0,1.0,1.0,782.3,--
2025/9/4 9:22,23.8,56,18.9,74,14.2,18.9,4.7,6.8,103,950.8,1020.6,41.4,0,0.0,0.0,0.0,1.0,1.0,782.3,--
2025/9/4 9:23,23.7,56,18.9,74,14.2,18.9,3.2,4.7,88,950.8,1020.6,41.5,0,0.0,0.0,0.0,1.0,1.0,782.3,--
2025/9/4 9:24,23.8,56,19.0,73,14.1,19.0,5.0,6.8,106,950.8,1020.6,41.9,0,0.0,0.0,0.0,1.0,1.0,782.3,--
2025/9/4 9:25,23.8,56,19.1,73,14.2,19.1,5.4,5.8,134,950.8,1020.6,41.9,0,0.0,0.0,0.0,1.0,1.0,782.3,--
2025/9/4 9:26,23.8,56,19.1,72,13.9,19.1,5.8,7.2,110,950.8,1020.6,41.9,0,0.0,0.0,0.0,1.0,1.0,782.3,--
2025/9/4 9:27,23.8,56,19.1,73,14.2,19.1,5.0,5.0,113,950.8,1020.6,41.8,0,0.0,0.0,0.0,1.0,1.0,782.3,--
2025/9/4 9:28,23.8,56,19.2,73,14.3,19.2,4.7,6.1,94,950.7,1020.5,41.9,0,0.0,0.0,0.0,1.0,1.0,782.3,--
2025/9/4 9:29,23.8,56,19.2,74,14.5,19.2,4.0,4.0,95,950.9,1020.7,42.0,0,0.0,0.0,0.0,1.0,1.0,782.3,--
2025/9/4 9:30,23.8,56,19.1,73,14.2,19.1,4.3,5.4,91,950.8,1020.6,42.3,0,0.0,0.0,0.0,1.0,1.0,782.3,--
2025/9/4 9:31,23.8,56,19.2,72,14.0,19.2,4.0,4.7,99,950.9,1020.7,42.3,0,0.0,0.0,0.0,1.0,1.0,782.3,--
2025/9/4 9:32,23.8,56,19.2,73,14.3,19.2,4.3,6.5,94,950.9,1020.7,42.3,0,0.0,0.0,0.0,1.0,1.0,782.3,--
2025/9/4 9:33,23.8,56,19.2,73,14.3,19.2,5.4,6.1,105,950.8,1020.6,42.5,0,0.0,0.0,0.0,1.0,1.0,782.3,--
2025/9/4 9:34,23.8,56,19.3,73,14.4,19.3,4.7,6.5,124,950.8,1020.6,42.6,0,0.0,0.0,0.0,1.0,1.0,782.3,--
2025/9/4 9:35,23.8,56,19.3,71,13.9,19.3,6.1,6.1,124,951.0,1020.8,42.6,0,0.0,0.0,0.0,1.0,1.0,782.3,--
2025/9/4 9:36,23.8,56,19.3,71,13.9,19.3,5.4,6.5,109,950.9,1020.7,42.8,0,0.0,0.0,0.0,1.0,1.0,782.3,--
2025/9/4 9:37,23.8,56,19.4,70,13.8,19.4,5.8,6.1,118,950.9,1020.7,43.0,0,0.0,0.0,0.0,1.0,1.0,782.3,--
2025/9/4 9:38,23.8,56,19.5,70,13.9,19.5,3.2,4.0,88,950.9,1020.7,43.1,0,0.0,0.0,0.0,1.0,1.0,782.3,--
2025/9/4 9:39,23.8,56,19.6,71,14.2,19.6,3.2,3.6,84,950.8,1020.6,43.2,0,0.0,0.0,0.0,1.0,1.0,782.3,--
2025/9/4 9:40,23.8,56,19.6,70,14.0,19.6,2.5,5.0,111,951.1,1020.9,43.3,0,0.0,0.0,0.0,1.0,1.0,782.3,--
2025/9/4 9:41,23.8,56,19.6,71,14.2,19.6,2.9,3.6,75,950.9,1020.7,43.4,0,0.0,0.0,0.0,1.0,1.0,782.3,--
2025/9/4 9:42,23.8,56,19.7,72,14.5,19.7,2.2,2.2,88,950.8,1020.6,43.4,0,0.0,0.0,0.0,1.0,1.0,782.3,--
2025/9/4 9:43,23.8,56,19.7,72,14.5,19.7,0.0,2.5,114,951.0,1020.8,43.4,0,0.0,0.0,0.0,1.0,1.0,782.3,--
2025/9/4 9:44,23.8,56,19.7,71,14.3,19.7,2.2,2.9,97,951.0,1020.8,43.5,0,0.0,0.0,0.0,1.0,1.0,782.3,--
2025/9/4 9:45,23.8,56,19.8,73,14.8,19.8,0.0,2.9,13,950.9,1020.7,43.6,0,0.0,0.0,0.0,1.0,1.0,782.3,--
2025/9/4 9:46,23.8,56,19.9,73,14.9,19.9,2.2,3.2,53,950.9,1020.7,43.7,0,0.0,0.0,0.0,1.0,1.0,782.3,--
2025/9/4 9:47,23.8,56,19.9,74,15.2,19.9,2.5,2.9,35,950.8,1020.6,44.1,0,0.0,0.0,0.0,1.0,1.0,782.3,--
2025/9/4 9:48,23.8,56,19.9,72,14.7,19.9,3.2,3.6,107,951.0,1020.8,44.6,0,0.0,0.0,0.0,1.0,1.0,782.3,--
2025/9/4 9:49,23.8,56,20.0,74,15.3,20.0,0.0,2.9,67,950.9,1020.7,44.1,0,0.0,0.0,0.0,1.0,1.0,782.3,--
2025/9/4 9:50,23.8,56,20.0,76,15.6,20.0,1.8,4.3,118,950.8,1020.6,44.2,0,0.0,0.0,0.0,1.0,1.0,782.3,--
2025/9/4 9:51,23.8,56,20.0,72,14.8,20.0,0.0,3.2,29,950.7,1020.5,44.3,0,0.0,0.0,0.0,1.0,1.0,782.3,--
2025/9/4 9:52,23.8,56,20.1,72,14.9,20.1,4.3,4.7,112,950.8,1020.6,44.4,0,0.0,0.0,0.0,1.0,1.0,782.3,--
2025/9/4 9:53,23.8,56,20.1,70,14.5,20.1,5.0,6.5,114,951.0,1020.8,44.5,0,0.0,0.0,0.0,1.0,1.0,782.3,--
2025/9/4 9:54,23.8,56,20.1,69,14.2,20.1,2.9,5.8,107,950.9,1020.7,44.6,0,0.0,0.0,0.0,1.0,1.0,782.3,--
2025/9/4 9:55,23.8,56,20.2,70,14.6,20.2,2.9,2.9,106,950.7,1020.5,44.8,0,0.0,0.0,0.0,1.0,1.0,782.3,--
2025/9/4 9:56,23.8,56,20.2,70,14.6,20.2,2.5,2.5,97,951.0,1020.8,44.9,0,0.0,0.0,0.0,1.0,1.0,782.3,--
2025/9/4 9:57,23.7,57,20.3,69,14.4,20.3,5.0,6.5,116,950.9,1020.7,47.8,0,0.0,0.0,0.0,1.0,1.0,782.3,--
2025/9/4 9:58,23.7,57,20.3,69,14.4,20.3,2.2,5.0,83,950.9,1020.7,46.4,0,0.0,0.0,0.0,1.0,1.0,782.3,--
2025/9/4 9:59,23.7,57,20.5,71,15.1,20.5,3.6,6.1,121,950.9,1020.7,45.3,0,0.0,0.0,0.0,1.0,1.0,782.3,--
2025/9/4 10:00,23.7,57,20.5,69,14.6,20.5,6.1,8.3,120,950.8,1020.6,45.5,0,0.0,0.0,0.0,1.0,1.0,782.3,--
2025/9/4 10:01,23.7,57,20.5,69,14.6,20.5,5.0,6.1,121,950.9,1020.7,45.5,0,0.0,0.0,0.0,1.0,1.0,782.3,--
2025/9/4 10:02,23.8,57,20.5,69,14.6,20.5,4.7,5.8,111,950.9,1020.7,45.6,0,0.0,0.0,0.0,1.0,1.0,782.3,--
2025/9/4 10:03,23.8,57,20.5,69,14.6,20.5,2.2,4.7,89,950.9,1020.7,45.8,0,0.0,0.0,0.0,1.0,1.0,782.3,--
2025/9/4 10:04,23.8,57,20.6,71,15.2,20.6,4.3,5.0,106,951.1,1020.9,72.3,0,0.0,0.0,0.0,1.0,1.0,782.3,--
2025/9/4 10:05,23.8,57,20.8,68,14.7,20.8,7.2,7.6,121,950.9,1020.7,83.8,0,0.0,0.0,0.0,1.0,1.0,782.3,--
2025/9/4 10:06,23.8,57,20.7,68,14.6,20.7,3.6,5.8,111,950.9,1020.7,132.0,1,0.0,0.0,0.0,1.0,1.0,782.3,--
2025/9/4 10:07,23.8,57,20.7,69,14.8,20.7,4.7,6.8,114,950.8,1020.6,135.1,1,0.0,0.0,0.0,1.0,1.0,782.3,--
2025/9/4 10:08,23.8,57,20.8,68,14.7,20.8,5.4,5.8,108,950.9,1020.7,318.3,2,0.0,0.0,0.0,1.0,1.0,782.3,--
2025/9/4 10:09,23.8,57,20.8,67,14.5,20.8,4.7,8.3,106,951.0,1020.8,315.4,2,0.0,0.0,0.0,1.0,1.0,782.3,--
2025/9/4 10:10,23.8,57,20.7,68,14.6,20.7,4.0,5.0,119,950.8,1020.6,67.2,0,0.0,0.0,0.0,1.0,1.0,782.3,--
2025/9/4 10:11,23.7,57,20.8,68,14.7,20.8,5.4,6.1,118,950.9,1020.7,48.7,0,0.0,0.0,0.0,1.0,1.0,782.3,--
2025/9/4 10:12,23.7,57,20.8,69,14.9,20.8,3.6,5.0,104,951.1,1020.9,46.8,0,0.0,0.0,0.0,1.0,1.0,782.3,--
2025/9/4 10:13,23.7,57,20.8,68,14.7,20.8,6.5,7.6,107,951.0,1020.8,46.8,0,0.0,0.0,0.0,1.0,1.0,782.3,--
2025/9/4 10:14,23.7,57,20.8,67,14.5,20.8,4.3,6.8,134,950.9,1020.7,46.8,0,0.0,0.0,0.0,1.0,1.0,782.3,--
2025/9/4 10:15,23.8,57,20.9,68,14.8,20.9,4.3,6.1,112,951.1,1020.9,47.1,0,0.0,0.0,0.0,1.0,1.0,782.3,--
2025/9/4 10:16,23.8,57,20.9,67,14.5,20.9,6.5,7.2,102,951.0,1020.8,47.2,0,0.0,0.0,0.0,1.0,1.0,782.3,--
2025/9/4 10:17,23.8,57,20.9,67,14.5,20.9,6.8,7.9,122,951.0,1020.8,47.2,0,0.0,0.0,0.0,1.0,1.0,782.3,--
2025/9/4 10:18,23.8,57,20.9,67,14.5,20.9,9.0,9.7,117,950.9,1020.7,47.5,0,0.0,0.0,0.0,1.0,1.0,782.3,--
2025/9/4 10:19,23.8,57,20.9,66,14.3,20.9,5.0,7.2,102,950.8,1020.6,47.5,0,0.0,0.0,0.0,1.0,1.0,782.3,--
2025/9/4 10:20,23.8,57,20.9,68,14.8,20.9,7.6,8.3,114,951.0,1020.8,48.7,0,0.0,0.0,0.0,1.0,1.0,782.3,--
2025/9/4 10:21,23.8,57,21.0,67,14.6,21.0,11.9,11.9,117,950.9,1020.7,250.8,2,0.0,0.0,0.0,1.0,1.0,782.3,--
2025/9/4 10:22,23.8,57,20.9,68,14.8,20.9,7.2,9.4,137,951.0,1020.8,90.9,0,0.0,0.0,0.0,1.0,1.0,782.3,--
2025/9/4 10:23,23.8,57,21.0,68,14.9,21.0,3.6,6.5,107,951.0,1020.8,50.1,0,0.0,0.0,0.0,1.0,1.0,782.3,--
2025/9/4 10:24,23.8,57,21.1,68,15.0,21.1,5.8,8.6,94,951.0,1020.8,67.5,0,0.0,0.0,0.0,1.0,1.0,782.3,--
2025/9/4 10:25,23.9,57,21.1,66,14.5,21.1,5.8,9.4,129,951.2,1021.0,122.5,1,0.0,0.0,0.0,1.0,1.0,782.3,--
2025/9/4 10:26,23.8,57,21.1,67,14.7,21.1,3.6,7.6,104,951.0,1020.8,188.7,1,0.0,0.0,0.0,1.0,1.0,782.3,--
2025/9/4 10:27,23.9,57,21.1,66,14.5,21.1,7.2,7.2,102,951.2,1021.0,94.7,0,0.0,0.0,0.0,1.0,1.0,782.3,--
2025/9/4 10:28,23.8,57,21.1,67,14.7,21.1,3.2,5.0,3,951.1,1020.9,65.0,0,0.0,0.0,0.0,1.0,1.0,782.3,--
2025/9/4 10:29,23.8,57,21.2,66,14.6,21.2,6.1,7.2,108,951.1,1020.9,102.0,0,0.0,0.0,0.0,1.0,1.0,782.3,--
2025/9/4 10:30,23.8,57,21.2,64,14.1,21.2,6.8,6.8,124,951.0,1020.8,51.1,0,0.0,0.0,0.0,1.0,1.0,782.3,--
2025/9/4 10:31,23.9,57,21.2,64,14.1,21.2,5.4,7.2,117,951.0,1020.8,48.8,0,0.0,0.0,0.0,1.0,1.0,782.3,--
2025/9/4 10:32,23.8,57,21.2,64,14.1,21.2,6.8,11.2,107,951.0,1020.8,55.4,0,0.0,0.0,0.0,1.0,1.0,782.3,--
2025/9/4 10:33,23.8,57,21.1,63,13.8,21.1,10.4,10.4,114,951.0,1020.8,71.5,0,0.0,0.0,0.0,1.0,1.0,782.3,--
2025/9/4 10:34,23.8,57,21.0,64,14.0,21.0,7.2,8.3,120,951.1,1020.9,82.2,0,0.0,0.0,0.0,1.0,1.0,782.3,--
2025/9/4 10:35,23.8,57,21.1,63,13.8,21.1,6.1,7.9,120,951.1,1020.9,69.6,0,0.0,0.0,0.0,1.0,1.0,782.3,--
2025/9/4 10:36,23.8,57,20.9,64,13.9,20.9,3.2,5.8,118,951.0,1020.8,137.5,1,0.0,0.0,0.0,1.0,1.0,782.3,--
2025/9/4 10:37,23.8,57,20.9,64,13.9,20.9,7.2,7.2,123,951.2,1021.0,349.0,3,0.0,0.0,0.0,1.0,1.0,782.3,--
2025/9/4 10:38,23.7,57,21.0,64,14.0,21.0,3.2,5.4,106,951.0,1020.8,386.1,3,0.0,0.0,0.0,1.0,1.0,782.3,--
2025/9/4 10:39,23.7,58,21.1,66,14.5,21.1,0.0,1.8,22,950.9,1020.7,236.1,2,0.0,0.0,0.0,1.0,1.0,782.3,--
2025/9/4 10:40,23.8,58,21.2,64,14.1,21.2,0.0,5.4,141,951.0,1020.8,111.8,1,0.0,0.0,0.0,1.0,1.0,782.3,--
2025/9/4 10:41,23.8,58,21.2,65,14.4,21.2,1.8,6.8,134,951.2,1021.0,50.5,0,0.0,0.0,0.0,1.0,1.0,782.3,--
2025/9/4 10:42,23.8,57,21.1,64,14.0,21.1,3.6,6.1,108,951.1,1020.9,90.3,0,0.0,0.0,0.0,1.0,1.0,782.3,--
2025/9/4 10:43,23.9,57,21.2,63,13.9,21.2,8.3,9.4,127,951.1,1020.9,91.0,0,0.0,0.0,0.0,1.0,1.0,782.3,--
2025/9/4 10:44,23.9,57,21.1,63,13.8,21.1,6.1,7.2,127,951.1,1020.9,132.0,1,0.0,0.0,0.0,1.0,1.0,782.3,--
2025/9/4 10:45,23.9,57,21.0,65,14.2,21.0,2.2,4.0,76,951.1,1020.9,196.4,1,0.0,0.0,0.0,1.0,1.0,782.3,--
2025/9/4 10:46,23.9,57,21.1,65,14.3,21.1,3.6,4.7,70,951.1,1020.9,97.6,0,0.0,0.0,0.0,1.0,1.0,782.3,--
2025/9/4 10:47,23.9,57,21.2,64,14.1,21.2,2.2,4.0,88,951.0,1020.8,109.5,1,0.0,0.0,0.0,1.0,1.0,782.3,--
2025/9/4 10:48,23.9,57,21.3,63,14.0,21.3,2.9,5.0,104,951.2,1021.0,136.5,1,0.0,0.0,0.0,1.0,1.0,782.3,--
2025/9/4 10:49,23.9,57,21.3,64,14.2,21.3,5.0,5.8,94,951.1,1020.9,193.8,1,0.0,0.0,0.0,1.0,1.0,782.3,--
2025/9/4 10:50,23.9,57,21.4,65,14.6,21.4,1.8,4.0,138,951.0,1020.8,170.4,1,0.0,0.0,0.0,1.0,1.0,782.3,--
2025/9/4 10:51,23.9,57,21.6,65,14.8,21.6,4.3,5.4,114,951.2,1021.0,293.7,2,0.0,0.0,0.0,1.0,1.0,782.3,--
2025/9/4 10:52,23.9,57,21.6,65,14.8,21.6,3.2,4.3,106,951.2,1021.0,307.5,2,0.0,0.0,0.0,1.0,1.0,782.3,--
2025/9/4 10:53,23.9,57,21.6,65,14.8,21.6,7.2,7.2,115,951.0,1020.8,220.4,2,0.0,0.0,0.0,1.0,1.0,782.3,--
2025/9/4 10:54,23.9,57,21.5,65,14.7,21.5,4.3,5.0,98,951.0,1020.8,74.6,0,0.0,0.0,0.0,1.0,1.0,782.3,--
2025/9/4 10:55,23.9,57,21.7,65,14.9,21.7,1.8,2.5,89,951.2,1021.0,83.0,0,0.0,0.0,0.0,1.0,1.0,782.3,--
2025/9/4 10:56,23.9,57,21.7,64,14.6,21.7,5.8,5.8,118,951.1,1020.9,74.6,0,0.0,0.0,0.0,1.0,1.0,782.3,--
2025/9/4 10:57,23.9,57,21.7,63,14.4,21.7,0.0,1.8,89,951.0,1020.8,86.5,0,0.0,0.0,0.0,1.0,1.0,782.3,--
2025/9/4 10:58,23.9,57,21.7,65,14.9,21.7,0.0,1.8,272,951.1,1020.9,122.5,1,0.0,0.0,0.0,1.0,1.0,782.3,--
2025/9/4 10:59,23.9,57,21.8,65,14.9,21.8,0.0,1.8,133,951.0,1020.8,81.0,0,0.0,0.0,0.0,1.0,1.0,782.3,--
2025/9/4 11:00,23.9,57,21.9,65,15.0,21.9,2.9,3.2,126,951.1,1020.9,52.4,0,0.0,0.0,0.0,1.0,1.0,782.3,--
2025/9/4 11:01,23.9,57,21.9,65,15.0,21.9,1.8,4.0,327,951.0,1020.8,52.7,0,0.0,0.0,0.0,1.0,1.0,782.3,--
2025/9/4 11:02,23.9,57,21.9,65,15.0,21.9,2.5,5.0,141,951.0,1020.8,76.9,0,0.0,0.0,0.0,1.0,1.0,782.3,--
2025/9/4 11:03,23.8,57,21.9,65,15.0,21.9,2.2,4.7,345,951.2,1021.0,55.2,0,0.0,0.0,0.0,1.0,1.0,782.3,--
2025/9/4 11:04,23.8,57,21.9,66,15.3,21.9,4.7,7.6,331,951.0,1020.8,53.1,0,0.0,0.0,0.0,1.0,1.0,782.3,--
2025/9/4 11:05,23.8,57,21.9,68,15.7,21.9,0.0,3.6,142,951.3,1021.1,53.0,0,0.0,0.0,0.0,1.0,1.0,782.3,--
2025/9/4 11:06,23.8,57,22.0,66,15.4,22.0,1.8,3.2,8,951.1,1020.9,53.1,0,0.0,0.0,0.0,1.0,1.0,782.3,--
2025/9/4 11:07,23.8,57,22.1,65,15.2,22.1,3.2,4.0,2,951.1,1020.9,53.2,0,0.0,0.0,0.0,1.0,1.0,782.3,--
2025/9/4 11:08,23.8,57,22.1,63,14.7,22.1,7.2,9.4,290,951.2,1021.0,191.9,1,0.0,0.0,0.0,1.0,1.0,782.3,--
2025/9/4 11:09,23.8,57,21.9,64,14.8,21.9,2.2,2.5,319,951.2,1021.0,113.2,1,0.0,0.0,0.0,1.0,1.0,782.3,--
2025/9/4 11:10,23.8,57,21.8,65,14.9,21.8,5.8,7.9,302,951.1,1020.9,64.8,0,0.0,0.0,0.0,1.0,1.0,782.3,--
2025/9/4 11:11,23.8,57,21.8,67,15.4,21.8,4.7,5.0,335,951.2,1021.0,54.2,0,0.0,0.0,0.0,1.0,1.0,782.3,--
2025/9/4 11:12,23.8,57,21.8,65,14.9,21.8,4.3,4.7,357,951.2,1021.0,54.3,0,0.0,0.0,0.0,1.0,1.0,782.3,--
2025/9/4 11:13,23.8,57,21.8,66,15.2,21.8,3.6,4.3,265,951.4,1021.2,66.8,0,0.0,0.0,0.0,1.0,1.0,782.3,--
2025/9/4 11:14,23.8,57,21.8,65,14.9,21.8,2.5,4.3,162,951.3,1021.1,179.2,1,0.0,0.0,0.0,1.0,1.0,782.3,--
2025/9/4 11:15,23.7,57,21.9,65,15.0,21.9,1.8,4.0,126,951.2,1021.0,319.1,2,0.0,0.0,0.0,1.0,1.0,782.3,--
2025/9/4 11:16,23.7,57,22.0,65,15.1,22.0,2.9,3.6,346,951.2,1021.0,325.8,3,0.0,0.0,0.0,1.0,1.0,782.3,--
2025/9/4 11:17,23.7,58,22.0,64,14.9,22.0,0.0,2.2,348,951.2,1021.0,307.2,2,0.0,0.0,0.0,1.0,1.0,782.3,--
2025/9/4 11:18,23.7,58,22.1,63,14.7,22.1,0.0,3.2,265,951.0,1020.8,357.3,3,0.0,0.0,0.0,1.0,1.0,782.3,--
2025/9/4 11:19,23.7,57,22.1,64,15.0,22.1,3.6,3.6,329,951.2,1021.0,252.9,2,0.0,0.0,0.0,1.0,1.0,782.3,--
2025/9/4 11:20,23.7,57,22.1,62,14.5,22.1,2.9,5.0,350,951.1,1020.9,451.5,4,0.0,0.0,0.0,1.0,1.0,782.3,--
2025/9/4 11:21,23.7,58,22.2,60,14.1,22.2,5.4,6.5,309,951.3,1021.1,70.7,0,0.0,0.0,0.0,1.0,1.0,782.3,--
2025/9/4 11:22,23.7,58,22.1,61,14.2,22.1,4.3,5.4,289,951.2,1021.0,167.7,1,0.0,0.0,0.0,1.0,1.0,782.3,--
2025/9/4 11:23,23.8,58,22.2,61,14.3,22.2,4.7,4.7,340,951.2,1021.0,381.2,3,0.0,0.0,0.0,1.0,1.0,782.3,--
2025/9/4 11:24,23.7,58,22.3,60,14.2,22.3,1.8,2.9,334,951.1,1020.9,269.1,2,0.0,0.0,0.0,1.0,1.0,782.3,--
2025/9/4 11:25,23.7,58,22.3,61,14.4,22.3,3.2,4.7,265,951.2,1021.0,72.9,0,0.0,0.0,0.0,1.0,1.0,782.3,--
2025/9/4 11:26,23.7,58,22.3,64,15.2,22.3,2.2,3.6,344,951.1,1020.9,154.3,1,0.0,0.0,0.0,1.0,1.0,782.3,--
2025/9/4 11:27,23.7,58,22.3,65,15.4,22.3,2.9,4.0,231,951.2,1021.0,208.5,1,0.0,0.0,0.0,1.0,1.0,782.3,--
2025/9/4 11:28,23.7,58,22.5,62,14.9,22.5,0.0,2.5,63,951.3,1021.1,138.8,1,0.0,0.0,0.0,1.0,1.0,782.3,--
2025/9/4 11:29,23.8,58,22.8,62,15.1,22.8,4.0,7.9,310,951.1,1020.9,202.9,1,0.0,0.0,0.0,1.0,1.0,782.3,--
2025/9/4 11:30,23.8,58,22.7,62,15.0,22.7,2.5,4.7,332,951.0,1020.8,564.9,5,0.0,0.0,0.0,1.0,1.0,782.3,--
2025/9/4 11:31,23.8,58,22.6,60,14.5,22.6,3.2,4.7,352,951.1,1020.9,729.5,6,0.0,0.0,0.0,1.0,1.0,782.3,--
2025/9/4 11:32,23.7,58,22.6,59,14.2,22.6,6.5,7.6,318,951.3,1021.1,741.9,6,0.0,0.0,0.0,1.0,1.0,782.3,--
2025/9/4 11:33,23.8,58,22.5,62,14.9,22.5,4.7,6.5,327,951.1,1020.9,741.6,6,0.0,0.0,0.0,1.0,1.0,782.3,--
2025/9/4 11:34,23.8,58,22.7,60,14.6,22.7,2.5,4.0,37,951.2,1021.0,741.8,6,0.0,0.0,0.0,1.0,1.0,782.3,--
2025/9/4 11:35,23.8,58,22.8,59,14.4,22.8,0.0,1.8,32,951.0,1020.8,742.5,6,0.0,0.0,0.0,1.0,1.0,782.3,--
2025/9/4 11:36,23.8,58,22.9,60,14.8,22.9,10.1,10.1,314,951.2,1021.0,743.2,6,0.0,0.0,0.0,1.0,1.0,782.3,--
2025/9/4 11:37,23.8,58,22.7,58,14.0,22.7,4.0,4.3,283,951.2,1021.0,743.2,6,0.0,0.0,0.0,1.0,1.0,782.3,--
2025/9/4 11:38,23.8,58,22.6,60,14.5,22.6,2.2,5.8,261,951.0,1020.8,742.6,6,0.0,0.0,0.0,1.0,1.0,782.3,--
2025/9/4 11:39,23.8,58,22.7,58,14.0,22.7,0.0,0.0,218,951.1,1020.9,743.8,6,0.0,0.0,0.0,1.0,1.0,782.3,--
2025/9/4 11:40,23.8,58,22.8,57,13.9,22.8,1.8,2.5,328,951.2,1021.0,745.3,6,0.0,0.0,0.0,1.0,1.0,782.3,--
2025/9/4 11:41,23.8,58,22.9,59,14.5,22.9,0.0,2.9,285,951.1,1020.9,745.4,6,0.0,0.0,0.0,1.0,1.0,782.3,--
2025/9/4 11:42,23.8,58,23.1,58,14.4,23.1,0.0,2.5,126,951.0,1020.8,747.1,6,0.0,0.0,0.0,1.0,1.0,782.3,--
2025/9/4 11:43,23.8,58,23.5,61,15.6,23.5,5.0,5.4,343,951.0,1020.8,747.5,6,0.0,0.0,0.0,1.0,1.0,782.3,--
2025/9/4 11:44,23.8,58,23.5,59,15.0,23.5,3.2,4.7,351,951.0,1020.8,749.2,6,0.0,0.0,0.0,1.0,1.0,782.3,--
2025/9/4 11:45,23.8,58,23.5,58,14.8,23.5,7.6,7.6,291,951.2,1021.0,748.2,6,0.0,0.0,0.0,1.0,1.0,782.3,--
2025/9/4 11:46,23.8,58,23.2,56,14.0,23.2,4.0,4.7,350,951.1,1020.9,748.4,6,0.0,0.0,0.0,1.0,1.0,782.3,--
2025/9/4 11:47,23.7,58,23.1,57,14.2,23.1,2.9,3.6,0,951.0,1020.8,750.3,6,0.0,0.0,0.0,1.0,1.0,782.3,--
2025/9/4 11:48,23.7,59,23.2,58,14.5,23.2,5.4,5.4,305,951.2,1021.0,751.8,6,0.0,0.0,0.0,1.0,1.0,782.3,--
2025/9/4 11:49,23.7,59,23.2,57,14.2,23.2,1.8,4.7,159,951.1,1020.9,752.3,6,0.0,0.0,0.0,1.0,1.0,782.3,--
2025/9/4 11:50,23.7,59,23.3,57,14.3,23.3,2.5,6.5,316,951.1,1020.9,754.5,7,0.0,0.0,0.0,1.0,1.0,782.3,--
2025/9/4 11:51,23.7,59,23.3,58,14.6,23.3,2.5,2.5,34,951.0,1020.8,756.2,7,0.0,0.0,0.0,1.0,1.0,782.3,--
2025/9/4 11:52,23.6,59,23.4,58,14.7,23.4,5.0,5.0,351,950.9,1020.7,756.9,7,0.0,0.0,0.0,1.0,1.0,782.3,--
2025/9/4 11:53,23.7,60,23.4,58,14.7,23.4,3.6,3.6,49,951.1,1020.9,759.1,7,0.0,0.0,0.0,1.0,1.0,782.3,--
2025/9/4 11:54,23.7,60,23.5,57,14.5,23.5,4.7,5.8,8,950.9,1020.7,758.8,7,0.0,0.0,0.0,1.0,1.0,782.3,--
2025/9/4 11:55,23.7,60,23.5,57,14.5,23.5,0.0,2.5,43,950.9,1020.7,759.8,7,0.0,0.0,0.0,1.0,1.0,782.3,--
2025/9/4 11:56,23.7,60,23.5,57,14.5,23.5,3.6,5.4,297,951.0,1020.8,761.0,7,0.0,0.0,0.0,1.0,1.0,782.3,--
2025/9/4 11:57,23.7,60,23.5,57,14.5,23.5,0.0,0.0,116,950.9,1020.7,763.2,7,0.0,0.0,0.0,1.0,1.0,782.3,--
2025/9/4 11:58,23.7,60,23.8,54,14.0,23.8,2.5,2.5,105,951.1,1020.9,763.6,7,0.0,0.0,0.0,1.0,1.0,782.3,--
2025/9/4 11:59,23.8,59,23.8,58,15.1,23.8,3.6,5.8,350,951.1,1020.9,764.1,7,0.0,0.0,0.0,1.0,1.0,782.3,--
2025/9/4 12:00,23.8,60,23.7,57,14.7,23.7,3.6,5.8,105,951.1,1020.9,764.2,7,0.0,0.0,0.0,1.0,1.0,782.3,--
2025/9/4 12:01,23.8,60,23.8,56,14.5,23.8,3.2,3.6,241,951.0,1020.8,756.3,7,0.0,0.0,0.0,1.0,1.0,782.3,--
2025/9/4 12:02,23.8,60,23.8,61,15.8,23.8,4.3,5.4,285,951.0,1020.8,767.0,7,0.0,0.0,0.0,1.0,1.0,782.3,--
2025/9/4 12:03,23.8,60,23.8,59,15.3,23.8,3.6,7.6,309,951.0,1020.8,767.0,7,0.0,0.0,0.0,1.0,1.0,782.3,--
2025/9/4 12:04,23.8,60,23.6,58,14.9,23.6,2.2,9.0,301,950.9,1020.7,766.3,7,0.0,0.0,0.0,1.0,1.0,782.3,--
2025/9/4 12:05,23.8,60,23.3,60,15.1,23.3,2.2,5.8,290,951.0,1020.8,765.9,7,0.0,0.0,0.0,1.0,1.0,782.3,--
2025/9/4 12:06,23.9,60,23.5,58,14.8,23.5,2.2,2.5,76,950.9,1020.7,766.3,7,0.0,0.0,0.0,1.0,1.0,782.3,--
2025/9/4 12:07,23.9,60,23.7,58,15.0,23.7,5.4,5.4,316,951.1,1020.9,769.5,7,0.0,0.0,0.0,1.0,1.0,782.3,--
2025/9/4 12:08,23.9,60,23.7,60,15.5,23.7,1.8,2.2,298,950.9,1020.7,736.1,6,0.0,0.0,0.0,1.0,1.0,782.3,--
2025/9/4 12:09,23.9,60,23.7,58,15.0,23.7,2.2,4.3,295,950.9,1020.7,736.9,6,0.0,0.0,0.0,1.0,1.0,782.3,--
2025/9/4 12:10,23.9,60,23.7,57,14.7,23.7,0.0,1.8,63,950.9,1020.7,775.7,7,0.0,0.0,0.0,1.0,1.0,782.3,--
2025/9/4 12:11,23.9,60,24.1,56,14.8,24.1,4.3,5.8,137,950.9,1020.7,776.5,7,0.0,0.0,0.0,1.0,1.0,782.3,--
2025/9/4 12:12,23.9,60,24.2,58,15.4,24.2,2.5,5.0,261,951.0,1020.8,776.4,7,0.0,0.0,0.0,1.0,1.0,782.3,--
2025/9/4 12:13,23.9,60,24.1,59,15.6,24.1,2.2,2.9,238,950.8,1020.6,728.9,6,0.0,0.0,0.0,1.0,1.0,782.3,--
2025/9/4 12:14,23.9,59,24.2,55,14.6,24.2,3.2,4.7,282,950.9,1020.7,778.2,7,0.0,0.0,0.0,1.0,1.0,782.3,--
2025/9/4 12:15,23.9,59,24.3,55,14.7,24.3,0.0,0.0,225,950.9,1020.7,780.4,7,0.0,0.0,0.0,1.0,1.0,782.3,--
2025/9/4 12:16,23.9,59,24.6,57,15.6,24.6,2.2,2.2,342,951.0,1020.8,781.6,7,0.0,0.0,0.0,1.0,1.0,782.3,--
2025/9/4 12:17,23.9,59,24.3,57,15.3,24.3,2.9,4.7,320,950.8,1020.6,780.6,7,0.0,0.0,0.0,1.0,1.0,782.3,--
2025/9/4 12:18,24.0,59,23.9,59,15.4,23.9,6.5,8.3,296,950.9,1020.7,778.2,7,0.0,0.0,0.0,1.0,1.0,782.3,--
2025/9/4 12:19,24.0,59,23.6,61,15.7,23.6,4.7,5.4,327,951.0,1020.8,778.7,7,0.0,0.0,0.0,1.0,1.0,782.3,--
2025/9/4 12:20,23.9,59,23.6,58,14.9,23.6,0.0,0.0,320,950.9,1020.7,780.5,7,0.0,0.0,0.0,1.0,1.0,782.3,--
2025/9/4 12:21,24.0,59,24.0,60,15.8,24.0,3.2,4.0,283,950.9,1020.7,783.5,7,0.0,0.0,0.0,1.0,1.0,782.3,--
2025/9/4 12:22,23.9,59,24.1,56,14.8,24.1,3.2,3.2,339,951.0,1020.8,785.0,7,0.0,0.0,0.0,1.0,1.0,782.3,--
2025/9/4 12:23,23.9,59,24.2,59,15.7,24.2,0.0,3.2,0,951.0,1020.8,785.1,7,0.0,0.0,0.0,1.0,1.0,782.3,--
2025/9/4 12:24,23.9,59,24.4,57,15.4,24.4,5.8,6.1,275,950.9,1020.7,786.5,7,0.0,0.0,0.0,1.0,1.0,782.3,--
2025/9/4 12:25,23.9,59,24.2,56,14.9,24.2,3.6,4.7,313,951.0,1020.8,785.4,7,0.0,0.0,0.0,1.0,1.0,782.3,--
2025/9/4 12:26,23.8,59,24.2,58,15.4,24.2,6.8,6.8,250,950.8,1020.6,787.0,7,0.0,0.0,0.0,1.0,1.0,782.3,--
2025/9/4 12:27,23.8,59,24.2,58,15.4,24.2,6.5,6.5,112,951.0,1020.8,787.6,7,0.0,0.0,0.0,1.0,1.0,782.3,--
2025/9/4 12:28,23.8,59,24.3,57,15.3,24.3,4.0,8.3,162,950.9,1020.7,788.0,7,0.0,0.0,0.0,1.0,1.0,782.3,--
2025/9/4 12:29,23.8,59,24.2,57,15.2,24.2,0.0,2.9,96,950.9,1020.7,786.8,7,0.0,0.0,0.0,1.0,1.0,782.3,--
2025/9/4 12:30,23.8,59,24.4,58,15.6,24.4,0.0,0.0,106,950.8,1020.6,790.5,7,0.0,0.0,0.0,1.0,1.0,782.3,--
2025/9/4 12:31,23.8,59,24.6,57,15.6,24.6,1.8,4.3,70,950.9,1020.7,790.8,7,0.0,0.0,0.0,1.0,1.0,782.3,--
2025/9/4 12:32,23.8,59,24.8,55,15.2,24.8,5.8,8.6,108,950.9,1020.7,791.0,7,0.0,0.0,0.0,1.0,1.0,782.3,--
2025/9/4 12:33,23.8,59,24.7,55,15.1,24.7,7.2,8.3,121,950.9,1020.7,789.7,7,0.0,0.0,0.0,1.0,1.0,782.3,--
2025/9/4 12:34,23.8,59,24.6,56,15.3,24.6,3.6,4.7,106,950.8,1020.6,791.8,7,0.0,0.0,0.0,1.0,1.0,782.3,--
2025/9/4 12:35,23.8,59,24.7,58,15.9,24.7,2.5,2.9,272,950.7,1020.5,793.2,7,0.0,0.0,0.0,1.0,1.0,782.3,--
2025/9/4 12:36,23.8,59,24.8,56,15.5,24.8,0.0,2.5,147,950.8,1020.6,794.6,7,0.0,0.0,0.0,1.0,1.0,782.3,--
2025/9/4 12:37,23.8,59,24.9,54,15.0,24.9,3.2,4.3,109,950.8,1020.6,794.2,7,0.0,0.0,0.0,1.0,1.0,782.3,--
2025/9/4 12:38,23.8,59,24.8,55,15.2,24.8,2.5,2.5,81,951.0,1020.8,794.4,7,0.0,0.0,0.0,1.0,1.0,782.3,--
2025/9/4 12:39,23.8,59,24.7,55,15.1,24.7,2.2,7.6,97,950.8,1020.6,792.9,7,0.0,0.0,0.0,1.0,1.0,782.3,--
2025/9/4 12:40,23.8,59,24.5,56,15.2,24.5,2.2,10.1,113,950.9,1020.7,791.7,7,0.0,0.0,0.0,1.0,1.0,782.3,--
2025/9/4 12:41,23.8,59,24.4,56,15.1,24.4,0.0,1.8,79,951.0,1020.8,793.5,7,0.0,0.0,0.0,1.0,1.0,782.3,--
2025/9/4 12:42,23.8,59,24.5,56,15.2,24.5,6.8,7.2,130,950.9,1020.7,794.0,7,0.0,0.0,0.0,1.0,1.0,782.3,--
2025/9/4 12:43,23.8,59,24.3,57,15.3,24.3,0.0,2.9,117,950.9,1020.7,794.7,7,0.0,0.0,0.0,1.0,1.0,782.3,--
2025/9/4 12:44,23.8,59,24.5,56,15.2,24.5,7.2,9.4,115,950.8,1020.6,795.7,7,0.0,0.0,0.0,1.0,1.0,782.3,--
2025/9/4 12:45,23.8,59,24.4,57,15.4,24.4,5.8,8.3,118,950.7,1020.5,795.1,7,0.0,0.0,0.0,1.0,1.0,782.3,--
2025/9/4 12:46,23.8,59,24.4,58,15.6,24.4,0.0,0.0,98,950.9,1020.7,796.0,7,0.0,0.0,0.0,1.0,1.0,782.3,--
2025/9/4 12:47,23.7,59,24.5,56,15.2,24.5,6.8,6.8,110,950.9,1020.7,797.0,7,0.0,0.0,0.0,1.0,1.0,782.3,--
2025/9/4 12:48,23.8,59,24.6,57,15.6,24.6,5.8,7.6,110,950.8,1020.6,797.1,7,0.0,0.0,0.0,1.0,1.0,782.3,--
2025/9/4 12:49,23.8,59,24.6,57,15.6,24.6,1.8,3.6,3,950.8,1020.6,796.5,7,0.0,0.0,0.0,1.0,1.0,782.3,--
2025/9/4 12:50,23.8,59,24.8,56,15.5,24.8,1.8,3.2,224,950.9,1020.7,796.7,7,0.0,0.0,0.0,1.0,1.0,782.3,--
2025/9/4 12:51,23.8,59,24.6,56,15.3,24.6,7.2,7.2,104,951.0,1020.8,797.1,7,0.0,0.0,0.0,1.0,1.0,782.3,--
2025/9/4 12:52,23.8,59,24.5,56,15.2,24.5,7.9,8.6,118,950.9,1020.7,796.4,7,0.0,0.0,0.0,1.0,1.0,782.3,--
2025/9/4 12:53,23.7,59,24.5,58,15.7,24.5,4.7,4.7,241,950.8,1020.6,797.7,7,0.0,0.0,0.0,1.0,1.0,782.3,--
2025/9/4 12:54,23.8,59,24.5,59,16.0,24.5,1.8,2.2,228,950.7,1020.5,798.2,7,0.0,0.0,0.0,1.0,1.0,782.3,--
2025/9/4 12:55,23.8,59,24.7,53,14.5,24.7,0.0,1.8,230,950.9,1020.7,799.2,7,0.0,0.0,0.0,1.0,1.0,782.3,--
2025/9/4 12:56,23.8,59,24.7,54,14.8,24.7,3.2,4.0,275,950.7,1020.5,800.3,7,0.0,0.0,0.0,1.0,1.0,782.3,--
2025/9/4 12:57,23.8,59,24.6,55,15.0,24.6,7.2,7.2,300,950.8,1020.6,800.9,7,0.0,0.0,0.0,1.0,1.0,782.3,--
2025/9/4 12:58,23.8,59,24.4,56,15.1,24.4,9.7,9.7,312,950.9,1020.7,798.3,7,0.0,0.0,0.0,1.0,1.0,782.3,--
2025/9/4 12:59,23.8,59,24.3,58,15.5,24.3,3.2,5.0,250,950.8,1020.6,796.9,7,0.0,0.0,0.0,1.0,1.0,782.3,--
2025/9/4 13:00,23.8,59,24.2,56,14.9,24.2,2.5,3.2,243,951.0,1020.8,798.3,7,0.0,0.0,0.0,1.0,1.0,782.3,--
2025/9/4 13:01,23.8,59,24.2,56,14.9,24.2,0.0,1.8,327,950.8,1020.6,801.0,7,0.0,0.0,0.0,1.0,1.0,782.3,--
2025/9/4 13:02,23.8,59,24.5,57,15.5,24.5,5.0,5.4,331,950.9,1020.7,799.7,7,0.0,0.0,0.0,1.0,1.0,782.3,--
2025/9/4 13:03,23.7,59,24.3,58,15.5,24.3,3.2,5.4,307,950.8,1020.6,798.7,7,0.0,0.0,0.0,1.0,1.0,782.3,--
2025/9/4 13:04,23.8,59,24.3,60,16.1,24.3,1.8,2.5,275,950.8,1020.6,799.0,7,0.0,0.0,0.0,1.0,1.0,782.3,--
2025/9/4 13:05,23.8,59,24.5,59,16.0,24.5,2.5,2.5,242,950.7,1020.5,800.6,7,0.0,0.0,0.0,1.0,1.0,782.3,--
2025/9/4 13:06,23.8,59,24.9,56,15.5,24.9,2.5,2.5,0,950.8,1020.6,800.2,7,0.0,0.0,0.0,1.0,1.0,782.3,--
2025/9/4 13:07,23.8,59,25.1,56,15.7,25.1,0.0,2.5,242,950.7,1020.5,801.1,7,0.0,0.0,0.0,1.0,1.0,782.3,--
2025/9/4 13:08,23.8,59,25.4,56,16.0,25.4,1.8,3.6,233,950.8,1020.6,801.7,7,0.0,0.0,0.0,1.0,1.0,782.3,--
2025/9/4 13:09,23.7,59,25.5,58,16.6,25.5,3.6,5.8,291,950.7,1020.5,801.4,7,0.0,0.0,0.0,1.0,1.0,782.3,--
2025/9/4 13:10,23.7,59,25.3,55,15.6,25.3,0.0,2.2,139,950.8,1020.6,799.8,7,0.0,0.0,0.0,1.0,1.0,782.3,--
2025/9/4 13:11,23.7,59,25.4,54,15.4,25.4,6.1,6.1,106,950.7,1020.5,799.7,7,0.0,0.0,0.0,1.0,1.0,782.3,--
2025/9/4 13:12,23.7,59,25.3,55,15.6,25.3,0.0,2.2,132,950.8,1020.6,796.9,7,0.0,0.0,0.0,1.0,1.0,782.3,--
2025/9/4 13:13,23.7,59,25.2,54,15.3,25.2,5.4,5.4,109,950.6,1020.4,797.7,7,0.0,0.0,0.0,1.0,1.0,782.3,--
2025/9/4 13:14,23.7,59,25.2,55,15.5,25.2,5.0,10.8,122,950.5,1020.3,796.2,7,0.0,0.0,0.0,1.0,1.0,782.3,--
2025/9/4 13:15,23.7,59,24.8,54,14.9,24.8,6.8,7.2,126,950.8,1020.6,795.0,7,0.0,0.0,0.0,1.0,1.0,782.3,--
2025/9/4 13:16,23.7,60,24.7,56,15.4,24.7,7.9,7.9,127,950.5,1020.3,796.0,7,0.0,0.0,0.0,1.0,1.0,782.3,--
2025/9/4 13:17,23.7,60,24.7,55,15.1,24.7,4.3,4.7,114,950.5,1020.3,797.2,7,0.0,0.0,0.0,1.0,1.0,782.3,--
2025/9/4 13:18,23.7,60,24.8,56,15.5,24.8,4.7,7.2,110,950.6,1020.4,800.5,7,0.0,0.0,0.0,1.0,1.0,782.3,--
2025/9/4 13:19,23.7,60,24.6,55,15.0,24.6,8.3,10.4,127,950.7,1020.5,797.7,7,0.0,0.0,0.0,1.0,1.0,782.3,--
2025/9/4 13:20,23.7,60,24.3,56,15.0,24.3,6.8,7.6,120,950.6,1020.4,797.3,7,0.0,0.0,0.0,1.0,1.0,782.3,--
2025/9/4 13:21,23.7,60,24.5,58,15.7,24.5,5.0,6.5,124,950.4,1020.2,799.5,7,0.0,0.0,0.0,1.0,1.0,782.3,--
2025/9/4 13:22,23.7,60,24.8,54,14.9,24.8,8.6,10.4,118,950.5,1020.3,798.7,7,0.0,0.0,0.0,1.0,1.0,782.3,--
2025/9/4 13:23,23.7,60,24.7,54,14.8,24.7,3.6,3.6,111,950.6,1020.4,798.7,7,0.0,0.0,0.0,1.0,1.0,782.3,--
2025/9/4 13:24,23.8,60,24.9,56,15.5,24.9,8.3,8.3,115,950.6,1020.4,797.9,7,0.0,0.0,0.0,1.0,1.0,782.3,--
2025/9/4 13:25,23.8,60,24.7,55,15.1,24.7,6.1,8.3,115,950.6,1020.4,795.4,7,0.0,0.0,0.0,1.0,1.0,782.3,--
2025/9/4 13:26,23.8,60,24.7,54,14.8,24.7,9.4,9.4,124,950.5,1020.3,793.2,7,0.0,0.0,0.0,1.0,1.0,782.3,--
2025/9/4 13:27,23.8,60,24.7,53,14.5,24.7,6.8,7.2,125,950.7,1020.5,792.7,7,0.0,0.0,0.0,1.0,1.0,782.3,--
2025/9/4 13:28,23.8,60,24.6,53,14.4,24.6,4.7,7.6,118,950.5,1020.3,792.6,7,0.0,0.0,0.0,1.0,1.0,782.3,--
2025/9/4 13:29,23.8,60,24.6,54,14.7,24.6,3.2,6.1,111,950.7,1020.5,792.1,7,0.0,0.0,0.0,1.0,1.0,782.3,--
2025/9/4 13:30,23.7,60,24.7,53,14.5,24.7,5.8,5.8,116,950.6,1020.4,791.8,7,0.0,0.0,0.0,1.0,1.0,782.3,--
2025/9/4 13:31,23.7,60,24.9,52,14.4,24.9,0.0,0.0,186,950.7,1020.5,790.7,7,0.0,0.0,0.0,1.0,1.0,782.3,--
2025/9/4 13:32,23.8,60,25.0,53,14.8,25.0,1.8,5.0,263,950.4,1020.2,789.8,7,0.0,0.0,0.0,1.0,1.0,782.3,--
2025/9/4 13:33,23.8,60,24.9,55,15.3,24.9,2.5,3.2,162,950.5,1020.3,788.8,7,0.0,0.0,0.0,1.0,1.0,782.3,--
2025/9/4 13:34,23.8,60,25.0,57,15.9,25.0,0.0,1.8,114,950.6,1020.4,787.3,7,0.0,0.0,0.0,1.0,1.0,782.3,--
2025/9/4 13:35,23.8,60,25.3,53,15.1,25.3,2.9,2.9,310,950.6,1020.4,784.6,7,0.0,0.0,0.0,1.0,1.0,782.3,--
2025/9/4 13:36,23.8,60,25.5,55,15.8,25.5,2.5,2.9,264,950.6,1020.4,783.1,7,0.0,0.0,0.0,1.0,1.0,782.3,--
2025/9/4 13:37,23.8,60,25.4,56,16.0,25.4,1.8,2.9,267,950.5,1020.3,783.1,7,0.0,0.0,0.0,1.0,1.0,782.3,--
2025/9/4 13:38,23.8,60,25.4,57,16.3,25.4,3.2,3.6,306,950.5,1020.3,781.1,7,0.0,0.0,0.0,1.0,1.0,782.3,--
2025/9/4 13:39,23.8,60,25.5,52,15.0,25.5,2.2,2.9,341,950.6,1020.4,787.6,7,0.0,0.0,0.0,1.0,1.0,782.3,--
2025/9/4 13:40,23.8,60,25.5,52,15.0,25.5,0.0,0.0,13,950.6,1020.4,788.2,7,0.0,0.0,0.0,1.0,1.0,782.3,--
2025/9/4 13:41,23.8,60,25.7,54,15.7,25.7,1.8,2.5,268,950.6,1020.4,789.5,7,0.0,0.0,0.0,1.0,1.0,782.3,--
2025/9/4 13:42,23.8,60,25.9,52,15.3,25.9,1.8,3.2,252,950.5,1020.3,784.6,7,0.0,0.0,0.0,1.0,1.0,782.3,--
2025/9/4 13:43,23.8,60,26.0,54,16.0,26.0,3.2,5.0,127,950.5,1020.3,778.6,7,0.0,0.0,0.0,1.0,1.0,782.3,--
2025/9/4 13:44,23.8,60,26.1,53,15.8,26.1,1.8,5.4,94,950.5,1020.3,777.0,7,0.0,0.0,0.0,1.0,1.0,782.3,--
2025/9/4 13:45,23.8,60,25.9,55,16.2,25.9,2.5,3.2,301,950.5,1020.3,776.4,7,0.0,0.0,0.0,1.0,1.0,782.3,--
2025/9/4 13:46,23.9,60,25.8,54,15.8,25.8,7.2,10.8,116,950.6,1020.4,775.2,7,0.0,0.0,0.0,1.0,1.0,782.3,--
2025/9/4 13:47,23.9,60,25.5,53,15.2,25.5,4.3,6.8,131,950.6,1020.4,774.9,7,0.0,0.0,0.0,1.0,1.0,782.3,--
2025/9/4 13:48,23.9,60,25.2,55,15.5,25.2,4.3,9.4,132,950.6,1020.4,773.4,7,0.0,0.0,0.0,1.0,1.0,782.3,--
2025/9/4 13:49,23.9,60,25.0,54,15.1,25.0,4.3,5.0,130,950.7,1020.5,691.0,6,0.0,0.0,0.0,1.0,1.0,782.3,--
2025/9/4 13:50,23.9,59,25.1,55,15.4,25.1,2.2,2.9,109,950.4,1020.2,773.1,7,0.0,0.0,0.0,1.0,1.0,782.3,--
2025/9/4 13:51,23.9,59,25.4,55,15.7,25.4,2.5,5.0,100,950.6,1020.4,771.9,7,0.0,0.0,0.0,1.0,1.0,782.3,--
2025/9/4 13:52,23.9,59,25.5,56,16.1,25.5,3.6,6.1,88,950.5,1020.3,769.9,7,0.0,0.0,0.0,1.0,1.0,782.3,--
2025/9/4 13:53,23.9,59,25.4,56,16.0,25.4,4.0,5.0,93,950.5,1020.3,767.7,7,0.0,0.0,0.0,1.0,1.0,782.3,--
2025/9/4 13:54,23.9,59,25.5,53,15.2,25.5,3.2,5.0,95,950.6,1020.4,765.9,7,0.0,0.0,0.0,1.0,1.0,782.3,--
2025/9/4 13:55,23.9,59,25.5,55,15.8,25.5,9.0,9.7,129,950.4,1020.2,764.4,7,0.0,0.0,0.0,1.0,1.0,782.3,--
2025/9/4 13:56,23.9,59,25.5,53,15.2,25.5,2.2,2.9,283,950.5,1020.3,764.4,7,0.0,0.0,0.0,1.0,1.0,782.3,--
2025/9/4 13:57,24.0,59,25.5,53,15.2,25.5,3.6,9.0,103,950.5,1020.3,764.4,7,0.0,0.0,0.0,1.0,1.0,782.3,--
2025/9/4 13:58,23.9,59,25.3,55,15.6,25.3,7.9,9.7,121,950.4,1020.2,764.1,7,0.0,0.0,0.0,1.0,1.0,782.3,--
2025/9/4 13:59,23.9,59,25.2,53,15.0,25.2,7.9,12.2,129,950.4,1020.2,760.5,7,0.0,0.0,0.0,1.0,1.0,782.3,--
2025/9/4 14:00,23.9,59,24.9,55,15.3,24.9,3.2,3.6,88,950.4,1020.2,760.3,7,0.0,0.0,0.0,1.0,1.0,782.3,--
2025/9/4 14:01,23.9,59,25.0,55,15.4,25.0,7.6,9.4,114,950.4,1020.2,758.0,7,0.0,0.0,0.0,1.0,1.0,782.3,--
2025/9/4 14:02,23.9,59,25.0,55,15.4,25.0,6.1,9.0,113,950.4,1020.2,754.7,7,0.0,0.0,0.0,1.0,1.0,782.3,--
2025/9/4 14:03,23.9,59,25.1,54,15.2,25.1,3.2,5.0,108,950.4,1020.2,758.4,7,0.0,0.0,0.0,1.0,1.0,782.3,--
2025/9/4 14:04,23.9,59,25.1,55,15.4,25.1,3.6,6.1,140,950.4,1020.2,760.1,7,0.0,0.0,0.0,1.0,1.0,782.3,--
2025/9/4 14:05,23.9,59,25.2,56,15.8,25.2,4.0,6.5,89,950.3,1020.1,760.3,7,0.0,0.0,0.0,1.0,1.0,782.3,--
2025/9/4 14:06,23.9,59,25.3,55,15.6,25.3,8.6,8.6,120,950.5,1020.3,760.6,7,0.0,0.0,0.0,1.0,1.0,782.3,--
2025/9/4 14:07,23.9,59,25.1,54,15.2,25.1,2.9,4.3,157,950.3,1020.1,759.1,7,0.0,0.0,0.0,1.0,1.0,782.3,--
2025/9/4 14:08,23.9,59,25.2,55,15.5,25.2,0.0,0.0,15,950.2,1020.0,405.5,3,0.0,0.0,0.0,1.0,1.0,782.3,--
2025/9/4 14:09,23.9,59,25.4,56,16.0,25.4,3.2,4.0,9,950.5,1020.3,755.2,7,0.0,0.0,0.0,1.0,1.0,782.3,--
2025/9/4 14:10,23.9,59,25.6,55,15.9,25.6,5.0,5.0,302,950.4,1020.2,752.2,6,0.0,0.0,0.0,1.0,1.0,782.3,--
2025/9/4 14:11,23.9,59,25.6,53,15.3,25.6,4.3,6.1,133,950.4,1020.2,750.6,6,0.0,0.0,0.0,1.0,1.0,782.3,--
2025/9/4 14:12,23.9,59,25.6,53,15.3,25.6,0.0,2.2,110,950.4,1020.2,749.8,6,0.0,0.0,0.0,1.0,1.0,782.3,--
2025/9/4 14:13,23.9,59,25.9,55,16.2,25.9,1.8,3.2,77,950.4,1020.2,748.3,6,0.0,0.0,0.0,1.0,1.0,782.3,--
2025/9/4 14:14,23.9,59,25.9,54,15.9,25.9,2.2,6.5,98,950.4,1020.2,746.2,6,0.0,0.0,0.0,1.0,1.0,782.3,--
2025/9/4 14:15,23.9,59,25.9,54,15.9,25.9,1.8,4.3,261,950.3,1020.1,734.7,6,0.0,0.0,0.0,1.0,1.0,782.3,--
2025/9/4 14:16,23.9,59,25.9,53,15.6,25.9,5.8,5.8,123,950.3,1020.1,745.2,6,0.0,0.0,0.0,1.0,1.0,782.3,--
2025/9/4 14:17,23.9,59,25.8,53,15.5,25.8,5.8,7.2,125,950.4,1020.2,743.5,6,0.0,0.0,0.0,1.0,1.0,782.3,--
2025/9/4 14:18,23.9,59,25.5,54,15.5,25.5,2.9,5.0,106,950.4,1020.2,743.8,6,0.0,0.0,0.0,1.0,1.0,782.3,--
2025/9/4 14:19,23.9,59,25.6,54,15.6,25.6,4.7,7.6,124,950.3,1020.1,743.8,6,0.0,0.0,0.0,1.0,1.0,782.3,--
2025/9/4 14:20,23.9,59,25.6,55,15.9,25.6,0.0,1.8,113,950.2,1020.0,741.5,6,0.0,0.0,0.0,1.0,1.0,782.3,--
2025/9/4 14:21,23.9,59,25.6,55,15.9,25.6,4.7,5.8,286,950.4,1020.2,717.0,6,0.0,0.0,0.0,1.0,1.0,782.3,--
2025/9/4 14:22,23.9,59,25.6,52,15.0,25.6,2.2,5.8,131,950.3,1020.1,739.1,6,0.0,0.0,0.0,1.0,1.0,782.3,--
2025/9/4 14:23,23.9,59,25.6,55,15.9,25.6,2.2,2.5,300,950.1,1019.9,736.8,6,0.0,0.0,0.0,1.0,1.0,782.3,--
2025/9/4 14:24,23.9,59,25.8,60,17.5,25.8,1.8,2.9,285,950.3,1020.1,733.3,6,0.0,0.0,0.0,1.0,1.0,782.3,--
2025/9/4 14:25,23.9,59,25.9,52,15.3,25.9,3.6,3.6,118,950.2,1020.0,732.9,6,0.0,0.0,0.0,1.0,1.0,782.3,--
2025/9/4 14:26,23.9,59,25.9,52,15.3,25.9,1.8,2.2,237,950.1,1019.9,730.1,6,0.0,0.0,0.0,1.0,1.0,782.3,--
2025/9/4 14:27,23.9,59,26.0,53,15.7,26.0,2.5,2.9,293,950.1,1019.9,729.1,6,0.0,0.0,0.0,1.0,1.0,782.3,--
2025/9/4 14:28,23.9,59,25.9,56,16.5,25.9,4.3,6.1,110,950.1,1019.9,725.4,6,0.0,0.0,0.0,1.0,1.0,782.3,--
2025/9/4 14:29,23.9,59,25.9,53,15.6,25.9,6.5,7.6,104,950.2,1020.0,719.9,6,0.0,0.0,0.0,1.0,1.0,782.3,--
2025/9/4 14:30,23.9,59,25.8,53,15.5,25.8,6.8,7.9,113,950.3,1020.1,720.4,6,0.0,0.0,0.0,1.0,1.0,782.3,--
2025/9/4 14:31,23.9,59,25.7,53,15.4,25.7,6.8,8.3,118,950.2,1020.0,718.7,6,0.0,0.0,0.0,1.0,1.0,782.3,--
2025/9/4 14:32,23.9,60,25.7,52,15.1,25.7,6.5,6.8,122,950.1,1019.9,716.4,6,0.0,0.0,0.0,1.0,1.0,782.3,--
2025/9/4 14:33,23.8,60,25.6,53,15.3,25.6,5.4,5.4,111,950.2,1020.0,715.7,6,0.0,0.0,0.0,1.0,1.0,782.3,--
2025/9/4 14:34,23.8,60,25.7,54,15.7,25.7,0.0,4.0,332,950.2,1020.0,606.5,5,0.0,0.0,0.0,1.0,1.0,782.3,--
2025/9/4 14:35,23.8,60,25.8,53,15.5,25.8,4.3,4.7,111,950.1,1019.9,713.0,6,0.0,0.0,0.0,1.0,1.0,782.3,--
2025/9/4 14:36,23.8,60,25.6,52,15.0,25.6,2.5,6.1,116,950.2,1020.0,711.0,6,0.0,0.0,0.0,1.0,1.0,782.3,--
2025/9/4 14:37,23.9,60,25.5,54,15.5,25.5,0.0,3.6,274,950.3,1020.1,709.9,6,0.0,0.0,0.0,1.0,1.0,782.3,--
2025/9/4 14:38,23.8,60,25.6,52,15.0,25.6,5.0,5.8,116,950.1,1019.9,707.1,6,0.0,0.0,0.0,1.0,1.0,782.3,--
2025/9/4 14:39,23.8,60,25.7,57,16.6,25.7,1.8,3.2,246,950.2,1020.0,707.2,6,0.0,0.0,0.0,1.0,1.0,782.3,--
2025/9/4 14:40,23.8,60,25.8,54,15.8,25.8,3.6,6.8,98,950.2,1020.0,706.3,6,0.0,0.0,0.0,1.0,1.0,782.3,--
2025/9/4 14:41,23.8,60,25.8,53,15.5,25.8,8.3,8.3,124,950.4,1020.2,703.5,6,0.0,0.0,0.0,1.0,1.0,782.3,--
2025/9/4 14:42,23.8,60,25.6,52,15.0,25.6,9.4,13.0,119,950.3,1020.1,701.3,6,0.0,0.0,0.0,1.0,1.0,782.3,--
2025/9/4 14:43,23.8,60,25.3,52,14.8,25.3,1.8,2.9,149,950.3,1020.1,699.4,6,0.0,0.0,0.0,1.0,1.0,782.3,--
2025/9/4 14:44,23.8,60,25.5,53,15.2,25.5,3.2,3.2,299,950.3,1020.1,698.4,6,0.0,0.0,0.0,1.0,1.0,782.3,--
2025/9/4 14:45,23.8,60,25.8,53,15.5,25.8,1.8,4.0,108,950.3,1020.1,699.8,6,0.0,0.0,0.0,1.0,1.0,782.3,--
2025/9/4 14:46,23.8,60,26.0,54,16.0,26.0,0.0,2.5,237,950.3,1020.1,697.3,6,0.0,0.0,0.0,1.0,1.0,782.3,--
2025/9/4 14:47,23.9,60,26.1,53,15.8,26.1,4.3,6.8,110,950.2,1020.0,693.9,6,0.0,0.0,0.0,1.0,1.0,782.3,--
2025/9/4 14:48,23.8,60,25.9,51,15.0,25.9,0.0,3.6,15,950.0,1019.8,689.8,6,0.0,0.0,0.0,1.0,1.0,782.3,--
2025/9/4 14:49,23.8,61,26.1,52,15.5,26.1,0.0,0.0,269,950.1,1019.9,688.1,6,0.0,0.0,0.0,1.0,1.0,782.3,--
2025/9/4 14:50,23.8,61,26.3,54,16.3,26.3,0.0,3.2,232,950.2,1020.0,686.5,6,0.0,0.0,0.0,1.0,1.0,782.3,--
2025/9/4 14:51,23.8,61,26.5,52,15.9,26.5,4.7,4.7,83,950.1,1019.9,684.2,6,0.0,0.0,0.0,1.0,1.0,782.3,--
2025/9/4 14:52,23.9,61,26.4,50,15.2,26.4,4.7,6.8,257,950.1,1019.9,681.6,6,0.0,0.0,0.0,1.0,1.0,782.3,--
2025/9/4 14:53,23.9,61,26.2,51,15.3,26.2,4.7,4.7,117,950.0,1019.8,679.3,6,0.0,0.0,0.0,1.0,1.0,782.3,--
2025/9/4 14:54,23.9,61,26.1,52,15.5,26.1,6.8,8.6,116,950.2,1020.0,676.5,6,0.0,0.0,0.0,1.0,1.0,782.3,--
2025/9/4 14:55,23.9,61,26.1,54,16.1,26.1,4.3,5.8,214,950.2,1020.0,673.3,6,0.0,0.0,0.0,1.0,1.0,782.3,--
2025/9/4 14:56,23.9,61,26.0,54,16.0,26.0,4.0,5.0,248,949.9,1019.7,670.4,6,0.0,0.0,0.0,1.0,1.0,782.3,--
2025/9/4 14:57,23.9,61,26.0,55,16.3,26.0,2.2,2.5,345,950.1,1019.9,667.8,6,0.0,0.0,0.0,1.0,1.0,782.3,--
2025/9/4 14:58,23.9,61,26.3,52,15.7,26.3,3.2,5.0,117,950.0,1019.8,664.8,6,0.0,0.0,0.0,1.0,1.0,782.3,--
2025/9/4 14:59,23.9,61,26.4,53,16.1,26.4,3.6,4.0,264,950.2,1020.0,663.2,6,0.0,0.0,0.0,1.0,1.0,782.3,--
2025/9/4 15:00,23.9,61,26.4,52,15.8,26.4,3.2,3.2,274,950.1,1019.9,661.4,6,0.0,0.0,0.0,1.0,1.0,782.3,--
2025/9/4 15:01,23.9,61,26.4,51,15.5,26.4,1.8,2.5,306,950.0,1019.8,660.3,6,0.0,0.0,0.0,1.0,1.0,782.3,--
2025/9/4 15:02,23.9,61,26.4,50,15.2,26.4,6.1,6.5,108,950.1,1019.9,659.7,6,0.0,0.0,0.0,1.0,1.0,782.3,--
2025/9/4 15:03,23.9,61,25.9,52,15.3,25.9,7.2,8.3,120,950.0,1019.8,658.7,6,0.0,0.0,0.0,1.0,1.0,782.3,--
2025/9/4 15:04,23.9,61,25.7,53,15.4,25.7,0.0,0.0,88,950.1,1019.9,655.2,6,0.0,0.0,0.0,1.0,1.0,782.3,--
2025/9/4 15:05,23.9,61,25.9,53,15.6,25.9,7.2,7.2,138,949.9,1019.7,652.1,6,0.0,0.0,0.0,1.0,1.0,782.3,--
2025/9/4 15:06,23.9,61,25.8,52,15.2,25.8,4.3,6.5,104,950.0,1019.8,649.7,6,0.0,0.0,0.0,1.0,1.0,782.3,--
2025/9/4 15:07,23.9,61,25.7,53,15.4,25.7,2.9,4.3,125,950.1,1019.9,644.6,5,0.0,0.0,0.0,1.0,1.0,782.3,--
2025/9/4 15:08,23.9,61,25.8,54,15.8,25.8,0.0,3.2,231,950.2,1020.0,638.2,5,0.0,0.0,0.0,1.0,1.0,782.3,--
2025/9/4 15:09,23.9,61,26.1,54,16.1,26.1,3.2,3.2,12,950.0,1019.8,636.6,5,0.0,0.0,0.0,1.0,1.0,782.3,--
2025/9/4 15:10,23.9,61,26.2,50,15.0,26.2,2.9,4.0,111,950.1,1019.9,636.6,5,0.0,0.0,0.0,1.0,1.0,782.3,--
2025/9/4 15:11,23.9,61,26.2,51,15.3,26.2,2.9,5.0,117,949.9,1019.7,636.7,5,0.0,0.0,0.0,1.0,1.0,782.3,--
2025/9/4 15:12,23.9,61,26.2,53,15.9,26.2,5.0,5.8,103,950.0,1019.8,636.5,5,0.0,0.0,0.0,1.0,1.0,782.3,--
2025/9/4 15:13,23.9,61,26.1,54,16.1,26.1,4.7,9.4,108,949.9,1019.7,632.5,5,0.0,0.0,0.0,1.0,1.0,782.3,--
2025/9/4 15:14,23.9,61,26.0,52,15.4,26.0,2.2,4.3,122,950.1,1019.9,629.3,5,0.0,0.0,0.0,1.0,1.0,782.3,--
2025/9/4 15:15,23.9,61,26.2,52,15.6,26.2,4.7,5.0,278,950.1,1019.9,625.2,5,0.0,0.0,0.0,1.0,1.0,782.3,--
2025/9/4 15:16,23.9,61,26.1,54,16.1,26.1,3.6,5.0,271,950.1,1019.9,622.7,5,0.0,0.0,0.0,1.0,1.0,782.3,--
2025/9/4 15:17,23.9,61,25.9,52,15.3,25.9,3.6,4.0,265,949.9,1019.7,620.8,5,0.0,0.0,0.0,1.0,1.0,782.3,--
2025/9/4 15:18,23.9,61,25.9,51,15.0,25.9,2.9,4.3,292,950.0,1019.8,620.1,5,0.0,0.0,0.0,1.0,1.0,782.3,--
2025/9/4 15:19,23.9,61,25.8,56,16.4,25.8,2.9,4.3,255,949.9,1019.7,617.2,5,0.0,0.0,0.0,1.0,1.0,782.3,--
2025/9/4 15:20,23.9,61,26.1,51,15.2,26.1,3.6,3.6,117,950.1,1019.9,612.7,5,0.0,0.0,0.0,1.0,1.0,782.3,--
2025/9/4 15:21,23.9,61,26.1,50,14.9,26.1,2.2,4.0,122,949.9,1019.7,610.9,5,0.0,0.0,0.0,1.0,1.0,782.3,--
2025/9/4 15:22,23.9,62,26.1,52,15.5,26.1,3.2,4.0,263,950.0,1019.8,608.6,5,0.0,0.0,0.0,1.0,1.0,782.3,--
2025/9/4 15:23,23.9,62,26.2,50,15.0,26.2,5.0,6.5,108,950.0,1019.8,607.0,5,0.0,0.0,0.0,1.0,1.0,782.3,--
2025/9/4 15:24,23.9,62,26.2,51,15.3,26.2,0.0,4.0,127,950.0,1019.8,603.7,5,0.0,0.0,0.0,1.0,1.0,782.3,--
2025/9/4 15:25,23.9,62,26.3,51,15.4,26.3,5.4,5.4,104,949.9,1019.7,602.1,5,0.0,0.0,0.0,1.0,1.0,782.3,--
2025/9/4 15:26,23.9,62,26.4,51,15.5,26.4,0.0,2.9,83,950.2,1020.0,599.7,5,0.0,0.0,0.0,1.0,1.0,782.3,--
2025/9/4 15:27,23.9,62,26.5,52,15.9,26.5,2.5,8.6,136,949.9,1019.7,598.5,5,0.0,0.0,0.0,1.0,1.0,782.3,--
2025/9/4 15:28,23.9,62,26.5,52,15.9,26.5,2.9,4.0,237,950.0,1019.8,595.1,5,0.0,0.0,0.0,1.0,1.0,782.3,--
2025/9/4 15:29,24.0,62,26.6,52,16.0,26.6,5.8,5.8,280,950.0,1019.8,592.8,5,0.0,0.0,0.0,1.0,1.0,782.3,--
2025/9/4 15:30,24.0,62,26.6,53,16.3,26.6,0.0,3.2,36,949.9,1019.7,591.4,5,0.0,0.0,0.0,1.0,1.0,782.3,--
2025/9/4 15:31,24.0,62,26.5,49,15.0,26.5,2.5,2.9,52,950.0,1019.8,589.2,5,0.0,0.0,0.0,1.0,1.0,782.3,--
2025/9/4 15:32,24.0,62,26.4,52,15.8,26.4,6.1,6.1,121,950.1,1019.9,587.4,5,0.0,0.0,0.0,1.0,1.0,782.3,--
2025/9/4 15:33,24.0,62,26.2,52,15.6,26.2,2.2,8.3,118,950.1,1019.9,585.6,5,0.0,0.0,0.0,1.0,1.0,782.3,--
2025/9/4 15:34,24.0,62,26.1,50,14.9,26.1,5.8,8.6,113,949.9,1019.7,583.9,5,0.0,0.0,0.0,1.0,1.0,782.3,--
2025/9/4 15:35,24.0,62,26.0,52,15.4,26.0,6.1,6.1,124,950.0,1019.8,582.3,5,0.0,0.0,0.0,1.0,1.0,782.3,--
2025/9/4 15:36,24.0,62,26.0,52,15.4,26.0,1.8,3.6,240,949.9,1019.7,581.5,5,0.0,0.0,0.0,1.0,1.0,782.3,--
2025/9/4 15:37,24.0,62,26.2,51,15.3,26.2,4.0,4.0,238,950.1,1019.9,579.1,5,0.0,0.0,0.0,1.0,1.0,782.3,--
2025/9/4 15:38,24.1,62,26.3,50,15.1,26.3,0.0,2.9,185,950.0,1019.8,575.4,5,0.0,0.0,0.0,1.0,1.0,782.3,--
2025/9/4 15:39,24.1,62,26.3,50,15.1,26.3,3.6,5.8,316,949.8,1019.6,571.4,5,0.0,0.0,0.0,1.0,1.0,782.3,--
2025/9/4 15:40,24.1,62,26.3,54,16.3,26.3,2.5,2.9,336,950.0,1019.8,566.2,5,0.0,0.0,0.0,1.0,1.0,782.3,--
2025/9/4 15:41,24.1,62,26.5,50,15.3,26.5,2.2,3.2,318,950.2,1020.0,562.1,5,0.0,0.0,0.0,1.0,1.0,782.3,--
2025/9/4 15:42,24.1,62,26.6,52,16.0,26.6,0.0,2.2,220,950.2,1020.0,559.6,5,0.0,0.0,0.0,1.0,1.0,782.3,--
2025/9/4 15:43,24.1,62,26.9,50,15.6,27.3,2.9,2.9,292,950.0,1019.8,552.5,5,0.0,0.0,0.0,1.0,1.0,782.3,--
2025/9/4 15:44,24.1,62,26.9,51,15.9,27.3,2.5,2.9,290,950.1,1019.9,549.3,5,0.0,0.0,0.0,1.0,1.0,782.3,--
2025/9/4 15:45,24.1,62,26.8,51,15.9,27.2,4.7,4.7,240,950.0,1019.8,547.3,5,0.0,0.0,0.0,1.0,1.0,782.3,--
2025/9/4 15:46,24.1,62,26.9,53,16.5,27.4,4.0,4.0,273,949.9,1019.7,545.4,5,0.0,0.0,0.0,1.0,1.0,782.3,--
2025/9/4 15:47,24.1,62,26.9,49,15.3,27.2,0.0,3.6,73,949.8,1019.6,543.1,5,0.0,0.0,0.0,1.0,1.0,782.3,--
2025/9/4 15:48,24.1,61,26.8,48,14.9,27.1,6.5,6.5,109,950.0,1019.8,542.6,5,0.0,0.0,0.0,1.0,1.0,782.3,--
2025/9/4 15:49,24.1,61,26.4,51,15.5,26.4,2.2,7.2,138,949.9,1019.7,539.8,5,0.0,0.0,0.0,1.0,1.0,782.3,--
2025/9/4 15:50,24.2,61,26.3,51,15.4,26.3,6.8,7.6,114,949.9,1019.7,536.6,4,0.0,0.0,0.0,1.0,1.0,782.3,--
2025/9/4 15:51,24.2,61,26.1,50,14.9,26.1,7.2,7.2,106,949.9,1019.7,531.6,4,0.0,0.0,0.0,1.0,1.0,782.3,--
2025/9/4 15:52,24.2,61,25.9,50,14.7,25.9,3.6,4.7,122,950.0,1019.8,528.8,4,0.0,0.0,0.0,1.0,1.0,782.3,--
2025/9/4 15:53,24.2,61,25.8,51,14.9,25.8,5.0,6.5,290,949.9,1019.7,526.2,4,0.0,0.0,0.0,1.0,1.0,782.3,--
2025/9/4 15:54,24.3,61,26.0,54,16.0,26.0,0.0,3.6,263,950.0,1019.8,523.4,4,0.0,0.0,0.0,1.0,1.0,782.3,--
2025/9/4 15:55,24.2,61,26.3,56,16.8,26.3,0.0,1.8,313,949.9,1019.7,521.5,4,0.0,0.0,0.0,1.0,1.0,782.3,--
2025/9/4 15:56,24.3,61,26.5,51,15.6,26.5,4.0,7.6,120,949.9,1019.7,519.4,4,0.0,0.0,0.0,1.0,1.0,782.3,--
2025/9/4 15:57,24.3,61,26.6,54,16.5,26.6,1.8,1.8,253,950.0,1019.8,517.2,4,0.0,0.0,0.0,1.0,1.0,782.3,--
2025/9/4 15:58,24.3,61,26.9,53,16.5,27.4,3.2,3.6,279,950.0,1019.8,513.4,4,0.0,0.0,0.0,1.0,1.0,782.3,--
2025/9/4 15:59,24.3,61,26.8,52,16.2,27.3,2.2,3.6,292,950.0,1019.8,509.9,4,0.0,0.0,0.0,1.0,1.0,782.3,--
2025/9/4 16:00,24.2,61,26.7,49,15.1,27.1,0.0,4.7,124,950.0,1019.8,507.7,4,0.0,0.0,0.0,1.0,1.0,782.3,--
2025/9/4 16:01,24.2,61,26.8,53,16.4,27.3,1.8,2.2,174,949.9,1019.7,506.4,4,0.0,0.0,0.0,1.0,1.0,782.3,--
2025/9/4 16:02,24.3,60,26.7,48,14.8,27.0,2.9,5.4,149,949.9,1019.7,504.1,4,0.0,0.0,0.0,1.0,1.0,782.3,--
2025/9/4 16:03,24.2,60,26.6,49,15.0,26.6,4.7,4.7,316,949.9,1019.7,502.9,4,0.0,0.0,0.0,1.0,1.0,782.3,--
2025/9/4 16:04,24.2,60,26.6,49,15.0,26.6,0.0,2.2,269,950.0,1019.8,500.0,4,0.0,0.0,0.0,1.0,1.0,782.3,--
2025/9/4 16:05,24.3,60,26.8,48,14.9,27.1,0.0,0.0,269,950.0,1019.8,496.2,4,0.0,0.0,0.0,1.0,1.0,782.3,--
2025/9/4 16:06,24.2,60,27.0,54,16.9,27.7,3.2,3.6,294,950.0,1019.8,490.9,4,0.0,0.0,0.0,1.0,1.0,782.3,--
2025/9/4 16:07,24.2,60,27.1,48,15.2,27.4,1.8,4.0,267,949.9,1019.7,486.9,4,0.0,0.0,0.0,1.0,1.0,782.3,--
2025/9/4 16:08,24.2,60,27.1,49,15.5,27.4,0.0,4.7,94,950.0,1019.8,483.1,4,0.0,0.0,0.0,1.0,1.0,782.3,--
2025/9/4 16:09,24.2,60,27.2,48,15.3,27.5,0.0,1.8,116,950.1,1019.9,477.1,4,0.0,0.0,0.0,1.0,1.0,782.3,--
2025/9/4 16:10,24.2,60,27.2,48,15.3,27.5,3.6,3.6,248,949.9,1019.7,477.1,4,0.0,0.0,0.0,1.0,1.0,782.3,--
2025/9/4 16:11,24.2,60,27.2,47,14.9,27.4,6.5,6.5,122,949.9,1019.7,477.2,4,0.0,0.0,0.0,1.0,1.0,782.3,--
2025/9/4 16:12,24.2,60,26.8,48,14.9,27.1,2.2,4.3,143,950.0,1019.8,474.1,4,0.0,0.0,0.0,1.0,1.0,782.3,--
2025/9/4 16:13,24.2,60,26.7,48,14.8,27.0,7.9,8.3,120,950.0,1019.8,469.0,4,0.0,0.0,0.0,1.0,1.0,782.3,--
2025/9/4 16:14,24.2,60,26.5,49,15.0,26.5,6.8,6.8,120,950.0,1019.8,465.0,4,0.0,0.0,0.0,1.0,1.0,782.3,--
2025/9/4 16:15,24.2,60,26.2,50,15.0,26.2,0.0,4.7,139,949.9,1019.7,463.8,4,0.0,0.0,0.0,1.0,1.0,782.3,--
2025/9/4 16:16,24.2,60,26.2,50,15.0,26.2,0.0,7.9,154,949.8,1019.6,461.5,4,0.0,0.0,0.0,1.0,1.0,782.3,--
2025/9/4 16:17,24.2,60,26.3,49,14.8,26.3,4.0,4.7,123,950.1,1019.9,459.0,4,0.0,0.0,0.0,1.0,1.0,782.3,--
2025/9/4 16:18,24.3,60,26.3,48,14.4,26.3,5.4,6.8,115,950.1,1019.9,455.9,4,0.0,0.0,0.0,1.0,1.0,782.3,--
2025/9/4 16:19,24.2,60,26.1,47,13.9,26.1,2.5,3.2,275,949.9,1019.7,452.0,4,0.0,0.0,0.0,1.0,1.0,782.3,--
2025/9/4 16:20,24.2,60,26.3,48,14.4,26.3,3.6,3.6,121,950.0,1019.8,448.3,4,0.0,0.0,0.0,1.0,1.0,782.3,--
2025/9/4 16:21,24.2,60,26.4,50,15.2,26.4,0.0,1.8,27,949.9,1019.7,444.7,4,0.0,0.0,0.0,1.0,1.0,782.3,--
2025/9/4 16:22,24.2,60,26.6,52,16.0,26.6,3.2,3.6,285,950.0,1019.8,440.4,4,0.0,0.0,0.0,1.0,1.0,782.3,--
2025/9/4 16:23,24.2,60,26.7,49,15.1,27.1,4.7,5.4,254,950.0,1019.8,438.5,4,0.0,0.0,0.0,1.0,1.0,782.3,--
2025/9/4 16:24,24.2,60,26.5,48,14.6,26.5,4.7,4.7,274,949.9,1019.7,436.2,4,0.0,0.0,0.0,1.0,1.0,782.3,--
2025/9/4 16:25,24.2,60,26.3,49,14.8,26.3,2.5,4.0,299,949.9,1019.7,432.8,4,0.0,0.0,0.0,1.0,1.0,782.3,--
2025/9/4 16:26,24.2,60,26.4,48,14.5,26.4,1.8,1.8,353,949.9,1019.7,430.0,3,0.0,0.0,0.0,1.0,1.0,782.3,--
2025/9/4 16:27,24.3,60,26.5,49,15.0,26.5,2.2,3.6,279,950.0,1019.8,426.3,3,0.0,0.0,0.0,1.0,1.0,782.3,--
2025/9/4 16:28,24.3,60,26.4,52,15.8,26.4,1.8,2.9,251,949.9,1019.7,423.9,3,0.0,0.0,0.0,1.0,1.0,782.3,--
2025/9/4 16:29,24.2,60,26.6,50,15.3,26.6,0.0,2.9,225,949.9,1019.7,421.8,3,0.0,0.0,0.0,1.0,1.0,782.3,--
2025/9/4 16:30,24.2,60,26.9,49,15.3,27.2,4.0,4.0,212,949.9,1019.7,419.1,3,0.0,0.0,0.0,1.0,1.0,782.3,--
2025/9/4 16:31,24.3,60,27.0,49,15.4,27.3,4.7,5.0,304,949.8,1019.6,415.7,3,0.0,0.0,0.0,1.0,1.0,782.3,--
2025/9/4 16:32,24.2,60,26.8,49,15.2,27.1,0.0,2.2,240,949.9,1019.7,413.4,3,0.0,0.0,0.0,1.0,1.0,782.3,--
2025/9/4 16:33,24.2,60,27.0,48,15.1,27.3,6.8,6.8,298,949.9,1019.7,410.2,3,0.0,0.0,0.0,1.0,1.0,782.3,--
2025/9/4 16:34,24.2,60,26.5,48,14.6,26.5,4.3,5.8,264,949.9,1019.7,407.8,3,0.0,0.0,0.0,1.0,1.0,782.3,--
2025/9/4 16:35,24.2,61,26.4,49,14.9,26.4,0.0,2.5,297,949.8,1019.6,403.7,3,0.0,0.0,0.0,1.0,1.0,782.3,--
2025/9/4 16:36,24.2,61,26.6,48,14.7,26.6,2.9,3.2,301,950.0,1019.8,399.8,3,0.0,0.0,0.0,1.0,1.0,782.3,--
2025/9/4 16:37,24.1,61,26.4,56,16.9,26.4,1.8,5.4,242,949.9,1019.7,397.3,3,0.0,0.0,0.0,1.0,1.0,782.3,--
2025/9/4 16:38,24.1,61,26.6,47,14.4,26.6,3.2,3.6,324,949.8,1019.6,394.4,3,0.0,0.0,0.0,1.0,1.0,782.3,--
2025/9/4 16:39,24.2,61,26.6,49,15.0,26.6,0.0,1.8,311,950.0,1019.8,390.8,3,0.0,0.0,0.0,1.0,1.0,782.3,--
2025/9/4 16:40,24.2,60,26.7,49,15.1,27.1,2.5,3.2,282,949.8,1019.6,387.7,3,0.0,0.0,0.0,1.0,1.0,782.3,--
2025/9/4 16:41,24.2,60,26.8,50,15.5,27.2,3.6,3.6,255,949.9,1019.7,384.8,3,0.0,0.0,0.0,1.0,1.0,782.3,--
2025/9/4 16:42,24.2,60,26.9,47,14.6,27.1,0.0,1.8,240,949.8,1019.6,381.6,3,0.0,0.0,0.0,1.0,1.0,782.3,--
2025/9/4 16:43,24.2,60,27.2,47,14.9,27.4,0.0,1.8,154,949.8,1019.6,380.9,3,0.0,0.0,0.0,1.0,1.0,782.3,--
2025/9/4 16:44,24.3,60,27.4,48,15.5,27.6,0.0,0.0,214,949.9,1019.7,376.0,3,0.0,0.0,0.0,1.0,1.0,782.3,--
2025/9/4 16:45,24.3,60,27.7,47,15.4,27.9,1.8,2.2,127,949.8,1019.6,372.5,3,0.0,0.0,0.0,1.0,1.0,782.3,--
2025/9/4 16:46,24.3,60,27.7,47,15.4,27.9,3.2,5.0,238,949.8,1019.6,370.3,3,0.0,0.0,0.0,1.0,1.0,782.3,--
2025/9/4 16:47,24.3,60,27.4,50,16.1,27.8,2.9,4.0,269,949.8,1019.6,366.7,3,0.0,0.0,0.0,1.0,1.0,782.3,--
2025/9/4 16:48,24.3,60,27.3,49,15.7,27.6,2.2,3.6,304,949.9,1019.7,364.0,3,0.0,0.0,0.0,1.0,1.0,782.3,--
2025/9/4 16:49,24.3,60,27.1,49,15.5,27.4,2.5,3.2,323,949.8,1019.6,360.7,3,0.0,0.0,0.0,1.0,1.0,782.3,--
2025/9/4 16:50,24.3,60,27.1,47,14.8,27.3,0.0,0.0,309,949.9,1019.7,356.9,3,0.0,0.0,0.0,1.0,1.0,782.3,--
2025/9/4 16:51,24.3,60,27.1,47,14.8,27.3,3.6,4.3,123,949.9,1019.7,354.1,3,0.0,0.0,0.0,1.0,1.0,782.3,--
2025/9/4 16:52,24.3,60,26.9,48,15.0,27.2,1.8,2.2,74,949.9,1019.7,351.0,3,0.0,0.0,0.0,1.0,1.0,782.3,--
2025/9/4 16:53,24.3,59,27.0,51,16.0,27.4,2.2,2.2,235,949.9,1019.7,348.3,3,0.0,0.0,0.0,1.0,1.0,782.3,--
2025/9/4 16:54,24.3,59,27.3,50,16.0,27.7,0.0,2.2,256,949.7,1019.5,345.2,3,0.0,0.0,0.0,1.0,1.0,782.3,--
2025/9/4 16:55,24.3,60,27.3,46,14.7,27.4,2.2,2.9,220,949.7,1019.5,340.8,3,0.0,0.0,0.0,1.0,1.0,782.3,--
2025/9/4 16:56,24.3,59,27.2,46,14.6,27.3,3.6,4.0,256,949.9,1019.7,338.0,3,0.0,0.0,0.0,1.0,1.0,782.3,--
2025/9/4 16:57,24.3,59,27.3,47,15.0,27.4,2.2,3.2,335,949.8,1019.6,334.4,3,0.0,0.0,0.0,1.0,1.0,782.3,--
2025/9/4 16:58,24.3,59,27.2,51,16.2,27.7,0.0,1.8,269,949.9,1019.7,330.5,3,0.0,0.0,0.0,1.0,1.0,782.3,--
2025/9/4 16:59,24.3,59,27.3,46,14.7,27.4,3.2,3.2,336,949.9,1019.7,328.0,3,0.0,0.0,0.0,1.0,1.0,782.3,--
2025/9/4 17:00,24.3,59,27.3,47,15.0,27.4,4.7,5.4,331,949.9,1019.7,324.4,3,0.0,0.0,0.0,1.0,1.0,782.3,--
2025/9/4 17:01,24.3,59,26.8,46,14.2,26.9,2.2,3.6,340,949.9,1019.7,320.6,2,0.0,0.0,0.0,1.0,1.0,782.3,--
2025/9/4 17:02,24.3,59,26.6,47,14.4,26.6,2.9,3.2,279,949.9,1019.7,317.8,2,0.0,0.0,0.0,1.0,1.0,782.3,--
2025/9/4 17:03,24.3,59,26.7,49,15.1,27.1,1.8,3.2,335,949.9,1019.7,315.6,2,0.0,0.0,0.0,1.0,1.0,782.3,--
2025/9/4 17:04,24.4,59,26.7,48,14.8,27.0,1.8,2.2,353,949.8,1019.6,311.7,2,0.0,0.0,0.0,1.0,1.0,782.3,--
2025/9/4 17:05,24.3,59,26.9,52,16.2,27.4,2.2,3.2,47,949.8,1019.6,307.7,2,0.0,0.0,0.0,1.0,1.0,782.3,--
2025/9/4 17:06,24.3,59,26.9,48,15.0,27.2,2.2,4.0,255,949.9,1019.7,304.4,2,0.0,0.0,0.0,1.0,1.0,782.3,--
2025/9/4 17:07,24.3,59,27.1,54,17.0,27.8,2.5,2.5,246,949.8,1019.6,300.7,2,0.0,0.0,0.0,1.0,1.0,782.3,--
2025/9/4 17:08,24.3,59,27.1,45,14.2,27.2,4.0,4.7,125,950.0,1019.8,297.0,2,0.0,0.0,0.0,1.0,1.0,782.3,--
2025/9/4 17:09,24.3,59,26.7,49,15.1,27.1,0.0,0.0,244,949.8,1019.6,293.3,2,0.0,0.0,0.0,1.0,1.0,782.3,--
2025/9/4 17:10,24.3,59,26.8,49,15.2,27.1,0.0,2.2,256,950.0,1019.8,290.2,2,0.0,0.0,0.0,1.0,1.0,782.3,--
2025/9/4 17:11,24.3,59,27.0,47,14.7,27.2,0.0,2.9,321,949.8,1019.6,286.8,2,0.0,0.0,0.0,1.0,1.0,782.3,--
2025/9/4 17:12,24.3,59,27.1,46,14.5,27.3,1.8,2.2,236,949.8,1019.6,283.1,2,0.0,0.0,0.0,1.0,1.0,782.3,--
2025/9/4 17:13,24.3,59,27.4,45,14.5,27.4,0.0,1.8,163,950.0,1019.8,280.3,2,0.0,0.0,0.0,1.0,1.0,782.3,--
2025/9/4 17:14,24.3,59,27.4,45,14.5,27.4,8.3,8.3,117,949.7,1019.5,276.7,2,0.0,0.0,0.0,1.0,1.0,782.3,--
2025/9/4 17:15,24.3,59,26.7,46,14.2,26.9,4.0,4.0,125,949.7,1019.5,273.4,2,0.0,0.0,0.0,1.0,1.0,782.3,--
2025/9/4 17:16,24.3,59,26.6,46,14.1,26.6,5.0,5.0,114,949.7,1019.5,272.3,2,0.0,0.0,0.0,1.0,1.0,782.3,--
2025/9/4 17:17,24.3,59,26.3,47,14.1,26.3,2.9,4.7,155,949.8,1019.6,268.9,2,0.0,0.0,0.0,1.0,1.0,782.3,--
2025/9/4 17:18,24.3,59,26.3,50,15.1,26.3,2.2,2.5,248,949.8,1019.6,266.2,2,0.0,0.0,0.0,1.0,1.0,782.3,--
2025/9/4 17:19,24.3,59,26.4,49,14.9,26.4,1.8,2.2,242,949.9,1019.7,262.8,2,0.0,0.0,0.0,1.0,1.0,782.3,--
2025/9/4 17:20,24.3,59,26.6,51,15.7,26.6,0.0,1.8,276,949.8,1019.6,259.2,2,0.0,0.0,0.0,1.0,1.0,782.3,--
2025/9/4 17:21,24.3,59,26.7,47,14.5,26.9,5.0,5.4,115,949.9,1019.7,256.0,2,0.0,0.0,0.0,1.0,1.0,782.3,--
2025/9/4 17:22,24.3,59,26.5,46,14.0,26.5,1.8,3.2,123,949.9,1019.7,252.0,2,0.0,0.0,0.0,1.0,1.0,782.3,--
2025/9/4 17:23,24.3,59,26.6,48,14.7,26.6,2.5,2.5,98,949.9,1019.7,247.7,2,0.0,0.0,0.0,1.0,1.0,782.3,--
2025/9/4 17:24,24.3,59,26.5,48,14.6,26.5,2.2,4.0,153,949.9,1019.7,244.1,2,0.0,0.0,0.0,1.0,1.0,782.3,--
2025/9/4 17:25,24.2,59,26.3,48,14.4,26.3,5.4,5.4,118,949.8,1019.6,240.1,2,0.0,0.0,0.0,1.0,1.0,782.3,--
2025/9/4 17:26,24.2,59,26.2,48,14.4,26.2,5.0,6.5,119,949.8,1019.6,238.2,2,0.0,0.0,0.0,1.0,1.0,782.3,--
2025/9/4 17:27,24.2,59,25.9,48,14.1,25.9,2.9,4.0,126,950.0,1019.8,235.9,2,0.0,0.0,0.0,1.0,1.0,782.3,--
2025/9/4 17:28,24.2,59,26.0,48,14.2,26.0,0.0,0.0,89,949.9,1019.7,232.3,2,0.0,0.0,0.0,1.0,1.0,782.3,--
2025/9/4 17:29,24.2,59,26.2,48,14.4,26.2,3.2,3.2,107,950.0,1019.8,228.6,2,0.0,0.0,0.0,1.0,1.0,782.3,--
2025/9/4 17:30,24.2,59,26.1,47,13.9,26.1,4.0,4.7,108,950.1,1019.9,225.0,2,0.0,0.0,0.0,1.0,1.0,782.3,--
2025/9/4 17:31,24.2,59,25.9,46,13.4,25.9,4.0,4.7,122,949.9,1019.7,221.6,2,0.0,0.0,0.0,1.0,1.0,782.3,--
2025/9/4 17:32,24.2,59,25.8,47,13.6,25.8,2.5,2.5,118,949.9,1019.7,217.9,2,0.0,0.0,0.0,1.0,1.0,782.3,--
2025/9/4 17:33,24.2,59,25.8,47,13.6,25.8,2.2,4.3,110,949.9,1019.7,214.1,1,0.0,0.0,0.0,1.0,1.0,782.3,--
2025/9/4 17:34,24.2,59,25.8,47,13.6,25.8,2.2,3.6,122,949.9,1019.7,210.9,1,0.0,0.0,0.0,1.0,1.0,782.3,--
2025/9/4 17:35,24.2,59,25.8,47,13.6,25.8,2.5,2.9,145,949.9,1019.7,205.8,1,0.0,0.0,0.0,1.0,1.0,782.3,--
2025/9/4 17:36,24.2,59,25.7,52,15.1,25.7,0.0,2.5,229,950.1,1019.9,202.1,1,0.0,0.0,0.0,1.0,1.0,782.3,--
2025/9/4 17:37,24.1,59,26.0,50,14.8,26.0,0.0,1.8,255,949.9,1019.7,197.6,1,0.0,0.0,0.0,1.0,1.0,782.3,--
2025/9/4 17:38,24.1,59,26.3,47,14.1,26.3,0.0,0.0,94,949.7,1019.5,192.9,1,0.0,0.0,0.0,1.0,1.0,782.3,--
2025/9/4 17:39,24.2,59,26.4,51,15.5,26.4,0.0,1.8,242,949.9,1019.7,189.1,1,0.0,0.0,0.0,1.0,1.0,782.3,--
2025/9/4 17:40,24.1,59,26.4,50,15.2,26.4,1.8,2.5,265,949.9,1019.7,184.3,1,0.0,0.0,0.0,1.0,1.0,782.3,--
2025/9/4 17:41,24.1,59,26.2,50,15.0,26.2,2.2,2.9,242,949.9,1019.7,180.4,1,0.0,0.0,0.0,1.0,1.0,782.3,--
2025/9/4 17:42,24.1,59,26.0,51,15.1,26.0,0.0,0.0,131,949.9,1019.7,176.6,1,0.0,0.0,0.0,1.0,1.0,782.3,--
2025/9/4 17:43,24.1,59,26.2,52,15.6,26.2,0.0,0.0,254,949.8,1019.6,173.0,1,0.0,0.0,0.0,1.0,1.0,782.3,--
2025/9/4 17:44,24.1,59,26.3,52,15.7,26.3,0.0,1.8,224,949.8,1019.6,169.4,1,0.0,0.0,0.0,1.0,1.0,782.3,--
2025/9/4 17:45,24.1,59,26.3,50,15.1,26.3,3.2,3.2,212,950.0,1019.8,166.1,1,0.0,0.0,0.0,1.0,1.0,782.3,--
2025/9/4 17:46,24.1,59,26.3,50,15.1,26.3,0.0,0.0,284,950.1,1019.9,162.9,1,0.0,0.0,0.0,1.0,1.0,782.3,--
2025/9/4 17:47,24.1,59,26.6,48,14.7,26.6,0.0,0.0,284,949.9,1019.7,159.1,1,0.0,0.0,0.0,1.0,1.0,782.3,--
2025/9/4 17:48,24.1,59,26.8,50,15.5,27.2,1.8,1.8,269,949.9,1019.7,155.3,1,0.0,0.0,0.0,1.0,1.0,782.3,--
2025/9/4 17:49,24.1,59,26.6,50,15.3,26.6,0.0,0.0,235,950.1,1019.9,151.5,1,0.0,0.0,0.0,1.0,1.0,782.3,--
2025/9/4 17:50,24.1,59,26.5,51,15.6,26.5,0.0,1.8,255,949.8,1019.6,122.5,1,0.0,0.0,0.0,1.0,1.0,782.3,--
2025/9/4 17:51,24.1,59,26.4,52,15.8,26.4,0.0,0.0,246,950.1,1019.9,74.8,0,0.0,0.0,0.0,1.0,1.0,782.3,--
2025/9/4 17:52,24.1,59,26.2,49,14.7,26.2,0.0,0.0,89,950.0,1019.8,54.5,0,0.0,0.0,0.0,1.0,1.0,782.3,--
2025/9/4 17:53,24.0,59,25.9,52,15.3,25.9,1.8,2.5,247,949.9,1019.7,55.8,0,0.0,0.0,0.0,1.0,1.0,782.3,--
2025/9/4 17:54,24.0,59,25.5,55,15.8,25.5,0.0,0.0,227,949.9,1019.7,56.0,0,0.0,0.0,0.0,1.0,1.0,782.3,--
2025/9/4 17:55,24.0,59,25.1,54,15.2,25.1,0.0,2.2,156,950.0,1019.8,52.1,0,0.0,0.0,0.0,1.0,1.0,782.3,--
2025/9/4 17:56,24.0,59,25.0,54,15.1,25.0,1.8,2.2,254,950.0,1019.8,49.9,0,0.0,0.0,0.0,1.0,1.0,782.3,--
2025/9/4 17:57,24.0,59,24.8,55,15.2,24.8,0.0,2.5,269,949.9,1019.7,50.4,0,0.0,0.0,0.0,1.0,1.0,782.3,--
2025/9/4 17:58,24.0,59,24.5,56,15.2,24.5,0.0,0.0,230,949.9,1019.7,48.9,0,0.0,0.0,0.0,1.0,1.0,782.3,--
2025/9/4 17:59,24.0,59,24.4,57,15.4,24.4,0.0,0.0,269,950.0,1019.8,48.5,0,0.0,0.0,0.0,1.0,1.0,782.3,--
2025/9/4 18:00,24.0,59,24.2,58,15.4,24.2,0.0,0.0,269,949.9,1019.7,48.3,0,0.0,0.0,0.0,1.0,1.0,782.3,--
2025/9/4 18:01,24.0,59,24.0,59,15.5,24.0,0.0,0.0,269,949.9,1019.7,48.0,0,0.0,0.0,0.0,1.0,1.0,782.3,--
2025/9/4 18:02,24.0,59,23.9,57,14.9,23.9,0.0,0.0,269,950.1,1019.9,47.7,0,0.0,0.0,0.0,1.0,1.0,782.3,--
2025/9/4 18:03,24.0,59,23.7,59,15.2,23.7,0.0,0.0,205,950.1,1019.9,47.4,0,0.0,0.0,0.0,1.0,1.0,782.3,--
2025/9/4 18:04,24.0,59,23.5,60,15.3,23.5,0.0,0.0,217,950.0,1019.8,47.1,0,0.0,0.0,0.0,1.0,1.0,782.3,--
2025/9/4 18:05,24.0,59,23.4,59,15.0,23.4,0.0,0.0,269,949.9,1019.7,46.7,0,0.0,0.0,0.0,1.0,1.0,782.3,--
2025/9/4 18:06,24.0,59,23.4,59,15.0,23.4,0.0,0.0,269,949.9,1019.7,46.2,0,0.0,0.0,0.0,1.0,1.0,782.3,--
2025/9/4 18:07,24.0,59,23.3,61,15.4,23.3,0.0,0.0,269,949.9,1019.7,45.8,0,0.0,0.0,0.0,1.0,1.0,782.3,--
2025/9/4 18:08,23.9,59,23.2,61,15.3,23.2,0.0,0.0,269,950.0,1019.8,45.4,0,0.0,0.0,0.0,1.0,1.0,782.3,--
2025/9/4 18:09,23.9,59,23.2,61,15.3,23.2,0.0,0.0,257,950.1,1019.9,44.9,0,0.0,0.0,0.0,1.0,1.0,782.3,--
2025/9/4 18:10,23.9,59,23.1,61,15.2,23.1,0.0,0.0,205,949.8,1019.6,44.5,0,0.0,0.0,0.0,1.0,1.0,782.3,--
2025/9/4 18:11,23.9,59,23.1,60,14.9,23.1,0.0,0.0,205,950.1,1019.9,44.1,0,0.0,0.0,0.0,1.0,1.0,782.3,--
2025/9/4 18:12,23.9,59,23.1,62,15.4,23.1,0.0,0.0,205,950.0,1019.8,43.8,0,0.0,0.0,0.0,1.0,1.0,782.3,--
2025/9/4 18:13,23.9,59,23.1,62,15.4,23.1,0.0,0.0,205,950.0,1019.8,43.3,0,0.0,0.0,0.0,1.0,1.0,782.3,--
2025/9/4 18:14,23.9,60,23.1,61,15.2,23.1,0.0,0.0,205,950.0,1019.8,43.0,0,0.0,0.0,0.0,1.0,1.0,782.3,--
2025/9/4 18:15,23.9,59,23.0,62,15.3,23.0,0.0,0.0,205,949.7,1019.5,42.7,0,0.0,0.0,0.0,1.0,1.0,782.3,--
2025/9/4 18:16,23.9,59,23.0,63,15.6,23.0,0.0,0.0,205,950.0,1019.8,42.5,0,0.0,0.0,0.0,1.0,1.0,782.3,--
2025/9/4 18:17,23.9,60,22.9,62,15.2,22.9,0.0,0.0,227,950.0,1019.8,42.3,0,0.0,0.0,0.0,1.0,1.0,782.3,--
2025/9/4 18:18,23.9,59,22.8,63,15.4,22.8,0.0,0.0,240,949.9,1019.7,42.1,0,0.0,0.0,0.0,1.0,1.0,782.3,--
2025/9/4 18:19,23.9,59,22.8,61,14.9,22.8,0.0,2.2,82,949.9,1019.7,41.9,0,0.0,0.0,0.0,1.0,1.0,782.3,--
2025/9/4 18:20,23.9,60,22.7,64,15.6,22.7,0.0,0.0,219,949.8,1019.6,41.9,0,0.0,0.0,0.0,1.0,1.0,782.3,--
2025/9/4 18:21,23.9,59,22.7,62,15.0,22.7,0.0,0.0,217,950.0,1019.8,41.9,0,0.0,0.0,0.0,1.0,1.0,782.3,--
2025/9/4 18:22,23.9,59,22.6,62,15.0,22.6,0.0,0.0,217,950.1,1019.9,41.5,0,0.0,0.0,0.0,1.0,1.0,782.3,--
2025/9/4 18:23,23.9,60,22.6,63,15.2,22.6,0.0,0.0,217,949.9,1019.7,41.2,0,0.0,0.0,0.0,1.0,1.0,782.3,--
2025/9/4 18:24,23.9,60,22.6,63,15.2,22.6,0.0,0.0,217,949.9,1019.7,41.0,0,0.0,0.0,0.0,1.0,1.0,782.3,--
2025/9/4 18:25,23.9,59,22.6,63,15.2,22.6,0.0,0.0,217,950.0,1019.8,40.9,0,0.0,0.0,0.0,1.0,1.0,782.3,--
2025/9/4 18:26,23.9,60,22.6,62,15.0,22.6,0.0,0.0,217,949.9,1019.7,40.8,0,0.0,0.0,0.0,1.0,1.0,782.3,--
2025/9/4 18:27,23.9,59,22.5,64,15.4,22.5,0.0,0.0,235,949.9,1019.7,41.0,0,0.0,0.0,0.0,1.0,1.0,782.3,--
2025/9/4 18:28,23.9,59,22.5,64,15.4,22.5,0.0,0.0,235,949.9,1019.7,41.2,0,0.0,0.0,0.0,1.0,1.0,782.3,--
2025/9/4 18:29,23.9,60,22.5,63,15.1,22.5,0.0,0.0,235,950.1,1019.9,41.2,0,0.0,0.0,0.0,1.0,1.0,782.3,--
2025/9/4 18:30,24.0,60,22.4,65,15.5,22.4,0.0,0.0,235,950.0,1019.8,41.2,0,0.0,0.0,0.0,1.0,1.0,782.3,--
2025/9/4 18:31,23.9,59,22.4,64,15.3,22.4,0.0,0.0,235,949.9,1019.7,41.2,0,0.0,0.0,0.0,1.0,1.0,782.3,--
2025/9/4 18:32,23.9,59,22.3,64,15.2,22.3,0.0,0.0,235,950.0,1019.8,41.0,0,0.0,0.0,0.0,1.0,1.0,782.3,--
2025/9/4 18:33,23.9,59,22.2,64,15.1,22.2,0.0,0.0,217,950.1,1019.9,40.7,0,0.0,0.0,0.0,1.0,1.0,782.3,--
2025/9/4 18:34,23.9,59,22.1,64,15.0,22.1,0.0,0.0,217,950.0,1019.8,40.4,0,0.0,0.0,0.0,1.0,1.0,782.3,--
2025/9/4 18:35,23.9,59,22.0,64,14.9,22.0,0.0,0.0,326,950.0,1019.8,40.0,0,0.0,0.0,0.0,1.0,1.0,782.3,--
2025/9/4 18:36,23.9,60,22.0,64,14.9,22.0,0.0,0.0,235,950.1,1019.9,39.4,0,0.0,0.0,0.0,1.0,1.0,782.3,--
2025/9/4 18:37,23.9,60,22.0,64,14.9,22.0,0.0,0.0,247,950.0,1019.8,39.0,0,0.0,0.0,0.0,1.0,1.0,782.3,--
2025/9/4 18:38,23.9,60,22.0,66,15.4,22.0,0.0,0.0,135,950.1,1019.9,38.5,0,0.0,0.0,0.0,1.0,1.0,782.3,--
2025/9/4 18:39,23.9,59,22.0,65,15.1,22.0,0.0,0.0,269,949.9,1019.7,37.9,0,0.0,0.0,0.0,1.0,1.0,782.3,--
2025/9/4 18:40,23.9,60,22.0,66,15.4,22.0,1.8,1.8,294,950.0,1019.8,37.4,0,0.0,0.0,0.0,1.0,1.0,782.3,--
2025/9/4 18:41,23.9,60,22.0,68,15.8,22.0,0.0,0.0,142,950.0,1019.8,36.8,0,0.0,0.0,0.0,1.0,1.0,782.3,--
2025/9/4 18:42,23.9,60,22.0,67,15.6,22.0,2.5,2.5,245,950.0,1019.8,36.2,0,0.0,0.0,0.0,1.0,1.0,782.3,--
2025/9/4 18:43,23.9,60,22.0,70,16.3,22.0,0.0,0.0,246,950.2,1020.0,35.5,0,0.0,0.0,0.0,1.0,1.0,782.3,--
2025/9/4 18:44,23.9,60,22.0,70,16.3,22.0,0.0,0.0,66,950.0,1019.8,34.8,0,0.0,0.0,0.0,1.0,1.0,782.3,--
2025/9/4 18:45,23.9,59,22.0,70,16.3,22.0,0.0,0.0,66,950.0,1019.8,34.2,0,0.0,0.0,0.0,1.0,1.0,782.3,--
2025/9/4 18:46,23.9,59,22.0,69,16.1,22.0,0.0,0.0,209,950.2,1020.0,33.5,0,0.0,0.0,0.0,1.0,1.0,782.3,--
2025/9/4 18:47,23.9,59,22.0,69,16.1,22.0,0.0,0.0,209,950.0,1019.8,32.9,0,0.0,0.0,0.0,1.0,1.0,782.3,--
2025/9/4 18:48,23.9,60,22.0,70,16.3,22.0,0.0,0.0,227,949.9,1019.7,32.4,0,0.0,0.0,0.0,1.0,1.0,782.3,--
2025/9/4 18:49,23.9,60,21.9,70,16.2,21.9,0.0,0.0,217,950.0,1019.8,31.9,0,0.0,0.0,0.0,1.0,1.0,782.3,--
2025/9/4 18:50,23.9,60,21.9,71,16.4,21.9,0.0,0.0,217,950.1,1019.9,31.4,0,0.0,0.0,0.0,1.0,1.0,782.3,--
2025/9/4 18:51,23.9,60,21.9,71,16.4,21.9,0.0,0.0,217,950.1,1019.9,30.7,0,0.0,0.0,0.0,1.0,1.0,782.3,--
2025/9/4 18:52,23.9,60,21.9,71,16.4,21.9,0.0,0.0,217,950.1,1019.9,30.0,0,0.0,0.0,0.0,1.0,1.0,782.3,--
2025/9/4 18:53,23.9,60,21.9,72,16.6,21.9,0.0,0.0,217,950.0,1019.8,29.4,0,0.0,0.0,0.0,1.0,1.0,782.3,--
2025/9/4 18:54,23.9,60,21.8,72,16.5,21.8,4.3,4.3,103,950.1,1019.9,28.6,0,0.0,0.0,0.0,1.0,1.0,782.3,--
2025/9/4 18:55,23.9,60,22.1,73,17.0,22.1,0.0,2.2,147,949.8,1019.6,27.9,0,0.0,0.0,0.0,1.0,1.0,782.3,--
2025/9/4 18:56,23.9,60,22.0,73,17.0,22.0,0.0,0.0,242,950.1,1019.9,27.2,0,0.0,0.0,0.0,1.0,1.0,782.3,--
2025/9/4 18:57,23.9,60,22.0,73,17.0,22.0,0.0,0.0,242,950.0,1019.8,26.4,0,0.0,0.0,0.0,1.0,1.0,782.3,--
2025/9/4 18:58,23.9,60,22.0,73,17.0,22.0,0.0,0.0,242,950.0,1019.8,25.6,0,0.0,0.0,0.0,1.0,1.0,782.3,--
2025/9/4 18:59,23.9,60,21.9,73,16.9,21.9,0.0,0.0,242,950.1,1019.9,25.0,0,0.0,0.0,0.0,1.0,1.0,782.3,--
2025/9/4 19:00,23.9,60,21.9,74,17.1,21.9,0.0,0.0,242,950.1,1019.9,24.2,0,0.0,0.0,0.0,1.0,1.0,782.3,--
2025/9/4 19:01,23.9,60,21.8,74,17.0,21.8,0.0,0.0,242,950.0,1019.8,23.6,0,0.0,0.0,0.0,1.0,1.0,782.3,--
2025/9/4 19:02,23.9,60,21.7,75,17.1,21.7,0.0,0.0,242,950.0,1019.8,22.9,0,0.0,0.0,0.0,1.0,1.0,782.3,--
2025/9/4 19:03,23.9,60,21.7,75,17.1,21.7,0.0,0.0,242,950.2,1020.0,22.4,0,0.0,0.0,0.0,1.0,1.0,782.3,--
2025/9/4 19:04,23.9,60,21.7,75,17.1,21.7,0.0,0.0,242,950.2,1020.0,21.7,0,0.0,0.0,0.0,1.0,1.0,782.3,--
2025/9/4 19:05,23.9,60,21.6,75,17.0,21.6,0.0,0.0,242,950.1,1019.9,21.1,0,0.0,0.0,0.0,1.0,1.0,782.3,--
2025/9/4 19:06,23.9,60,21.6,76,17.2,21.6,0.0,0.0,283,950.0,1019.8,20.5,0,0.0,0.0,0.0,1.0,1.0,782.3,--
2025/9/4 19:07,23.9,60,21.5,76,17.1,21.5,0.0,0.0,315,950.0,1019.8,19.8,0,0.0,0.0,0.0,1.0,1.0,782.3,--
2025/9/4 19:08,23.9,60,21.4,77,17.2,21.4,0.0,0.0,322,950.1,1019.9,19.1,0,0.0,0.0,0.0,1.0,1.0,782.3,--
2025/9/4 19:09,23.9,60,21.4,78,17.4,21.4,0.0,0.0,322,950.1,1019.9,18.4,0,0.0,0.0,0.0,1.0,1.0,782.3,--
2025/9/4 19:10,23.9,60,21.3,77,17.1,21.3,0.0,0.0,322,950.1,1019.9,17.6,0,0.0,0.0,0.0,1.0,1.0,782.3,--
2025/9/4 19:11,23.9,60,21.3,78,17.3,21.3,0.0,0.0,322,950.1,1019.9,16.8,0,0.0,0.0,0.0,1.0,1.0,782.3,--
2025/9/4 19:12,23.9,60,21.2,78,17.2,21.2,0.0,0.0,322,950.2,1020.0,16.1,0,0.0,0.0,0.0,1.0,1.0,782.3,--
2025/9/4 19:13,23.9,60,21.2,80,17.6,21.2,2.5,2.5,333,950.2,1020.0,15.3,0,0.0,0.0,0.0,1.0,1.0,782.3,--
2025/9/4 19:14,23.9,59,21.2,80,17.6,21.2,0.0,2.2,339,950.1,1019.9,14.6,0,0.0,0.0,0.0,1.0,1.0,782.3,--
2025/9/4 19:15,23.9,60,21.2,80,17.6,21.2,0.0,2.2,269,950.2,1020.0,13.9,0,0.0,0.0,0.0,1.0,1.0,782.3,--
2025/9/4 19:16,23.9,60,21.1,78,17.1,21.1,0.0,0.0,269,950.2,1020.0,13.2,0,0.0,0.0,0.0,1.0,1.0,782.3,--
2025/9/4 19:17,23.9,60,21.0,77,16.8,21.0,0.0,0.0,246,950.2,1020.0,12.5,0,0.0,0.0,0.0,1.0,1.0,782.3,--
2025/9/4 19:18,23.9,60,21.0,76,16.6,21.0,0.0,1.8,332,950.1,1019.9,11.8,0,0.0,0.0,0.0,1.0,1.0,782.3,--
2025/9/4 19:19,23.9,60,21.0,74,16.2,21.0,2.2,2.2,343,950.1,1019.9,10.9,0,0.0,0.0,0.0,1.0,1.0,782.3,--
2025/9/4 19:20,23.9,60,21.1,75,16.5,21.1,2.2,2.5,23,950.3,1020.1,10.1,0,0.0,0.0,0.0,1.0,1.0,782.3,--
2025/9/4 19:21,23.9,60,21.1,74,16.3,21.1,0.0,1.8,308,950.2,1020.0,9.4,0,0.0,0.0,0.0,1.0,1.0,782.3,--
2025/9/4 19:22,23.9,60,21.2,75,16.6,21.2,4.0,4.0,349,950.2,1020.0,8.9,0,0.0,0.0,0.0,1.0,1.0,782.3,--
2025/9/4 19:23,23.9,60,21.2,74,16.4,21.2,2.2,4.0,52,950.2,1020.0,8.5,0,0.0,0.0,0.0,1.0,1.0,782.3,--
2025/9/4 19:24,23.9,60,21.2,75,16.6,21.2,0.0,1.8,62,950.2,1020.0,7.8,0,0.0,0.0,0.0,1.0,1.0,782.3,--
2025/9/4 19:25,23.9,60,21.1,75,16.5,21.1,0.0,0.0,269,950.3,1020.1,7.4,0,0.0,0.0,0.0,1.0,1.0,782.3,--
2025/9/4 19:26,24.0,60,21.0,76,16.6,21.0,0.0,0.0,293,950.3,1020.1,6.8,0,0.0,0.0,0.0,1.0,1.0,782.3,--
2025/9/4 19:27,24.0,60,20.9,76,16.5,20.9,0.0,0.0,290,950.3,1020.1,6.3,0,0.0,0.0,0.0,1.0,1.0,782.3,--
2025/9/4 19:28,24.0,59,20.8,75,16.2,20.8,0.0,2.5,4,950.2,1020.0,5.8,0,0.0,0.0,0.0,1.0,1.0,782.3,--
2025/9/4 19:29,24.0,60,20.8,75,16.2,20.8,0.0,1.8,255,950.1,1019.9,5.3,0,0.0,0.0,0.0,1.0,1.0,782.3,--
2025/9/4 19:30,24.0,60,20.7,75,16.1,20.7,2.9,2.9,273,950.3,1020.1,4.8,0,0.0,0.0,0.0,1.0,1.0,782.3,--
2025/9/4 19:31,24.0,60,20.7,77,16.5,20.7,0.0,0.0,299,950.2,1020.0,4.4,0,0.0,0.0,0.0,1.0,1.0,782.3,--
2025/9/4 19:32,24.0,60,20.6,76,16.2,20.6,0.0,1.8,329,950.2,1020.0,4.0,0,0.0,0.0,0.0,1.0,1.0,782.3,--
2025/9/4 19:33,24.0,60,20.6,77,16.4,20.6,2.2,2.5,318,950.0,1019.8,3.6,0,0.0,0.0,0.0,1.0,1.0,782.3,--
2025/9/4 19:34,24.0,60,20.5,77,16.3,20.5,0.0,1.8,307,950.1,1019.9,3.3,0,0.0,0.0,0.0,1.0,1.0,782.3,--
2025/9/4 19:35,23.9,60,20.4,77,16.2,20.4,0.0,1.8,322,950.3,1020.1,2.9,0,0.0,0.0,0.0,1.0,1.0,782.3,--
2025/9/4 19:36,24.0,60,20.3,78,16.4,20.3,0.0,2.2,294,950.3,1020.1,2.6,0,0.0,0.0,0.0,1.0,1.0,782.3,--
2025/9/4 19:37,23.9,60,20.2,78,16.3,20.2,0.0,1.8,320,950.3,1020.1,2.2,0,0.0,0.0,0.0,1.0,1.0,782.3,--
2025/9/4 19:38,23.9,60,20.2,78,16.3,20.2,1.8,2.2,345,950.1,1019.9,2.0,0,0.0,0.0,0.0,1.0,1.0,782.3,--
2025/9/4 19:39,24.0,60,20.1,79,16.4,20.1,2.2,2.2,346,950.3,1020.1,1.8,0,0.0,0.0,0.0,1.0,1.0,782.3,--
2025/9/4 19:40,24.0,61,20.1,79,16.4,20.1,0.0,1.8,291,950.1,1019.9,1.5,0,0.0,0.0,0.0,1.0,1.0,782.3,--
2025/9/4 19:41,23.9,61,20.0,79,16.3,20.0,0.0,0.0,269,950.3,1020.1,1.3,0,0.0,0.0,0.0,1.0,1.0,782.3,--
2025/9/4 19:42,23.9,62,19.9,79,16.2,19.9,0.0,0.0,269,950.3,1020.1,1.1,0,0.0,0.0,0.0,1.0,1.0,782.3,--
2025/9/4 19:43,23.9,62,19.8,80,16.3,19.8,1.8,2.2,3,950.2,1020.0,0.9,0,0.0,0.0,0.0,1.0,1.0,782.3,--
2025/9/4 19:44,23.9,62,19.8,80,16.3,19.8,2.5,2.5,10,950.3,1020.1,0.7,0,0.0,0.0,0.0,1.0,1.0,782.3,--
2025/9/4 19:45,23.9,62,19.8,81,16.4,19.8,1.8,2.2,339,950.3,1020.1,0.6,0,0.0,0.0,0.0,1.0,1.0,782.3,--
2025/9/4 19:46,24.0,62,19.6,81,16.2,19.6,0.0,0.0,345,950.2,1020.0,0.5,0,0.0,0.0,0.0,1.0,1.0,782.3,--
2025/9/4 19:47,24.0,62,19.5,81,16.1,19.5,2.9,4.0,353,950.4,1020.2,0.4,0,0.0,0.0,0.0,1.0,1.0,782.3,--
2025/9/4 19:48,23.9,63,19.5,81,16.1,19.5,1.8,2.5,338,950.1,1019.9,0.3,0,0.0,0.0,0.0,1.0,1.0,782.3,--
2025/9/4 19:49,24.0,63,19.4,82,16.2,19.4,0.0,1.8,317,950.2,1020.0,0.3,0,0.0,0.0,0.0,1.0,1.0,782.3,--
2025/9/4 19:50,24.0,63,19.4,82,16.2,19.4,0.0,0.0,322,950.3,1020.1,0.2,0,0.0,0.0,0.0,1.0,1.0,782.3,--
2025/9/4 19:51,23.9,63,19.4,82,16.2,19.4,2.5,2.9,17,950.3,1020.1,0.1,0,0.0,0.0,0.0,1.0,1.0,782.3,--
2025/9/4 19:52,23.9,63,19.4,81,16.0,19.4,3.2,3.2,342,950.3,1020.1,0.2,0,0.0,0.0,0.0,1.0,1.0,782.3,--
2025/9/4 19:53,23.9,63,19.5,82,16.3,19.5,1.8,2.9,352,950.3,1020.1,0.1,0,0.0,0.0,0.0,1.0,1.0,782.3,--
2025/9/4 19:54,23.9,63,19.4,83,16.5,19.4,1.8,2.5,9,950.4,1020.2,0.1,0,0.0,0.0,0.0,1.0,1.0,782.3,--
2025/9/4 19:55,23.9,63,19.3,83,16.4,19.3,4.3,4.3,4,950.4,1020.2,0.0,0,0.0,0.0,0.0,1.0,1.0,782.3,--
2025/9/4 19:56,23.9,63,19.1,84,16.3,19.1,2.2,2.9,299,950.2,1020.0,0.0,0,0.0,0.0,0.0,1.0,1.0,782.3,--
2025/9/4 19:57,23.8,62,19.0,84,16.2,19.0,2.2,2.2,327,950.2,1020.0,0.0,0,0.0,0.0,0.0,1.0,1.0,782.3,--
2025/9/4 19:58,23.8,62,18.9,85,16.3,18.9,0.0,1.8,297,950.4,1020.2,0.0,0,0.0,0.0,0.0,1.0,1.0,782.3,--
2025/9/4 19:59,23.8,62,18.8,85,16.2,18.8,2.5,3.2,328,950.4,1020.2,0.0,0,0.0,0.0,0.0,1.0,1.0,782.3,--
2025/9/4 20:00,23.9,62,18.8,85,16.2,18.8,0.0,2.9,307,950.3,1020.1,0.0,0,0.0,0.0,0.0,1.0,1.0,782.3,--
2025/9/4 20:01,23.9,62,18.8,85,16.2,18.8,1.8,2.2,36,950.3,1020.1,0.0,0,0.0,0.0,0.0,1.0,1.0,782.3,--
2025/9/4 20:02,23.9,62,18.7,85,16.1,18.7,1.8,2.5,1,950.2,1020.0,0.0,0,0.0,0.0,0.0,1.0,1.0,782.3,--
2025/9/4 20:03,23.8,62,18.7,85,16.1,18.7,0.0,2.2,323,950.4,1020.2,0.0,0,0.0,0.0,0.0,1.0,1.0,782.3,--
2025/9/4 20:04,23.8,63,18.7,86,16.3,18.7,0.0,2.2,279,950.4,1020.2,0.0,0,0.0,0.0,0.0,1.0,1.0,782.3,--
2025/9/4 20:05,23.8,62,18.6,86,16.2,18.6,1.8,3.2,11,950.3,1020.1,0.0,0,0.0,0.0,0.0,1.0,1.0,782.3,--
2025/9/4 20:06,23.8,62,18.6,86,16.2,18.6,0.0,1.8,248,950.4,1020.2,0.0,0,0.0,0.0,0.0,1.0,1.0,782.3,--
2025/9/4 20:07,23.8,62,18.6,86,16.2,18.6,0.0,2.5,269,950.3,1020.1,0.0,0,0.0,0.0,0.0,1.0,1.0,782.3,--
2025/9/4 20:08,23.8,62,18.6,86,16.2,18.6,0.0,0.0,269,950.4,1020.2,0.0,0,0.0,0.0,0.0,1.0,1.0,782.3,--
2025/9/4 20:09,23.8,62,18.6,86,16.2,18.6,0.0,1.8,267,950.4,1020.2,0.0,0,0.0,0.0,0.0,1.0,1.0,782.3,--
2025/9/4 20:10,23.8,62,18.6,86,16.2,18.6,0.0,2.9,312,950.3,1020.1,0.0,0,0.0,0.0,0.0,1.0,1.0,782.3,--
2025/9/4 20:11,23.8,62,18.6,86,16.2,18.6,1.8,2.9,38,950.4,1020.2,0.0,0,0.0,0.0,0.0,1.0,1.0,782.3,--
2025/9/4 20:12,23.8,62,18.6,86,16.2,18.6,0.0,2.9,309,950.3,1020.1,0.0,0,0.0,0.0,0.0,1.0,1.0,782.3,--
2025/9/4 20:13,23.9,62,18.6,86,16.2,18.6,0.0,2.2,333,950.4,1020.2,0.0,0,0.0,0.0,0.0,1.0,1.0,782.3,--
2025/9/4 20:14,23.9,62,18.6,86,16.2,18.6,0.0,2.2,290,950.5,1020.3,0.0,0,0.0,0.0,0.0,1.0,1.0,782.3,--
2025/9/4 20:15,23.8,62,18.5,86,16.1,18.5,0.0,2.9,319,950.5,1020.3,0.0,0,0.0,0.0,0.0,1.0,1.0,782.3,--
2025/9/4 20:16,23.9,62,18.5,87,16.3,18.5,0.0,2.5,292,950.6,1020.4,0.0,0,0.0,0.0,0.0,1.0,1.0,782.3,--
2025/9/4 20:17,23.9,62,18.5,86,16.1,18.5,3.2,3.2,265,950.4,1020.2,0.0,0,0.0,0.0,0.0,1.0,1.0,782.3,--
2025/9/4 20:18,23.9,62,18.4,87,16.2,18.4,0.0,0.0,63,950.3,1020.1,0.0,0,0.0,0.0,0.0,1.0,1.0,782.3,--
2025/9/4 20:19,23.9,62,18.4,87,16.2,18.4,2.5,2.5,327,950.4,1020.2,0.0,0,0.0,0.0,0.0,1.0,1.0,782.3,--
2025/9/4 20:20,23.9,62,18.4,87,16.2,18.4,0.0,0.0,142,950.4,1020.2,0.0,0,0.0,0.0,0.0,1.0,1.0,782.3,--
2025/9/4 20:21,23.9,62,18.3,87,16.1,18.3,0.0,1.8,269,950.3,1020.1,0.0,0,0.0,0.0,0.0,1.0,1.0,782.3,--
2025/9/4 20:22,23.9,62,18.3,87,16.1,18.3,0.0,2.5,237,950.6,1020.4,0.0,0,0.0,0.0,0.0,1.0,1.0,782.3,--
2025/9/4 20:23,23.9,62,18.3,87,16.1,18.3,0.0,0.0,235,950.5,1020.3,0.0,0,0.0,0.0,0.0,1.0,1.0,782.3,--
2025/9/4 20:24,23.9,62,18.3,87,16.1,18.3,0.0,1.8,263,950.4,1020.2,0.0,0,0.0,0.0,0.0,1.0,1.0,782.3,--
2025/9/4 20:25,23.9,62,18.3,87,16.1,18.3,1.8,2.5,325,950.6,1020.4,0.0,0,0.0,0.0,0.0,1.0,1.0,782.3,--
2025/9/4 20:26,23.9,62,18.2,87,16.0,18.2,0.0,2.2,305,950.6,1020.4,0.0,0,0.0,0.0,0.0,1.0,1.0,782.3,--
2025/9/4 20:27,23.9,62,18.2,87,16.0,18.2,0.0,1.8,40,950.7,1020.5,0.0,0,0.0,0.0,0.0,1.0,1.0,782.3,--
2025/9/4 20:28,23.9,62,18.2,88,16.1,18.2,0.0,2.2,269,950.6,1020.4,0.0,0,0.0,0.0,0.0,1.0,1.0,782.3,--
2025/9/4 20:29,23.9,62,18.2,88,16.1,18.2,0.0,2.2,269,950.5,1020.3,0.0,0,0.0,0.0,0.0,1.0,1.0,782.3,--
2025/9/4 20:30,23.9,62,18.2,88,16.1,18.2,0.0,0.0,69,950.6,1020.4,0.0,0,0.0,0.0,0.0,1.0,1.0,782.3,--
2025/9/4 20:31,23.9,62,18.2,88,16.1,18.2,0.0,2.5,85,950.5,1020.3,0.0,0,0.0,0.0,0.0,1.0,1.0,782.3,--
2025/9/4 20:32,23.8,63,18.1,88,16.0,18.1,0.0,0.0,286,950.5,1020.3,0.0,0,0.0,0.0,0.0,1.0,1.0,782.3,--
2025/9/4 20:33,23.8,63,18.1,88,16.0,18.1,0.0,0.0,229,950.5,1020.3,0.0,0,0.0,0.0,0.0,1.0,1.0,782.3,--
2025/9/4 20:34,23.8,63,18.0,88,15.9,18.0,2.2,2.9,293,950.5,1020.3,0.0,0,0.0,0.0,0.0,1.0,1.0,782.3,--
2025/9/4 20:35,23.8,63,18.0,88,15.9,18.0,2.5,2.5,269,950.5,1020.3,0.0,0,0.0,0.0,0.0,1.0,1.0,782.3,--
2025/9/4 20:36,23.8,63,18.1,88,16.0,18.1,0.0,0.0,309,950.5,1020.3,0.0,0,0.0,0.0,0.0,1.0,1.0,782.3,--
2025/9/4 20:37,23.8,63,18.0,88,15.9,18.0,1.8,1.8,12,950.6,1020.4,0.0,0,0.0,0.0,0.0,1.0,1.0,782.3,--
2025/9/4 20:38,23.8,63,18.0,88,15.9,18.0,2.5,2.9,295,950.6,1020.4,0.0,0,0.0,0.0,0.0,1.0,1.0,782.3,--
2025/9/4 20:39,23.8,63,18.0,88,15.9,18.0,0.0,0.0,326,950.6,1020.4,0.0,0,0.0,0.0,0.0,1.0,1.0,782.3,--
2025/9/4 20:40,23.8,63,18.0,88,15.9,18.0,1.8,2.2,18,950.7,1020.5,0.0,0,0.0,0.0,0.0,1.0,1.0,782.3,--
2025/9/4 20:41,23.8,63,18.0,88,15.9,18.0,0.0,2.9,340,950.4,1020.2,0.0,0,0.0,0.0,0.0,1.0,1.0,782.3,--
2025/9/4 20:42,23.8,63,17.9,89,16.0,17.9,0.0,1.8,304,950.6,1020.4,0.0,0,0.0,0.0,0.0,1.0,1.0,782.3,--
2025/9/4 20:43,23.8,63,17.9,89,16.0,17.9,2.5,3.6,330,950.6,1020.4,0.0,0,0.0,0.0,0.0,1.0,1.0,782.3,--
2025/9/4 20:44,23.9,63,17.8,89,15.9,17.8,0.0,2.2,321,950.6,1020.4,0.0,0,0.0,0.0,0.0,1.0,1.0,782.3,--
2025/9/4 20:45,23.9,63,17.8,89,15.9,17.8,1.8,3.2,280,950.6,1020.4,0.0,0,0.0,0.0,0.0,1.0,1.0,782.3,--
2025/9/4 20:46,23.9,63,17.8,89,15.9,17.8,0.0,2.2,281,950.8,1020.6,0.0,0,0.0,0.0,0.0,1.0,1.0,782.3,--
2025/9/4 20:47,23.9,63,17.8,89,15.9,17.8,0.0,1.8,73,950.6,1020.4,0.0,0,0.0,0.0,0.0,1.0,1.0,782.3,--
2025/9/4 20:48,23.9,64,17.8,89,15.9,17.8,0.0,1.8,302,950.8,1020.6,0.0,0,0.0,0.0,0.0,1.0,1.0,782.3,--
2025/9/4 20:49,23.9,63,17.8,89,15.9,17.8,2.2,2.5,314,950.7,1020.5,0.0,0,0.0,0.0,0.0,1.0,1.0,782.3,--
2025/9/4 20:50,23.9,63,17.8,89,15.9,17.8,0.0,1.8,11,950.8,1020.6,0.0,0,0.0,0.0,0.0,1.0,1.0,782.3,--
2025/9/4 20:51,23.9,63,17.9,89,16.0,17.9,0.0,2.2,7,950.7,1020.5,0.0,0,0.0,0.0,0.0,1.0,1.0,782.3,--
2025/9/4 20:52,23.9,63,17.9,88,15.8,17.9,0.0,1.8,307,950.7,1020.5,0.0,0,0.0,0.0,0.0,1.0,1.0,782.3,--
2025/9/4 20:53,23.9,63,18.0,88,15.9,18.0,0.0,2.5,269,950.6,1020.4,0.0,0,0.0,0.0,0.0,1.0,1.0,782.3,--
2025/9/4 20:54,23.9,63,18.0,88,15.9,18.0,2.9,3.2,259,950.9,1020.7,0.0,0,0.0,0.0,0.0,1.0,1.0,782.3,--
2025/9/4 20:55,23.9,63,18.1,88,16.0,18.1,0.0,3.2,275,950.8,1020.6,0.0,0,0.0,0.0,0.0,1.0,1.0,782.3,--
2025/9/4 20:56,23.9,63,18.1,88,16.0,18.1,0.0,1.8,309,950.8,1020.6,0.0,0,0.0,0.0,0.0,1.0,1.0,782.3,--
2025/9/4 20:57,23.9,63,18.1,88,16.0,18.1,2.5,2.5,353,950.8,1020.6,0.0,0,0.0,0.0,0.0,1.0,1.0,782.3,--
2025/9/4 20:58,23.9,63,18.0,88,15.9,18.0,0.0,2.5,338,950.9,1020.7,0.0,0,0.0,0.0,0.0,1.0,1.0,782.3,--
2025/9/4 20:59,23.9,63,18.0,88,15.9,18.0,2.2,3.2,288,950.9,1020.7,0.0,0,0.0,0.0,0.0,1.0,1.0,782.3,--
2025/9/4 21:00,23.9,63,18.0,89,16.1,18.0,0.0,1.8,315,950.9,1020.7,0.0,0,0.0,0.0,0.0,1.0,1.0,782.3,--
2025/9/4 21:01,23.9,63,17.9,89,16.0,17.9,2.2,2.2,281,951.0,1020.8,0.0,0,0.0,0.0,0.0,1.0,1.0,782.3,--
2025/9/4 21:02,23.9,63,17.9,89,16.0,17.9,0.0,2.2,269,950.9,1020.7,0.0,0,0.0,0.0,0.0,1.0,1.0,782.3,--
2025/9/4 21:03,23.9,63,17.9,89,16.0,17.9,0.0,1.8,301,950.9,1020.7,0.0,0,0.0,0.0,0.0,1.0,1.0,782.3,--
2025/9/4 21:04,23.9,63,17.9,89,16.0,17.9,0.0,2.2,308,950.8,1020.6,0.0,0,0.0,0.0,0.0,1.0,1.0,782.3,--
2025/9/4 21:05,23.9,63,17.8,89,15.9,17.8,0.0,2.2,325,950.9,1020.7,0.0,0,0.0,0.0,0.0,1.0,1.0,782.3,--
2025/9/4 21:06,23.9,63,17.8,89,15.9,17.8,0.0,1.8,0,950.9,1020.7,0.0,0,0.0,0.0,0.0,1.0,1.0,782.3,--
2025/9/4 21:07,23.9,63,17.7,89,15.8,17.7,0.0,1.8,311,951.0,1020.8,0.0,0,0.0,0.0,0.0,1.0,1.0,782.3,--
2025/9/4 21:08,23.9,63,17.7,90,16.0,17.7,0.0,0.0,283,950.8,1020.6,0.0,0,0.0,0.0,0.0,1.0,1.0,782.3,--
2025/9/4 21:09,24.0,63,17.7,90,16.0,17.7,0.0,1.8,227,950.9,1020.7,0.0,0,0.0,0.0,0.0,1.0,1.0,782.3,--
2025/9/4 21:10,23.9,63,17.6,90,15.9,17.6,0.0,0.0,317,951.0,1020.8,0.0,0,0.0,0.0,0.0,1.0,1.0,782.3,--
2025/9/4 21:11,23.9,63,17.7,90,16.0,17.7,0.0,2.9,254,950.9,1020.7,0.0,0,0.0,0.0,0.0,1.0,1.0,782.3,--
2025/9/4 21:12,23.9,63,17.7,89,15.8,17.7,0.0,1.8,336,951.0,1020.8,0.0,0,0.0,0.0,0.0,1.0,1.0,782.3,--
2025/9/4 21:13,23.9,63,17.6,90,15.9,17.6,1.8,2.5,279,951.0,1020.8,0.0,0,0.0,0.0,0.0,1.0,1.0,782.3,--
2025/9/4 21:14,23.9,63,17.6,90,15.9,17.6,4.3,4.3,275,951.1,1020.9,0.0,0,0.0,0.0,0.0,1.0,1.0,782.3,--
2025/9/4 21:15,23.9,63,17.6,90,15.9,17.6,0.0,1.8,325,951.1,1020.9,0.0,0,0.0,0.0,0.0,1.0,1.0,782.3,--
2025/9/4 21:16,23.9,63,17.6,89,15.7,17.6,0.0,2.9,41,950.9,1020.7,0.0,0,0.0,0.0,0.0,1.0,1.0,782.3,--
2025/9/4 21:17,24.0,63,17.7,89,15.8,17.7,2.2,2.2,350,951.0,1020.8,0.0,0,0.0,0.0,0.0,1.0,1.0,782.3,--
2025/9/4 21:18,24.0,63,17.7,89,15.8,17.7,0.0,2.2,276,951.0,1020.8,0.0,0,0.0,0.0,0.0,1.0,1.0,782.3,--
2025/9/4 21:19,24.0,63,17.8,89,15.9,17.8,2.9,3.2,289,951.1,1020.9,0.0,0,0.0,0.0,0.0,1.0,1.0,782.3,--
2025/9/4 21:20,24.0,63,17.8,88,15.7,17.8,1.8,3.2,289,951.0,1020.8,0.0,0,0.0,0.0,0.0,1.0,1.0,782.3,--
2025/9/4 21:21,24.0,63,17.9,88,15.8,17.9,2.2,2.9,261,951.0,1020.8,0.0,0,0.0,0.0,0.0,1.0,1.0,782.3,--
2025/9/4 21:22,24.0,63,17.9,88,15.8,17.9,4.0,4.3,267,951.0,1020.8,0.0,0,0.0,0.0,0.0,1.0,1.0,782.3,--
2025/9/4 21:23,24.0,63,18.0,87,15.8,18.0,2.5,3.2,273,951.2,1021.0,0.0,0,0.0,0.0,0.0,1.0,1.0,782.3,--
2025/9/4 21:24,24.0,63,18.1,87,15.9,18.1,2.2,2.9,312,950.9,1020.7,0.0,0,0.0,0.0,0.0,1.0,1.0,782.3,--
2025/9/4 21:25,24.0,63,18.0,87,15.8,18.0,3.2,3.2,17,951.1,1020.9,0.0,0,0.0,0.0,0.0,1.0,1.0,782.3,--
2025/9/4 21:26,24.0,63,18.1,87,15.9,18.1,0.0,2.9,18,951.0,1020.8,0.0,0,0.0,0.0,0.0,1.0,1.0,782.3,--
2025/9/4 21:27,24.0,63,18.1,87,15.9,18.1,0.0,0.0,322,951.1,1020.9,0.0,0,0.0,0.0,0.0,1.0,1.0,782.3,--
2025/9/4 21:28,24.0,63,18.0,88,15.9,18.0,1.8,2.2,248,950.9,1020.7,0.0,0,0.0,0.0,0.0,1.0,1.0,782.3,--
2025/9/4 21:29,24.0,63,18.0,87,15.8,18.0,0.0,0.0,326,951.1,1020.9,0.0,0,0.0,0.0,0.0,1.0,1.0,782.3,--
2025/9/4 21:30,24.0,63,17.9,88,15.8,17.9,0.0,0.0,246,951.0,1020.8,0.0,0,0.0,0.0,0.0,1.0,1.0,782.3,--
2025/9/4 21:31,24.0,63,17.9,88,15.8,17.9,0.0,1.8,328,951.1,1020.9,0.0,0,0.0,0.0,0.0,1.0,1.0,782.3,--
2025/9/4 21:32,24.0,63,17.9,88,15.8,17.9,0.0,2.2,277,951.1,1020.9,0.0,0,0.0,0.0,0.0,1.0,1.0,782.3,--
2025/9/4 21:33,24.0,63,17.9,88,15.8,17.9,0.0,0.0,309,951.0,1020.8,0.0,0,0.0,0.0,0.0,1.0,1.0,782.3,--
2025/9/4 21:34,24.0,63,17.8,88,15.7,17.8,0.0,0.0,173,950.9,1020.7,0.0,0,0.0,0.0,0.0,1.0,1.0,782.3,--
2025/9/4 21:35,24.1,63,17.8,88,15.7,17.8,0.0,2.5,338,950.9,1020.7,0.0,0,0.0,0.0,0.0,1.0,1.0,782.3,--
2025/9/4 21:36,24.1,63,17.8,88,15.7,17.8,0.0,3.2,23,950.9,1020.7,0.0,0,0.0,0.0,0.0,1.0,1.0,782.3,--
2025/9/4 21:37,24.1,63,17.8,88,15.7,17.8,3.2,3.6,358,951.1,1020.9,0.0,0,0.0,0.0,0.0,1.0,1.0,782.3,--
2025/9/4 21:38,24.1,63,17.9,88,15.8,17.9,2.9,2.9,21,950.9,1020.7,0.0,0,0.0,0.0,0.0,1.0,1.0,782.3,--
2025/9/4 21:39,24.1,63,17.9,88,15.8,17.9,0.0,2.2,16,951.2,1021.0,0.0,0,0.0,0.0,0.0,1.0,1.0,782.3,--
2025/9/4 21:40,24.1,63,17.9,88,15.8,17.9,0.0,0.0,63,951.0,1020.8,0.0,0,0.0,0.0,0.0,1.0,1.0,782.3,--
2025/9/4 21:41,24.0,63,17.8,88,15.7,17.8,0.0,2.2,314,951.2,1021.0,0.0,0,0.0,0.0,0.0,1.0,1.0,782.3,--
2025/9/4 21:42,24.1,63,17.8,88,15.7,17.8,0.0,0.0,255,950.9,1020.7,0.0,0,0.0,0.0,0.0,1.0,1.0,782.3,--
2025/9/4 21:43,24.0,63,17.8,88,15.7,17.8,0.0,1.8,52,951.1,1020.9,0.0,0,0.0,0.0,0.0,1.0,1.0,782.3,--
2025/9/4 21:44,24.0,63,17.8,88,15.7,17.8,2.2,2.9,294,950.8,1020.6,0.0,0,0.0,0.0,0.0,1.0,1.0,782.3,--
2025/9/4 21:45,24.0,63,17.8,88,15.7,17.8,0.0,1.8,304,951.1,1020.9,0.0,0,0.0,0.0,0.0,1.0,1.0,782.3,--
2025/9/4 21:46,24.1,63,17.8,88,15.7,17.8,0.0,1.8,269,951.0,1020.8,0.0,0,0.0,0.0,0.0,1.0,1.0,782.3,--
2025/9/4 21:47,24.1,63,17.8,88,15.7,17.8,0.0,2.5,275,951.0,1020.8,0.0,0,0.0,0.0,0.0,1.0,1.0,782.3,--
2025/9/4 21:48,24.1,63,17.8,88,15.7,17.8,0.0,0.0,229,951.1,1020.9,0.0,0,0.0,0.0,0.0,1.0,1.0,782.3,--
2025/9/4 21:49,24.1,63,17.7,88,15.6,17.7,0.0,0.0,326,951.1,1020.9,0.0,0,0.0,0.0,0.0,1.0,1.0,782.3,--
2025/9/4 21:50,24.0,63,17.7,88,15.6,17.7,0.0,0.0,262,951.0,1020.8,0.0,0,0.0,0.0,0.0,1.0,1.0,782.3,--
2025/9/4 21:51,24.1,63,17.7,88,15.6,17.7,0.0,0.0,351,951.1,1020.9,0.0,0,0.0,0.0,0.0,1.0,1.0,782.3,--
2025/9/4 21:52,24.1,63,17.7,88,15.6,17.7,0.0,2.5,126,951.2,1021.0,0.0,0,0.0,0.0,0.0,1.0,1.0,782.3,--
2025/9/4 21:53,24.0,63,17.7,88,15.6,17.7,1.8,2.2,33,951.2,1021.0,0.0,0,0.0,0.0,0.0,1.0,1.0,782.3,--
2025/9/4 21:54,24.0,63,17.7,88,15.6,17.7,0.0,3.6,0,951.2,1021.0,0.0,0,0.0,0.0,0.0,1.0,1.0,782.3,--
2025/9/4 21:55,24.0,63,17.8,88,15.7,17.8,3.2,3.2,2,951.2,1021.0,0.0,0,0.0,0.0,0.0,1.0,1.0,782.3,--
2025/9/4 21:56,24.0,63,17.9,87,15.7,17.9,3.2,4.0,16,951.1,1020.9,0.0,0,0.0,0.0,0.0,1.0,1.0,782.3,--
2025/9/4 21:57,24.0,63,18.0,87,15.8,18.0,2.2,3.2,32,951.2,1021.0,0.0,0,0.0,0.0,0.0,1.0,1.0,782.3,--
2025/9/4 21:58,24.0,63,18.1,87,15.9,18.1,0.0,0.0,312,951.2,1021.0,0.0,0,0.0,0.0,0.0,1.0,1.0,782.3,--
2025/9/4 21:59,24.0,63,18.1,87,15.9,18.1,0.0,1.8,329,951.1,1020.9,0.0,0,0.0,0.0,0.0,1.0,1.0,782.3,--
2025/9/4 22:00,24.0,63,18.0,87,15.8,18.0,0.0,2.5,42,951.3,1021.1,0.0,0,0.0,0.0,0.0,1.0,1.0,782.3,--
2025/9/4 22:01,24.0,63,18.0,87,15.8,18.0,1.8,1.8,348,951.1,1020.9,0.0,0,0.0,0.0,0.0,1.0,1.0,782.3,--
2025/9/4 22:02,24.0,64,17.9,88,15.8,17.9,2.5,3.6,347,951.1,1020.9,0.0,0,0.0,0.0,0.0,1.0,1.0,782.3,--
2025/9/4 22:03,23.9,64,17.9,88,15.8,17.9,0.0,0.0,118,951.2,1021.0,0.0,0,0.0,0.0,0.0,1.0,1.0,782.3,--
2025/9/4 22:04,23.9,64,17.8,88,15.7,17.8,0.0,2.2,29,951.1,1020.9,0.0,0,0.0,0.0,0.0,1.0,1.0,782.3,--
2025/9/4 22:05,23.9,64,17.7,88,15.6,17.7,2.5,2.9,14,950.9,1020.7,0.0,0,0.0,0.0,0.0,1.0,1.0,782.3,--
2025/9/4 22:06,23.9,64,17.7,89,15.8,17.7,2.5,2.9,33,951.1,1020.9,0.0,0,0.0,0.0,0.0,1.0,1.0,782.3,--
2025/9/4 22:07,24.0,64,17.6,89,15.7,17.6,0.0,2.2,66,951.3,1021.1,0.0,0,0.0,0.0,0.0,1.0,1.0,782.3,--
2025/9/4 22:08,24.0,63,17.5,89,15.6,17.5,0.0,1.8,196,951.3,1021.1,0.0,0,0.0,0.0,0.0,1.0,1.0,782.3,--
2025/9/4 22:09,24.0,63,17.4,89,15.5,17.4,0.0,2.2,149,951.3,1021.1,0.0,0,0.0,0.0,0.0,1.0,1.0,782.3,--
2025/9/4 22:10,24.0,64,17.4,89,15.5,17.4,0.0,0.0,190,951.1,1020.9,0.0,0,0.0,0.0,0.0,1.0,1.0,782.3,--
2025/9/4 22:11,24.0,64,17.3,90,15.6,17.3,0.0,1.8,235,951.2,1021.0,0.0,0,0.0,0.0,0.0,1.0,1.0,782.3,--
2025/9/4 22:12,24.0,63,17.3,90,15.6,17.3,0.0,0.0,157,951.3,1021.1,0.0,0,0.0,0.0,0.0,1.0,1.0,782.3,--
2025/9/4 22:13,24.0,64,17.3,90,15.6,17.3,0.0,0.0,44,951.2,1021.0,0.0,0,0.0,0.0,0.0,1.0,1.0,782.3,--
2025/9/4 22:14,24.0,64,17.2,90,15.5,17.2,0.0,1.8,57,951.3,1021.1,0.0,0,0.0,0.0,0.0,1.0,1.0,782.3,--
2025/9/4 22:15,24.0,63,17.2,91,15.8,17.2,1.8,3.2,277,951.2,1021.0,0.0,0,0.0,0.0,0.0,1.0,1.0,782.3,--
2025/9/4 22:16,24.0,63,17.2,90,15.5,17.2,0.0,1.8,74,951.3,1021.1,0.0,0,0.0,0.0,0.0,1.0,1.0,782.3,--
2025/9/4 22:17,24.0,63,17.2,90,15.5,17.2,2.5,3.6,355,951.2,1021.0,0.0,0,0.0,0.0,0.0,1.0,1.0,782.3,--
2025/9/4 22:18,24.0,64,17.2,90,15.5,17.2,1.8,2.2,12,951.4,1021.2,0.0,0,0.0,0.0,0.0,1.0,1.0,782.3,--
2025/9/4 22:19,24.1,63,17.2,90,15.5,17.2,0.0,2.5,9,951.3,1021.1,0.0,0,0.0,0.0,0.0,1.0,1.0,782.3,--
2025/9/4 22:20,24.1,63,17.1,91,15.7,17.1,0.0,1.8,320,951.1,1020.9,0.0,0,0.0,0.0,0.0,1.0,1.0,782.3,--
2025/9/4 22:21,24.1,63,17.1,91,15.7,17.1,2.9,3.6,287,951.4,1021.2,0.0,0,0.0,0.0,0.0,1.0,1.0,782.3,--
2025/9/4 22:22,24.1,63,17.0,91,15.6,17.0,2.2,2.2,302,951.3,1021.1,0.0,0,0.0,0.0,0.0,1.0,1.0,782.3,--
2025/9/4 22:23,24.1,63,17.0,91,15.6,17.0,2.2,2.5,256,951.2,1021.0,0.0,0,0.0,0.0,0.0,1.0,1.0,782.3,--
2025/9/4 22:24,24.0,63,17.0,91,15.6,17.0,0.0,2.2,287,951.3,1021.1,0.0,0,0.0,0.0,0.0,1.0,1.0,782.3,--
2025/9/4 22:25,24.1,63,16.9,91,15.5,16.9,1.8,2.5,286,951.2,1021.0,0.0,0,0.0,0.0,0.0,1.0,1.0,782.3,--
2025/9/4 22:26,24.1,63,16.9,92,15.6,16.9,2.2,2.9,289,951.1,1020.9,0.0,0,0.0,0.0,0.0,1.0,1.0,782.3,--
2025/9/4 22:27,24.1,63,16.9,92,15.6,16.9,3.2,3.6,272,951.3,1021.1,0.0,0,0.0,0.0,0.0,1.0,1.0,782.3,--
2025/9/4 22:28,24.1,63,16.9,91,15.5,16.9,0.0,2.9,275,951.3,1021.1,0.0,0,0.0,0.0,0.0,1.0,1.0,782.3,--
2025/9/4 22:29,24.1,63,16.9,91,15.5,16.9,0.0,1.8,334,951.4,1021.2,0.0,0,0.0,0.0,0.0,1.0,1.0,782.3,--
2025/9/4 22:30,24.1,63,16.9,91,15.5,16.9,0.0,2.5,299,951.4,1021.2,0.0,0,0.0,0.0,0.0,1.0,1.0,782.3,--
2025/9/4 22:31,24.1,63,17.0,91,15.6,17.0,0.0,2.9,285,951.3,1021.1,0.0,0,0.0,0.0,0.0,1.0,1.0,782.3,--
2025/9/4 22:32,24.1,63,17.0,91,15.6,17.0,0.0,0.0,66,951.4,1021.2,0.0,0,0.0,0.0,0.0,1.0,1.0,782.3,--
2025/9/4 22:33,24.0,63,17.0,91,15.6,17.0,1.8,1.8,324,951.3,1021.1,0.0,0,0.0,0.0,0.0,1.0,1.0,782.3,--
2025/9/4 22:34,24.1,63,17.0,91,15.6,17.0,2.2,2.2,290,951.3,1021.1,0.0,0,0.0,0.0,0.0,1.0,1.0,782.3,--
2025/9/4 22:35,24.0,63,17.0,91,15.6,17.0,0.0,1.8,297,951.2,1021.0,0.0,0,0.0,0.0,0.0,1.0,1.0,782.3,--
2025/9/4 22:36,24.0,63,17.0,91,15.6,17.0,2.2,2.2,259,951.3,1021.1,0.0,0,0.0,0.0,0.0,1.0,1.0,782.3,--
2025/9/4 22:37,24.0,63,17.0,91,15.6,17.0,3.2,3.2,33,951.3,1021.1,0.0,0,0.0,0.0,0.0,1.0,1.0,782.3,--
2025/9/4 22:38,24.0,63,17.0,91,15.6,17.0,2.2,3.6,52,951.3,1021.1,0.0,0,0.0,0.0,0.0,1.0,1.0,782.3,--
2025/9/4 22:39,24.0,63,17.0,91,15.6,17.0,1.8,3.2,68,951.3,1021.1,0.0,0,0.0,0.0,0.0,1.0,1.0,782.3,--
2025/9/4 22:40,24.0,63,17.1,91,15.7,17.1,0.0,2.5,350,951.2,1021.0,0.0,0,0.0,0.0,0.0,1.0,1.0,782.3,--
2025/9/4 22:41,24.0,63,17.0,91,15.6,17.0,0.0,3.2,25,951.3,1021.1,0.0,0,0.0,0.0,0.0,1.0,1.0,782.3,--
2025/9/4 22:42,24.1,63,17.0,91,15.6,17.0,0.0,2.2,329,951.3,1021.1,0.0,0,0.0,0.0,0.0,1.0,1.0,782.3,--
2025/9/4 22:43,24.1,63,16.9,91,15.5,16.9,0.0,1.8,51,951.4,1021.2,0.0,0,0.0,0.0,0.0,1.0,1.0,782.3,--
2025/9/4 22:44,24.0,63,16.8,91,15.4,16.8,0.0,0.0,34,951.4,1021.2,0.0,0,0.0,0.0,0.0,1.0,1.0,782.3,--
2025/9/4 22:45,24.1,63,16.8,92,15.5,16.8,1.8,2.2,28,951.3,1021.1,0.0,0,0.0,0.0,0.0,1.0,1.0,782.3,--
2025/9/4 22:46,24.1,63,16.8,92,15.5,16.8,0.0,2.5,285,951.3,1021.1,0.0,0,0.0,0.0,0.0,1.0,1.0,782.3,--
2025/9/4 22:47,24.1,63,16.7,92,15.4,16.7,0.0,1.8,306,951.3,1021.1,0.0,0,0.0,0.0,0.0,1.0,1.0,782.3,--
2025/9/4 22:48,24.0,63,16.7,92,15.4,16.7,0.0,1.8,315,951.3,1021.1,0.0,0,0.0,0.0,0.0,1.0,1.0,782.3,--
2025/9/4 22:49,24.0,63,16.7,92,15.4,16.7,0.0,2.2,263,951.3,1021.1,0.0,0,0.0,0.0,0.0,1.0,1.0,782.3,--
2025/9/4 22:50,24.0,63,16.7,92,15.4,16.7,0.0,2.2,277,951.3,1021.1,0.0,0,0.0,0.0,0.0,1.0,1.0,782.3,--
2025/9/4 22:51,24.0,63,16.7,92,15.4,16.7,0.0,1.8,284,951.3,1021.1,0.0,0,0.0,0.0,0.0,1.0,1.0,782.3,--
2025/9/4 22:52,24.0,63,16.7,92,15.4,16.7,0.0,2.2,5,951.2,1021.0,0.0,0,0.0,0.0,0.0,1.0,1.0,782.3,--
2025/9/4 22:53,24.0,64,16.7,92,15.4,16.7,1.8,2.2,280,951.4,1021.2,0.0,0,0.0,0.0,0.0,1.0,1.0,782.3,--
2025/9/4 22:54,24.0,64,16.7,92,15.4,16.7,0.0,0.0,271,951.3,1021.1,0.0,0,0.0,0.0,0.0,1.0,1.0,782.3,--
2025/9/4 22:55,24.0,64,16.7,92,15.4,16.7,0.0,1.8,250,951.3,1021.1,0.0,0,0.0,0.0,0.0,1.0,1.0,782.3,--
2025/9/4 22:56,24.0,64,16.7,92,15.4,16.7,0.0,2.2,289,951.2,1021.0,0.0,0,0.0,0.0,0.0,1.0,1.0,782.3,--
2025/9/4 22:57,24.0,64,16.7,92,15.4,16.7,2.2,2.2,287,951.1,1020.9,0.0,0,0.0,0.0,0.0,1.0,1.0,782.3,--
2025/9/4 22:58,24.0,63,16.7,92,15.4,16.7,2.2,2.2,307,951.3,1021.1,0.0,0,0.0,0.0,0.0,1.0,1.0,782.3,--
2025/9/4 22:59,23.9,63,16.7,92,15.4,16.7,0.0,1.8,44,951.4,1021.2,0.0,0,0.0,0.0,0.0,1.0,1.0,782.3,--
2025/9/4 23:00,24.0,63,16.7,92,15.4,16.7,0.0,2.5,6,951.3,1021.1,0.0,0,0.0,0.0,0.0,1.0,1.0,782.3,--
2025/9/4 23:01,23.9,64,16.7,92,15.4,16.7,1.8,2.9,34,951.4,1021.2,0.0,0,0.0,0.0,0.0,1.0,1.0,782.3,--
2025/9/4 23:02,23.9,64,16.7,92,15.4,16.7,0.0,1.8,50,951.2,1021.0,0.0,0,0.0,0.0,0.0,1.0,1.0,782.3,--
2025/9/4 23:03,24.0,63,16.7,92,15.4,16.7,0.0,1.8,26,951.4,1021.2,0.0,0,0.0,0.0,0.0,1.0,1.0,782.3,--
2025/9/4 23:04,24.0,63,16.7,92,15.4,16.7,0.0,2.2,31,951.4,1021.2,0.0,0,0.0,0.0,0.0,1.0,1.0,782.3,--
2025/9/4 23:05,24.0,63,16.6,92,15.3,16.6,1.8,2.5,299,951.4,1021.2,0.0,0,0.0,0.0,0.0,1.0,1.0,782.3,--
2025/9/4 23:06,24.0,63,16.6,92,15.3,16.6,0.0,2.5,284,951.4,1021.2,0.0,0,0.0,0.0,0.0,1.0,1.0,782.3,--
2025/9/4 23:07,24.0,63,16.5,93,15.3,16.5,0.0,2.5,219,951.4,1021.2,0.0,0,0.0,0.0,0.0,1.0,1.0,782.3,--
2025/9/4 23:08,24.0,63,16.4,93,15.2,16.4,0.0,0.0,243,951.4,1021.2,0.0,0,0.0,0.0,0.0,1.0,1.0,782.3,--
2025/9/4 23:09,24.0,63,16.4,93,15.2,16.4,0.0,2.2,256,951.4,1021.2,0.0,0,0.0,0.0,0.0,1.0,1.0,782.3,--
2025/9/4 23:10,24.0,63,16.4,93,15.2,16.4,0.0,1.8,322,951.3,1021.1,0.0,0,0.0,0.0,0.0,1.0,1.0,782.3,--
2025/9/4 23:11,24.0,63,16.3,93,15.1,16.3,0.0,1.8,9,951.3,1021.1,0.0,0,0.0,0.0,0.0,1.0,1.0,782.3,--
2025/9/4 23:12,24.0,63,16.3,93,15.1,16.3,2.2,2.5,333,951.4,1021.2,0.0,0,0.0,0.0,0.0,1.0,1.0,782.3,--
2025/9/4 23:13,24.0,64,16.3,93,15.1,16.3,1.8,2.2,15,951.2,1021.0,0.0,0,0.0,0.0,0.0,1.0,1.0,782.3,--
2025/9/4 23:14,24.0,64,16.3,93,15.1,16.3,0.0,2.5,347,951.4,1021.2,0.0,0,0.0,0.0,0.0,1.0,1.0,782.3,--
2025/9/4 23:15,24.0,64,16.2,93,15.0,16.2,0.0,1.8,13,951.4,1021.2,0.0,0,0.0,0.0,0.0,1.0,1.0,782.3,--
2025/9/4 23:16,24.0,64,16.2,93,15.0,16.2,1.8,1.8,309,951.3,1021.1,0.0,0,0.0,0.0,0.0,1.0,1.0,782.3,--
2025/9/4 23:17,24.0,64,16.2,93,15.0,16.2,0.0,1.8,257,951.4,1021.2,0.0,0,0.0,0.0,0.0,1.0,1.0,782.3,--
2025/9/4 23:18,24.1,63,16.2,94,15.1,16.2,0.0,0.0,279,951.5,1021.3,0.0,0,0.0,0.0,0.0,1.0,1.0,782.3,--
2025/9/4 23:19,24.1,64,16.2,93,15.0,16.2,0.0,1.8,282,951.3,1021.1,0.0,0,0.0,0.0,0.0,1.0,1.0,782.3,--
2025/9/4 23:20,24.1,64,16.2,94,15.1,16.2,0.0,2.5,274,951.5,1021.3,0.0,0,0.0,0.0,0.0,1.0,1.0,782.3,--
2025/9/4 23:21,24.0,64,16.2,93,15.0,16.2,0.0,2.2,231,951.5,1021.3,0.0,0,0.0,0.0,0.0,1.0,1.0,782.3,--
2025/9/4 23:22,24.1,64,16.2,94,15.1,16.2,0.0,2.2,285,951.4,1021.2,0.0,0,0.0,0.0,0.0,1.0,1.0,782.3,--
2025/9/4 23:23,24.1,64,16.2,94,15.1,16.2,0.0,0.0,258,951.5,1021.3,0.0,0,0.0,0.0,0.0,1.0,1.0,782.3,--
2025/9/4 23:24,24.1,64,16.2,94,15.1,16.2,0.0,1.8,224,951.4,1021.2,0.0,0,0.0,0.0,0.0,1.0,1.0,782.3,--
2025/9/4 23:25,24.1,64,16.3,93,15.1,16.3,0.0,1.8,323,951.5,1021.3,0.0,0,0.0,0.0,0.0,1.0,1.0,782.3,--
2025/9/4 23:26,24.1,64,16.2,93,15.0,16.2,0.0,0.0,305,951.3,1021.1,0.0,0,0.0,0.0,0.0,1.0,1.0,782.3,--
2025/9/4 23:27,24.1,64,16.2,94,15.1,16.2,0.0,1.8,265,951.5,1021.3,0.0,0,0.0,0.0,0.0,1.0,1.0,782.3,--
2025/9/4 23:28,24.1,64,16.3,93,15.1,16.3,0.0,2.2,88,951.5,1021.3,0.0,0,0.0,0.0,0.0,1.0,1.0,782.3,--
2025/9/4 23:29,24.1,64,16.2,93,15.0,16.2,0.0,1.8,233,951.6,1021.4,0.0,0,0.0,0.0,0.0,1.0,1.0,782.3,--
2025/9/4 23:30,24.1,65,16.2,93,15.0,16.2,0.0,0.0,296,951.5,1021.3,0.0,0,0.0,0.0,0.0,1.0,1.0,782.3,--
2025/9/4 23:31,24.1,64,16.2,93,15.0,16.2,0.0,1.8,342,951.4,1021.2,0.0,0,0.0,0.0,0.0,1.0,1.0,782.3,--
2025/9/4 23:32,24.1,64,16.2,94,15.1,16.2,2.5,3.2,43,951.3,1021.1,0.0,0,0.0,0.0,0.0,1.0,1.0,782.3,--
2025/9/4 23:33,24.1,64,16.2,94,15.1,16.2,0.0,1.8,8,951.3,1021.1,0.0,0,0.0,0.0,0.0,1.0,1.0,782.3,--
2025/9/4 23:34,24.1,65,16.2,93,15.0,16.2,1.8,1.8,357,951.5,1021.3,0.0,0,0.0,0.0,0.0,1.0,1.0,782.3,--
2025/9/4 23:35,24.1,64,16.2,94,15.1,16.2,0.0,1.8,345,951.6,1021.4,0.0,0,0.0,0.0,0.0,1.0,1.0,782.3,--
2025/9/4 23:36,24.1,64,16.2,94,15.1,16.2,0.0,2.2,346,951.5,1021.3,0.0,0,0.0,0.0,0.0,1.0,1.0,782.3,--
2025/9/4 23:37,24.1,64,16.2,94,15.1,16.2,0.0,1.8,263,951.4,1021.2,0.0,0,0.0,0.0,0.0,1.0,1.0,782.3,--
2025/9/4 23:38,24.1,64,16.1,94,15.0,16.1,0.0,1.8,278,951.4,1021.2,0.0,0,0.0,0.0,0.0,1.0,1.0,782.3,--
2025/9/4 23:39,24.1,64,16.1,94,15.0,16.1,1.8,2.2,331,951.3,1021.1,0.0,0,0.0,0.0,0.0,1.0,1.0,782.3,--
2025/9/4 23:40,24.1,64,16.1,94,15.0,16.1,1.8,2.2,336,951.5,1021.3,0.0,0,0.0,0.0,0.0,1.0,1.0,782.3,--
2025/9/4 23:41,24.1,64,16.1,94,15.0,16.1,2.5,2.5,6,951.5,1021.3,0.0,0,0.0,0.0,0.0,1.0,1.0,782.3,--
2025/9/4 23:42,24.1,64,16.1,94,15.0,16.1,2.5,4.0,20,951.5,1021.3,0.0,0,0.0,0.0,0.0,1.0,1.0,782.3,--
2025/9/4 23:43,24.1,64,16.1,94,15.0,16.1,1.8,2.2,351,951.6,1021.4,0.0,0,0.0,0.0,0.0,1.0,1.0,782.3,--
2025/9/4 23:44,24.1,64,16.1,94,15.0,16.1,0.0,1.8,11,951.4,1021.2,0.0,0,0.0,0.0,0.0,1.0,1.0,782.3,--
2025/9/4 23:45,24.2,64,16.1,94,15.0,16.1,0.0,2.9,5,951.5,1021.3,0.0,0,0.0,0.0,0.0,1.0,1.0,782.3,--
2025/9/4 23:46,24.2,64,16.1,94,15.0,16.1,0.0,2.2,344,951.6,1021.4,0.0,0,0.0,0.0,0.0,1.0,1.0,782.3,--
2025/9/4 23:47,24.2,64,16.1,94,15.0,16.1,1.8,2.5,327,951.6,1021.4,0.0,0,0.0,0.0,0.0,1.0,1.0,782.3,--
2025/9/4 23:48,24.1,64,16.1,94,15.0,16.1,2.2,2.2,300,951.4,1021.2,0.0,0,0.0,0.0,0.0,1.0,1.0,782.3,--
2025/9/4 23:49,24.1,64,16.1,94,15.0,16.1,0.0,3.2,244,951.6,1021.4,0.0,0,0.0,0.0,0.0,1.0,1.0,782.3,--
2025/9/4 23:50,24.1,65,16.1,94,15.0,16.1,2.5,2.5,318,951.5,1021.3,0.0,0,0.0,0.0,0.0,1.0,1.0,782.3,--
2025/9/4 23:51,24.1,64,16.1,94,15.0,16.1,1.8,2.2,341,951.4,1021.2,0.0,0,0.0,0.0,0.0,1.0,1.0,782.3,--
2025/9/4 23:52,24.1,64,16.1,94,15.0,16.1,1.8,1.8,320,951.5,1021.3,0.0,0,0.0,0.0,0.0,1.0,1.0,782.3,--
2025/9/4 23:53,24.1,64,16.1,94,15.0,16.1,0.0,3.2,281,951.4,1021.2,0.0,0,0.0,0.0,0.0,1.0,1.0,782.3,--
2025/9/4 23:54,24.1,64,16.1,93,14.9,16.1,1.8,2.5,346,951.6,1021.4,0.0,0,0.0,0.0,0.0,1.0,1.0,782.3,--
2025/9/4 23:55,24.1,65,16.0,94,15.0,16.0,1.8,2.9,305,951.4,1021.2,0.0,0,0.0,0.0,0.0,1.0,1.0,782.3,--
2025/9/4 23:56,24.1,65,16.0,94,15.0,16.0,0.0,2.5,28,951.4,1021.2,0.0,0,0.0,0.0,0.0,1.0,1.0,782.3,--
2025/9/4 23:57,24.1,65,16.0,94,15.0,16.0,2.9,2.9,330,951.5,1021.3,0.0,0,0.0,0.0,0.0,1.0,1.0,782.3,--
2025/9/4 23:58,24.1,64,15.9,94,14.9,15.9,3.2,3.2,17,951.4,1021.2,0.0,0,0.0,0.0,0.0,1.0,1.0,782.3,--
2025/9/4 23:59,24.1,65,15.9,94,14.9,15.9,2.2,2.5,333,951.5,1021.3,0.0,0,0.0,0.0,0.0,1.0,1.0,782.3,--
2025/9/4 23:59,24.1,65,15.9,94,14.9,15.9,2.2,2.5,313,951.4,1021.2,0.0,0,0.0,0.0,0.0,1.0,1.0,782.3,--
2025/9/5 0:00,24.1,65,15.9,94,14.9,15.9,2.2,2.5,313,951.4,1021.2,0.0,0,0.0,0.0,0.0,1.0,1.0,782.3,--
2025/9/5 0:01,24.1,65,15.9,94,14.9,15.9,0.0,2.5,295,951.3,1021.1,0.0,0,0.0,0.0,0.0,1.0,1.0,782.3,--
2025/9/5 0:02,24.1,64,15.9,94,14.9,15.9,2.2,2.5,274,951.3,1021.1,0.0,0,0.0,0.0,0.0,1.0,1.0,782.3,--
2025/9/5 0:03,24.1,65,15.9,94,14.9,15.9,0.0,2.5,334,951.3,1021.1,0.0,0,0.0,0.0,0.0,1.0,1.0,782.3,--
2025/9/5 0:04,24.1,65,15.9,94,14.9,15.9,1.8,2.5,327,951.5,1021.3,0.0,0,0.0,0.0,0.0,1.0,1.0,782.3,--
2025/9/5 0:05,24.1,65,15.9,94,14.9,15.9,1.8,2.5,324,951.3,1021.1,0.0,0,0.0,0.0,0.0,1.0,1.0,782.3,--
2025/9/5 0:06,24.1,64,15.9,94,14.9,15.9,2.2,3.6,13,951.4,1021.2,0.0,0,0.0,0.0,0.0,1.0,1.0,782.3,--
2025/9/5 0:07,24.1,65,15.9,94,14.9,15.9,2.5,2.5,356,951.3,1021.1,0.0,0,0.0,0.0,0.0,1.0,1.0,782.3,--
2025/9/5 0:08,24.0,65,15.9,94,14.9,15.9,2.5,3.2,14,951.5,1021.3,0.0,0,0.0,0.0,0.0,1.0,1.0,782.3,--
2025/9/5 0:09,24.0,65,15.9,94,14.9,15.9,2.2,2.9,12,951.4,1021.2,0.0,0,0.0,0.0,0.0,1.0,1.0,782.3,--
2025/9/5 0:10,24.0,64,15.9,94,14.9,15.9,3.2,4.0,7,951.3,1021.1,0.0,0,0.0,0.0,0.0,1.0,1.0,782.3,--
2025/9/5 0:11,24.1,64,15.9,94,14.9,15.9,1.8,2.5,23,951.3,1021.1,0.0,0,0.0,0.0,0.0,1.0,1.0,782.3,--
2025/9/5 0:12,24.1,65,15.9,94,14.9,15.9,0.0,2.2,296,951.5,1021.3,0.0,0,0.0,0.0,0.0,1.0,1.0,782.3,--
2025/9/5 0:13,24.1,65,15.8,94,14.8,15.8,1.8,2.5,324,951.3,1021.1,0.0,0,0.0,0.0,0.0,1.0,1.0,782.3,--
2025/9/5 0:14,24.1,65,15.9,94,14.9,15.9,2.2,4.0,276,951.4,1021.2,0.0,0,0.0,0.0,0.0,1.0,1.0,782.3,--
2025/9/5 0:15,24.1,65,15.9,94,14.9,15.9,0.0,2.9,314,951.3,1021.1,0.0,0,0.0,0.0,0.0,1.0,1.0,782.3,--
2025/9/5 0:16,24.1,65,15.9,94,14.9,15.9,2.2,2.9,349,951.2,1021.0,0.0,0,0.0,0.0,0.0,1.0,1.0,782.3,--
2025/9/5 0:17,24.1,65,15.9,94,14.9,15.9,1.8,3.6,3,951.4,1021.2,0.0,0,0.0,0.0,0.0,1.0,1.0,782.3,--
2025/9/5 0:18,24.1,64,15.9,94,14.9,15.9,3.6,4.0,1,951.3,1021.1,0.0,0,0.0,0.0,0.0,1.0,1.0,782.3,--
2025/9/5 0:19,24.1,65,15.9,94,14.9,15.9,1.8,3.2,359,951.4,1021.2,0.0,0,0.0,0.0,0.0,1.0,1.0,782.3,--
2025/9/5 0:20,24.1,65,15.8,94,14.8,15.8,0.0,2.5,300,951.4,1021.2,0.0,0,0.0,0.0,0.0,1.0,1.0,782.3,--
2025/9/5 0:21,24.1,66,15.8,94,14.8,15.8,0.0,2.9,345,951.5,1021.3,0.0,0,0.0,0.0,0.0,1.0,1.0,782.3,--
2025/9/5 0:22,24.0,65,15.8,94,14.8,15.8,0.0,2.5,4,951.4,1021.2,0.0,0,0.0,0.0,0.0,1.0,1.0,782.3,--
2025/9/5 0:23,24.1,66,15.8,94,14.8,15.8,0.0,2.2,32,951.4,1021.2,0.0,0,0.0,0.0,0.0,1.0,1.0,782.3,--
2025/9/5 0:24,24.0,66,15.7,94,14.7,15.7,0.0,0.0,283,951.5,1021.3,0.0,0,0.0,0.0,0.0,1.0,1.0,782.3,--
2025/9/5 0:25,24.1,65,15.7,94,14.7,15.7,0.0,2.2,280,951.6,1021.4,0.0,0,0.0,0.0,0.0,1.0,1.0,782.3,--
2025/9/5 0:26,24.0,65,15.6,94,14.6,15.6,0.0,0.0,59,951.4,1021.2,0.0,0,0.0,0.0,0.0,1.0,1.0,782.3,--
2025/9/5 0:27,24.0,65,15.6,94,14.6,15.6,0.0,1.8,23,951.5,1021.3,0.0,0,0.0,0.0,0.0,1.0,1.0,782.3,--
2025/9/5 0:28,24.0,66,15.6,95,14.8,15.6,3.2,4.0,302,951.5,1021.3,0.0,0,0.0,0.0,0.0,1.0,1.0,782.3,--
2025/9/5 0:29,24.0,66,15.7,95,14.9,15.7,2.9,2.9,263,951.4,1021.2,0.0,0,0.0,0.0,0.0,1.0,1.0,782.3,--
2025/9/5 0:30,24.0,65,15.7,95,14.9,15.7,2.9,2.9,259,951.5,1021.3,0.0,0,0.0,0.0,0.0,1.0,1.0,782.3,--
2025/9/5 0:31,24.1,65,15.8,94,14.8,15.8,0.0,2.2,0,951.4,1021.2,0.0,0,0.0,0.0,0.0,1.0,1.0,782.3,--
2025/9/5 0:32,24.1,66,15.9,94,14.9,15.9,2.5,3.6,354,951.6,1021.4,0.0,0,0.0,0.0,0.0,1.0,1.0,782.3,--
2025/9/5 0:33,24.0,65,15.9,94,14.9,15.9,4.0,4.0,14,951.5,1021.3,0.0,0,0.0,0.0,0.0,1.0,1.0,782.3,--
2025/9/5 0:34,24.0,65,15.9,93,14.7,15.9,0.0,3.6,58,951.5,1021.3,0.0,0,0.0,0.0,0.0,1.0,1.0,782.3,--
2025/9/5 0:35,24.0,65,15.9,93,14.7,15.9,4.3,4.3,357,951.5,1021.3,0.0,0,0.0,0.0,0.0,1.0,1.0,782.3,--
2025/9/5 0:36,24.0,65,15.9,94,14.9,15.9,3.2,4.0,1,951.3,1021.1,0.0,0,0.0,0.0,0.0,1.0,1.0,782.3,--
2025/9/5 0:37,24.0,65,15.9,94,14.9,15.9,1.8,2.9,1,951.4,1021.2,0.0,0,0.0,0.0,0.0,1.0,1.0,782.3,--
2025/9/5 0:38,24.0,65,15.9,94,14.9,15.9,2.5,3.2,21,951.5,1021.3,0.0,0,0.0,0.0,0.0,1.0,1.0,782.3,--
2025/9/5 0:39,24.0,65,15.8,94,14.8,15.8,1.8,4.0,292,951.5,1021.3,0.0,0,0.0,0.0,0.0,1.0,1.0,782.3,--
2025/9/5 0:40,24.0,66,15.8,93,14.6,15.8,2.5,3.6,4,951.5,1021.3,0.0,0,0.0,0.0,0.0,1.0,1.0,782.3,--
2025/9/5 0:41,24.0,66,15.7,93,14.5,15.7,3.2,4.0,293,951.4,1021.2,0.0,0,0.0,0.0,0.0,1.0,1.0,782.3,--
2025/9/5 0:42,24.1,66,15.7,94,14.7,15.7,2.5,2.9,291,951.5,1021.3,0.0,0,0.0,0.0,0.0,1.0,1.0,782.3,--
2025/9/5 0:43,24.0,66,15.7,93,14.5,15.7,1.8,3.6,323,951.5,1021.3,0.0,0,0.0,0.0,0.0,1.0,1.0,782.3,--
2025/9/5 0:44,24.0,66,15.6,93,14.4,15.6,1.8,2.9,329,951.4,1021.2,0.0,0,0.0,0.0,0.0,1.0,1.0,782.3,--
2025/9/5 0:45,24.0,66,15.7,93,14.5,15.7,0.0,5.4,356,951.5,1021.3,0.0,0,0.0,0.0,0.0,1.0,1.0,782.3,--
2025/9/5 0:46,24.0,65,15.7,93,14.5,15.7,4.3,4.7,2,951.5,1021.3,0.0,0,0.0,0.0,0.0,1.0,1.0,782.3,--
2025/9/5 0:47,24.0,66,15.8,92,14.5,15.8,3.2,4.7,352,951.6,1021.4,0.0,0,0.0,0.0,0.0,1.0,1.0,782.3,--
2025/9/5 0:48,24.0,66,15.8,92,14.5,15.8,2.2,4.3,19,951.5,1021.3,0.0,0,0.0,0.0,0.0,1.0,1.0,782.3,--
2025/9/5 0:49,24.0,66,15.8,92,14.5,15.8,1.8,2.9,13,951.4,1021.2,0.0,0,0.0,0.0,0.0,1.0,1.0,782.3,--
2025/9/5 0:50,24.0,66,15.7,93,14.5,15.7,2.5,3.6,345,951.5,1021.3,0.0,0,0.0,0.0,0.0,1.0,1.0,782.3,--
2025/9/5 0:51,24.0,66,15.7,93,14.5,15.7,1.8,4.7,10,951.5,1021.3,0.0,0,0.0,0.0,0.0,1.0,1.0,782.3,--
2025/9/5 0:52,24.0,66,15.6,93,14.4,15.6,5.4,5.8,6,951.5,1021.3,0.0,0,0.0,0.0,0.0,1.0,1.0,782.3,--
2025/9/5 0:53,24.1,66,15.6,93,14.4,15.6,4.0,5.4,8,951.6,1021.4,0.0,0,0.0,0.0,0.0,1.0,1.0,782.3,--
2025/9/5 0:54,24.1,66,15.6,93,14.4,15.6,1.8,5.4,26,951.6,1021.4,0.0,0,0.0,0.0,0.0,1.0,1.0,782.3,--
2025/9/5 0:55,24.1,66,15.5,93,14.3,15.5,4.7,5.4,359,951.5,1021.3,0.0,0,0.0,0.0,0.0,1.0,1.0,782.3,--
2025/9/5 0:56,24.1,66,15.4,93,14.2,15.4,2.9,2.9,333,951.6,1021.4,0.0,0,0.0,0.0,0.0,1.0,1.0,782.3,--
2025/9/5 0:57,24.1,66,15.4,93,14.2,15.4,3.6,3.6,352,951.6,1021.4,0.0,0,0.0,0.0,0.0,1.0,1.0,782.3,--
2025/9/5 0:58,24.1,66,15.3,93,14.1,15.3,3.2,4.0,353,951.5,1021.3,0.0,0,0.0,0.0,0.0,1.0,1.0,782.3,--
2025/9/5 0:59,24.1,66,15.3,93,14.1,15.3,2.5,2.9,11,951.6,1021.4,0.0,0,0.0,0.0,0.0,1.0,1.0,782.3,--
2025/9/5 1:00,24.0,66,15.2,93,14.0,15.2,0.0,4.0,359,951.5,1021.3,0.0,0,0.0,0.0,0.0,1.0,1.0,782.3,--
2025/9/5 1:01,24.1,66,15.2,93,14.0,15.2,3.2,3.6,356,951.4,1021.2,0.0,0,0.0,0.0,0.0,1.0,1.0,782.3,--
2025/9/5 1:02,24.1,66,15.2,93,14.0,15.2,0.0,2.9,324,951.7,1021.5,0.0,0,0.0,0.0,0.0,1.0,1.0,782.3,--
2025/9/5 1:03,24.1,66,15.2,93,14.0,15.2,1.8,2.5,1,951.4,1021.2,0.0,0,0.0,0.0,0.0,1.0,1.0,782.3,--
2025/9/5 1:04,24.1,66,15.3,94,14.3,15.3,0.0,2.5,19,951.4,1021.2,0.0,0,0.0,0.0,0.0,1.0,1.0,782.3,--
2025/9/5 1:05,24.1,66,15.3,93,14.1,15.3,0.0,3.2,14,951.4,1021.2,0.0,0,0.0,0.0,0.0,1.0,1.0,782.3,--
2025/9/5 1:06,24.1,66,15.3,93,14.1,15.3,2.2,2.5,20,951.4,1021.2,0.0,0,0.0,0.0,0.0,1.0,1.0,782.3,--
2025/9/5 1:07,24.1,66,15.3,93,14.1,15.3,3.2,4.0,11,951.4,1021.2,0.0,0,0.0,0.0,0.0,1.0,1.0,782.3,--
2025/9/5 1:08,24.1,66,15.3,93,14.1,15.3,4.0,4.0,22,951.5,1021.3,0.0,0,0.0,0.0,0.0,1.0,1.0,782.3,--
2025/9/5 1:09,24.1,66,15.2,93,14.0,15.2,2.2,2.5,331,951.6,1021.4,0.0,0,0.0,0.0,0.0,1.0,1.0,782.3,--
2025/9/5 1:10,24.1,66,15.2,93,14.0,15.2,0.0,2.5,338,951.6,1021.4,0.0,0,0.0,0.0,0.0,1.0,1.0,782.3,--
2025/9/5 1:11,24.1,66,15.2,93,14.0,15.2,1.8,4.0,327,951.5,1021.3,0.0,0,0.0,0.0,0.0,1.0,1.0,782.3,--
2025/9/5 1:12,24.1,66,15.2,93,14.0,15.2,2.2,4.0,348,951.4,1021.2,0.0,0,0.0,0.0,0.0,1.0,1.0,782.3,--
2025/9/5 1:13,24.1,66,15.2,93,14.0,15.2,3.6,5.4,13,951.5,1021.3,0.0,0,0.0,0.0,0.0,1.0,1.0,782.3,--
2025/9/5 1:14,24.1,65,15.3,93,14.1,15.3,2.9,5.4,20,951.7,1021.5,0.0,0,0.0,0.0,0.0,1.0,1.0,782.3,--
2025/9/5 1:15,24.1,66,15.3,92,14.0,15.3,1.8,4.3,15,951.4,1021.2,0.0,0,0.0,0.0,0.0,1.0,1.0,782.3,--
2025/9/5 1:16,24.1,66,15.3,92,14.0,15.3,0.0,2.2,22,951.5,1021.3,0.0,0,0.0,0.0,0.0,1.0,1.0,782.3,--
2025/9/5 1:17,24.1,66,15.2,92,13.9,15.2,0.0,2.5,349,951.4,1021.2,0.0,0,0.0,0.0,0.0,1.0,1.0,782.3,--
2025/9/5 1:18,24.1,66,15.2,92,13.9,15.2,0.0,1.8,112,951.5,1021.3,0.0,0,0.0,0.0,0.0,1.0,1.0,782.3,--
2025/9/5 1:19,24.1,66,15.2,93,14.0,15.2,0.0,3.6,64,951.6,1021.4,0.0,0,0.0,0.0,0.0,1.0,1.0,782.3,--
2025/9/5 1:20,24.1,66,15.1,93,13.9,15.1,0.0,2.9,3,951.5,1021.3,0.0,0,0.0,0.0,0.0,1.0,1.0,782.3,--
2025/9/5 1:21,24.1,66,15.1,93,13.9,15.1,1.8,4.0,17,951.6,1021.4,0.0,0,0.0,0.0,0.0,1.0,1.0,782.3,--
2025/9/5 1:22,24.1,66,15.0,93,13.9,15.0,3.6,4.3,0,951.5,1021.3,0.0,0,0.0,0.0,0.0,1.0,1.0,782.3,--
2025/9/5 1:23,24.1,66,15.0,93,13.9,15.0,2.2,4.0,14,951.4,1021.2,0.0,0,0.0,0.0,0.0,1.0,1.0,782.3,--
2025/9/5 1:24,24.1,66,15.0,93,13.9,15.0,4.3,4.3,26,951.6,1021.4,0.0,0,0.0,0.0,0.0,1.0,1.0,782.3,--
2025/9/5 1:25,24.1,66,15.0,93,13.9,15.0,0.0,0.0,354,951.6,1021.4,0.0,0,0.0,0.0,0.0,1.0,1.0,782.3,--
2025/9/5 1:26,24.1,66,14.9,93,13.8,14.9,0.0,3.6,0,951.4,1021.2,0.0,0,0.0,0.0,0.0,1.0,1.0,782.3,--
2025/9/5 1:27,24.1,66,14.9,93,13.8,14.9,0.0,1.8,4,951.6,1021.4,0.0,0,0.0,0.0,0.0,1.0,1.0,782.3,--
2025/9/5 1:28,24.1,66,14.9,93,13.8,14.9,1.8,2.5,12,951.4,1021.2,0.0,0,0.0,0.0,0.0,1.0,1.0,782.3,--
2025/9/5 1:29,24.1,66,14.9,93,13.8,14.9,2.5,3.2,343,951.5,1021.3,0.0,0,0.0,0.0,0.0,1.0,1.0,782.3,--
2025/9/5 1:30,24.1,66,14.9,93,13.8,14.9,0.0,2.9,9,951.4,1021.2,0.0,0,0.0,0.0,0.0,1.0,1.0,782.3,--
2025/9/5 1:31,24.1,66,14.9,93,13.8,14.9,3.2,3.2,32,951.5,1021.3,0.0,0,0.0,0.0,0.0,1.0,1.0,782.3,--
2025/9/5 1:32,24.1,66,14.9,93,13.8,14.9,0.0,4.0,10,951.5,1021.3,0.0,0,0.0,0.0,0.0,1.0,1.0,782.3,--
2025/9/5 1:33,24.1,66,14.8,93,13.7,14.8,1.8,2.9,15,951.4,1021.2,0.0,0,0.0,0.0,0.0,1.0,1.0,782.3,--
2025/9/5 1:34,24.1,66,14.8,93,13.7,14.8,2.9,3.2,4,951.5,1021.3,0.0,0,0.0,0.0,0.0,1.0,1.0,782.3,--
2025/9/5 1:35,24.1,66,14.8,94,13.8,14.8,1.8,2.2,313,951.4,1021.2,0.0,0,0.0,0.0,0.0,1.0,1.0,782.3,--
2025/9/5 1:36,24.1,65,14.9,93,13.8,14.9,0.0,2.5,6,951.5,1021.3,0.0,0,0.0,0.0,0.0,1.0,1.0,782.3,--
2025/9/5 1:37,24.0,65,14.8,93,13.7,14.8,0.0,0.0,336,951.4,1021.2,0.0,0,0.0,0.0,0.0,1.0,1.0,782.3,--
2025/9/5 1:38,24.1,65,14.8,94,13.8,14.8,2.9,2.9,9,951.3,1021.1,0.0,0,0.0,0.0,0.0,1.0,1.0,782.3,--
2025/9/5 1:39,24.1,66,14.8,94,13.8,14.8,0.0,4.7,9,951.3,1021.1,0.0,0,0.0,0.0,0.0,1.0,1.0,782.3,--
2025/9/5 1:40,24.1,65,14.8,93,13.7,14.8,1.8,4.0,325,951.5,1021.3,0.0,0,0.0,0.0,0.0,1.0,1.0,782.3,--
2025/9/5 1:41,24.1,65,14.8,94,13.8,14.8,2.5,2.5,353,951.3,1021.1,0.0,0,0.0,0.0,0.0,1.0,1.0,782.3,--
2025/9/5 1:42,24.1,65,14.8,93,13.7,14.8,0.0,4.0,303,951.5,1021.3,0.0,0,0.0,0.0,0.0,1.0,1.0,782.3,--
2025/9/5 1:43,24.1,66,14.8,93,13.7,14.8,1.8,3.6,348,951.3,1021.1,0.0,0,0.0,0.0,0.0,1.0,1.0,782.3,--
2025/9/5 1:44,24.1,66,14.8,93,13.7,14.8,0.0,5.0,15,951.4,1021.2,0.0,0,0.0,0.0,0.0,1.0,1.0,782.3,--
2025/9/5 1:45,24.1,66,14.8,93,13.7,14.8,2.9,3.6,18,951.4,1021.2,0.0,0,0.0,0.0,0.0,1.0,1.0,782.3,--
2025/9/5 1:46,24.1,65,14.8,93,13.7,14.8,2.5,3.6,296,951.4,1021.2,0.0,0,0.0,0.0,0.0,1.0,1.0,782.3,--
2025/9/5 1:47,24.1,65,14.9,93,13.8,14.9,2.5,3.6,334,951.4,1021.2,0.0,0,0.0,0.0,0.0,1.0,1.0,782.3,--
2025/9/5 1:48,24.1,65,14.9,93,13.8,14.9,2.5,2.9,340,951.5,1021.3,0.0,0,0.0,0.0,0.0,1.0,1.0,782.3,--
2025/9/5 1:49,24.1,65,14.9,93,13.8,14.9,2.5,2.9,10,951.6,1021.4,0.0,0,0.0,0.0,0.0,1.0,1.0,782.3,--
2025/9/5 1:50,24.1,65,14.8,93,13.7,14.8,2.9,4.7,349,951.3,1021.1,0.0,0,0.0,0.0,0.0,1.0,1.0,782.3,--
2025/9/5 1:51,24.1,65,14.8,93,13.7,14.8,2.5,5.4,356,951.3,1021.1,0.0,0,0.0,0.0,0.0,1.0,1.0,782.3,--
2025/9/5 1:52,24.1,65,14.8,93,13.7,14.8,2.9,6.1,25,951.3,1021.1,0.0,0,0.0,0.0,0.0,1.0,1.0,782.3,--
2025/9/5 1:53,24.1,65,14.8,93,13.7,14.8,0.0,2.5,355,951.3,1021.1,0.0,0,0.0,0.0,0.0,1.0,1.0,782.3,--
2025/9/5 1:54,24.1,65,14.8,93,13.7,14.8,2.5,2.5,4,951.3,1021.1,0.0,0,0.0,0.0,0.0,1.0,1.0,782.3,--
2025/9/5 1:55,24.1,65,14.7,93,13.6,14.7,0.0,2.9,350,951.4,1021.2,0.0,0,0.0,0.0,0.0,1.0,1.0,782.3,--
2025/9/5 1:56,24.1,65,14.7,93,13.6,14.7,0.0,3.2,330,951.4,1021.2,0.0,0,0.0,0.0,0.0,1.0,1.0,782.3,--
2025/9/5 1:57,24.1,65,14.7,93,13.6,14.7,3.2,3.2,37,951.5,1021.3,0.0,0,0.0,0.0,0.0,1.0,1.0,782.3,--
2025/9/5 1:58,24.1,65,14.7,93,13.6,14.7,4.0,6.1,11,951.4,1021.2,0.0,0,0.0,0.0,0.0,1.0,1.0,782.3,--
2025/9/5 1:59,24.1,65,14.6,93,13.5,14.6,2.5,4.0,29,951.3,1021.1,0.0,0,0.0,0.0,0.0,1.0,1.0,782.3,--
2025/9/5 2:00,24.1,65,14.6,94,13.6,14.6,1.8,3.6,37,951.4,1021.2,0.0,0,0.0,0.0,0.0,1.0,1.0,782.3,--
2025/9/5 2:01,24.1,65,14.6,94,13.6,14.6,1.8,4.0,9,951.4,1021.2,0.0,0,0.0,0.0,0.0,1.0,1.0,782.3,--
2025/9/5 2:02,24.1,65,14.6,94,13.6,14.6,2.9,3.6,15,951.3,1021.1,0.0,0,0.0,0.0,0.0,1.0,1.0,782.3,--
2025/9/5 2:03,24.1,65,14.6,94,13.6,14.6,2.2,2.9,51,951.2,1021.0,0.0,0,0.0,0.0,0.0,1.0,1.0,782.3,--
2025/9/5 2:04,24.1,65,14.5,94,13.5,14.5,2.2,3.6,27,951.4,1021.2,0.0,0,0.0,0.0,0.0,1.0,1.0,782.3,--
2025/9/5 2:05,24.1,65,14.5,94,13.5,14.5,3.6,4.3,28,951.3,1021.1,0.0,0,0.0,0.0,0.0,1.0,1.0,782.3,--
2025/9/5 2:06,24.1,65,14.6,94,13.6,14.6,2.9,4.7,19,951.4,1021.2,0.0,0,0.0,0.0,0.0,1.0,1.0,782.3,--
2025/9/5 2:07,24.1,65,14.7,94,13.7,14.7,0.0,2.9,339,951.5,1021.3,0.0,0,0.0,0.0,0.0,1.0,1.0,782.3,--
2025/9/5 2:08,24.1,65,14.6,94,13.6,14.6,0.0,2.5,324,951.3,1021.1,0.0,0,0.0,0.0,0.0,1.0,1.0,782.3,--
2025/9/5 2:09,24.1,65,14.5,94,13.5,14.5,1.8,2.2,312,951.3,1021.1,0.0,0,0.0,0.0,0.0,1.0,1.0,782.3,--
2025/9/5 2:10,24.1,65,14.5,94,13.5,14.5,1.8,2.5,338,951.5,1021.3,0.0,0,0.0,0.0,0.0,1.0,1.0,782.3,--
2025/9/5 2:11,24.1,65,14.5,94,13.5,14.5,0.0,2.2,342,951.5,1021.3,0.0,0,0.0,0.0,0.0,1.0,1.0,782.3,--
2025/9/5 2:12,24.1,65,14.5,94,13.5,14.5,0.0,2.9,24,951.3,1021.1,0.0,0,0.0,0.0,0.0,1.0,1.0,782.3,--
2025/9/5 2:13,24.1,65,14.5,94,13.5,14.5,0.0,2.5,2,951.4,1021.2,0.0,0,0.0,0.0,0.0,1.0,1.0,782.3,--
2025/9/5 2:14,24.1,65,14.4,94,13.4,14.4,0.0,2.2,252,951.4,1021.2,0.0,0,0.0,0.0,0.0,1.0,1.0,782.3,--
2025/9/5 2:15,24.1,65,14.4,94,13.4,14.4,0.0,2.9,345,951.3,1021.1,0.0,0,0.0,0.0,0.0,1.0,1.0,782.3,--
2025/9/5 2:16,24.1,65,14.4,94,13.4,14.4,2.2,2.2,316,951.4,1021.2,0.0,0,0.0,0.0,0.0,1.0,1.0,782.3,--
2025/9/5 2:17,24.1,65,14.4,94,13.4,14.4,2.5,2.9,7,951.5,1021.3,0.0,0,0.0,0.0,0.0,1.0,1.0,782.3,--
2025/9/5 2:18,24.1,65,14.3,94,13.3,14.3,2.2,2.9,11,951.3,1021.1,0.0,0,0.0,0.0,0.0,1.0,1.0,782.3,--
2025/9/5 2:19,24.1,65,14.3,94,13.3,14.3,0.0,3.2,11,951.5,1021.3,0.0,0,0.0,0.0,0.0,1.0,1.0,782.3,--
2025/9/5 2:20,24.1,65,14.3,95,13.5,14.3,2.9,4.0,9,951.4,1021.2,0.0,0,0.0,0.0,0.0,1.0,1.0,782.3,--
2025/9/5 2:21,24.1,65,14.3,95,13.5,14.3,1.8,3.2,0,951.2,1021.0,0.0,0,0.0,0.0,0.0,1.0,1.0,782.3,--
2025/9/5 2:22,24.1,65,14.2,95,13.4,14.2,0.0,1.8,23,951.4,1021.2,0.0,0,0.0,0.0,0.0,1.0,1.0,782.3,--
2025/9/5 2:23,24.1,65,14.2,95,13.4,14.2,2.2,2.2,351,951.4,1021.2,0.0,0,0.0,0.0,0.0,1.0,1.0,782.3,--
2025/9/5 2:24,24.1,65,14.3,95,13.5,14.3,2.2,2.9,8,951.4,1021.2,0.0,0,0.0,0.0,0.0,1.0,1.0,782.3,--
2025/9/5 2:25,24.1,65,14.3,95,13.5,14.3,0.0,2.5,340,951.4,1021.2,0.0,0,0.0,0.0,0.0,1.0,1.0,782.3,--
2025/9/5 2:26,24.1,65,14.3,95,13.5,14.3,0.0,1.8,1,951.2,1021.0,0.0,0,0.0,0.0,0.0,1.0,1.0,782.3,--
2025/9/5 2:27,24.1,65,14.3,95,13.5,14.3,0.0,2.5,320,951.4,1021.2,0.0,0,0.0,0.0,0.0,1.0,1.0,782.3,--
2025/9/5 2:28,24.1,65,14.3,95,13.5,14.3,0.0,2.2,9,951.4,1021.2,0.0,0,0.0,0.0,0.0,1.0,1.0,782.3,--
2025/9/5 2:29,24.1,65,14.3,95,13.5,14.3,2.5,3.2,29,951.3,1021.1,0.0,0,0.0,0.0,0.0,1.0,1.0,782.3,--
2025/9/5 2:30,24.1,65,14.3,95,13.5,14.3,2.9,3.2,18,951.4,1021.2,0.0,0,0.0,0.0,0.0,1.0,1.0,782.3,--
2025/9/5 2:31,24.1,65,14.3,95,13.5,14.3,1.8,2.2,339,951.2,1021.0,0.0,0,0.0,0.0,0.0,1.0,1.0,782.3,--
2025/9/5 2:32,24.1,65,14.3,95,13.5,14.3,0.0,3.2,1,951.2,1021.0,0.0,0,0.0,0.0,0.0,1.0,1.0,782.3,--
2025/9/5 2:33,24.1,65,14.3,95,13.5,14.3,0.0,2.5,20,951.4,1021.2,0.0,0,0.0,0.0,0.0,1.0,1.0,782.3,--
2025/9/5 2:34,24.1,65,14.3,95,13.5,14.3,0.0,1.8,329,951.2,1021.0,0.0,0,0.0,0.0,0.0,1.0,1.0,782.3,--
2025/9/5 2:35,24.1,65,14.3,95,13.5,14.3,0.0,2.5,25,951.2,1021.0,0.0,0,0.0,0.0,0.0,1.0,1.0,782.3,--
2025/9/5 2:36,24.1,65,14.3,95,13.5,14.3,0.0,3.2,21,951.3,1021.1,0.0,0,0.0,0.0,0.0,1.0,1.0,782.3,--
2025/9/5 2:37,24.1,65,14.3,95,13.5,14.3,1.8,2.9,72,951.2,1021.0,0.0,0,0.0,0.0,0.0,1.0,1.0,782.3,--
2025/9/5 2:38,24.1,65,14.3,95,13.5,14.3,0.0,2.2,6,951.3,1021.1,0.0,0,0.0,0.0,0.0,1.0,1.0,782.3,--
2025/9/5 2:39,24.1,65,14.3,95,13.5,14.3,0.0,3.6,3,951.4,1021.2,0.0,0,0.0,0.0,0.0,1.0,1.0,782.3,--
2025/9/5 2:40,24.1,65,14.4,95,13.6,14.4,1.8,4.0,34,951.3,1021.1,0.0,0,0.0,0.0,0.0,1.0,1.0,782.3,--
2025/9/5 2:41,24.1,65,14.4,95,13.6,14.4,2.2,2.5,359,951.1,1020.9,0.0,0,0.0,0.0,0.0,1.0,1.0,782.3,--
2025/9/5 2:42,24.1,65,14.3,95,13.5,14.3,1.8,3.2,39,951.3,1021.1,0.0,0,0.0,0.0,0.0,1.0,1.0,782.3,--
2025/9/5 2:43,24.1,65,14.3,95,13.5,14.3,0.0,3.2,15,951.2,1021.0,0.0,0,0.0,0.0,0.0,1.0,1.0,782.3,--
2025/9/5 2:44,24.1,65,14.3,95,13.5,14.3,1.8,2.2,20,951.1,1020.9,0.0,0,0.0,0.0,0.0,1.0,1.0,782.3,--
2025/9/5 2:45,24.1,65,14.3,95,13.5,14.3,2.5,3.2,346,951.2,1021.0,0.0,0,0.0,0.0,0.0,1.0,1.0,782.3,--
2025/9/5 2:46,24.1,64,14.4,95,13.6,14.4,0.0,3.6,8,951.3,1021.1,0.0,0,0.0,0.0,0.0,1.0,1.0,782.3,--
2025/9/5 2:47,24.1,65,14.4,95,13.6,14.4,0.0,2.5,6,951.1,1020.9,0.0,0,0.0,0.0,0.0,1.0,1.0,782.3,--
2025/9/5 2:48,24.1,64,14.4,95,13.6,14.4,0.0,2.2,17,951.3,1021.1,0.0,0,0.0,0.0,0.0,1.0,1.0,782.3,--
2025/9/5 2:49,24.1,64,14.4,94,13.4,14.4,2.5,3.6,29,951.2,1021.0,0.0,0,0.0,0.0,0.0,1.0,1.0,782.3,--
2025/9/5 2:50,24.1,65,14.4,94,13.4,14.4,2.5,4.0,23,951.2,1021.0,0.0,0,0.0,0.0,0.0,1.0,1.0,782.3,--
2025/9/5 2:51,24.1,64,14.4,94,13.4,14.4,3.2,4.0,25,951.2,1021.0,0.0,0,0.0,0.0,0.0,1.0,1.0,782.3,--
2025/9/5 2:52,24.1,64,14.4,94,13.4,14.4,2.9,3.6,14,951.3,1021.1,0.0,0,0.0,0.0,0.0,1.0,1.0,782.3,--
2025/9/5 2:53,24.1,65,14.4,94,13.4,14.4,0.0,2.5,29,951.3,1021.1,0.0,0,0.0,0.0,0.0,1.0,1.0,782.3,--
2025/9/5 2:54,24.1,65,14.4,94,13.4,14.4,0.0,2.9,345,951.2,1021.0,0.0,0,0.0,0.0,0.0,1.0,1.0,782.3,--
2025/9/5 2:55,24.1,64,14.3,94,13.3,14.3,0.0,2.5,348,951.1,1020.9,0.0,0,0.0,0.0,0.0,1.0,1.0,782.3,--
2025/9/5 2:56,24.1,64,14.3,95,13.5,14.3,1.8,2.9,46,951.3,1021.1,0.0,0,0.0,0.0,0.0,1.0,1.0,782.3,--
2025/9/5 2:57,24.1,65,14.3,95,13.5,14.3,1.8,2.5,354,951.3,1021.1,0.0,0,0.0,0.0,0.0,1.0,1.0,782.3,--
2025/9/5 2:58,24.1,64,14.3,95,13.5,14.3,0.0,2.5,38,951.3,1021.1,0.0,0,0.0,0.0,0.0,1.0,1.0,782.3,--
2025/9/5 2:59,24.1,65,14.3,95,13.5,14.3,0.0,2.2,10,951.2,1021.0,0.0,0,0.0,0.0,0.0,1.0,1.0,782.3,--
2025/9/5 3:00,24.1,65,14.3,95,13.5,14.3,0.0,2.2,328,951.2,1021.0,0.0,0,0.0,0.0,0.0,1.0,1.0,782.3,--
2025/9/5 3:01,24.1,64,14.3,95,13.5,14.3,3.2,3.2,36,951.2,1021.0,0.0,0,0.0,0.0,0.0,1.0,1.0,782.3,--
2025/9/5 3:02,24.1,65,14.3,95,13.5,14.3,2.5,2.9,5,951.1,1020.9,0.0,0,0.0,0.0,0.0,1.0,1.0,782.3,--
2025/9/5 3:03,24.1,64,14.4,95,13.6,14.4,1.8,2.9,358,951.3,1021.1,0.0,0,0.0,0.0,0.0,1.0,1.0,782.3,--
2025/9/5 3:04,24.1,64,14.4,95,13.6,14.4,0.0,1.8,0,951.2,1021.0,0.0,0,0.0,0.0,0.0,1.0,1.0,782.3,--
2025/9/5 3:05,24.1,64,14.4,95,13.6,14.4,0.0,1.8,87,951.1,1020.9,0.0,0,0.0,0.0,0.0,1.0,1.0,782.3,--
2025/9/5 3:06,24.1,64,14.4,95,13.6,14.4,1.8,2.9,351,951.1,1020.9,0.0,0,0.0,0.0,0.0,1.0,1.0,782.3,--
2025/9/5 3:07,24.1,64,14.4,95,13.6,14.4,1.8,1.8,28,951.2,1021.0,0.0,0,0.0,0.0,0.0,1.0,1.0,782.3,--
2025/9/5 3:08,24.1,64,14.5,95,13.7,14.5,0.0,2.9,293,951.0,1020.8,0.0,0,0.0,0.0,0.0,1.0,1.0,782.3,--
2025/9/5 3:09,24.1,65,14.5,95,13.7,14.5,2.2,3.6,356,951.2,1021.0,0.0,0,0.0,0.0,0.0,1.0,1.0,782.3,--
2025/9/5 3:10,24.1,65,14.5,95,13.7,14.5,0.0,2.2,286,951.1,1020.9,0.0,0,0.0,0.0,0.0,1.0,1.0,782.3,--
2025/9/5 3:11,24.1,65,14.6,95,13.8,14.6,1.8,2.9,319,951.0,1020.8,0.0,0,0.0,0.0,0.0,1.0,1.0,782.3,--
2025/9/5 3:12,24.1,65,14.6,94,13.6,14.6,1.8,2.5,24,951.1,1020.9,0.0,0,0.0,0.0,0.0,1.0,1.0,782.3,--
2025/9/5 3:13,24.1,65,14.6,94,13.6,14.6,1.8,2.2,297,951.2,1021.0,0.0,0,0.0,0.0,0.0,1.0,1.0,782.3,--
2025/9/5 3:14,24.1,64,14.6,94,13.6,14.6,1.8,2.2,276,951.1,1020.9,0.0,0,0.0,0.0,0.0,1.0,1.0,782.3,--
2025/9/5 3:15,24.1,65,14.6,94,13.6,14.6,2.5,4.0,23,951.1,1020.9,0.0,0,0.0,0.0,0.0,1.0,1.0,782.3,--
2025/9/5 3:16,24.1,64,14.6,94,13.6,14.6,2.5,2.9,42,951.1,1020.9,0.0,0,0.0,0.0,0.0,1.0,1.0,782.3,--
2025/9/5 3:17,24.1,65,14.6,94,13.6,14.6,0.0,1.8,3,951.1,1020.9,0.0,0,0.0,0.0,0.0,1.0,1.0,782.3,--
2025/9/5 3:18,24.1,65,14.6,94,13.6,14.6,1.8,4.7,17,950.9,1020.7,0.0,0,0.0,0.0,0.0,1.0,1.0,782.3,--
2025/9/5 3:19,24.1,65,14.5,94,13.5,14.5,4.0,4.3,24,951.1,1020.9,0.0,0,0.0,0.0,0.0,1.0,1.0,782.3,--
2025/9/5 3:20,24.1,64,14.5,94,13.5,14.5,2.9,5.0,6,951.1,1020.9,0.0,0,0.0,0.0,0.0,1.0,1.0,782.3,--
2025/9/5 3:21,24.1,64,14.5,94,13.5,14.5,2.9,3.2,3,951.0,1020.8,0.0,0,0.0,0.0,0.0,1.0,1.0,782.3,--
2025/9/5 3:22,24.1,64,14.4,94,13.4,14.4,1.8,2.2,42,951.0,1020.8,0.0,0,0.0,0.0,0.0,1.0,1.0,782.3,--
2025/9/5 3:23,24.2,64,14.4,94,13.4,14.4,1.8,2.9,34,950.9,1020.7,0.0,0,0.0,0.0,0.0,1.0,1.0,782.3,--
2025/9/5 3:24,24.1,64,14.3,95,13.5,14.3,0.0,2.2,15,951.0,1020.8,0.0,0,0.0,0.0,0.0,1.0,1.0,782.3,--
2025/9/5 3:25,24.1,64,14.3,95,13.5,14.3,1.8,3.2,3,950.8,1020.6,0.0,0,0.0,0.0,0.0,1.0,1.0,782.3,--
2025/9/5 3:26,24.1,64,14.3,95,13.5,14.3,1.8,2.9,349,951.0,1020.8,0.0,0,0.0,0.0,0.0,1.0,1.0,782.3,--
2025/9/5 3:27,24.1,64,14.2,95,13.4,14.2,0.0,1.8,319,951.0,1020.8,0.0,0,0.0,0.0,0.0,1.0,1.0,782.3,--
2025/9/5 3:28,24.1,64,14.1,95,13.3,14.1,0.0,4.0,23,951.1,1020.9,0.0,0,0.0,0.0,0.0,1.0,1.0,782.3,--
2025/9/5 3:29,24.1,64,14.1,95,13.3,14.1,0.0,4.0,13,951.2,1021.0,0.0,0,0.0,0.0,0.0,1.0,1.0,782.3,--
2025/9/5 3:30,24.2,64,14.1,95,13.3,14.1,0.0,2.5,352,951.0,1020.8,0.0,0,0.0,0.0,0.0,1.0,1.0,782.3,--
2025/9/5 3:31,24.1,64,14.1,95,13.3,14.1,1.8,2.9,250,951.0,1020.8,0.0,0,0.0,0.0,0.0,1.0,1.0,782.3,--
2025/9/5 3:32,24.2,64,14.0,95,13.2,14.0,0.0,2.2,326,951.0,1020.8,0.0,0,0.0,0.0,0.0,1.0,1.0,782.3,--
2025/9/5 3:33,24.2,64,14.0,96,13.4,14.0,1.8,2.2,108,951.0,1020.8,0.0,0,0.0,0.0,0.0,1.0,1.0,782.3,--
2025/9/5 3:34,24.1,64,14.0,96,13.4,14.0,0.0,2.5,356,951.2,1021.0,0.0,0,0.0,0.0,0.0,1.0,1.0,782.3,--
2025/9/5 3:35,24.1,64,14.0,96,13.4,14.0,1.8,2.5,311,951.0,1020.8,0.0,0,0.0,0.0,0.0,1.0,1.0,782.3,--
2025/9/5 3:36,24.1,65,14.1,96,13.5,14.1,0.0,2.5,11,951.0,1020.8,0.0,0,0.0,0.0,0.0,1.0,1.0,782.3,--
2025/9/5 3:37,24.1,65,14.1,96,13.5,14.1,0.0,2.2,6,951.1,1020.9,0.0,0,0.0,0.0,0.0,1.0,1.0,782.3,--
2025/9/5 3:38,24.1,65,14.1,96,13.5,14.1,0.0,1.8,344,951.0,1020.8,0.0,0,0.0,0.0,0.0,1.0,1.0,782.3,--
2025/9/5 3:39,24.1,65,14.1,96,13.5,14.1,0.0,2.5,18,951.0,1020.8,0.0,0,0.0,0.0,0.0,1.0,1.0,782.3,--
2025/9/5 3:40,24.1,65,14.1,96,13.5,14.1,2.2,2.9,46,951.1,1020.9,0.0,0,0.0,0.0,0.0,1.0,1.0,782.3,--
2025/9/5 3:41,24.1,65,14.1,96,13.5,14.1,4.3,4.3,38,951.0,1020.8,0.0,0,0.0,0.0,0.0,1.0,1.0,782.3,--
2025/9/5 3:42,24.2,65,14.1,96,13.5,14.1,0.0,1.8,22,951.1,1020.9,0.0,0,0.0,0.0,0.0,1.0,1.0,782.3,--
2025/9/5 3:43,24.1,65,14.2,96,13.6,14.2,1.8,2.5,329,951.0,1020.8,0.0,0,0.0,0.0,0.0,1.0,1.0,782.3,--
2025/9/5 3:44,24.1,65,14.1,96,13.5,14.1,1.8,2.9,332,950.9,1020.7,0.0,0,0.0,0.0,0.0,1.0,1.0,782.3,--
2025/9/5 3:45,24.1,65,14.1,96,13.5,14.1,1.8,2.2,11,950.9,1020.7,0.0,0,0.0,0.0,0.0,1.0,1.0,782.3,--
2025/9/5 3:46,24.1,65,14.1,96,13.5,14.1,1.8,2.9,65,951.0,1020.8,0.0,0,0.0,0.0,0.0,1.0,1.0,782.3,--
2025/9/5 3:47,24.1,65,14.1,96,13.5,14.1,0.0,2.9,210,950.9,1020.7,0.0,0,0.0,0.0,0.0,1.0,1.0,782.3,--
2025/9/5 3:48,24.1,65,14.1,96,13.5,14.1,0.0,0.0,7,951.1,1020.9,0.0,0,0.0,0.0,0.0,1.0,1.0,782.3,--
2025/9/5 3:49,24.1,65,14.1,96,13.5,14.1,0.0,2.2,352,950.9,1020.7,0.0,0,0.0,0.0,0.0,1.0,1.0,782.3,--
2025/9/5 3:50,24.1,65,14.1,96,13.5,14.1,0.0,3.6,326,951.0,1020.8,0.0,0,0.0,0.0,0.0,1.0,1.0,782.3,--
2025/9/5 3:51,24.1,65,14.1,96,13.5,14.1,2.9,3.2,11,951.1,1020.9,0.0,0,0.0,0.0,0.0,1.0,1.0,782.3,--
2025/9/5 3:52,24.1,65,14.1,96,13.5,14.1,0.0,2.2,53,951.0,1020.8,0.0,0,0.0,0.0,0.0,1.0,1.0,782.3,--
2025/9/5 3:53,24.1,65,14.0,96,13.4,14.0,0.0,1.8,62,951.0,1020.8,0.0,0,0.0,0.0,0.0,1.0,1.0,782.3,--
2025/9/5 3:54,24.1,65,14.0,96,13.4,14.0,1.8,3.6,58,951.1,1020.9,0.0,0,0.0,0.0,0.0,1.0,1.0,782.3,--
2025/9/5 3:55,24.1,65,14.0,96,13.4,14.0,2.2,2.9,20,951.1,1020.9,0.0,0,0.0,0.0,0.0,1.0,1.0,782.3,--
2025/9/5 3:56,24.1,65,14.0,96,13.4,14.0,0.0,2.5,89,951.0,1020.8,0.0,0,0.0,0.0,0.0,1.0,1.0,782.3,--
2025/9/5 3:57,24.1,65,14.0,96,13.4,14.0,1.8,2.2,14,951.1,1020.9,0.0,0,0.0,0.0,0.0,1.0,1.0,782.3,--
2025/9/5 3:58,24.1,65,14.0,96,13.4,14.0,0.0,2.5,39,950.9,1020.7,0.0,0,0.0,0.0,0.0,1.0,1.0,782.3,--
2025/9/5 3:59,24.1,65,14.0,96,13.4,14.0,0.0,2.9,3,951.1,1020.9,0.0,0,0.0,0.0,0.0,1.0,1.0,782.3,--
2025/9/5 4:00,24.1,65,14.0,96,13.4,14.0,0.0,1.8,345,950.9,1020.7,0.0,0,0.0,0.0,0.0,1.0,1.0,782.3,--
2025/9/5 4:01,24.2,65,14.0,96,13.4,14.0,0.0,3.6,358,951.2,1021.0,0.0,0,0.0,0.0,0.0,1.0,1.0,782.3,--
2025/9/5 4:02,24.2,65,14.0,96,13.4,14.0,0.0,3.6,9,951.1,1020.9,0.0,0,0.0,0.0,0.0,1.0,1.0,782.3,--
2025/9/5 4:03,24.2,65,14.1,96,13.5,14.1,0.0,3.2,334,950.9,1020.7,0.0,0,0.0,0.0,0.0,1.0,1.0,782.3,--
2025/9/5 4:04,24.2,65,14.1,96,13.5,14.1,0.0,2.5,117,951.1,1020.9,0.0,0,0.0,0.0,0.0,1.0,1.0,782.3,--
2025/9/5 4:05,24.1,65,14.1,96,13.5,14.1,0.0,2.2,0,951.0,1020.8,0.0,0,0.0,0.0,0.0,1.0,1.0,782.3,--
2025/9/5 4:06,24.2,65,14.1,96,13.5,14.1,2.5,2.9,20,951.0,1020.8,0.0,0,0.0,0.0,0.0,1.0,1.0,782.3,--
2025/9/5 4:07,24.2,65,14.1,96,13.5,14.1,2.2,3.2,36,950.9,1020.7,0.0,0,0.0,0.0,0.0,1.0,1.0,782.3,--
2025/9/5 4:08,24.1,65,14.1,96,13.5,14.1,2.5,2.9,34,951.0,1020.8,0.0,0,0.0,0.0,0.0,1.0,1.0,782.3,--
2025/9/5 4:09,24.1,65,14.1,96,13.5,14.1,2.9,4.0,21,951.0,1020.8,0.0,0,0.0,0.0,0.0,1.0,1.0,782.3,--
2025/9/5 4:10,24.2,65,14.1,96,13.5,14.1,2.5,3.6,14,951.2,1021.0,0.0,0,0.0,0.0,0.0,1.0,1.0,782.3,--
2025/9/5 4:11,24.2,65,14.1,96,13.5,14.1,0.0,2.2,345,951.0,1020.8,0.0,0,0.0,0.0,0.0,1.0,1.0,782.3,--
2025/9/5 4:12,24.2,65,14.3,96,13.7,14.3,1.8,3.6,353,951.0,1020.8,0.0,0,0.0,0.0,0.0,1.0,1.0,782.3,--
2025/9/5 4:13,24.2,65,14.4,95,13.6,14.4,2.2,2.5,297,950.9,1020.7,0.0,0,0.0,0.0,0.0,1.0,1.0,782.3,--
2025/9/5 4:14,24.2,65,14.4,95,13.6,14.4,1.8,2.5,0,951.0,1020.8,0.0,0,0.0,0.0,0.0,1.0,1.0,782.3,--
2025/9/5 4:15,24.2,65,14.3,95,13.5,14.3,0.0,1.8,18,951.0,1020.8,0.0,0,0.0,0.0,0.0,1.0,1.0,782.3,--
2025/9/5 4:16,24.2,65,14.3,95,13.5,14.3,0.0,2.2,21,951.1,1020.9,0.0,0,0.0,0.0,0.0,1.0,1.0,782.3,--
2025/9/5 4:17,24.2,65,14.2,95,13.4,14.2,0.0,4.3,338,951.0,1020.8,0.0,0,0.0,0.0,0.0,1.0,1.0,782.3,--
2025/9/5 4:18,24.2,65,14.2,95,13.4,14.2,4.3,4.7,7,951.1,1020.9,0.0,0,0.0,0.0,0.0,1.0,1.0,782.3,--
2025/9/5 4:19,24.2,65,14.2,95,13.4,14.2,2.9,3.2,15,951.0,1020.8,0.0,0,0.0,0.0,0.0,1.0,1.0,782.3,--
2025/9/5 4:20,24.2,65,14.2,94,13.2,14.2,0.0,2.2,313,951.1,1020.9,0.0,0,0.0,0.0,0.0,1.0,1.0,782.3,--
2025/9/5 4:21,24.2,65,14.1,94,13.1,14.1,0.0,1.8,339,951.1,1020.9,0.0,0,0.0,0.0,0.0,1.0,1.0,782.3,--
2025/9/5 4:22,24.2,65,14.1,95,13.3,14.1,1.8,2.5,1,950.9,1020.7,0.0,0,0.0,0.0,0.0,1.0,1.0,782.3,--
2025/9/5 4:23,24.2,64,14.2,95,13.4,14.2,2.2,2.5,308,950.9,1020.7,0.0,0,0.0,0.0,0.0,1.0,1.0,782.3,--
2025/9/5 4:24,24.2,64,14.3,94,13.3,14.3,2.2,2.9,27,951.2,1021.0,0.0,0,0.0,0.0,0.0,1.0,1.0,782.3,--
2025/9/5 4:25,24.2,64,14.2,94,13.2,14.2,1.8,1.8,3,951.0,1020.8,0.0,0,0.0,0.0,0.0,1.0,1.0,782.3,--
2025/9/5 4:26,24.2,64,14.2,94,13.2,14.2,0.0,2.9,8,951.1,1020.9,0.0,0,0.0,0.0,0.0,1.0,1.0,782.3,--
2025/9/5 4:27,24.2,64,14.1,94,13.1,14.1,0.0,2.2,19,951.0,1020.8,0.0,0,0.0,0.0,0.0,1.0,1.0,782.3,--
2025/9/5 4:28,24.2,64,14.1,94,13.1,14.1,0.0,2.5,215,951.1,1020.9,0.0,0,0.0,0.0,0.0,1.0,1.0,782.3,--
2025/9/5 4:29,24.2,64,14.1,95,13.3,14.1,1.8,1.8,289,951.0,1020.8,0.0,0,0.0,0.0,0.0,1.0,1.0,782.3,--
2025/9/5 4:30,24.2,64,14.1,95,13.3,14.1,0.0,2.9,16,951.0,1020.8,0.0,0,0.0,0.0,0.0,1.0,1.0,782.3,--
2025/9/5 4:31,24.2,64,14.1,95,13.3,14.1,0.0,2.2,0,951.0,1020.8,0.0,0,0.0,0.0,0.0,1.0,1.0,782.3,--
2025/9/5 4:32,24.2,64,14.2,95,13.4,14.2,2.2,2.9,359,951.1,1020.9,0.0,0,0.0,0.0,0.0,1.0,1.0,782.3,--
2025/9/5 4:33,24.2,64,14.2,94,13.2,14.2,0.0,2.5,322,951.1,1020.9,0.0,0,0.0,0.0,0.0,1.0,1.0,782.3,--
2025/9/5 4:34,24.2,64,14.2,94,13.2,14.2,2.9,3.6,336,950.9,1020.7,0.0,0,0.0,0.0,0.0,1.0,1.0,782.3,--
2025/9/5 4:35,24.2,64,14.2,94,13.2,14.2,0.0,3.6,329,951.0,1020.8,0.0,0,0.0,0.0,0.0,1.0,1.0,782.3,--
2025/9/5 4:36,24.2,64,14.2,94,13.2,14.2,2.5,3.6,322,951.0,1020.8,0.0,0,0.0,0.0,0.0,1.0,1.0,782.3,--
2025/9/5 4:37,24.2,64,14.2,94,13.2,14.2,3.6,3.6,299,950.9,1020.7,0.0,0,0.0,0.0,0.0,1.0,1.0,782.3,--
2025/9/5 4:38,24.2,64,14.2,94,13.2,14.2,2.5,2.9,318,950.8,1020.6,0.0,0,0.0,0.0,0.0,1.0,1.0,782.3,--
2025/9/5 4:39,24.2,64,14.3,93,13.2,14.3,0.0,2.5,35,951.1,1020.9,0.0,0,0.0,0.0,0.0,1.0,1.0,782.3,--
2025/9/5 4:40,24.2,64,14.3,93,13.2,14.3,3.6,4.3,22,950.9,1020.7,0.0,0,0.0,0.0,0.0,1.0,1.0,782.3,--
2025/9/5 4:41,24.2,64,14.3,93,13.2,14.3,4.0,4.3,7,951.1,1020.9,0.0,0,0.0,0.0,0.0,1.0,1.0,782.3,--
2025/9/5 4:42,24.2,64,14.3,93,13.2,14.3,2.2,3.6,354,950.9,1020.7,0.0,0,0.0,0.0,0.0,1.0,1.0,782.3,--
2025/9/5 4:43,24.2,65,14.2,93,13.1,14.2,0.0,2.5,302,951.2,1021.0,0.0,0,0.0,0.0,0.0,1.0,1.0,782.3,--
2025/9/5 4:44,24.2,64,14.2,94,13.2,14.2,2.5,2.5,342,951.1,1020.9,0.0,0,0.0,0.0,0.0,1.0,1.0,782.3,--
2025/9/5 4:45,24.2,64,14.1,94,13.1,14.1,1.8,2.9,325,951.1,1020.9,0.0,0,0.0,0.0,0.0,1.0,1.0,782.3,--
2025/9/5 4:46,24.2,64,14.0,94,13.0,14.0,2.2,2.2,348,951.0,1020.8,0.0,0,0.0,0.0,0.0,1.0,1.0,782.3,--
2025/9/5 4:47,24.2,64,14.0,94,13.0,14.0,1.8,2.5,334,951.1,1020.9,0.0,0,0.0,0.0,0.0,1.0,1.0,782.3,--
2025/9/5 4:48,24.2,64,13.9,94,12.9,13.9,3.2,3.2,352,951.1,1020.9,0.0,0,0.0,0.0,0.0,1.0,1.0,782.3,--
2025/9/5 4:49,24.2,64,13.9,94,12.9,13.9,1.8,3.2,323,951.0,1020.8,0.0,0,0.0,0.0,0.0,1.0,1.0,782.3,--
2025/9/5 4:50,24.2,64,13.9,95,13.1,13.9,2.5,3.6,323,951.1,1020.9,0.0,0,0.0,0.0,0.0,1.0,1.0,782.3,--
2025/9/5 4:51,24.2,64,13.9,94,12.9,13.9,0.0,2.5,341,951.2,1021.0,0.0,0,0.0,0.0,0.0,1.0,1.0,782.3,--
2025/9/5 4:52,24.2,65,13.8,95,13.0,13.8,2.2,2.2,319,951.1,1020.9,0.0,0,0.0,0.0,0.0,1.0,1.0,782.3,--
2025/9/5 4:53,24.2,64,13.8,95,13.0,13.8,2.5,3.6,351,951.0,1020.8,0.0,0,0.0,0.0,0.0,1.0,1.0,782.3,--
2025/9/5 4:54,24.2,64,13.9,95,13.1,13.9,0.0,3.2,35,951.1,1020.9,0.0,0,0.0,0.0,0.0,1.0,1.0,782.3,--
2025/9/5 4:55,24.2,65,13.8,95,13.0,13.8,0.0,2.5,258,951.0,1020.8,0.0,0,0.0,0.0,0.0,1.0,1.0,782.3,--
2025/9/5 4:56,24.2,65,13.8,95,13.0,13.8,0.0,2.2,6,951.0,1020.8,0.0,0,0.0,0.0,0.0,1.0,1.0,782.3,--
2025/9/5 4:57,24.2,64,13.8,95,13.0,13.8,2.2,4.3,353,951.1,1020.9,0.0,0,0.0,0.0,0.0,1.0,1.0,782.3,--
2025/9/5 4:58,24.2,64,13.8,95,13.0,13.8,0.0,2.5,332,951.1,1020.9,0.0,0,0.0,0.0,0.0,1.0,1.0,782.3,--
2025/9/5 4:59,24.2,64,13.8,95,13.0,13.8,0.0,2.5,18,950.9,1020.7,0.0,0,0.0,0.0,0.0,1.0,1.0,782.3,--
2025/9/5 5:00,24.2,65,13.8,95,13.0,13.8,0.0,1.8,337,951.1,1020.9,0.0,0,0.0,0.0,0.0,1.0,1.0,782.3,--
2025/9/5 5:01,24.1,65,13.9,95,13.1,13.9,0.0,2.2,305,951.1,1020.9,0.0,0,0.0,0.0,0.0,1.0,1.0,782.3,--
2025/9/5 5:02,24.2,64,13.9,95,13.1,13.9,0.0,2.5,331,951.2,1021.0,0.0,0,0.0,0.0,0.0,1.0,1.0,782.3,--
2025/9/5 5:03,24.2,64,14.0,95,13.2,14.0,2.2,3.6,327,951.0,1020.8,0.0,0,0.0,0.0,0.0,1.0,1.0,782.3,--
2025/9/5 5:04,24.2,65,14.0,95,13.2,14.0,1.8,2.9,327,951.1,1020.9,0.0,0,0.0,0.0,0.0,1.0,1.0,782.3,--
2025/9/5 5:05,24.2,64,14.0,95,13.2,14.0,0.0,1.8,328,951.0,1020.8,0.0,0,0.0,0.0,0.0,1.0,1.0,782.3,--
2025/9/5 5:06,24.2,65,14.0,95,13.2,14.0,0.0,2.9,220,951.2,1021.0,0.0,0,0.0,0.0,0.0,1.0,1.0,782.3,--
2025/9/5 5:07,24.2,64,13.9,95,13.1,13.9,1.8,3.6,15,951.0,1020.8,0.0,0,0.0,0.0,0.0,1.0,1.0,782.3,--
2025/9/5 5:08,24.2,64,13.9,95,13.1,13.9,0.0,2.5,331,951.1,1020.9,0.0,0,0.0,0.0,0.0,1.0,1.0,782.3,--
2025/9/5 5:09,24.2,64,14.0,95,13.2,14.0,2.5,2.5,10,951.0,1020.8,0.0,0,0.0,0.0,0.0,1.0,1.0,782.3,--
2025/9/5 5:10,24.2,64,14.1,95,13.3,14.1,0.0,2.5,340,951.1,1020.9,0.0,0,0.0,0.0,0.0,1.0,1.0,782.3,--
2025/9/5 5:11,24.2,64,14.1,95,13.3,14.1,0.0,2.2,10,950.9,1020.7,0.0,0,0.0,0.0,0.0,1.0,1.0,782.3,--
2025/9/5 5:12,24.2,64,14.1,94,13.1,14.1,0.0,2.9,13,951.1,1020.9,0.0,0,0.0,0.0,0.0,1.0,1.0,782.3,--
2025/9/5 5:13,24.2,64,14.1,94,13.1,14.1,0.0,3.2,352,951.0,1020.8,0.0,0,0.0,0.0,0.0,1.0,1.0,782.3,--
2025/9/5 5:14,24.2,64,14.0,94,13.0,14.0,0.0,2.5,350,951.2,1021.0,0.0,0,0.0,0.0,0.0,1.0,1.0,782.3,--
2025/9/5 5:15,24.2,64,14.0,94,13.0,14.0,1.8,3.6,324,951.0,1020.8,0.0,0,0.0,0.0,0.0,1.0,1.0,782.3,--
2025/9/5 5:16,24.2,64,14.0,95,13.2,14.0,0.0,3.6,269,951.1,1020.9,0.0,0,0.0,0.0,0.0,1.0,1.0,782.3,--
2025/9/5 5:17,24.2,64,14.0,94,13.0,14.0,3.2,3.2,29,950.9,1020.7,0.0,0,0.0,0.0,0.0,1.0,1.0,782.3,--
2025/9/5 5:18,24.2,64,14.0,94,13.0,14.0,1.8,4.0,36,951.3,1021.1,0.0,0,0.0,0.0,0.0,1.0,1.0,782.3,--
2025/9/5 5:19,24.2,64,14.0,94,13.0,14.0,2.2,4.0,15,951.0,1020.8,0.0,0,0.0,0.0,0.0,1.0,1.0,782.3,--
2025/9/5 5:20,24.2,64,14.0,94,13.0,14.0,2.5,3.2,333,950.9,1020.7,0.0,0,0.0,0.0,0.0,1.0,1.0,782.3,--
2025/9/5 5:21,24.2,64,13.9,94,12.9,13.9,0.0,2.9,0,951.2,1021.0,0.0,0,0.0,0.0,0.0,1.0,1.0,782.3,--
2025/9/5 5:22,24.2,64,13.9,94,12.9,13.9,0.0,1.8,312,951.1,1020.9,0.0,0,0.0,0.0,0.0,1.0,1.0,782.3,--
2025/9/5 5:23,24.2,64,13.8,94,12.8,13.8,0.0,2.2,348,950.9,1020.7,0.0,0,0.0,0.0,0.0,1.0,1.0,782.3,--
2025/9/5 5:24,24.2,64,13.8,94,12.8,13.8,1.8,1.8,14,951.0,1020.8,0.0,0,0.0,0.0,0.0,1.0,1.0,782.3,--
2025/9/5 5:25,24.2,64,13.7,95,12.9,13.7,0.0,1.8,12,951.1,1020.9,0.0,0,0.0,0.0,0.0,1.0,1.0,782.3,--
2025/9/5 5:26,24.2,64,13.7,95,12.9,13.7,0.0,2.5,354,951.1,1020.9,0.0,0,0.0,0.0,0.0,1.0,1.0,782.3,--
2025/9/5 5:27,24.2,64,13.7,95,12.9,13.7,2.5,2.9,26,951.1,1020.9,0.0,0,0.0,0.0,0.0,1.0,1.0,782.3,--
2025/9/5 5:28,24.2,64,13.7,95,12.9,13.7,2.5,3.6,342,951.1,1020.9,0.0,0,0.0,0.0,0.0,1.0,1.0,782.3,--
2025/9/5 5:29,24.2,64,13.7,95,12.9,13.7,0.0,2.5,5,951.2,1021.0,0.0,0,0.0,0.0,0.0,1.0,1.0,782.3,--
2025/9/5 5:30,24.1,64,13.6,95,12.8,13.6,2.5,2.9,312,951.0,1020.8,0.0,0,0.0,0.0,0.0,1.0,1.0,782.3,--
2025/9/5 5:31,24.2,64,13.6,95,12.8,13.6,2.5,2.5,306,951.0,1020.8,0.0,0,0.0,0.0,0.0,1.0,1.0,782.3,--
2025/9/5 5:32,24.2,64,13.6,95,12.8,13.6,0.0,2.5,157,951.2,1021.0,0.0,0,0.0,0.0,0.0,1.0,1.0,782.3,--
2025/9/5 5:33,24.2,64,13.7,96,13.1,13.7,0.0,2.2,62,951.1,1020.9,0.0,0,0.0,0.0,0.0,1.0,1.0,782.3,--
2025/9/5 5:34,24.2,64,13.7,96,13.1,13.7,0.0,2.2,43,950.9,1020.7,0.0,0,0.0,0.0,0.0,1.0,1.0,782.3,--
2025/9/5 5:35,24.2,64,13.7,96,13.1,13.7,2.2,2.5,346,951.0,1020.8,0.0,0,0.0,0.0,0.0,1.0,1.0,782.3,--
2025/9/5 5:36,24.2,64,13.7,95,12.9,13.7,3.2,4.0,2,951.2,1021.0,0.0,0,0.0,0.0,0.0,1.0,1.0,782.3,--
2025/9/5 5:37,24.2,64,13.7,95,12.9,13.7,2.5,4.3,17,951.0,1020.8,0.0,0,0.0,0.0,0.0,1.0,1.0,782.3,--
2025/9/5 5:38,24.2,64,13.6,95,12.8,13.6,1.8,2.9,13,950.9,1020.7,0.0,0,0.0,0.0,0.0,1.0,1.0,782.3,--
2025/9/5 5:39,24.1,64,13.6,95,12.8,13.6,0.0,2.9,1,951.0,1020.8,0.0,0,0.0,0.0,0.0,1.0,1.0,782.3,--
2025/9/5 5:40,24.2,64,13.6,95,12.8,13.6,2.5,2.5,7,951.0,1020.8,0.0,0,0.0,0.0,0.0,1.0,1.0,782.3,--
2025/9/5 5:41,24.1,64,13.6,95,12.8,13.6,1.8,2.2,30,950.9,1020.7,0.0,0,0.0,0.0,0.0,1.0,1.0,782.3,--
2025/9/5 5:42,24.2,64,13.6,95,12.8,13.6,2.2,4.0,21,950.9,1020.7,0.0,0,0.0,0.0,0.0,1.0,1.0,782.3,--
2025/9/5 5:43,24.1,64,13.6,95,12.8,13.6,0.0,2.2,324,951.0,1020.8,0.0,0,0.0,0.0,0.0,1.0,1.0,782.3,--
2025/9/5 5:44,24.1,64,13.6,95,12.8,13.6,0.0,2.2,331,951.0,1020.8,0.0,0,0.0,0.0,0.0,1.0,1.0,782.3,--
2025/9/5 5:45,24.1,64,13.6,96,13.0,13.6,1.8,2.2,192,950.8,1020.6,0.0,0,0.0,0.0,0.0,1.0,1.0,782.3,--
2025/9/5 5:46,24.2,64,13.7,95,12.9,13.7,0.0,2.2,328,950.9,1020.7,0.0,0,0.0,0.0,0.0,1.0,1.0,782.3,--
2025/9/5 5:47,24.2,64,13.7,95,12.9,13.7,0.0,2.5,43,950.8,1020.6,0.0,0,0.0,0.0,0.0,1.0,1.0,782.3,--
2025/9/5 5:48,24.1,64,13.6,95,12.8,13.6,1.8,2.9,43,950.9,1020.7,0.0,0,0.0,0.0,0.0,1.0,1.0,782.3,--
2025/9/5 5:49,24.1,64,13.6,95,12.8,13.6,2.2,3.6,14,951.1,1020.9,0.0,0,0.0,0.0,0.0,1.0,1.0,782.3,--
2025/9/5 5:50,24.1,64,13.7,95,12.9,13.7,0.0,2.9,41,950.9,1020.7,0.0,0,0.0,0.0,0.0,1.0,1.0,782.3,--
2025/9/5 5:51,24.1,64,13.6,95,12.8,13.6,0.0,2.5,334,951.0,1020.8,0.0,0,0.0,0.0,0.0,1.0,1.0,782.3,--
2025/9/5 5:52,24.1,64,13.7,96,13.1,13.7,0.0,3.6,14,951.0,1020.8,0.0,0,0.0,0.0,0.0,1.0,1.0,782.3,--
2025/9/5 5:53,24.1,64,13.7,95,12.9,13.7,4.3,5.0,19,950.9,1020.7,0.0,0,0.0,0.0,0.0,1.0,1.0,782.3,--
2025/9/5 5:54,24.1,64,13.6,95,12.8,13.6,0.0,2.5,36,951.0,1020.8,0.0,0,0.0,0.0,0.0,1.0,1.0,782.3,--
2025/9/5 5:55,24.1,64,13.6,95,12.8,13.6,0.0,2.2,253,951.1,1020.9,0.0,0,0.0,0.0,0.0,1.0,1.0,782.3,--
2025/9/5 5:56,24.1,64,13.6,95,12.8,13.6,0.0,0.0,6,951.3,1021.1,0.0,0,0.0,0.0,0.0,1.0,1.0,782.3,--
2025/9/5 5:57,24.1,64,13.5,95,12.7,13.5,2.2,2.2,42,951.3,1021.1,0.0,0,0.0,0.0,0.0,1.0,1.0,782.3,--
2025/9/5 5:58,24.1,65,13.5,96,12.9,13.5,1.8,2.2,336,951.1,1020.9,0.0,0,0.0,0.0,0.0,1.0,1.0,782.3,--
2025/9/5 5:59,24.1,64,13.6,96,13.0,13.6,0.0,3.2,12,951.1,1020.9,0.0,0,0.0,0.0,0.0,1.0,1.0,782.3,--
2025/9/5 6:00,24.1,64,13.6,96,13.0,13.6,2.2,3.6,94,951.2,1021.0,0.0,0,0.0,0.0,0.0,1.0,1.0,782.3,--
2025/9/5 6:01,24.1,64,13.7,96,13.1,13.7,0.0,2.2,45,951.1,1020.9,0.0,0,0.0,0.0,0.0,1.0,1.0,782.3,--
2025/9/5 6:02,24.2,64,13.6,95,12.8,13.6,0.0,1.8,297,951.2,1021.0,0.0,0,0.0,0.0,0.0,1.0,1.0,782.3,--
2025/9/5 6:03,24.2,64,13.5,95,12.7,13.5,2.2,2.2,123,951.3,1021.1,0.0,0,0.0,0.0,0.0,1.0,1.0,782.3,--
2025/9/5 6:04,24.2,64,13.5,95,12.7,13.5,2.2,2.5,23,951.3,1021.1,0.0,0,0.0,0.0,0.0,1.0,1.0,782.3,--
2025/9/5 6:05,24.2,64,13.5,96,12.9,13.5,0.0,2.5,339,951.1,1020.9,0.0,0,0.0,0.0,0.0,1.0,1.0,782.3,--
2025/9/5 6:06,24.2,65,13.6,96,13.0,13.6,2.5,4.0,19,951.3,1021.1,0.0,0,0.0,0.0,0.0,1.0,1.0,782.3,--
2025/9/5 6:07,24.2,64,13.6,96,13.0,13.6,1.8,3.2,20,951.4,1021.2,0.0,0,0.0,0.0,0.0,1.0,1.0,782.3,--
2025/9/5 6:08,24.2,65,13.7,96,13.1,13.7,1.8,2.5,49,951.1,1020.9,0.0,0,0.0,0.0,0.0,1.0,1.0,782.3,--
2025/9/5 6:09,24.2,65,13.7,96,13.1,13.7,0.0,2.9,19,951.3,1021.1,0.0,0,0.0,0.0,0.0,1.0,1.0,782.3,--
2025/9/5 6:10,24.2,65,13.6,96,13.0,13.6,2.2,2.5,9,951.1,1020.9,0.0,0,0.0,0.0,0.0,1.0,1.0,782.3,--
2025/9/5 6:11,24.2,65,13.7,95,12.9,13.7,0.0,2.2,352,951.2,1021.0,0.0,0,0.0,0.0,0.0,1.0,1.0,782.3,--
2025/9/5 6:12,24.2,65,13.6,95,12.8,13.6,0.0,4.0,340,951.1,1020.9,0.0,0,0.0,0.0,0.0,1.0,1.0,782.3,--
2025/9/5 6:13,24.2,65,13.7,95,12.9,13.7,0.0,2.5,32,951.2,1021.0,0.0,0,0.0,0.0,0.0,1.0,1.0,782.3,--
2025/9/5 6:14,24.2,65,13.6,96,13.0,13.6,2.9,2.9,332,951.2,1021.0,0.0,0,0.0,0.0,0.0,1.0,1.0,782.3,--
2025/9/5 6:15,24.2,65,13.6,96,13.0,13.6,1.8,2.2,24,951.2,1021.0,0.0,0,0.0,0.0,0.0,1.0,1.0,782.3,--
2025/9/5 6:16,24.1,65,13.7,96,13.1,13.7,0.0,2.9,345,951.2,1021.0,0.0,0,0.0,0.0,0.0,1.0,1.0,782.3,--
2025/9/5 6:17,24.2,65,13.7,96,13.1,13.7,2.5,3.2,306,951.2,1021.0,0.0,0,0.0,0.0,0.0,1.0,1.0,782.3,--
2025/9/5 6:18,24.2,64,13.8,96,13.2,13.8,0.0,2.2,256,951.3,1021.1,0.1,0,0.0,0.0,0.0,1.0,1.0,782.3,--
2025/9/5 6:19,24.1,65,13.7,96,13.1,13.7,2.5,3.2,0,951.1,1020.9,0.2,0,0.0,0.0,0.0,1.0,1.0,782.3,--
2025/9/5 6:20,24.2,64,13.8,96,13.2,13.8,2.5,2.5,33,951.3,1021.1,0.2,0,0.0,0.0,0.0,1.0,1.0,782.3,--
2025/9/5 6:21,24.2,64,13.8,95,13.0,13.8,2.9,3.6,349,951.1,1020.9,0.3,0,0.0,0.0,0.0,1.0,1.0,782.3,--
2025/9/5 6:22,24.1,64,13.8,95,13.0,13.8,2.2,4.3,348,951.2,1021.0,0.3,0,0.0,0.0,0.0,1.0,1.0,782.3,--
2025/9/5 6:23,24.1,64,13.7,95,12.9,13.7,1.8,2.2,354,951.1,1020.9,0.4,0,0.0,0.0,0.0,1.0,1.0,782.3,--
2025/9/5 6:24,24.1,64,13.7,95,12.9,13.7,0.0,2.9,335,951.3,1021.1,0.6,0,0.0,0.0,0.0,1.0,1.0,782.3,--
2025/9/5 6:25,24.1,65,13.8,95,13.0,13.8,1.8,2.2,305,951.3,1021.1,0.7,0,0.0,0.0,0.0,1.0,1.0,782.3,--
2025/9/5 6:26,24.1,65,13.9,94,12.9,13.9,2.2,2.9,332,951.2,1021.0,0.8,0,0.0,0.0,0.0,1.0,1.0,782.3,--
2025/9/5 6:27,24.1,64,13.9,94,12.9,13.9,2.5,3.2,346,951.2,1021.0,1.1,0,0.0,0.0,0.0,1.0,1.0,782.3,--
2025/9/5 6:28,24.1,64,13.9,94,12.9,13.9,2.2,3.6,28,951.5,1021.3,1.2,0,0.0,0.0,0.0,1.0,1.0,782.3,--
2025/9/5 6:29,24.1,64,14.0,94,13.0,14.0,2.9,3.6,6,951.3,1021.1,1.5,0,0.0,0.0,0.0,1.0,1.0,782.3,--
2025/9/5 6:30,24.1,65,14.0,94,13.0,14.0,3.6,4.3,26,951.3,1021.1,1.7,0,0.0,0.0,0.0,1.0,1.0,782.3,--
2025/9/5 6:31,24.1,65,14.0,95,13.2,14.0,2.5,3.6,17,951.2,1021.0,1.9,0,0.0,0.0,0.0,1.0,1.0,782.3,--
2025/9/5 6:32,24.1,65,14.1,94,13.1,14.1,2.2,3.2,275,951.3,1021.1,2.2,0,0.0,0.0,0.0,1.0,1.0,782.3,--
2025/9/5 6:33,24.2,65,14.0,94,13.0,14.0,0.0,1.8,200,951.2,1021.0,2.6,0,0.0,0.0,0.0,1.0,1.0,782.3,--
2025/9/5 6:34,24.1,65,13.9,94,12.9,13.9,0.0,2.9,48,951.3,1021.1,2.9,0,0.0,0.0,0.0,1.0,1.0,782.3,--
2025/9/5 6:35,24.1,65,13.9,94,12.9,13.9,2.5,3.2,7,951.4,1021.2,3.2,0,0.0,0.0,0.0,1.0,1.0,782.3,--
2025/9/5 6:36,24.1,65,13.8,94,12.8,13.8,0.0,2.2,21,951.4,1021.2,3.6,0,0.0,0.0,0.0,1.0,1.0,782.3,--
2025/9/5 6:37,24.1,65,13.7,94,12.7,13.7,0.0,1.8,308,951.3,1021.1,4.0,0,0.0,0.0,0.0,1.0,1.0,782.3,--
2025/9/5 6:38,24.1,65,13.7,94,12.7,13.7,0.0,2.5,249,951.4,1021.2,4.4,0,0.0,0.0,0.0,1.0,1.0,782.3,--
2025/9/5 6:39,24.1,65,13.7,95,12.9,13.7,2.2,2.5,34,951.4,1021.2,4.8,0,0.0,0.0,0.0,1.0,1.0,782.3,--
2025/9/5 6:40,24.1,65,13.7,94,12.7,13.7,3.2,4.3,34,951.5,1021.3,5.2,0,0.0,0.0,0.0,1.0,1.0,782.3,--
2025/9/5 6:41,24.1,65,13.7,94,12.7,13.7,4.3,5.0,13,951.5,1021.3,5.7,0,0.0,0.0,0.0,1.0,1.0,782.3,--
2025/9/5 6:42,24.1,65,13.6,94,12.6,13.6,2.2,5.4,22,951.5,1021.3,6.2,0,0.0,0.0,0.0,1.0,1.0,782.3,--
2025/9/5 6:43,24.1,65,13.6,95,12.8,13.6,2.9,4.3,2,951.5,1021.3,6.7,0,0.0,0.0,0.0,1.0,1.0,782.3,--
2025/9/5 6:44,24.1,64,13.6,95,12.8,13.6,4.3,4.3,15,951.6,1021.4,7.2,0,0.0,0.0,0.0,1.0,1.0,782.3,--
2025/9/5 6:45,24.1,65,13.6,95,12.8,13.6,1.8,3.6,4,951.6,1021.4,7.7,0,0.0,0.0,0.0,1.0,1.0,782.3,--
2025/9/5 6:46,24.1,64,13.6,95,12.8,13.6,0.0,3.2,47,951.6,1021.4,8.2,0,0.0,0.0,0.0,1.0,1.0,782.3,--
2025/9/5 6:47,24.1,65,13.6,95,12.8,13.6,1.8,3.6,26,951.5,1021.3,8.6,0,0.0,0.0,0.0,1.0,1.0,782.3,--
2025/9/5 6:48,24.1,65,13.6,95,12.8,13.6,1.8,2.9,326,951.6,1021.4,9.1,0,0.0,0.0,0.0,1.0,1.0,782.3,--
2025/9/5 6:49,24.1,65,13.5,95,12.7,13.5,0.0,2.5,56,951.7,1021.5,9.7,0,0.0,0.0,0.0,1.0,1.0,782.3,--
2025/9/5 6:50,24.1,65,13.5,95,12.7,13.5,3.2,3.6,34,951.7,1021.5,10.1,0,0.0,0.0,0.0,1.0,1.0,782.3,--
2025/9/5 6:51,24.1,65,13.5,95,12.7,13.5,2.9,5.0,13,951.5,1021.3,10.6,0,0.0,0.0,0.0,1.0,1.0,782.3,--
2025/9/5 6:52,24.1,65,13.5,95,12.7,13.5,2.2,3.2,13,951.7,1021.5,11.2,0,0.0,0.0,0.0,1.0,1.0,782.3,--
2025/9/5 6:53,24.1,65,13.5,95,12.7,13.5,0.0,2.5,67,951.8,1021.6,11.6,0,0.0,0.0,0.0,1.0,1.0,782.3,--
2025/9/5 6:54,24.1,65,13.4,95,12.6,13.4,0.0,2.5,351,951.7,1021.5,12.1,0,0.0,0.0,0.0,1.0,1.0,782.3,--
2025/9/5 6:55,24.1,65,13.5,95,12.7,13.5,0.0,1.8,13,951.5,1021.3,12.6,0,0.0,0.0,0.0,1.0,1.0,782.3,--
2025/9/5 6:56,24.1,65,13.5,95,12.7,13.5,0.0,1.8,357,951.7,1021.5,13.1,0,0.0,0.0,0.0,1.0,1.0,782.3,--
2025/9/5 6:57,24.1,65,13.5,95,12.7,13.5,0.0,2.2,116,951.7,1021.5,13.5,0,0.0,0.0,0.0,1.0,1.0,782.3,--
2025/9/5 6:58,24.1,65,13.5,95,12.7,13.5,0.0,1.8,11,951.7,1021.5,14.0,0,0.0,0.0,0.0,1.0,1.0,782.3,--
2025/9/5 6:59,24.1,65,13.5,95,12.7,13.5,0.0,2.5,32,951.7,1021.5,14.5,0,0.0,0.0,0.0,1.0,1.0,782.3,--
2025/9/5 7:00,24.1,65,13.5,96,12.9,13.5,0.0,2.2,353,951.9,1021.7,14.9,0,0.0,0.0,0.0,1.0,1.0,782.3,--
2025/9/5 7:01,24.1,64,13.5,96,12.9,13.5,2.2,2.9,29,951.7,1021.5,15.4,0,0.0,0.0,0.0,1.0,1.0,782.3,--
2025/9/5 7:02,24.1,65,13.5,96,12.9,13.5,2.9,3.6,13,951.8,1021.6,15.9,0,0.0,0.0,0.0,1.0,1.0,782.3,--
2025/9/5 7:03,24.1,65,13.5,96,12.9,13.5,2.2,3.2,20,951.6,1021.4,16.4,0,0.0,0.0,0.0,1.0,1.0,782.3,--
2025/9/5 7:04,24.1,65,13.6,96,13.0,13.6,4.0,4.3,21,951.8,1021.6,16.8,0,0.0,0.0,0.0,1.0,1.0,782.3,--
2025/9/5 7:05,24.1,65,13.5,96,12.9,13.5,0.0,2.9,342,951.7,1021.5,17.2,0,0.0,0.0,0.0,1.0,1.0,782.3,--
2025/9/5 7:06,24.1,65,13.5,96,12.9,13.5,1.8,2.2,347,951.7,1021.5,17.7,0,0.0,0.0,0.0,1.0,1.0,782.3,--
2025/9/5 7:07,24.1,65,13.5,96,12.9,13.5,0.0,2.5,184,951.8,1021.6,18.1,0,0.0,0.0,0.0,1.0,1.0,782.3,--
2025/9/5 7:08,24.1,65,13.6,96,13.0,13.6,0.0,1.8,41,951.8,1021.6,18.5,0,0.0,0.0,0.0,1.0,1.0,782.3,--
2025/9/5 7:09,24.1,65,13.6,96,13.0,13.6,2.2,2.9,28,951.7,1021.5,18.9,0,0.0,0.0,0.0,1.0,1.0,782.3,--
2025/9/5 7:10,24.1,65,13.6,96,13.0,13.6,1.8,2.5,359,951.9,1021.7,19.4,0,0.0,0.0,0.0,1.0,1.0,782.3,--
2025/9/5 7:11,24.1,65,13.6,96,13.0,13.6,3.2,3.6,8,951.7,1021.5,19.8,0,0.0,0.0,0.0,1.0,1.0,782.3,--
2025/9/5 7:12,24.1,65,13.7,96,13.1,13.7,0.0,2.2,327,951.7,1021.5,20.2,0,0.0,0.0,0.0,1.0,1.0,782.3,--
2025/9/5 7:13,24.1,65,13.7,95,12.9,13.7,2.5,2.5,315,951.8,1021.6,20.6,0,0.0,0.0,0.0,1.0,1.0,782.3,--
2025/9/5 7:14,24.1,65,13.7,95,12.9,13.7,0.0,0.0,37,951.8,1021.6,21.0,0,0.0,0.0,0.0,1.0,1.0,782.3,--
2025/9/5 7:15,24.1,64,13.8,96,13.2,13.8,0.0,2.2,313,951.7,1021.5,21.4,0,0.0,0.0,0.0,1.0,1.0,782.3,--
2025/9/5 7:16,24.1,64,13.8,95,13.0,13.8,2.2,2.9,357,952.0,1021.8,21.8,0,0.0,0.0,0.0,1.0,1.0,782.3,--
2025/9/5 7:17,24.1,64,13.8,95,13.0,13.8,1.8,2.5,46,951.9,1021.7,22.1,0,0.0,0.0,0.0,1.0,1.0,782.3,--
2025/9/5 7:18,24.1,65,13.9,95,13.1,13.9,2.9,3.2,13,951.9,1021.7,22.5,0,0.0,0.0,0.0,1.0,1.0,782.3,--
2025/9/5 7:19,24.1,64,13.9,95,13.1,13.9,2.5,3.6,52,951.8,1021.6,22.9,0,0.0,0.0,0.0,1.0,1.0,782.3,--
2025/9/5 7:20,24.1,65,13.9,95,13.1,13.9,1.8,2.9,35,951.8,1021.6,23.3,0,0.0,0.0,0.0,1.0,1.0,782.3,--
2025/9/5 7:21,24.1,65,14.0,95,13.2,14.0,2.2,3.2,10,951.9,1021.7,23.7,0,0.0,0.0,0.0,1.0,1.0,782.3,--
2025/9/5 7:22,24.1,64,14.0,95,13.2,14.0,2.5,3.6,351,951.9,1021.7,24.0,0,0.0,0.0,0.0,1.0,1.0,782.3,--
2025/9/5 7:23,24.1,64,14.0,95,13.2,14.0,2.2,3.2,5,951.9,1021.7,24.3,0,0.0,0.0,0.0,1.0,1.0,782.3,--
2025/9/5 7:24,24.1,65,14.0,95,13.2,14.0,2.5,2.9,314,951.9,1021.7,24.7,0,0.0,0.0,0.0,1.0,1.0,782.3,--
2025/9/5 7:25,24.1,65,13.9,95,13.1,13.9,0.0,2.5,3,952.0,1021.8,25.0,0,0.0,0.0,0.0,1.0,1.0,782.3,--
2025/9/5 7:26,24.1,65,13.9,95,13.1,13.9,0.0,2.2,24,951.7,1021.5,25.3,0,0.0,0.0,0.0,1.0,1.0,782.3,--
2025/9/5 7:27,24.1,65,13.9,95,13.1,13.9,1.8,2.9,16,951.9,1021.7,25.6,0,0.0,0.0,0.0,1.0,1.0,782.3,--
2025/9/5 7:28,24.1,64,13.9,95,13.1,13.9,1.8,2.5,16,951.9,1021.7,25.9,0,0.0,0.0,0.0,1.0,1.0,782.3,--
2025/9/5 7:29,24.1,64,13.9,95,13.1,13.9,0.0,2.2,102,951.8,1021.6,26.2,0,0.0,0.0,0.0,1.0,1.0,782.3,--
2025/9/5 7:30,24.1,65,13.9,95,13.1,13.9,0.0,2.5,86,951.8,1021.6,26.5,0,0.0,0.0,0.0,1.0,1.0,782.3,--
2025/9/5 7:31,24.1,65,13.9,95,13.1,13.9,0.0,1.8,1,951.9,1021.7,26.8,0,0.0,0.0,0.0,1.0,1.0,782.3,--
2025/9/5 7:32,24.1,65,13.9,95,13.1,13.9,0.0,2.5,3,952.1,1021.9,27.1,0,0.0,0.0,0.0,1.0,1.0,782.3,--
2025/9/5 7:33,24.1,65,14.0,95,13.2,14.0,1.8,3.6,47,952.0,1021.8,27.3,0,0.0,0.0,0.0,1.0,1.0,782.3,--
2025/9/5 7:34,24.1,65,14.0,95,13.2,14.0,1.8,2.5,27,951.9,1021.7,27.6,0,0.0,0.0,0.0,1.0,1.0,782.3,--
2025/9/5 7:35,24.1,65,14.0,95,13.2,14.0,0.0,2.2,34,952.0,1021.8,27.8,0,0.0,0.0,0.0,1.0,1.0,782.3,--
2025/9/5 7:36,24.1,65,14.0,95,13.2,14.0,0.0,1.8,166,952.0,1021.8,28.1,0,0.0,0.0,0.0,1.0,1.0,782.3,--
2025/9/5 7:37,24.1,65,14.0,95,13.2,14.0,0.0,3.2,7,952.0,1021.8,28.4,0,0.0,0.0,0.0,1.0,1.0,782.3,--
2025/9/5 7:38,24.1,65,14.1,95,13.3,14.1,0.0,3.2,30,952.0,1021.8,28.5,0,0.0,0.0,0.0,1.0,1.0,782.3,--
2025/9/5 7:39,24.1,65,14.1,95,13.3,14.1,1.8,3.2,17,951.7,1021.5,28.8,0,0.0,0.0,0.0,1.0,1.0,782.3,--
2025/9/5 7:40,24.1,65,14.1,95,13.3,14.1,0.0,2.5,28,951.8,1021.6,29.0,0,0.0,0.0,0.0,1.0,1.0,782.3,--
2025/9/5 7:41,24.1,65,14.1,95,13.3,14.1,0.0,2.2,16,951.9,1021.7,29.2,0,0.0,0.0,0.0,1.0,1.0,782.3,--
2025/9/5 7:42,24.1,65,14.1,95,13.3,14.1,0.0,2.5,357,951.9,1021.7,29.4,0,0.0,0.0,0.0,1.0,1.0,782.3,--
2025/9/5 7:43,24.1,65,14.1,95,13.3,14.1,2.2,2.9,8,951.9,1021.7,29.6,0,0.0,0.0,0.0,1.0,1.0,782.3,--
2025/9/5 7:44,24.1,64,14.1,95,13.3,14.1,1.8,1.8,350,951.8,1021.6,29.9,0,0.0,0.0,0.0,1.0,1.0,782.3,--
2025/9/5 7:45,24.1,65,14.1,95,13.3,14.1,0.0,2.5,352,951.8,1021.6,30.0,0,0.0,0.0,0.0,1.0,1.0,782.3,--
2025/9/5 7:46,24.1,65,14.2,95,13.4,14.2,0.0,2.9,23,951.9,1021.7,30.3,0,0.0,0.0,0.0,1.0,1.0,782.3,--
2025/9/5 7:47,24.1,65,14.2,95,13.4,14.2,0.0,3.2,4,951.8,1021.6,30.4,0,0.0,0.0,0.0,1.0,1.0,782.3,--
2025/9/5 7:48,24.1,65,14.2,95,13.4,14.2,4.3,5.8,23,951.9,1021.7,30.7,0,0.0,0.0,0.0,1.0,1.0,782.3,--
2025/9/5 7:49,24.0,65,14.3,95,13.5,14.3,2.9,3.2,19,952.0,1021.8,30.8,0,0.0,0.0,0.0,1.0,1.0,782.3,--
2025/9/5 7:50,24.0,65,14.3,95,13.5,14.3,3.2,4.0,19,951.8,1021.6,31.0,0,0.0,0.0,0.0,1.0,1.0,782.3,--
2025/9/5 7:51,24.1,65,14.3,95,13.5,14.3,3.6,4.3,19,951.9,1021.7,31.2,0,0.0,0.0,0.0,1.0,1.0,782.3,--
2025/9/5 7:52,24.1,65,14.4,95,13.6,14.4,3.2,4.0,16,951.9,1021.7,31.4,0,0.0,0.0,0.0,1.0,1.0,782.3,--
2025/9/5 7:53,24.1,65,14.4,94,13.4,14.4,0.0,2.9,7,951.8,1021.6,31.6,0,0.0,0.0,0.0,1.0,1.0,782.3,--
2025/9/5 7:54,24.1,65,14.4,94,13.4,14.4,1.8,2.9,39,952.0,1021.8,31.8,0,0.0,0.0,0.0,1.0,1.0,782.3,--
2025/9/5 7:55,24.1,65,14.4,94,13.4,14.4,2.9,2.9,32,951.9,1021.7,31.9,0,0.0,0.0,0.0,1.0,1.0,782.3,--
2025/9/5 7:56,24.1,65,14.4,95,13.6,14.4,3.2,3.2,27,952.0,1021.8,32.2,0,0.0,0.0,0.0,1.0,1.0,782.3,--
2025/9/5 7:57,24.1,65,14.4,94,13.4,14.4,1.8,2.5,301,951.7,1021.5,32.3,0,0.0,0.0,0.0,1.0,1.0,782.3,--
2025/9/5 7:58,24.1,65,14.5,94,13.5,14.5,0.0,2.5,23,951.8,1021.6,32.5,0,0.0,0.0,0.0,1.0,1.0,782.3,--
2025/9/5 7:59,24.1,65,14.4,94,13.4,14.4,0.0,2.9,35,952.0,1021.8,32.6,0,0.0,0.0,0.0,1.0,1.0,782.3,--
2025/9/5 8:00,24.1,65,14.5,94,13.5,14.5,0.0,2.2,62,951.9,1021.7,32.9,0,0.0,0.0,0.0,1.0,1.0,782.3,--
2025/9/5 8:01,24.0,65,14.5,94,13.5,14.5,1.8,2.5,10,951.9,1021.7,33.0,0,0.0,0.0,0.0,1.0,1.0,782.3,--
2025/9/5 8:02,24.0,65,14.5,94,13.5,14.5,0.0,2.9,6,951.9,1021.7,33.3,0,0.0,0.0,0.0,1.0,1.0,782.3,--
2025/9/5 8:03,24.1,65,14.5,94,13.5,14.5,0.0,2.2,93,951.9,1021.7,33.5,0,0.0,0.0,0.0,1.0,1.0,782.3,--
2025/9/5 8:04,24.1,65,14.5,95,13.7,14.5,0.0,2.9,333,952.1,1021.9,33.7,0,0.0,0.0,0.0,1.0,1.0,782.3,--
2025/9/5 8:05,24.1,65,14.6,95,13.8,14.6,0.0,2.5,10,951.9,1021.7,33.9,0,0.0,0.0,0.0,1.0,1.0,782.3,--
2025/9/5 8:06,24.1,65,14.6,94,13.6,14.6,0.0,2.5,52,952.0,1021.8,34.0,0,0.0,0.0,0.0,1.0,1.0,782.3,--
2025/9/5 8:07,24.1,65,14.6,94,13.6,14.6,0.0,1.8,312,952.0,1021.8,34.2,0,0.0,0.0,0.0,1.0,1.0,782.3,--
2025/9/5 8:08,24.1,65,14.7,95,13.9,14.7,1.8,1.8,336,952.1,1021.9,34.4,0,0.0,0.0,0.0,1.0,1.0,782.3,--
2025/9/5 8:09,24.1,65,14.7,95,13.9,14.7,1.8,3.2,17,952.0,1021.8,34.6,0,0.0,0.0,0.0,1.0,1.0,782.3,--
2025/9/5 8:10,24.1,65,14.7,95,13.9,14.7,2.5,3.2,1,952.0,1021.8,34.8,0,0.0,0.0,0.0,1.0,1.0,782.3,--
2025/9/5 8:11,24.1,65,14.8,94,13.8,14.8,2.2,3.6,357,952.1,1021.9,35.1,0,0.0,0.0,0.0,1.0,1.0,782.3,--
2025/9/5 8:12,24.1,65,14.8,94,13.8,14.8,2.9,3.6,31,952.1,1021.9,35.2,0,0.0,0.0,0.0,1.0,1.0,782.3,--
2025/9/5 8:13,24.1,65,14.8,94,13.8,14.8,0.0,2.9,62,952.1,1021.9,35.4,0,0.0,0.0,0.0,1.0,1.0,782.3,--
2025/9/5 8:14,24.1,65,14.8,94,13.8,14.8,2.2,3.6,29,952.2,1022.0,35.6,0,0.0,0.0,0.0,1.0,1.0,782.3,--
2025/9/5 8:15,24.1,65,14.8,94,13.8,14.8,2.5,2.5,24,952.2,1022.0,35.8,0,0.0,0.0,0.0,1.0,1.0,782.3,--
2025/9/5 8:16,24.1,65,14.9,94,13.9,14.9,1.8,3.6,13,952.1,1021.9,36.0,0,0.0,0.0,0.0,1.0,1.0,782.3,--
2025/9/5 8:17,24.1,65,14.9,94,13.9,14.9,2.5,2.5,39,952.0,1021.8,36.2,0,0.0,0.0,0.0,1.0,1.0,782.3,--
2025/9/5 8:18,24.1,65,14.9,94,13.9,14.9,0.0,2.5,14,952.1,1021.9,36.4,0,0.0,0.0,0.0,1.0,1.0,782.3,--
2025/9/5 8:19,24.1,65,14.9,95,14.1,14.9,2.2,2.5,347,952.3,1022.1,36.7,0,0.0,0.0,0.0,1.0,1.0,782.3,--
2025/9/5 8:20,24.1,65,15.0,95,14.2,15.0,5.4,5.4,26,951.9,1021.7,37.1,0,0.0,0.0,0.0,1.0,1.0,782.3,--
2025/9/5 8:21,24.1,65,15.1,95,14.3,15.1,4.3,5.0,18,952.1,1021.9,39.0,0,0.0,0.0,0.0,1.0,1.0,782.3,--
2025/9/5 8:22,24.1,65,15.1,95,14.3,15.1,2.2,4.0,5,952.1,1021.9,38.4,0,0.0,0.0,0.0,1.0,1.0,782.3,--
2025/9/5 8:23,24.1,65,15.2,95,14.4,15.2,2.9,4.3,8,952.1,1021.9,37.2,0,0.0,0.0,0.0,1.0,1.0,782.3,--
2025/9/5 8:24,24.1,65,15.2,94,14.2,15.2,2.9,2.9,26,952.1,1021.9,37.4,0,0.0,0.0,0.0,1.0,1.0,782.3,--
2025/9/5 8:25,24.0,65,15.2,94,14.2,15.2,0.0,3.6,9,952.0,1021.8,37.5,0,0.0,0.0,0.0,1.0,1.0,782.3,--
2025/9/5 8:26,24.1,65,15.3,94,14.3,15.3,3.6,3.6,9,952.2,1022.0,37.8,0,0.0,0.0,0.0,1.0,1.0,782.3,--
2025/9/5 8:27,24.1,65,15.3,94,14.3,15.3,3.2,3.6,19,952.1,1021.9,38.2,0,0.0,0.0,0.0,1.0,1.0,782.3,--
2025/9/5 8:28,24.1,65,15.4,94,14.4,15.4,0.0,3.6,50,952.2,1022.0,38.1,0,0.0,0.0,0.0,1.0,1.0,782.3,--
2025/9/5 8:29,24.1,65,15.5,94,14.5,15.5,3.6,4.3,23,952.0,1021.8,38.0,0,0.0,0.0,0.0,1.0,1.0,782.3,--
2025/9/5 8:30,24.1,65,15.6,94,14.6,15.6,3.2,3.2,7,952.2,1022.0,38.2,0,0.0,0.0,0.0,1.0,1.0,782.3,--
2025/9/5 8:31,24.0,65,15.6,94,14.6,15.6,2.5,3.6,19,952.1,1021.9,38.3,0,0.0,0.0,0.0,1.0,1.0,782.3,--
2025/9/5 8:32,24.0,65,15.7,94,14.7,15.7,3.6,4.0,34,952.3,1022.1,38.5,0,0.0,0.0,0.0,1.0,1.0,782.3,--
2025/9/5 8:33,24.1,65,15.7,93,14.5,15.7,2.2,2.9,17,952.3,1022.1,39.4,0,0.0,0.0,0.0,1.0,1.0,782.3,--
2025/9/5 8:34,24.0,65,15.8,93,14.6,15.8,2.5,3.2,5,952.2,1022.0,39.3,0,0.0,0.0,0.0,1.0,1.0,782.3,--
2025/9/5 8:35,24.0,65,15.9,93,14.7,15.9,2.9,4.7,26,952.1,1021.9,39.0,0,0.0,0.0,0.0,1.0,1.0,782.3,--
2025/9/5 8:36,24.0,65,16.0,93,14.8,16.0,2.2,3.2,38,952.2,1022.0,39.1,0,0.0,0.0,0.0,1.0,1.0,782.3,--
2025/9/5 8:37,24.0,65,16.0,93,14.8,16.0,2.2,3.6,26,952.2,1022.0,39.3,0,0.0,0.0,0.0,1.0,1.0,782.3,--
2025/9/5 8:38,24.0,65,16.1,93,14.9,16.1,1.8,4.3,44,952.1,1021.9,42.7,0,0.0,0.0,0.0,1.0,1.0,782.3,--
2025/9/5 8:39,24.0,65,16.2,93,15.0,16.2,1.8,2.5,12,952.3,1022.1,44.1,0,0.0,0.0,0.0,1.0,1.0,782.3,--
2025/9/5 8:40,24.0,65,16.2,93,15.0,16.2,0.0,3.6,30,952.2,1022.0,40.1,0,0.0,0.0,0.0,1.0,1.0,782.3,--
2025/9/5 8:41,24.0,65,16.3,93,15.1,16.3,2.5,3.6,30,952.3,1022.1,46.1,0,0.0,0.0,0.0,1.0,1.0,782.3,--
2025/9/5 8:42,24.0,65,16.4,92,15.1,16.4,3.2,3.6,39,952.2,1022.0,55.3,0,0.0,0.0,0.0,1.0,1.0,782.3,--
2025/9/5 8:43,24.0,65,16.4,91,15.0,16.4,2.5,3.2,7,952.3,1022.1,96.0,0,0.0,0.0,0.0,1.0,1.0,782.3,--
2025/9/5 8:44,24.0,65,16.5,91,15.1,16.5,3.6,5.0,24,952.2,1022.0,58.4,0,0.0,0.0,0.0,1.0,1.0,782.3,--
2025/9/5 8:45,24.0,65,16.6,91,15.2,16.6,2.9,3.6,20,952.1,1021.9,40.3,0,0.0,0.0,0.0,1.0,1.0,782.3,--
2025/9/5 8:46,24.0,65,16.7,90,15.0,16.7,2.9,5.0,25,952.2,1022.0,41.1,0,0.0,0.0,0.0,1.0,1.0,782.3,--
2025/9/5 8:47,24.0,65,16.8,90,15.1,16.8,2.9,4.0,31,952.1,1021.9,56.4,0,0.0,0.0,0.0,1.0,1.0,782.3,--
2025/9/5 8:48,24.0,65,16.9,89,15.1,16.9,2.9,3.6,32,952.1,1021.9,43.6,0,0.0,0.0,0.0,1.0,1.0,782.3,--
2025/9/5 8:49,24.0,65,17.0,89,15.2,17.0,2.2,4.7,17,952.1,1021.9,40.6,0,0.0,0.0,0.0,1.0,1.0,782.3,--
2025/9/5 8:50,24.0,65,17.1,88,15.1,17.1,2.9,3.2,30,952.2,1022.0,40.8,0,0.0,0.0,0.0,1.0,1.0,782.3,--
2025/9/5 8:51,24.0,65,17.2,88,15.2,17.2,2.2,3.6,8,952.2,1022.0,40.9,0,0.0,0.0,0.0,1.0,1.0,782.3,--
2025/9/5 8:52,24.0,65,17.2,88,15.2,17.2,2.2,4.3,24,952.1,1021.9,41.0,0,0.0,0.0,0.0,1.0,1.0,782.3,--
2025/9/5 8:53,24.0,65,17.3,87,15.1,17.3,0.0,2.5,12,952.2,1022.0,41.1,0,0.0,0.0,0.0,1.0,1.0,782.3,--
2025/9/5 8:54,24.0,65,17.4,87,15.2,17.4,3.6,3.6,2,952.2,1022.0,41.2,0,0.0,0.0,0.0,1.0,1.0,782.3,--
2025/9/5 8:55,24.0,65,17.5,87,15.3,17.5,0.0,3.6,26,952.2,1022.0,41.3,0,0.0,0.0,0.0,1.0,1.0,782.3,--
2025/9/5 8:56,24.0,65,17.6,88,15.5,17.6,0.0,3.6,36,952.0,1021.8,41.4,0,0.0,0.0,0.0,1.0,1.0,782.3,--
2025/9/5 8:57,24.0,65,17.6,87,15.4,17.6,1.8,2.5,82,952.2,1022.0,41.5,0,0.0,0.0,0.0,1.0,1.0,782.3,--
2025/9/5 8:58,24.0,65,17.7,88,15.6,17.7,2.2,3.2,14,952.3,1022.1,41.6,0,0.0,0.0,0.0,1.0,1.0,782.3,--
2025/9/5 8:59,24.1,65,17.8,87,15.6,17.8,0.0,2.2,10,952.4,1022.2,41.7,0,0.0,0.0,0.0,1.0,1.0,782.3,--
2025/9/5 9:00,24.0,65,17.9,87,15.7,17.9,0.0,4.0,26,952.2,1022.0,41.8,0,0.0,0.0,0.0,1.0,1.0,782.3,--
2025/9/5 9:01,24.0,65,17.9,86,15.5,17.9,1.8,2.9,22,952.3,1022.1,41.9,0,0.0,0.0,0.0,1.0,1.0,782.3,--
2025/9/5 9:02,24.1,65,18.1,86,15.7,18.1,2.2,2.5,20,952.5,1022.3,41.9,0,0.0,0.0,0.0,1.0,1.0,782.3,--
2025/9/5 9:03,24.0,65,18.1,85,15.5,18.1,4.0,4.7,3,952.4,1022.2,42.1,0,0.0,0.0,0.0,1.0,1.0,782.3,--
2025/9/5 9:04,24.0,65,18.2,85,15.6,18.2,3.2,3.6,18,952.3,1022.1,42.2,0,0.0,0.0,0.0,1.0,1.0,782.3,--
2025/9/5 9:05,24.0,65,18.3,85,15.7,18.3,0.0,2.9,25,952.4,1022.2,42.4,0,0.0,0.0,0.0,1.0,1.0,782.3,--
2025/9/5 9:06,24.0,65,18.4,85,15.8,18.4,0.0,3.2,20,952.2,1022.0,48.3,0,0.0,0.0,0.0,1.0,1.0,782.3,--
2025/9/5 9:07,24.0,65,18.4,85,15.8,18.4,2.5,2.5,75,952.4,1022.2,45.4,0,0.0,0.0,0.0,1.0,1.0,782.3,--
2025/9/5 9:08,24.1,65,18.5,85,15.9,18.5,0.0,2.5,80,952.4,1022.2,42.6,0,0.0,0.0,0.0,1.0,1.0,782.3,--
2025/9/5 9:09,24.1,65,18.5,85,15.9,18.5,0.0,2.9,30,952.2,1022.0,42.7,0,0.0,0.0,0.0,1.0,1.0,782.3,--
2025/9/5 9:10,24.1,65,18.6,86,16.2,18.6,0.0,3.2,1,952.3,1022.1,42.8,0,0.0,0.0,0.0,1.0,1.0,782.3,--
2025/9/5 9:11,24.1,66,18.8,84,16.0,18.8,2.5,2.9,16,952.3,1022.1,43.0,0,0.0,0.0,0.0,1.0,1.0,782.3,--
2025/9/5 9:12,24.1,65,18.8,83,15.9,18.8,2.2,4.0,17,952.3,1022.1,43.0,0,0.0,0.0,0.0,1.0,1.0,782.3,--
2025/9/5 9:13,24.1,66,18.9,83,16.0,18.9,0.0,2.9,74,952.4,1022.2,43.0,0,0.0,0.0,0.0,1.0,1.0,782.3,--
2025/9/5 9:14,24.1,66,19.0,82,15.9,19.0,1.8,2.9,4,952.4,1022.2,43.2,0,0.0,0.0,0.0,1.0,1.0,782.3,--
2025/9/5 9:15,24.1,66,19.1,82,15.9,19.1,2.2,2.5,27,952.3,1022.1,43.2,0,0.0,0.0,0.0,1.0,1.0,782.3,--
2025/9/5 9:16,24.1,66,19.2,82,16.0,19.2,2.2,3.6,56,952.4,1022.2,43.3,0,0.0,0.0,0.0,1.0,1.0,782.3,--
2025/9/5 9:17,24.1,66,19.3,82,16.1,19.3,2.2,4.0,88,952.3,1022.1,43.4,0,0.0,0.0,0.0,1.0,1.0,782.3,--
2025/9/5 9:18,24.1,66,19.4,82,16.2,19.4,2.2,2.5,58,952.2,1022.0,43.4,0,0.0,0.0,0.0,1.0,1.0,782.3,--
2025/9/5 9:19,24.1,66,19.5,83,16.6,19.5,2.5,2.9,102,952.3,1022.1,43.6,0,0.0,0.0,0.0,1.0,1.0,782.3,--
2025/9/5 9:20,24.1,66,19.6,81,16.2,19.6,2.5,5.0,98,952.5,1022.3,43.8,0,0.0,0.0,0.0,1.0,1.0,782.3,--
2025/9/5 9:21,24.0,66,19.8,80,16.3,19.8,4.7,6.1,99,952.3,1022.1,44.0,0,0.0,0.0,0.0,1.0,1.0,782.3,--
2025/9/5 9:22,24.1,66,20.0,81,16.6,20.0,2.5,4.0,87,952.4,1022.2,44.1,0,0.0,0.0,0.0,1.0,1.0,782.3,--
2025/9/5 9:23,24.1,66,20.0,80,16.5,20.0,6.5,6.5,103,952.4,1022.2,44.4,0,0.0,0.0,0.0,1.0,1.0,782.3,--
2025/9/5 9:24,24.1,66,20.0,79,16.3,20.0,4.7,6.1,118,952.3,1022.1,47.3,0,0.0,0.0,0.0,1.0,1.0,782.3,--
2025/9/5 9:25,24.1,66,20.1,80,16.6,20.1,4.3,4.7,120,952.5,1022.3,48.9,0,0.0,0.0,0.0,1.0,1.0,782.3,--
2025/9/5 9:26,24.1,66,20.2,78,16.3,20.2,5.4,6.1,113,952.4,1022.2,58.2,0,0.0,0.0,0.0,1.0,1.0,782.3,--
2025/9/5 9:27,24.1,66,20.3,78,16.4,20.3,2.5,4.0,110,952.3,1022.1,46.4,0,0.0,0.0,0.0,1.0,1.0,782.3,--
2025/9/5 9:28,24.1,66,20.4,79,16.7,20.4,4.0,4.7,101,952.3,1022.1,44.8,0,0.0,0.0,0.0,1.0,1.0,782.3,--
2025/9/5 9:29,24.1,66,20.4,77,16.2,20.4,2.9,4.7,116,952.4,1022.2,44.9,0,0.0,0.0,0.0,1.0,1.0,782.3,--
2025/9/5 9:30,24.1,66,20.5,78,16.6,20.5,4.0,5.0,115,952.4,1022.2,45.3,0,0.0,0.0,0.0,1.0,1.0,782.3,--
2025/9/5 9:31,24.1,66,20.6,76,16.2,20.6,4.7,5.4,105,952.4,1022.2,45.2,0,0.0,0.0,0.0,1.0,1.0,782.3,--
2025/9/5 9:32,24.1,66,20.6,77,16.4,20.6,6.1,6.8,122,952.5,1022.3,45.4,0,0.0,0.0,0.0,1.0,1.0,782.3,--
2025/9/5 9:33,24.1,66,20.7,75,16.1,20.7,7.2,7.6,124,952.3,1022.1,45.5,0,0.0,0.0,0.0,1.0,1.0,782.3,--
2025/9/5 9:34,24.2,66,20.6,75,16.0,20.6,4.3,4.3,119,952.5,1022.3,45.6,0,0.0,0.0,0.0,1.0,1.0,782.3,--
2025/9/5 9:35,24.1,66,20.7,76,16.3,20.7,0.0,2.5,87,952.5,1022.3,45.8,0,0.0,0.0,0.0,1.0,1.0,782.3,--
2025/9/5 9:36,24.1,66,20.7,76,16.3,20.7,2.9,2.9,75,952.5,1022.3,45.8,0,0.0,0.0,0.0,1.0,1.0,782.3,--
2025/9/5 9:37,24.1,66,20.8,74,16.0,20.8,2.9,5.8,112,952.6,1022.4,46.0,0,0.0,0.0,0.0,1.0,1.0,782.3,--
2025/9/5 9:38,24.1,66,20.8,75,16.2,20.8,0.0,2.5,89,952.6,1022.4,46.1,0,0.0,0.0,0.0,1.0,1.0,782.3,--
2025/9/5 9:39,24.1,66,20.8,76,16.4,20.8,1.8,2.9,42,952.5,1022.3,46.2,0,0.0,0.0,0.0,1.0,1.0,782.3,--
2025/9/5 9:40,24.1,66,20.8,75,16.2,20.8,3.6,4.3,114,952.5,1022.3,46.4,0,0.0,0.0,0.0,1.0,1.0,782.3,--
2025/9/5 9:41,24.2,66,20.9,75,16.3,20.9,2.2,2.9,97,952.5,1022.3,46.4,0,0.0,0.0,0.0,1.0,1.0,782.3,--
2025/9/5 9:42,24.2,66,20.9,73,15.9,20.9,4.3,5.8,115,952.5,1022.3,46.6,0,0.0,0.0,0.0,1.0,1.0,782.3,--
2025/9/5 9:43,24.1,66,20.8,74,16.0,20.8,2.2,2.9,114,952.6,1022.4,46.8,0,0.0,0.0,0.0,1.0,1.0,782.3,--
2025/9/5 9:44,24.1,66,20.8,75,16.2,20.8,5.0,5.4,80,952.5,1022.3,46.8,0,0.0,0.0,0.0,1.0,1.0,782.3,--
2025/9/5 9:45,24.1,66,20.9,73,15.9,20.9,4.7,6.8,110,952.5,1022.3,46.9,0,0.0,0.0,0.0,1.0,1.0,782.3,--
2025/9/5 9:46,24.1,66,20.9,73,15.9,20.9,7.6,7.6,117,952.6,1022.4,47.2,0,0.0,0.0,0.0,1.0,1.0,782.3,--
2025/9/5 9:47,24.1,66,20.8,73,15.8,20.8,6.5,7.9,117,952.6,1022.4,47.5,0,0.0,0.0,0.0,1.0,1.0,782.3,--
2025/9/5 9:48,24.1,66,20.8,73,15.8,20.8,2.5,5.8,111,952.4,1022.2,47.5,0,0.0,0.0,0.0,1.0,1.0,782.3,--
2025/9/5 9:49,24.1,66,20.8,74,16.0,20.8,2.2,5.0,84,952.6,1022.4,47.7,0,0.0,0.0,0.0,1.0,1.0,782.3,--
2025/9/5 9:50,24.1,66,20.8,76,16.4,20.8,2.9,4.3,109,952.6,1022.4,47.9,0,0.0,0.0,0.0,1.0,1.0,782.3,--
2025/9/5 9:51,24.1,66,21.0,74,16.2,21.0,5.8,6.8,115,952.6,1022.4,48.1,0,0.0,0.0,0.0,1.0,1.0,782.3,--
2025/9/5 9:52,24.1,66,21.0,74,16.2,21.0,0.0,5.0,167,952.6,1022.4,48.0,0,0.0,0.0,0.0,1.0,1.0,782.3,--
2025/9/5 9:53,24.2,66,21.1,73,16.1,21.1,5.8,6.1,118,952.6,1022.4,48.1,0,0.0,0.0,0.0,1.0,1.0,782.3,--
2025/9/5 9:54,24.1,66,21.2,73,16.2,21.2,1.8,4.0,82,952.6,1022.4,49.3,0,0.0,0.0,0.0,1.0,1.0,782.3,--
2025/9/5 9:55,24.1,66,21.2,72,15.9,21.2,2.5,5.4,114,952.5,1022.3,53.1,0,0.0,0.0,0.0,1.0,1.0,782.3,--
2025/9/5 9:56,24.1,66,21.1,72,15.8,21.1,2.2,2.9,123,952.7,1022.5,53.5,0,0.0,0.0,0.0,1.0,1.0,782.3,--
2025/9/5 9:57,24.1,66,21.1,74,16.3,21.1,2.2,3.6,83,952.5,1022.3,48.6,0,0.0,0.0,0.0,1.0,1.0,782.3,--
2025/9/5 9:58,24.2,66,21.2,74,16.4,21.2,2.5,5.4,103,952.4,1022.2,48.6,0,0.0,0.0,0.0,1.0,1.0,782.3,--
2025/9/5 9:59,24.2,66,21.2,71,15.7,21.2,5.8,6.8,109,952.7,1022.5,48.7,0,0.0,0.0,0.0,1.0,1.0,782.3,--
2025/9/5 10:00,24.2,65,21.2,72,15.9,21.2,0.0,4.0,296,952.4,1022.2,48.8,0,0.0,0.0,0.0,1.0,1.0,782.3,--
2025/9/5 10:01,24.2,65,21.3,73,16.3,21.3,7.2,7.2,111,952.4,1022.2,50.4,0,0.0,0.0,0.0,1.0,1.0,782.3,--
2025/9/5 10:02,24.2,65,21.3,72,16.0,21.3,2.9,4.7,69,952.6,1022.4,94.9,0,0.0,0.0,0.0,1.0,1.0,782.3,--
2025/9/5 10:03,24.2,65,21.3,72,16.0,21.3,4.7,6.1,109,952.6,1022.4,85.2,0,0.0,0.0,0.0,1.0,1.0,782.3,--
2025/9/5 10:04,24.2,65,21.4,72,16.1,21.4,4.3,5.0,108,952.6,1022.4,49.8,0,0.0,0.0,0.0,1.0,1.0,782.3,--
2025/9/5 10:05,24.2,65,21.4,72,16.1,21.4,4.0,5.0,107,952.5,1022.3,89.5,0,0.0,0.0,0.0,1.0,1.0,782.3,--
2025/9/5 10:06,24.2,65,21.4,72,16.1,21.4,4.3,5.0,131,952.3,1022.1,75.2,0,0.0,0.0,0.0,1.0,1.0,782.3,--
2025/9/5 10:07,24.2,65,21.5,73,16.5,21.5,4.0,4.3,91,952.5,1022.3,87.6,0,0.0,0.0,0.0,1.0,1.0,782.3,--
2025/9/5 10:08,24.2,65,21.5,72,16.2,21.5,4.7,5.0,114,952.6,1022.4,80.1,0,0.0,0.0,0.0,1.0,1.0,782.3,--
2025/9/5 10:09,24.2,65,21.6,73,16.6,21.6,3.6,3.6,99,952.5,1022.3,80.9,0,0.0,0.0,0.0,1.0,1.0,782.3,--
2025/9/5 10:10,24.2,65,21.6,71,16.1,21.6,2.9,4.0,95,952.5,1022.3,140.0,1,0.0,0.0,0.0,1.0,1.0,782.3,--
2025/9/5 10:11,24.2,65,21.7,70,16.0,21.7,7.2,7.2,112,952.8,1022.6,114.8,1,0.0,0.0,0.0,1.0,1.0,782.3,--
2025/9/5 10:12,24.2,65,21.5,71,16.0,21.5,2.5,3.2,103,952.6,1022.4,62.2,0,0.0,0.0,0.0,1.0,1.0,782.3,--
2025/9/5 10:13,24.2,65,21.5,72,16.2,21.5,4.0,6.1,107,952.5,1022.3,52.4,0,0.0,0.0,0.0,1.0,1.0,782.3,--
2025/9/5 10:14,24.2,65,21.6,72,16.3,21.6,3.2,5.4,102,952.7,1022.5,50.2,0,0.0,0.0,0.0,1.0,1.0,782.3,--
2025/9/5 10:15,24.2,65,21.7,71,16.2,21.7,8.3,8.3,114,952.5,1022.3,50.4,0,0.0,0.0,0.0,1.0,1.0,782.3,--
2025/9/5 10:16,24.2,65,21.6,71,16.1,21.6,2.2,3.6,98,952.6,1022.4,50.5,0,0.0,0.0,0.0,1.0,1.0,782.3,--
2025/9/5 10:17,24.3,65,21.6,71,16.1,21.6,5.8,6.1,115,952.6,1022.4,50.5,0,0.0,0.0,0.0,1.0,1.0,782.3,--
2025/9/5 10:18,24.3,65,21.6,71,16.1,21.6,4.3,5.0,125,952.8,1022.6,50.6,0,0.0,0.0,0.0,1.0,1.0,782.3,--
2025/9/5 10:19,24.2,65,21.6,71,16.1,21.6,6.1,6.1,124,952.6,1022.4,52.1,0,0.0,0.0,0.0,1.0,1.0,782.3,--
2025/9/5 10:20,24.2,65,21.6,72,16.3,21.6,4.7,5.8,124,952.7,1022.5,84.9,0,0.0,0.0,0.0,1.0,1.0,782.3,--
2025/9/5 10:21,24.2,65,21.7,72,16.4,21.7,4.7,6.5,120,952.5,1022.3,240.0,2,0.0,0.0,0.0,1.0,1.0,782.3,--
2025/9/5 10:22,24.2,65,21.8,71,16.3,21.8,4.7,4.7,108,952.7,1022.5,124.3,1,0.0,0.0,0.0,1.0,1.0,782.3,--
2025/9/5 10:23,24.2,65,21.8,70,16.1,21.8,1.8,4.7,126,952.4,1022.2,51.7,0,0.0,0.0,0.0,1.0,1.0,782.3,--
2025/9/5 10:24,24.2,65,21.9,71,16.4,21.9,4.0,4.3,103,952.6,1022.4,73.9,0,0.0,0.0,0.0,1.0,1.0,782.3,--
2025/9/5 10:25,24.2,65,22.0,71,16.5,22.0,5.4,6.1,111,952.7,1022.5,73.2,0,0.0,0.0,0.0,1.0,1.0,782.3,--
2025/9/5 10:26,24.2,65,22.1,71,16.6,22.1,0.0,4.3,122,952.7,1022.5,109.1,1,0.0,0.0,0.0,1.0,1.0,782.3,--
2025/9/5 10:27,24.2,65,22.2,69,16.3,22.2,7.9,7.9,123,952.6,1022.4,137.7,1,0.0,0.0,0.0,1.0,1.0,782.3,--
2025/9/5 10:28,24.2,65,22.0,69,16.1,22.0,0.0,3.6,289,952.7,1022.5,88.3,0,0.0,0.0,0.0,1.0,1.0,782.3,--
2025/9/5 10:29,24.2,65,22.1,70,16.4,22.1,1.8,2.5,80,952.6,1022.4,112.5,1,0.0,0.0,0.0,1.0,1.0,782.3,--
2025/9/5 10:30,24.2,65,22.3,70,16.6,22.3,2.9,3.2,305,952.6,1022.4,52.4,0,0.0,0.0,0.0,1.0,1.0,782.3,--
2025/9/5 10:31,24.2,65,22.3,68,16.1,22.3,1.8,2.5,220,952.6,1022.4,52.0,0,0.0,0.0,0.0,1.0,1.0,782.3,--
2025/9/5 10:32,24.2,65,22.4,67,16.0,22.4,0.0,2.2,249,952.5,1022.3,61.9,0,0.0,0.0,0.0,1.0,1.0,782.3,--
2025/9/5 10:33,24.2,65,22.5,68,16.3,22.5,5.0,5.4,102,952.6,1022.4,92.1,0,0.0,0.0,0.0,1.0,1.0,782.3,--
2025/9/5 10:34,24.2,65,22.6,68,16.4,22.6,1.8,2.9,101,952.5,1022.3,104.7,0,0.0,0.0,0.0,1.0,1.0,782.3,--
2025/9/5 10:35,24.2,65,22.7,70,17.0,22.7,2.5,2.9,229,952.6,1022.4,81.8,0,0.0,0.0,0.0,1.0,1.0,782.3,--
2025/9/5 10:36,24.2,65,22.8,70,17.1,22.8,0.0,2.9,60,952.5,1022.3,129.5,1,0.0,0.0,0.0,1.0,1.0,782.3,--
2025/9/5 10:37,24.1,65,22.8,66,16.1,22.8,5.8,6.1,109,952.7,1022.5,106.7,0,0.0,0.0,0.0,1.0,1.0,782.3,--
2025/9/5 10:38,24.1,65,22.8,66,16.1,22.8,3.6,3.6,114,952.6,1022.4,101.9,0,0.0,0.0,0.0,1.0,1.0,782.3,--
2025/9/5 10:39,24.1,66,22.8,66,16.1,22.8,2.2,2.5,331,952.6,1022.4,112.0,1,0.0,0.0,0.0,1.0,1.0,782.3,--
2025/9/5 10:40,24.1,66,22.8,67,16.4,22.8,2.9,2.9,312,952.7,1022.5,85.7,0,0.0,0.0,0.0,1.0,1.0,782.3,--
2025/9/5 10:41,24.1,66,22.8,71,17.3,22.8,2.2,5.0,338,952.7,1022.5,55.5,0,0.0,0.0,0.0,1.0,1.0,782.3,--
2025/9/5 10:42,24.1,66,22.6,67,16.2,22.6,4.7,4.7,310,952.7,1022.5,53.5,0,0.0,0.0,0.0,1.0,1.0,782.3,--
2025/9/5 10:43,24.1,66,22.4,67,16.0,22.4,3.2,6.5,282,952.6,1022.4,55.5,0,0.0,0.0,0.0,1.0,1.0,782.3,--
2025/9/5 10:44,24.1,66,22.4,70,16.7,22.4,3.6,5.0,285,952.6,1022.4,109.3,1,0.0,0.0,0.0,1.0,1.0,782.3,--
2025/9/5 10:45,24.1,66,22.6,71,17.1,22.6,1.8,2.5,23,952.7,1022.5,234.2,2,0.0,0.0,0.0,1.0,1.0,782.3,--
2025/9/5 10:46,24.1,66,22.8,66,16.1,22.8,4.3,6.5,88,952.7,1022.5,180.5,1,0.0,0.0,0.0,1.0,1.0,782.3,--
2025/9/5 10:47,24.1,66,22.9,67,16.5,22.9,4.0,4.3,299,952.6,1022.4,151.8,1,0.0,0.0,0.0,1.0,1.0,782.3,--
2025/9/5 10:48,24.1,66,22.9,66,16.2,22.9,1.8,4.0,97,952.7,1022.5,161.1,1,0.0,0.0,0.0,1.0,1.0,782.3,--
2025/9/5 10:49,24.1,66,22.9,67,16.5,22.9,2.2,2.5,24,952.8,1022.6,182.7,1,0.0,0.0,0.0,1.0,1.0,782.3,--
2025/9/5 10:50,24.1,66,22.9,65,16.0,22.9,2.2,4.7,85,952.8,1022.6,74.2,0,0.0,0.0,0.0,1.0,1.0,782.3,--
2025/9/5 10:51,24.1,66,22.9,68,16.7,22.9,2.2,2.2,85,952.8,1022.6,82.0,0,0.0,0.0,0.0,1.0,1.0,782.3,--
2025/9/5 10:52,24.1,66,23.0,65,16.1,23.0,2.9,4.3,107,952.8,1022.6,136.6,1,0.0,0.0,0.0,1.0,1.0,782.3,--
2025/9/5 10:53,24.1,66,23.0,66,16.3,23.0,2.2,2.9,103,952.7,1022.5,88.9,0,0.0,0.0,0.0,1.0,1.0,782.3,--
2025/9/5 10:54,24.1,66,23.0,68,16.8,23.0,0.0,2.2,19,952.8,1022.6,56.9,0,0.0,0.0,0.0,1.0,1.0,782.3,--
2025/9/5 10:55,24.1,66,23.0,68,16.8,23.0,2.9,4.0,10,952.5,1022.3,64.9,0,0.0,0.0,0.0,1.0,1.0,782.3,--
2025/9/5 10:56,24.1,66,22.9,64,15.8,22.9,1.8,2.9,16,952.7,1022.5,76.6,0,0.0,0.0,0.0,1.0,1.0,782.3,--
2025/9/5 10:57,24.1,66,22.9,65,16.0,22.9,2.2,3.2,143,952.7,1022.5,82.3,0,0.0,0.0,0.0,1.0,1.0,782.3,--
2025/9/5 10:58,24.1,66,22.9,67,16.5,22.9,8.3,8.3,314,952.7,1022.5,78.2,0,0.0,0.0,0.0,1.0,1.0,782.3,--
2025/9/5 10:59,24.1,66,22.7,66,16.0,22.7,1.8,7.2,354,952.8,1022.6,66.2,0,0.0,0.0,0.0,1.0,1.0,782.3,--
2025/9/5 11:00,24.1,66,22.6,68,16.4,22.6,2.5,4.7,12,952.5,1022.3,56.6,0,0.0,0.0,0.0,1.0,1.0,782.3,--
2025/9/5 11:01,24.1,66,22.6,69,16.6,22.6,4.3,4.3,318,952.8,1022.6,56.8,0,0.0,0.0,0.0,1.0,1.0,782.3,--
2025/9/5 11:02,24.1,66,22.6,68,16.4,22.6,1.8,4.0,333,952.7,1022.5,59.3,0,0.0,0.0,0.0,1.0,1.0,782.3,--
2025/9/5 11:03,24.1,66,22.6,69,16.6,22.6,4.3,7.2,327,952.7,1022.5,62.4,0,0.0,0.0,0.0,1.0,1.0,782.3,--
2025/9/5 11:04,24.1,66,22.6,68,16.4,22.6,3.2,4.7,181,952.8,1022.6,62.5,0,0.0,0.0,0.0,1.0,1.0,782.3,--
2025/9/5 11:05,24.1,66,22.7,71,17.2,22.7,4.7,4.7,286,952.6,1022.4,59.4,0,0.0,0.0,0.0,1.0,1.0,782.3,--
2025/9/5 11:06,24.1,66,22.9,71,17.4,22.9,5.8,5.8,335,952.7,1022.5,58.3,0,0.0,0.0,0.0,1.0,1.0,782.3,--
2025/9/5 11:07,24.2,66,22.8,68,16.6,22.8,3.6,5.0,250,952.7,1022.5,58.8,0,0.0,0.0,0.0,1.0,1.0,782.3,--
2025/9/5 11:08,24.1,66,22.8,67,16.4,22.8,5.8,7.2,306,952.8,1022.6,59.5,0,0.0,0.0,0.0,1.0,1.0,782.3,--
2025/9/5 11:09,24.1,67,22.6,69,16.6,22.6,3.2,6.1,287,952.8,1022.6,62.0,0,0.0,0.0,0.0,1.0,1.0,782.3,--
2025/9/5 11:10,24.2,66,22.8,67,16.4,22.8,5.0,5.0,99,952.7,1022.5,59.1,0,0.0,0.0,0.0,1.0,1.0,782.3,--
2025/9/5 11:11,24.2,66,22.8,67,16.4,22.8,2.5,4.0,212,952.8,1022.6,59.4,0,0.0,0.0,0.0,1.0,1.0,782.3,--
2025/9/5 11:12,24.2,66,22.9,65,16.0,22.9,0.0,2.2,63,952.8,1022.6,62.1,0,0.0,0.0,0.0,1.0,1.0,782.3,--
2025/9/5 11:13,24.2,66,23.0,66,16.3,23.0,1.8,2.2,142,952.6,1022.4,60.4,0,0.0,0.0,0.0,1.0,1.0,782.3,--
2025/9/5 11:14,24.2,66,23.1,65,16.2,23.1,2.5,2.9,7,952.9,1022.7,187.8,1,0.0,0.0,0.0,1.0,1.0,782.3,--
2025/9/5 11:15,24.2,66,23.2,65,16.3,23.2,0.0,1.8,307,952.7,1022.5,360.9,3,0.0,0.0,0.0,1.0,1.0,782.3,--
2025/9/5 11:16,24.1,66,23.2,66,16.5,23.2,2.9,6.1,16,952.8,1022.6,116.9,1,0.0,0.0,0.0,1.0,1.0,782.3,--
2025/9/5 11:17,24.1,66,23.2,65,16.3,23.2,2.9,4.3,56,952.8,1022.6,505.1,4,0.0,0.0,0.0,1.0,1.0,782.3,--
2025/9/5 11:18,24.1,66,23.2,66,16.5,23.2,1.8,2.2,119,952.7,1022.5,581.2,5,0.0,0.0,0.0,1.0,1.0,782.3,--
2025/9/5 11:19,24.1,66,23.3,67,16.8,23.3,0.0,2.2,135,952.8,1022.6,538.5,5,0.0,0.0,0.0,1.0,1.0,782.3,--
2025/9/5 11:20,24.2,66,23.4,68,17.2,23.4,4.7,5.0,100,952.6,1022.4,245.3,2,0.0,0.0,0.0,1.0,1.0,782.3,--
2025/9/5 11:21,24.2,66,23.6,67,17.1,23.6,0.0,2.9,260,952.7,1022.5,506.2,4,0.0,0.0,0.0,1.0,1.0,782.3,--
2025/9/5 11:22,24.2,66,23.7,67,17.2,23.7,0.0,0.0,306,952.8,1022.6,534.9,4,0.0,0.0,0.0,1.0,1.0,782.3,--
2025/9/5 11:23,24.2,67,23.6,63,16.2,23.6,2.9,4.3,319,952.9,1022.7,264.7,2,0.0,0.0,0.0,1.0,1.0,782.3,--
2025/9/5 11:24,24.2,67,23.5,65,16.6,23.5,2.5,3.2,194,952.8,1022.6,88.3,0,0.0,0.0,0.0,1.0,1.0,782.3,--
2025/9/5 11:25,24.2,67,23.6,65,16.7,23.6,2.2,2.9,205,952.8,1022.6,407.2,3,0.0,0.0,0.0,1.0,1.0,782.3,--
2025/9/5 11:26,24.2,66,23.7,65,16.8,23.7,1.8,2.5,132,952.6,1022.4,693.1,6,0.0,0.0,0.0,1.0,1.0,782.3,--
2025/9/5 11:27,24.2,66,23.8,65,16.8,23.8,0.0,2.5,8,952.7,1022.5,616.1,5,0.0,0.0,0.0,1.0,1.0,782.3,--
2025/9/5 11:28,24.2,66,23.9,66,17.2,23.9,6.5,9.7,284,952.8,1022.6,240.4,2,0.0,0.0,0.0,1.0,1.0,782.3,--
2025/9/5 11:29,24.2,66,23.6,67,17.1,23.6,0.0,2.9,200,952.6,1022.4,533.3,4,0.0,0.0,0.0,1.0,1.0,782.3,--
2025/9/5 11:30,24.2,66,23.9,67,17.4,23.9,0.0,1.8,315,952.8,1022.6,699.2,6,0.0,0.0,0.0,1.0,1.0,782.3,--
2025/9/5 11:31,24.2,66,24.2,67,17.7,24.2,2.2,2.2,307,952.8,1022.6,718.2,6,0.0,0.0,0.0,1.0,1.0,782.3,--
2025/9/5 11:32,24.2,66,24.0,64,16.8,24.0,2.2,3.2,293,952.7,1022.5,717.5,6,0.0,0.0,0.0,1.0,1.0,782.3,--
2025/9/5 11:33,24.2,66,24.0,65,17.0,24.0,2.2,2.5,359,952.7,1022.5,717.1,6,0.0,0.0,0.0,1.0,1.0,782.3,--
2025/9/5 11:34,24.2,66,24.2,64,17.0,24.2,2.5,4.3,102,952.8,1022.6,717.4,6,0.0,0.0,0.0,1.0,1.0,782.3,--
2025/9/5 11:35,24.2,66,24.5,64,17.3,24.5,0.0,0.0,180,952.8,1022.6,717.9,6,0.0,0.0,0.0,1.0,1.0,782.3,--
2025/9/5 11:36,24.2,66,24.7,65,17.7,24.7,2.5,2.5,194,952.6,1022.4,719.0,6,0.0,0.0,0.0,1.0,1.0,782.3,--
2025/9/5 11:37,24.3,66,24.6,65,17.6,24.6,1.8,2.2,263,952.8,1022.6,720.8,6,0.0,0.0,0.0,1.0,1.0,782.3,--
2025/9/5 11:38,24.3,66,24.7,66,17.9,24.7,2.2,2.5,353,952.7,1022.5,723.0,6,0.0,0.0,0.0,1.0,1.0,782.3,--
2025/9/5 11:39,24.2,66,24.5,65,17.5,24.5,0.0,3.2,5,952.7,1022.5,725.3,6,0.0,0.0,0.0,1.0,1.0,782.3,--
2025/9/5 11:40,24.2,66,24.6,65,17.6,24.6,9.7,9.7,291,952.7,1022.5,724.7,6,0.0,0.0,0.0,1.0,1.0,782.3,--
2025/9/5 11:41,24.3,66,24.2,66,17.5,24.2,3.6,7.2,320,952.7,1022.5,723.8,6,0.0,0.0,0.0,1.0,1.0,782.3,--
2025/9/5 11:42,24.3,66,24.1,66,17.4,24.1,2.9,4.3,204,952.7,1022.5,724.4,6,0.0,0.0,0.0,1.0,1.0,782.3,--
2025/9/5 11:43,24.3,66,24.4,66,17.6,24.4,2.5,2.9,286,952.8,1022.6,725.8,6,0.0,0.0,0.0,1.0,1.0,782.3,--
2025/9/5 11:44,24.3,66,24.5,66,17.7,24.5,4.0,4.0,220,952.7,1022.5,726.9,6,0.0,0.0,0.0,1.0,1.0,782.3,--
2025/9/5 11:45,24.3,65,24.5,66,17.7,24.5,0.0,0.0,148,952.7,1022.5,729.7,6,0.0,0.0,0.0,1.0,1.0,782.3,--
2025/9/5 11:46,24.3,66,24.8,65,17.8,24.8,2.2,3.2,97,952.7,1022.5,731.0,6,0.0,0.0,0.0,1.0,1.0,782.3,--
2025/9/5 11:47,24.3,66,25.1,64,17.8,25.1,2.2,2.9,130,952.6,1022.4,733.3,6,0.0,0.0,0.0,1.0,1.0,782.3,--
2025/9/5 11:48,24.2,66,25.4,65,18.4,25.4,0.0,0.0,117,952.6,1022.4,736.7,6,0.0,0.0,0.0,1.0,1.0,782.3,--
2025/9/5 11:49,24.2,66,25.6,64,18.3,25.6,2.5,4.7,277,952.6,1022.4,738.3,6,0.0,0.0,0.0,1.0,1.0,782.3,--
2025/9/5 11:50,24.3,66,25.3,64,18.0,25.3,4.7,4.7,265,952.6,1022.4,738.7,6,0.0,0.0,0.0,1.0,1.0,782.3,--
2025/9/5 11:51,24.3,66,25.0,64,17.8,25.0,2.5,4.3,333,952.5,1022.3,739.3,6,0.0,0.0,0.0,1.0,1.0,782.3,--
2025/9/5 11:52,24.2,66,25.1,64,17.8,25.1,8.3,8.3,117,952.5,1022.3,741.8,6,0.0,0.0,0.0,1.0,1.0,782.3,--
2025/9/5 11:53,24.2,66,24.8,65,17.8,24.8,0.0,4.0,99,952.7,1022.5,742.3,6,0.0,0.0,0.0,1.0,1.0,782.3,--
2025/9/5 11:54,24.2,66,24.8,66,18.0,24.8,2.2,4.7,275,952.6,1022.4,743.5,6,0.0,0.0,0.0,1.0,1.0,782.3,--
2025/9/5 11:55,24.2,66,24.8,67,18.3,24.8,6.1,6.1,100,952.5,1022.3,746.3,6,0.0,0.0,0.0,1.0,1.0,782.3,--
2025/9/5 11:56,24.2,66,25.0,63,17.5,25.0,4.0,7.2,106,952.5,1022.3,747.0,6,0.0,0.0,0.0,1.0,1.0,782.3,--
2025/9/5 11:57,24.2,66,24.6,65,17.6,24.6,5.8,5.8,119,952.5,1022.3,747.6,6,0.0,0.0,0.0,1.0,1.0,782.3,--
2025/9/5 11:58,24.2,66,24.5,67,18.0,24.5,1.8,3.6,0,952.5,1022.3,747.3,6,0.0,0.0,0.0,1.0,1.0,782.3,--
2025/9/5 11:59,24.2,66,24.7,65,17.7,24.7,6.1,7.2,108,952.4,1022.2,749.3,6,0.0,0.0,0.0,1.0,1.0,782.3,--
2025/9/5 12:00,24.2,66,24.8,65,17.8,24.8,4.0,4.0,104,952.6,1022.4,749.6,6,0.0,0.0,0.0,1.0,1.0,782.3,--
2025/9/5 12:01,24.2,67,24.9,64,17.7,24.9,7.6,8.3,123,952.6,1022.4,750.4,6,0.0,0.0,0.0,1.0,1.0,782.3,--
2025/9/5 12:02,24.2,67,24.7,66,17.9,24.7,1.8,7.2,149,952.6,1022.4,750.3,6,0.0,0.0,0.0,1.0,1.0,782.3,--
2025/9/5 12:03,24.2,67,24.8,65,17.8,24.8,3.6,5.4,101,952.6,1022.4,752.6,6,0.0,0.0,0.0,1.0,1.0,782.3,--
2025/9/5 12:04,24.2,67,24.8,64,17.6,24.8,2.5,4.0,120,952.5,1022.3,754.9,7,0.0,0.0,0.0,1.0,1.0,782.3,--
2025/9/5 12:05,24.2,67,24.8,65,17.8,24.8,0.0,2.2,124,952.5,1022.3,755.8,7,0.0,0.0,0.0,1.0,1.0,782.3,--
2025/9/5 12:06,24.2,67,24.9,65,17.9,24.9,4.7,7.6,98,952.5,1022.3,756.0,7,0.0,0.0,0.0,1.0,1.0,782.3,--
2025/9/5 12:07,24.2,67,24.8,65,17.8,24.8,4.0,6.5,132,952.4,1022.2,758.7,7,0.0,0.0,0.0,1.0,1.0,782.3,--
2025/9/5 12:08,24.2,67,24.8,65,17.8,24.8,4.3,5.8,125,952.5,1022.3,758.5,7,0.0,0.0,0.0,1.0,1.0,782.3,--
2025/9/5 12:09,24.2,67,24.9,63,17.4,24.9,1.8,1.8,272,952.6,1022.4,759.9,7,0.0,0.0,0.0,1.0,1.0,782.3,--
2025/9/5 12:10,24.2,67,25.0,65,18.0,25.0,7.2,7.2,290,952.7,1022.5,761.1,7,0.0,0.0,0.0,1.0,1.0,782.3,--
2025/9/5 12:11,24.2,67,24.7,67,18.2,24.7,1.8,2.9,308,952.4,1022.2,762.8,7,0.0,0.0,0.0,1.0,1.0,782.3,--
2025/9/5 12:12,24.2,67,24.9,66,18.1,24.9,2.5,4.7,124,952.5,1022.3,764.2,7,0.0,0.0,0.0,1.0,1.0,782.3,--
2025/9/5 12:13,24.2,67,25.1,64,17.8,25.1,2.5,5.4,254,952.6,1022.4,764.6,7,0.0,0.0,0.0,1.0,1.0,782.3,--
2025/9/5 12:14,24.2,67,25.0,67,18.5,25.0,2.5,2.9,293,952.6,1022.4,766.1,7,0.0,0.0,0.0,1.0,1.0,782.3,--
2025/9/5 12:15,24.2,67,25.2,64,17.9,25.2,6.5,6.5,111,952.5,1022.3,767.7,7,0.0,0.0,0.0,1.0,1.0,782.3,--
2025/9/5 12:16,24.2,67,25.2,63,17.7,25.2,2.9,4.3,94,952.5,1022.3,769.0,7,0.0,0.0,0.0,1.0,1.0,782.3,--
2025/9/5 12:17,24.2,67,25.3,64,18.0,25.3,3.2,3.2,337,952.6,1022.4,769.6,7,0.0,0.0,0.0,1.0,1.0,782.3,--
2025/9/5 12:18,24.2,67,25.1,64,17.8,25.1,7.2,8.6,127,952.5,1022.3,769.6,7,0.0,0.0,0.0,1.0,1.0,782.3,--
2025/9/5 12:19,24.2,67,24.6,64,17.4,24.6,9.4,14.0,116,952.7,1022.5,764.7,7,0.0,0.0,0.0,1.0,1.0,782.3,--
2025/9/5 12:20,24.2,67,24.4,64,17.2,24.4,0.0,2.9,313,952.7,1022.5,765.1,7,0.0,0.0,0.0,1.0,1.0,782.3,--
2025/9/5 12:21,24.3,67,24.6,67,18.1,24.6,4.0,4.7,288,952.5,1022.3,768.6,7,0.0,0.0,0.0,1.0,1.0,782.3,--
2025/9/5 12:22,24.3,66,24.7,64,17.5,24.7,3.6,7.6,104,952.6,1022.4,771.1,7,0.0,0.0,0.0,1.0,1.0,782.3,--
2025/9/5 12:23,24.3,67,24.7,62,16.9,24.7,7.2,7.9,121,952.5,1022.3,771.5,7,0.0,0.0,0.0,1.0,1.0,782.3,--
2025/9/5 12:24,24.3,66,24.5,63,17.0,24.5,0.0,2.9,154,952.6,1022.4,773.0,7,0.0,0.0,0.0,1.0,1.0,782.3,--
2025/9/5 12:25,24.3,67,24.8,64,17.6,24.8,4.7,6.5,118,952.7,1022.5,775.2,7,0.0,0.0,0.0,1.0,1.0,782.3,--
2025/9/5 12:26,24.3,66,25.1,63,17.6,25.1,2.2,3.2,94,952.4,1022.2,775.6,7,0.0,0.0,0.0,1.0,1.0,782.3,--
2025/9/5 12:27,24.3,67,25.3,61,17.3,25.3,4.7,5.4,114,952.8,1022.6,775.6,7,0.0,0.0,0.0,1.0,1.0,782.3,--
2025/9/5 12:28,24.3,67,25.3,62,17.5,25.3,3.2,10.4,95,952.7,1022.5,775.2,7,0.0,0.0,0.0,1.0,1.0,782.3,--
2025/9/5 12:29,24.3,67,25.3,62,17.5,25.3,1.8,3.2,67,952.7,1022.5,775.2,7,0.0,0.0,0.0,1.0,1.0,782.3,--
2025/9/5 12:30,24.3,67,25.3,62,17.5,25.3,5.4,8.6,120,952.6,1022.4,776.0,7,0.0,0.0,0.0,1.0,1.0,782.3,--
2025/9/5 12:31,24.3,67,25.0,62,17.2,25.0,4.0,4.0,124,952.8,1022.6,776.0,7,0.0,0.0,0.0,1.0,1.0,782.3,--
2025/9/5 12:32,24.2,67,25.0,64,17.8,25.0,3.2,4.7,256,952.6,1022.4,776.2,7,0.0,0.0,0.0,1.0,1.0,782.3,--
2025/9/5 12:33,24.3,67,25.2,62,17.4,25.2,3.6,5.8,112,952.5,1022.3,777.9,7,0.0,0.0,0.0,1.0,1.0,782.3,--
2025/9/5 12:34,24.3,67,25.2,62,17.4,25.2,1.8,5.8,96,952.6,1022.4,778.5,7,0.0,0.0,0.0,1.0,1.0,782.3,--
2025/9/5 12:35,24.3,66,25.2,63,17.7,25.2,1.8,5.8,93,952.6,1022.4,779.8,7,0.0,0.0,0.0,1.0,1.0,782.3,--
2025/9/5 12:36,24.3,66,25.4,61,17.4,25.4,3.2,7.2,116,952.7,1022.5,779.7,7,0.0,0.0,0.0,1.0,1.0,782.3,--
2025/9/5 12:37,24.3,66,25.4,61,17.4,25.4,5.4,6.8,132,952.8,1022.6,779.1,7,0.0,0.0,0.0,1.0,1.0,782.3,--
2025/9/5 12:38,24.3,66,25.4,64,18.1,25.4,2.5,2.9,333,952.7,1022.5,780.7,7,0.0,0.0,0.0,1.0,1.0,782.3,--
2025/9/5 12:39,24.3,66,25.6,62,17.8,25.6,3.6,4.7,290,952.6,1022.4,782.8,7,0.0,0.0,0.0,1.0,1.0,782.3,--
2025/9/5 12:40,24.3,66,25.6,59,17.0,25.6,7.6,9.0,121,952.7,1022.5,783.5,7,0.0,0.0,0.0,1.0,1.0,782.3,--
2025/9/5 12:41,24.3,66,25.4,59,16.8,25.4,0.0,2.5,345,952.4,1022.2,784.7,7,0.0,0.0,0.0,1.0,1.0,782.3,--
2025/9/5 12:42,24.3,66,25.5,60,17.2,25.5,0.0,0.0,22,952.6,1022.4,784.6,7,0.0,0.0,0.0,1.0,1.0,782.3,--
2025/9/5 12:43,24.3,66,25.7,61,17.6,25.7,3.6,5.8,304,952.7,1022.5,785.5,7,0.0,0.0,0.0,1.0,1.0,782.3,--
2025/9/5 12:44,24.3,66,25.5,59,16.9,25.5,9.0,10.8,127,952.7,1022.5,783.0,7,0.0,0.0,0.0,1.0,1.0,782.3,--
2025/9/5 12:45,24.3,66,25.1,60,16.8,25.1,4.0,4.7,99,952.5,1022.3,781.6,7,0.0,0.0,0.0,1.0,1.0,782.3,--
2025/9/5 12:46,24.3,66,25.1,59,16.5,25.1,2.9,5.4,126,952.6,1022.4,782.7,7,0.0,0.0,0.0,1.0,1.0,782.3,--
2025/9/5 12:47,24.3,66,25.3,60,17.0,25.3,3.2,3.2,152,952.6,1022.4,784.7,7,0.0,0.0,0.0,1.0,1.0,782.3,--
2025/9/5 12:48,24.3,66,25.4,60,17.1,25.4,1.8,2.9,24,952.5,1022.3,785.0,7,0.0,0.0,0.0,1.0,1.0,782.3,--
2025/9/5 12:49,24.3,66,25.7,60,17.4,25.7,5.8,5.8,103,952.6,1022.4,785.7,7,0.0,0.0,0.0,1.0,1.0,782.3,--
2025/9/5 12:50,24.3,66,25.6,60,17.3,25.6,2.9,4.3,118,952.6,1022.4,772.8,7,0.0,0.0,0.0,1.0,1.0,782.3,--
2025/9/5 12:51,24.3,66,25.6,62,17.8,25.6,4.3,6.1,116,952.6,1022.4,783.4,7,0.0,0.0,0.0,1.0,1.0,782.3,--
2025/9/5 12:52,24.3,66,25.6,60,17.3,25.6,0.0,0.0,73,952.6,1022.4,784.8,7,0.0,0.0,0.0,1.0,1.0,782.3,--
2025/9/5 12:53,24.3,66,25.6,60,17.3,25.6,0.0,7.2,125,952.6,1022.4,785.3,7,0.0,0.0,0.0,1.0,1.0,782.3,--
2025/9/5 12:54,24.3,66,25.6,60,17.3,25.6,6.5,6.5,110,952.6,1022.4,785.3,7,0.0,0.0,0.0,1.0,1.0,782.3,--
2025/9/5 12:55,24.3,66,25.5,60,17.2,25.5,5.8,9.0,124,952.9,1022.7,783.1,7,0.0,0.0,0.0,1.0,1.0,782.3,--
2025/9/5 12:56,24.3,66,25.3,60,17.0,25.3,2.5,3.6,238,952.5,1022.3,785.0,7,0.0,0.0,0.0,1.0,1.0,782.3,--
2025/9/5 12:57,24.3,66,25.3,61,17.3,25.3,4.0,5.4,155,952.6,1022.4,784.3,7,0.0,0.0,0.0,1.0,1.0,782.3,--
2025/9/5 12:58,24.3,66,25.4,61,17.4,25.4,6.8,7.6,124,952.7,1022.5,783.7,7,0.0,0.0,0.0,1.0,1.0,782.3,--
2025/9/5 12:59,24.3,66,25.4,61,17.4,25.4,0.0,2.9,92,952.7,1022.5,784.3,7,0.0,0.0,0.0,1.0,1.0,782.3,--
2025/9/5 13:00,24.3,66,25.4,60,17.1,25.4,0.0,2.2,132,952.6,1022.4,785.3,7,0.0,0.0,0.0,1.0,1.0,782.3,--
2025/9/5 13:01,24.3,66,25.6,60,17.3,25.6,0.0,0.0,178,952.6,1022.4,784.3,7,0.0,0.0,0.0,1.0,1.0,782.3,--
2025/9/5 13:02,24.3,66,25.8,59,17.2,25.8,4.7,5.8,118,952.6,1022.4,784.4,7,0.0,0.0,0.0,1.0,1.0,782.3,--
2025/9/5 13:03,24.3,66,25.7,59,17.1,25.7,0.0,5.8,325,952.8,1022.6,782.0,7,0.0,0.0,0.0,1.0,1.0,782.3,--
2025/9/5 13:04,24.3,66,25.6,60,17.3,25.6,4.3,8.3,80,952.7,1022.5,787.1,7,0.0,0.0,0.0,1.0,1.0,782.3,--
2025/9/5 13:05,24.3,66,25.6,60,17.3,25.6,17.3,19.4,123,952.4,1022.2,784.6,7,0.0,0.0,0.0,1.0,1.0,782.3,--
2025/9/5 13:06,24.3,66,25.3,63,17.8,25.3,4.3,4.3,269,952.6,1022.4,782.8,7,0.0,0.0,0.0,1.0,1.0,782.3,--
2025/9/5 13:07,24.3,66,25.4,62,17.6,25.4,6.1,6.1,298,952.7,1022.5,781.5,7,0.0,0.0,0.0,1.0,1.0,782.3,--
2025/9/5 13:08,24.3,66,25.4,62,17.6,25.4,2.2,4.0,283,952.5,1022.3,782.7,7,0.0,0.0,0.0,1.0,1.0,782.3,--
2025/9/5 13:09,24.3,66,25.6,59,17.0,25.6,1.8,2.9,239,952.5,1022.3,784.4,7,0.0,0.0,0.0,1.0,1.0,782.3,--
2025/9/5 13:10,24.3,66,25.9,61,17.8,25.9,1.8,2.9,40,952.6,1022.4,784.2,7,0.0,0.0,0.0,1.0,1.0,782.3,--
2025/9/5 13:11,24.3,66,26.1,59,17.5,26.1,7.6,7.6,114,952.7,1022.5,786.4,7,0.0,0.0,0.0,1.0,1.0,782.3,--
2025/9/5 13:12,24.3,66,26.1,58,17.2,26.1,7.2,7.6,117,952.7,1022.5,786.3,7,0.0,0.0,0.0,1.0,1.0,782.3,--
2025/9/5 13:13,24.3,66,25.7,58,16.8,25.7,10.8,13.7,123,952.8,1022.6,784.9,7,0.0,0.0,0.0,1.0,1.0,782.3,--
2025/9/5 13:14,24.3,66,25.5,58,16.6,25.5,4.7,9.7,106,952.6,1022.4,784.2,7,0.0,0.0,0.0,1.0,1.0,782.3,--
2025/9/5 13:15,24.3,66,25.3,58,16.5,25.3,6.1,9.4,120,952.5,1022.3,784.3,7,0.0,0.0,0.0,1.0,1.0,782.3,--
2025/9/5 13:16,24.3,66,25.3,57,16.2,25.3,0.0,1.8,176,952.6,1022.4,784.6,7,0.0,0.0,0.0,1.0,1.0,782.3,--
2025/9/5 13:17,24.3,66,25.5,58,16.6,25.5,1.8,2.5,61,952.6,1022.4,785.4,7,0.0,0.0,0.0,1.0,1.0,782.3,--
2025/9/5 13:18,24.3,66,25.6,58,16.7,25.6,4.0,6.8,125,952.6,1022.4,782.7,7,0.0,0.0,0.0,1.0,1.0,782.3,--
2025/9/5 13:19,24.3,66,25.8,56,16.4,25.8,0.0,0.0,353,952.6,1022.4,782.0,7,0.0,0.0,0.0,1.0,1.0,782.3,--
2025/9/5 13:20,24.3,66,25.9,56,16.5,25.9,6.1,7.9,123,952.6,1022.4,784.6,7,0.0,0.0,0.0,1.0,1.0,782.3,--
2025/9/5 13:21,24.3,66,25.7,57,16.6,25.7,1.8,4.0,149,952.5,1022.3,780.6,7,0.0,0.0,0.0,1.0,1.0,782.3,--
2025/9/5 13:22,24.3,66,25.7,58,16.8,25.7,4.0,4.0,105,952.7,1022.5,780.1,7,0.0,0.0,0.0,1.0,1.0,782.3,--
2025/9/5 13:23,24.3,66,25.9,59,17.3,25.9,1.8,1.8,115,952.8,1022.6,781.1,7,0.0,0.0,0.0,1.0,1.0,782.3,--
2025/9/5 13:24,24.3,66,26.1,58,17.2,26.1,1.8,3.2,303,952.7,1022.5,780.9,7,0.0,0.0,0.0,1.0,1.0,782.3,--
2025/9/5 13:25,24.3,66,26.2,56,16.8,26.2,5.4,8.3,143,952.6,1022.4,781.5,7,0.0,0.0,0.0,1.0,1.0,782.3,--
2025/9/5 13:26,24.3,66,26.0,55,16.3,26.0,3.6,3.6,26,952.6,1022.4,782.5,7,0.0,0.0,0.0,1.0,1.0,782.3,--
2025/9/5 13:27,24.3,66,26.0,56,16.6,26.0,0.0,2.2,235,952.5,1022.3,783.3,7,0.0,0.0,0.0,1.0,1.0,782.3,--
2025/9/5 13:28,24.3,66,26.2,58,17.3,26.2,2.9,4.3,336,952.5,1022.3,781.8,7,0.0,0.0,0.0,1.0,1.0,782.3,--
2025/9/5 13:29,24.2,66,26.2,56,16.8,26.2,0.0,1.8,89,952.5,1022.3,781.2,7,0.0,0.0,0.0,1.0,1.0,782.3,--
2025/9/5 13:30,24.3,66,26.6,58,17.7,26.6,2.5,3.6,139,952.6,1022.4,778.2,7,0.0,0.0,0.0,1.0,1.0,782.3,--
2025/9/5 13:31,24.3,66,26.7,57,17.5,27.5,0.0,2.9,247,952.7,1022.5,777.1,7,0.0,0.0,0.0,1.0,1.0,782.3,--
2025/9/5 13:32,24.3,66,26.6,54,16.5,26.6,9.4,9.4,118,952.7,1022.5,774.1,7,0.0,0.0,0.0,1.0,1.0,782.3,--
2025/9/5 13:33,24.3,66,26.1,55,16.4,26.1,5.4,7.9,128,952.7,1022.5,768.2,7,0.0,0.0,0.0,1.0,1.0,782.3,--
2025/9/5 13:34,24.3,66,26.0,57,16.9,26.0,6.8,7.2,182,952.5,1022.3,768.1,7,0.0,0.0,0.0,1.0,1.0,782.3,--
2025/9/5 13:35,24.3,66,26.1,56,16.7,26.1,0.0,5.0,235,952.7,1022.5,770.3,7,0.0,0.0,0.0,1.0,1.0,782.3,--
2025/9/5 13:36,24.3,66,26.2,57,17.0,26.2,0.0,4.7,303,952.7,1022.5,766.2,7,0.0,0.0,0.0,1.0,1.0,782.3,--
2025/9/5 13:37,24.3,66,26.2,58,17.3,26.2,2.5,4.3,272,952.7,1022.5,764.7,7,0.0,0.0,0.0,1.0,1.0,782.3,--
2025/9/5 13:38,24.3,66,26.3,57,17.1,26.3,2.5,4.3,329,952.6,1022.4,764.5,7,0.0,0.0,0.0,1.0,1.0,782.3,--
2025/9/5 13:39,24.3,66,26.2,58,17.3,26.2,3.6,4.0,333,952.6,1022.4,764.2,7,0.0,0.0,0.0,1.0,1.0,782.3,--
2025/9/5 13:40,24.3,66,26.3,57,17.1,26.3,2.2,3.2,6,952.6,1022.4,761.8,7,0.0,0.0,0.0,1.0,1.0,782.3,--
2025/9/5 13:41,24.3,66,26.4,57,17.2,26.4,0.0,2.2,49,952.4,1022.2,764.1,7,0.0,0.0,0.0,1.0,1.0,782.3,--
2025/9/5 13:42,24.2,66,26.4,58,17.5,26.4,0.0,2.2,336,952.6,1022.4,761.8,7,0.0,0.0,0.0,1.0,1.0,782.3,--
2025/9/5 13:43,24.2,66,26.4,59,17.8,26.4,2.2,2.5,324,952.5,1022.3,761.8,7,0.0,0.0,0.0,1.0,1.0,782.3,--
2025/9/5 13:44,24.2,66,26.6,59,18.0,26.6,0.0,2.2,66,952.6,1022.4,760.8,7,0.0,0.0,0.0,1.0,1.0,782.3,--
2025/9/5 13:45,24.2,66,26.7,58,17.8,27.6,4.7,7.6,128,952.4,1022.2,755.8,7,0.0,0.0,0.0,1.0,1.0,782.3,--
2025/9/5 13:46,24.2,65,26.4,60,18.0,26.4,0.0,4.0,135,952.6,1022.4,753.7,7,0.0,0.0,0.0,1.0,1.0,782.3,--
2025/9/5 13:47,24.3,65,26.3,61,18.2,26.3,3.6,3.6,277,952.5,1022.3,753.1,7,0.0,0.0,0.0,1.0,1.0,782.3,--
2025/9/5 13:48,24.2,66,26.4,59,17.8,26.4,1.8,3.2,295,952.6,1022.4,753.5,7,0.0,0.0,0.0,1.0,1.0,782.3,--
2025/9/5 13:49,24.2,66,26.3,61,18.2,26.3,3.2,5.0,251,952.5,1022.3,750.2,6,0.0,0.0,0.0,1.0,1.0,782.3,--
2025/9/5 13:50,24.2,66,26.4,58,17.5,26.4,6.1,7.2,133,952.4,1022.2,749.4,6,0.0,0.0,0.0,1.0,1.0,782.3,--
2025/9/5 13:51,24.2,66,26.2,58,17.3,26.2,3.2,7.6,108,952.5,1022.3,748.1,6,0.0,0.0,0.0,1.0,1.0,782.3,--
2025/9/5 13:52,24.2,66,26.1,60,17.8,26.1,0.0,1.8,119,952.5,1022.3,746.7,6,0.0,0.0,0.0,1.0,1.0,782.3,--
2025/9/5 13:53,24.2,66,26.4,61,18.3,26.4,0.0,2.2,250,952.6,1022.4,744.1,6,0.0,0.0,0.0,1.0,1.0,782.3,--
2025/9/5 13:54,24.2,66,26.5,60,18.1,26.5,2.2,2.9,277,952.5,1022.3,740.3,6,0.0,0.0,0.0,1.0,1.0,782.3,--
2025/9/5 13:55,24.3,66,26.6,59,18.0,26.6,5.0,5.4,23,952.5,1022.3,737.0,6,0.0,0.0,0.0,1.0,1.0,782.3,--
2025/9/5 13:56,24.3,66,26.6,58,17.7,26.6,0.0,4.7,106,952.6,1022.4,737.7,6,0.0,0.0,0.0,1.0,1.0,782.3,--
2025/9/5 13:57,24.3,66,26.6,57,17.4,26.6,4.7,6.8,126,952.4,1022.2,739.5,6,0.0,0.0,0.0,1.0,1.0,782.3,--
2025/9/5 13:58,24.3,66,26.4,58,17.5,26.4,2.2,3.2,348,952.4,1022.2,738.2,6,0.0,0.0,0.0,1.0,1.0,782.3,--
2025/9/5 13:59,24.3,66,26.5,61,18.4,26.5,0.0,3.2,318,952.4,1022.2,741.3,6,0.0,0.0,0.0,1.0,1.0,782.3,--
2025/9/5 14:00,24.3,66,26.5,57,17.3,26.5,0.0,4.7,168,952.6,1022.4,737.2,6,0.0,0.0,0.0,1.0,1.0,782.3,--
2025/9/5 14:01,24.3,66,26.6,60,18.2,26.6,0.0,1.8,147,952.4,1022.2,738.5,6,0.0,0.0,0.0,1.0,1.0,782.3,--
2025/9/5 14:02,24.3,66,26.8,58,17.9,27.7,2.2,4.3,252,952.5,1022.3,735.3,6,0.0,0.0,0.0,1.0,1.0,782.3,--
2025/9/5 14:03,24.3,66,26.7,61,18.6,27.8,2.2,2.9,245,952.4,1022.2,734.6,6,0.0,0.0,0.0,1.0,1.0,782.3,--
2025/9/5 14:04,24.3,66,26.6,59,18.0,26.6,2.5,3.2,122,952.5,1022.3,734.3,6,0.0,0.0,0.0,1.0,1.0,782.3,--
2025/9/5 14:05,24.3,66,26.7,60,18.3,27.7,4.7,7.2,333,952.4,1022.2,729.2,6,0.0,0.0,0.0,1.0,1.0,782.3,--
2025/9/5 14:06,24.3,66,26.7,60,18.3,27.7,4.0,4.0,290,952.5,1022.3,728.0,6,0.0,0.0,0.0,1.0,1.0,782.3,--
2025/9/5 14:07,24.3,66,26.6,59,18.0,26.6,3.6,4.0,254,952.5,1022.3,721.2,6,0.0,0.0,0.0,1.0,1.0,782.3,--
2025/9/5 14:08,24.3,66,26.6,63,19.0,26.6,2.2,3.2,241,952.5,1022.3,718.4,6,0.0,0.0,0.0,1.0,1.0,782.3,--
2025/9/5 14:09,24.3,66,26.6,58,17.7,26.6,2.2,3.2,245,952.4,1022.2,722.2,6,0.0,0.0,0.0,1.0,1.0,782.3,--
2025/9/5 14:10,24.3,66,26.9,61,18.8,28.0,0.0,1.8,242,952.4,1022.2,723.2,6,0.0,0.0,0.0,1.0,1.0,782.3,--
2025/9/5 14:11,24.3,66,27.0,60,18.6,28.1,1.8,2.9,246,952.5,1022.3,723.4,6,0.0,0.0,0.0,1.0,1.0,782.3,--
2025/9/5 14:12,24.3,66,26.9,61,18.8,28.0,2.9,3.6,275,952.5,1022.3,729.9,6,0.0,0.0,0.0,1.0,1.0,782.3,--
2025/9/5 14:13,24.3,66,26.9,57,17.7,27.7,5.4,5.4,112,952.4,1022.2,726.6,6,0.0,0.0,0.0,1.0,1.0,782.3,--
2025/9/5 14:14,24.3,66,26.9,58,18.0,27.8,5.0,5.4,288,952.6,1022.4,722.2,6,0.0,0.0,0.0,1.0,1.0,782.3,--
2025/9/5 14:15,24.3,66,26.6,62,18.7,26.6,3.6,3.6,260,952.4,1022.2,718.7,6,0.0,0.0,0.0,1.0,1.0,782.3,--
2025/9/5 14:16,24.3,66,26.7,61,18.6,27.8,2.5,3.6,329,952.2,1022.0,717.8,6,0.0,0.0,0.0,1.0,1.0,782.3,--
2025/9/5 14:17,24.3,66,26.8,58,17.9,27.7,7.2,13.7,109,952.4,1022.2,719.6,6,0.0,0.0,0.0,1.0,1.0,782.3,--
2025/9/5 14:18,24.3,66,26.5,59,17.9,26.5,4.3,9.0,87,952.3,1022.1,725.1,6,0.0,0.0,0.0,1.0,1.0,782.3,--
2025/9/5 14:19,24.3,66,26.5,60,18.1,26.5,2.2,2.9,75,952.3,1022.1,726.8,6,0.0,0.0,0.0,1.0,1.0,782.3,--
2025/9/5 14:20,24.3,66,26.7,60,18.3,27.7,4.0,4.0,245,952.6,1022.4,729.6,6,0.0,0.0,0.0,1.0,1.0,782.3,--
2025/9/5 14:21,24.3,66,26.6,59,18.0,26.6,3.6,3.6,117,952.5,1022.3,733.9,6,0.0,0.0,0.0,1.0,1.0,782.3,--
2025/9/5 14:22,24.3,66,26.8,58,17.9,27.7,0.0,6.1,99,952.3,1022.1,728.1,6,0.0,0.0,0.0,1.0,1.0,782.3,--
2025/9/5 14:23,24.3,66,26.9,59,18.2,27.8,3.2,4.0,111,952.3,1022.1,721.8,6,0.0,0.0,0.0,1.0,1.0,782.3,--
2025/9/5 14:24,24.3,66,27.0,59,18.3,28.0,1.8,5.4,139,952.3,1022.1,711.0,6,0.0,0.0,0.0,1.0,1.0,782.3,--
2025/9/5 14:25,24.3,66,27.0,57,17.8,27.8,6.5,10.1,124,952.2,1022.0,700.9,6,0.0,0.0,0.0,1.0,1.0,782.3,--
2025/9/5 14:26,24.3,66,26.5,57,17.3,26.5,3.2,6.8,108,952.4,1022.2,701.8,6,0.0,0.0,0.0,1.0,1.0,782.3,--
2025/9/5 14:27,24.3,66,26.4,59,17.8,26.4,2.2,2.9,330,952.2,1022.0,698.8,6,0.0,0.0,0.0,1.0,1.0,782.3,--
2025/9/5 14:28,24.3,65,26.5,58,17.6,26.5,0.0,3.2,130,952.4,1022.2,699.5,6,0.0,0.0,0.0,1.0,1.0,782.3,--
2025/9/5 14:29,24.3,66,26.7,58,17.8,27.6,2.2,3.6,69,952.4,1022.2,694.8,6,0.0,0.0,0.0,1.0,1.0,782.3,--
2025/9/5 14:30,24.3,66,26.7,57,17.5,27.5,0.0,0.0,89,952.3,1022.1,694.7,6,0.0,0.0,0.0,1.0,1.0,782.3,--
2025/9/5 14:31,24.3,66,27.0,58,18.1,27.9,0.0,0.0,89,952.1,1021.9,692.1,6,0.0,0.0,0.0,1.0,1.0,782.3,--
2025/9/5 14:32,24.3,66,27.3,56,17.8,28.1,0.0,1.8,269,952.3,1022.1,690.9,6,0.0,0.0,0.0,1.0,1.0,782.3,--
2025/9/5 14:33,24.3,66,27.5,58,18.5,28.5,1.8,2.5,96,952.2,1022.0,692.1,6,0.0,0.0,0.0,1.0,1.0,782.3,--
2025/9/5 14:34,24.3,66,27.6,56,18.1,28.5,9.0,10.8,124,952.4,1022.2,691.3,6,0.0,0.0,0.0,1.0,1.0,782.3,--
2025/9/5 14:35,24.3,66,27.4,57,18.2,28.3,0.0,1.8,218,952.3,1022.1,691.0,6,0.0,0.0,0.0,1.0,1.0,782.3,--
2025/9/5 14:36,24.3,66,27.5,57,18.3,28.4,3.6,4.3,117,952.2,1022.0,688.1,6,0.0,0.0,0.0,1.0,1.0,782.3,--
2025/9/5 14:37,24.3,66,27.4,57,18.2,28.3,3.2,5.0,116,952.4,1022.2,686.3,6,0.0,0.0,0.0,1.0,1.0,782.3,--
2025/9/5 14:38,24.3,66,27.2,57,18.0,28.1,5.4,7.9,124,952.3,1022.1,682.5,6,0.0,0.0,0.0,1.0,1.0,782.3,--
2025/9/5 14:39,24.3,66,26.7,57,17.5,27.5,3.2,6.1,122,952.3,1022.1,680.0,6,0.0,0.0,0.0,1.0,1.0,782.3,--
2025/9/5 14:40,24.3,66,26.5,58,17.6,26.5,0.0,2.5,119,952.3,1022.1,678.0,6,0.0,0.0,0.0,1.0,1.0,782.3,--
2025/9/5 14:41,24.3,66,26.7,59,18.0,27.7,5.0,5.0,113,952.3,1022.1,676.9,6,0.0,0.0,0.0,1.0,1.0,782.3,--
2025/9/5 14:42,24.3,65,26.8,59,18.1,27.7,1.8,2.5,83,952.2,1022.0,674.1,6,0.0,0.0,0.0,1.0,1.0,782.3,--
2025/9/5 14:43,24.3,65,26.8,58,17.9,27.7,8.3,9.7,124,952.3,1022.1,672.8,6,0.0,0.0,0.0,1.0,1.0,782.3,--
2025/9/5 14:44,24.3,66,26.6,58,17.7,26.6,5.8,7.6,117,952.4,1022.2,671.9,6,0.0,0.0,0.0,1.0,1.0,782.3,--
2025/9/5 14:45,24.3,66,26.6,59,18.0,26.6,3.6,3.6,103,952.1,1021.9,671.7,6,0.0,0.0,0.0,1.0,1.0,782.3,--
2025/9/5 14:46,24.3,65,26.7,58,17.8,27.6,6.1,6.1,120,952.3,1022.1,669.1,6,0.0,0.0,0.0,1.0,1.0,782.3,--
2025/9/5 14:47,24.3,66,26.9,58,18.0,27.8,2.2,2.2,63,952.2,1022.0,664.5,6,0.0,0.0,0.0,1.0,1.0,782.3,--
2025/9/5 14:48,24.3,66,27.0,58,18.1,27.9,3.6,7.9,108,952.2,1022.0,661.1,6,0.0,0.0,0.0,1.0,1.0,782.3,--
2025/9/5 14:49,24.3,65,27.0,57,17.8,27.8,2.9,6.1,193,952.2,1022.0,658.5,6,0.0,0.0,0.0,1.0,1.0,782.3,--
2025/9/5 14:50,24.3,65,27.1,58,18.1,28.1,1.8,2.2,258,952.1,1021.9,661.2,6,0.0,0.0,0.0,1.0,1.0,782.3,--
2025/9/5 14:51,24.3,66,27.3,60,18.9,28.4,0.0,2.9,222,952.2,1022.0,655.9,6,0.0,0.0,0.0,1.0,1.0,782.3,--
2025/9/5 14:52,24.3,65,27.3,56,17.8,28.1,4.7,6.1,120,952.2,1022.0,651.8,6,0.0,0.0,0.0,1.0,1.0,782.3,--
2025/9/5 14:53,24.3,65,27.4,55,17.6,28.2,0.0,2.9,160,952.2,1022.0,636.7,5,0.0,0.0,0.0,1.0,1.0,782.3,--
2025/9/5 14:54,24.3,65,27.5,56,18.0,28.3,0.0,2.5,115,952.1,1021.9,650.5,6,0.0,0.0,0.0,1.0,1.0,782.3,--
2025/9/5 14:55,24.3,65,27.4,55,17.6,28.2,4.3,5.4,24,952.1,1021.9,653.8,6,0.0,0.0,0.0,1.0,1.0,782.3,--
2025/9/5 14:56,24.3,65,27.1,58,18.1,28.1,2.9,2.9,336,952.0,1021.8,646.1,6,0.0,0.0,0.0,1.0,1.0,782.3,--
2025/9/5 14:57,24.3,65,27.1,58,18.1,28.1,2.5,3.6,313,952.1,1021.9,643.1,5,0.0,0.0,0.0,1.0,1.0,782.3,--
2025/9/5 14:58,24.3,65,27.2,56,17.7,28.1,0.0,2.2,326,952.0,1021.8,636.7,5,0.0,0.0,0.0,1.0,1.0,782.3,--
2025/9/5 14:59,24.3,65,27.1,61,19.0,28.3,5.0,5.0,9,952.2,1022.0,634.9,5,0.0,0.0,0.0,1.0,1.0,782.3,--
2025/9/5 15:00,24.3,65,27.2,59,18.5,28.3,2.5,2.9,14,952.1,1021.9,622.0,5,0.0,0.0,0.0,1.0,1.0,782.3,--
2025/9/5 15:01,24.3,65,27.3,56,17.8,28.1,3.2,4.7,348,952.2,1022.0,636.7,5,0.0,0.0,0.0,1.0,1.0,782.3,--
2025/9/5 15:02,24.3,65,27.3,59,18.6,28.3,2.9,3.2,6,952.1,1021.9,636.7,5,0.0,0.0,0.0,1.0,1.0,782.3,--
2025/9/5 15:03,24.3,65,27.4,62,19.5,28.7,1.8,2.9,230,952.2,1022.0,636.7,5,0.0,0.0,0.0,1.0,1.0,782.3,--
2025/9/5 15:04,24.3,65,27.6,60,19.2,28.8,0.0,1.8,226,952.0,1021.8,628.5,5,0.0,0.0,0.0,1.0,1.0,782.3,--
2025/9/5 15:05,24.3,65,27.9,55,18.1,28.8,0.0,0.0,50,952.0,1021.8,629.7,5,0.0,0.0,0.0,1.0,1.0,782.3,--
2025/9/5 15:06,24.3,65,28.2,55,18.3,29.2,0.0,2.9,128,952.2,1022.0,626.4,5,0.0,0.0,0.0,1.0,1.0,782.3,--
2025/9/5 15:07,24.3,65,28.2,54,18.0,29.1,2.5,2.9,98,952.0,1021.8,600.0,5,0.0,0.0,0.0,1.0,1.0,782.3,--
2025/9/5 15:08,24.3,65,28.1,57,18.8,29.3,4.3,4.3,279,952.1,1021.9,622.5,5,0.0,0.0,0.0,1.0,1.0,782.3,--
2025/9/5 15:09,24.3,65,27.8,56,18.2,28.7,2.5,6.1,263,952.0,1021.8,614.3,5,0.0,0.0,0.0,1.0,1.0,782.3,--
2025/9/5 15:10,24.3,65,27.8,59,19.1,29.0,0.0,3.2,241,952.1,1021.9,619.4,5,0.0,0.0,0.0,1.0,1.0,782.3,--
2025/9/5 15:11,24.3,65,27.8,56,18.2,28.7,1.8,5.0,156,952.0,1021.8,613.3,5,0.0,0.0,0.0,1.0,1.0,782.3,--
2025/9/5 15:12,24.3,65,27.8,55,18.0,28.6,4.3,5.4,293,952.2,1022.0,615.9,5,0.0,0.0,0.0,1.0,1.0,782.3,--
2025/9/5 15:13,24.3,65,27.4,57,18.2,28.3,2.2,4.7,279,952.3,1022.1,611.1,5,0.0,0.0,0.0,1.0,1.0,782.3,--
2025/9/5 15:14,24.3,66,27.5,57,18.3,28.4,2.9,3.6,213,952.1,1021.9,362.5,3,0.0,0.0,0.0,1.0,1.0,782.3,--
2025/9/5 15:15,24.3,66,27.7,62,19.8,29.2,0.0,1.8,294,952.1,1021.9,601.9,5,0.0,0.0,0.0,1.0,1.0,782.3,--
2025/9/5 15:16,24.3,66,27.9,55,18.1,28.8,5.0,5.4,266,952.1,1021.9,600.6,5,0.0,0.0,0.0,1.0,1.0,782.3,--
2025/9/5 15:17,24.3,66,27.7,57,18.4,28.7,0.0,1.8,209,952.3,1022.1,602.6,5,0.0,0.0,0.0,1.0,1.0,782.3,--
2025/9/5 15:18,24.3,66,27.8,58,18.8,28.9,2.5,4.0,247,952.1,1021.9,600.7,5,0.0,0.0,0.0,1.0,1.0,782.3,--
2025/9/5 15:19,24.3,66,27.7,56,18.2,28.6,5.0,5.4,266,952.2,1022.0,599.3,5,0.0,0.0,0.0,1.0,1.0,782.3,--
2025/9/5 15:20,24.3,65,27.6,55,17.8,28.4,3.2,4.0,215,952.2,1022.0,600.7,5,0.0,0.0,0.0,1.0,1.0,782.3,--
2025/9/5 15:21,24.3,65,27.7,55,17.9,28.6,5.8,5.8,289,952.2,1022.0,602.3,5,0.0,0.0,0.0,1.0,1.0,782.3,--
2025/9/5 15:22,24.4,65,27.4,58,18.4,28.4,3.2,5.0,312,952.2,1022.0,592.9,5,0.0,0.0,0.0,1.0,1.0,782.3,--
2025/9/5 15:23,24.4,65,27.2,58,18.2,28.2,0.0,2.5,203,952.0,1021.8,592.1,5,0.0,0.0,0.0,1.0,1.0,782.3,--
2025/9/5 15:24,24.4,65,27.5,55,17.7,28.3,2.5,3.6,268,952.1,1021.9,596.1,5,0.0,0.0,0.0,1.0,1.0,782.3,--
2025/9/5 15:25,24.4,65,27.3,56,17.8,28.1,0.0,2.9,0,952.0,1021.8,591.5,5,0.0,0.0,0.0,1.0,1.0,782.3,--
2025/9/5 15:26,24.4,65,27.5,56,18.0,28.3,0.0,0.0,129,952.1,1021.9,573.4,5,0.0,0.0,0.0,1.0,1.0,782.3,--
2025/9/5 15:27,24.4,65,27.9,55,18.1,28.8,4.3,4.3,114,952.1,1021.9,573.1,5,0.0,0.0,0.0,1.0,1.0,782.3,--
2025/9/5 15:28,24.4,65,27.9,54,17.8,28.7,2.2,2.2,113,952.0,1021.8,573.1,5,0.0,0.0,0.0,1.0,1.0,782.3,--
2025/9/5 15:29,24.4,65,28.0,54,17.8,28.8,0.0,4.7,167,952.0,1021.8,574.4,5,0.0,0.0,0.0,1.0,1.0,782.3,--
2025/9/5 15:30,24.3,65,28.2,55,18.3,29.2,3.6,5.4,271,951.9,1021.7,564.4,5,0.0,0.0,0.0,1.0,1.0,782.3,--
2025/9/5 15:31,24.3,66,28.0,55,18.1,28.9,2.5,2.9,104,952.0,1021.8,559.3,5,0.0,0.0,0.0,1.0,1.0,782.3,--
2025/9/5 15:32,24.3,66,28.1,54,17.9,28.9,4.7,5.4,317,952.2,1022.0,565.4,5,0.0,0.0,0.0,1.0,1.0,782.3,--
2025/9/5 15:33,24.2,66,28.0,57,18.7,29.1,0.0,3.6,62,952.0,1021.8,566.1,5,0.0,0.0,0.0,1.0,1.0,782.3,--
2025/9/5 15:34,24.3,66,28.1,54,17.9,28.9,6.8,8.6,113,952.1,1021.9,561.9,5,0.0,0.0,0.0,1.0,1.0,782.3,--
2025/9/5 15:35,24.2,66,27.5,55,17.7,28.3,7.2,8.6,124,952.1,1021.9,559.1,5,0.0,0.0,0.0,1.0,1.0,782.3,--
2025/9/5 15:36,24.3,66,27.3,55,17.5,28.0,5.8,6.5,124,952.1,1021.9,548.4,5,0.0,0.0,0.0,1.0,1.0,782.3,--
2025/9/5 15:37,24.2,66,27.3,57,18.1,28.2,0.0,4.3,197,952.1,1021.9,548.6,5,0.0,0.0,0.0,1.0,1.0,782.3,--
2025/9/5 15:38,24.3,66,27.4,56,17.9,28.2,2.2,6.5,122,952.1,1021.9,548.2,5,0.0,0.0,0.0,1.0,1.0,782.3,--
2025/9/5 15:39,24.3,66,27.5,55,17.7,28.3,4.3,4.3,99,952.1,1021.9,550.1,5,0.0,0.0,0.0,1.0,1.0,782.3,--
2025/9/5 15:40,24.3,66,27.5,55,17.7,28.3,7.9,8.6,122,952.0,1021.8,550.5,5,0.0,0.0,0.0,1.0,1.0,782.3,--
2025/9/5 15:41,24.4,65,27.3,56,17.8,28.1,5.0,9.4,104,951.9,1021.7,545.4,5,0.0,0.0,0.0,1.0,1.0,782.3,--
2025/9/5 15:42,24.4,65,27.2,56,17.7,28.1,6.5,7.2,98,951.9,1021.7,536.7,4,0.0,0.0,0.0,1.0,1.0,782.3,--
2025/9/5 15:43,24.4,65,27.1,56,17.6,27.9,6.8,11.2,149,951.9,1021.7,529.7,4,0.0,0.0,0.0,1.0,1.0,782.3,--
2025/9/5 15:44,24.4,65,27.0,57,17.8,27.8,5.4,10.4,122,951.9,1021.7,522.9,4,0.0,0.0,0.0,1.0,1.0,782.3,--
2025/9/5 15:45,24.5,65,27.1,56,17.6,27.9,4.0,6.5,97,952.1,1021.9,524.6,4,0.0,0.0,0.0,1.0,1.0,782.3,--
2025/9/5 15:46,24.5,65,27.3,56,17.8,28.1,1.8,4.7,282,952.0,1021.8,523.7,4,0.0,0.0,0.0,1.0,1.0,782.3,--
2025/9/5 15:47,24.4,65,27.4,58,18.4,28.4,2.2,3.6,223,952.0,1021.8,527.6,4,0.0,0.0,0.0,1.0,1.0,782.3,--
2025/9/5 15:48,24.4,65,27.6,56,18.1,28.5,4.7,8.6,109,952.0,1021.8,528.6,4,0.0,0.0,0.0,1.0,1.0,782.3,--
2025/9/5 15:49,24.4,65,27.6,55,17.8,28.4,7.9,9.4,117,952.0,1021.8,532.1,4,0.0,0.0,0.0,1.0,1.0,782.3,--
2025/9/5 15:50,24.4,65,27.5,56,18.0,28.3,4.7,6.1,123,952.0,1021.8,532.5,4,0.0,0.0,0.0,1.0,1.0,782.3,--
2025/9/5 15:51,24.4,65,27.4,56,17.9,28.2,4.3,8.3,124,951.7,1021.5,530.9,4,0.0,0.0,0.0,1.0,1.0,782.3,--
2025/9/5 15:52,24.4,65,27.3,56,17.8,28.1,4.0,4.3,128,951.9,1021.7,525.6,4,0.0,0.0,0.0,1.0,1.0,782.3,--
2025/9/5 15:53,24.5,65,27.4,55,17.6,28.2,7.2,7.2,122,952.2,1022.0,517.4,4,0.0,0.0,0.0,1.0,1.0,782.3,--
2025/9/5 15:54,24.5,65,27.3,55,17.5,28.0,5.4,6.1,135,951.9,1021.7,512.5,4,0.0,0.0,0.0,1.0,1.0,782.3,--
2025/9/5 15:55,24.5,65,27.3,57,18.1,28.2,2.5,2.5,203,951.9,1021.7,508.7,4,0.0,0.0,0.0,1.0,1.0,782.3,--
2025/9/5 15:56,24.5,65,27.6,56,18.1,28.5,2.2,3.2,259,952.0,1021.8,505.4,4,0.0,0.0,0.0,1.0,1.0,782.3,--
2025/9/5 15:57,24.5,65,27.8,56,18.2,28.7,3.2,3.6,335,951.9,1021.7,501.4,4,0.0,0.0,0.0,1.0,1.0,782.3,--
2025/9/5 15:58,24.5,65,27.8,55,18.0,28.6,3.6,4.7,128,952.0,1021.8,498.8,4,0.0,0.0,0.0,1.0,1.0,782.3,--
2025/9/5 15:59,24.5,65,27.9,54,17.8,28.7,5.0,5.0,110,952.0,1021.8,495.3,4,0.0,0.0,0.0,1.0,1.0,782.3,--
2025/9/5 16:00,24.5,65,27.9,54,17.8,28.7,4.7,9.4,99,951.9,1021.7,491.1,4,0.0,0.0,0.0,1.0,1.0,782.3,--
2025/9/5 16:01,24.5,65,27.8,54,17.7,28.6,0.0,1.8,255,952.1,1021.9,490.4,4,0.0,0.0,0.0,1.0,1.0,782.3,--
2025/9/5 16:02,24.5,65,28.0,55,18.1,28.9,2.5,2.9,264,952.0,1021.8,482.0,4,0.0,0.0,0.0,1.0,1.0,782.3,--
2025/9/5 16:03,24.5,65,28.0,56,18.4,29.0,2.9,2.9,321,952.0,1021.8,484.2,4,0.0,0.0,0.0,1.0,1.0,782.3,--
2025/9/5 16:04,24.5,65,28.0,54,17.8,28.8,0.0,2.2,4,951.9,1021.7,480.9,4,0.0,0.0,0.0,1.0,1.0,782.3,--
2025/9/5 16:05,24.5,65,28.1,53,17.6,28.8,0.0,0.0,278,951.9,1021.7,477.0,4,0.0,0.0,0.0,1.0,1.0,782.3,--
2025/9/5 16:06,24.5,65,28.2,54,18.0,29.1,2.9,6.5,147,951.9,1021.7,477.1,4,0.0,0.0,0.0,1.0,1.0,782.3,--
2025/9/5 16:07,24.5,65,28.2,53,17.7,29.0,1.8,2.9,104,951.9,1021.7,473.8,4,0.0,0.0,0.0,1.0,1.0,782.3,--
2025/9/5 16:08,24.5,65,28.3,53,17.8,29.1,3.2,3.2,119,952.0,1021.8,469.7,4,0.0,0.0,0.0,1.0,1.0,782.3,--
2025/9/5 16:09,24.5,65,28.2,53,17.7,29.0,1.8,5.0,128,951.9,1021.7,467.0,4,0.0,0.0,0.0,1.0,1.0,782.3,--
2025/9/5 16:10,24.5,65,28.1,54,17.9,28.9,2.2,5.4,234,951.9,1021.7,464.9,4,0.0,0.0,0.0,1.0,1.0,782.3,--
2025/9/5 16:11,24.5,65,28.3,52,17.5,28.9,2.5,5.0,346,952.1,1021.9,457.5,4,0.0,0.0,0.0,1.0,1.0,782.3,--
2025/9/5 16:12,24.5,65,28.4,54,18.2,29.3,0.0,2.2,22,951.8,1021.6,454.2,4,0.0,0.0,0.0,1.0,1.0,782.3,--
2025/9/5 16:13,24.5,65,28.2,56,18.6,29.3,3.2,5.8,273,952.0,1021.8,450.0,4,0.0,0.0,0.0,1.0,1.0,782.3,--
2025/9/5 16:14,24.5,65,28.0,52,17.3,28.6,4.3,8.6,1,952.0,1021.8,446.6,4,0.0,0.0,0.0,1.0,1.0,782.3,--
2025/9/5 16:15,24.5,64,27.8,53,17.4,28.4,2.2,4.0,287,952.0,1021.8,443.8,4,0.0,0.0,0.0,1.0,1.0,782.3,--
2025/9/5 16:16,24.5,64,27.9,55,18.1,28.8,0.0,2.2,269,952.0,1021.8,440.0,4,0.0,0.0,0.0,1.0,1.0,782.3,--
2025/9/5 16:17,24.5,65,28.0,53,17.6,28.7,3.2,4.3,315,951.9,1021.7,439.1,4,0.0,0.0,0.0,1.0,1.0,782.3,--
2025/9/5 16:18,24.5,65,27.9,54,17.8,28.7,1.8,3.2,79,952.0,1021.8,436.7,4,0.0,0.0,0.0,1.0,1.0,782.3,--
2025/9/5 16:19,24.5,65,28.0,52,17.3,28.6,0.0,4.3,242,952.0,1021.8,429.5,3,0.0,0.0,0.0,1.0,1.0,782.3,--
2025/9/5 16:20,24.5,65,28.1,52,17.4,28.7,0.0,1.8,22,951.9,1021.7,428.9,3,0.0,0.0,0.0,1.0,1.0,782.3,--
2025/9/5 16:21,24.5,65,28.1,53,17.6,28.8,2.9,2.9,141,952.0,1021.8,425.7,3,0.0,0.0,0.0,1.0,1.0,782.3,--
2025/9/5 16:22,24.5,65,28.3,58,19.3,29.6,0.0,0.0,269,951.8,1021.6,422.9,3,0.0,0.0,0.0,1.0,1.0,782.3,--
2025/9/5 16:23,24.5,65,28.6,52,17.8,29.3,4.3,6.8,113,951.8,1021.6,416.7,3,0.0,0.0,0.0,1.0,1.0,782.3,--
2025/9/5 16:24,24.5,65,28.2,51,17.1,28.8,6.5,6.5,113,951.9,1021.7,413.9,3,0.0,0.0,0.0,1.0,1.0,782.3,--
2025/9/5 16:25,24.5,64,27.8,52,17.1,28.3,5.8,5.8,118,951.7,1021.5,413.8,3,0.0,0.0,0.0,1.0,1.0,782.3,--
2025/9/5 16:26,24.5,64,27.6,54,17.5,28.3,2.2,4.0,110,951.8,1021.6,412.9,3,0.0,0.0,0.0,1.0,1.0,782.3,--
2025/9/5 16:27,24.5,64,27.6,53,17.2,28.2,1.8,2.5,134,951.9,1021.7,412.4,3,0.0,0.0,0.0,1.0,1.0,782.3,--
2025/9/5 16:28,24.5,64,27.7,52,17.0,28.3,3.2,4.0,43,951.9,1021.7,409.7,3,0.0,0.0,0.0,1.0,1.0,782.3,--
2025/9/5 16:29,24.5,64,27.6,53,17.2,28.2,0.0,0.0,6,951.7,1021.5,407.8,3,0.0,0.0,0.0,1.0,1.0,782.3,--
2025/9/5 16:30,24.5,64,27.8,53,17.4,28.4,2.9,2.9,102,951.7,1021.5,402.6,3,0.0,0.0,0.0,1.0,1.0,782.3,--
2025/9/5 16:31,24.5,64,27.8,52,17.1,28.3,1.8,2.9,133,951.9,1021.7,396.2,3,0.0,0.0,0.0,1.0,1.0,782.3,--
2025/9/5 16:32,24.5,64,27.8,53,17.4,28.4,3.6,3.6,127,951.9,1021.7,394.0,3,0.0,0.0,0.0,1.0,1.0,782.3,--
2025/9/5 16:33,24.5,64,27.9,52,17.2,28.5,0.0,2.5,199,951.7,1021.5,385.7,3,0.0,0.0,0.0,1.0,1.0,782.3,--
2025/9/5 16:34,24.5,64,28.1,56,18.5,29.2,1.8,3.2,255,951.7,1021.5,383.5,3,0.0,0.0,0.0,1.0,1.0,782.3,--
2025/9/5 16:35,24.5,64,28.1,56,18.5,29.2,0.0,1.8,223,951.7,1021.5,381.5,3,0.0,0.0,0.0,1.0,1.0,782.3,--
2025/9/5 16:36,24.5,64,28.3,54,18.1,29.2,4.0,4.0,27,952.0,1021.8,379.4,3,0.0,0.0,0.0,1.0,1.0,782.3,--
2025/9/5 16:37,24.5,64,28.1,54,17.9,28.9,1.8,2.2,225,951.8,1021.6,377.0,3,0.0,0.0,0.0,1.0,1.0,782.3,--
2025/9/5 16:38,24.5,64,28.4,55,18.5,29.4,2.9,3.6,246,951.9,1021.7,371.1,3,0.0,0.0,0.0,1.0,1.0,782.3,--
2025/9/5 16:39,24.5,64,28.3,53,17.8,29.1,2.5,3.6,234,951.8,1021.6,369.5,3,0.0,0.0,0.0,1.0,1.0,782.3,--
2025/9/5 16:40,24.5,64,28.3,53,17.8,29.1,2.2,2.5,302,951.8,1021.6,364.6,3,0.0,0.0,0.0,1.0,1.0,782.3,--
2025/9/5 16:41,24.5,64,28.4,52,17.6,29.1,6.1,6.1,114,951.8,1021.6,357.7,3,0.0,0.0,0.0,1.0,1.0,782.3,--
2025/9/5 16:42,24.5,64,28.4,52,17.6,29.1,2.5,2.5,109,951.7,1021.5,357.6,3,0.0,0.0,0.0,1.0,1.0,782.3,--
2025/9/5 16:43,24.6,64,28.3,52,17.5,28.9,3.6,6.5,135,951.8,1021.6,354.8,3,0.0,0.0,0.0,1.0,1.0,782.3,--
2025/9/5 16:44,24.6,64,28.0,52,17.3,28.6,1.8,3.2,103,951.8,1021.6,347.9,3,0.0,0.0,0.0,1.0,1.0,782.3,--
2025/9/5 16:45,24.6,64,28.1,53,17.6,28.8,2.2,3.6,96,951.7,1021.5,346.8,3,0.0,0.0,0.0,1.0,1.0,782.3,--
2025/9/5 16:46,24.6,64,28.0,52,17.3,28.6,2.9,6.5,114,951.7,1021.5,341.9,3,0.0,0.0,0.0,1.0,1.0,782.3,--
2025/9/5 16:47,24.6,64,27.8,51,16.8,28.3,5.4,6.1,123,951.7,1021.5,341.1,3,0.0,0.0,0.0,1.0,1.0,782.3,--
2025/9/5 16:48,24.6,64,27.6,52,16.9,28.2,3.6,5.0,104,951.7,1021.5,338.2,3,0.0,0.0,0.0,1.0,1.0,782.3,--
2025/9/5 16:49,24.6,64,27.4,52,16.7,27.9,4.7,6.5,111,951.7,1021.5,335.2,3,0.0,0.0,0.0,1.0,1.0,782.3,--
2025/9/5 16:50,24.6,64,27.4,55,17.6,28.2,2.2,2.5,257,951.8,1021.6,322.5,2,0.0,0.0,0.0,1.0,1.0,782.3,--
2025/9/5 16:51,24.6,64,27.6,53,17.2,28.2,3.6,4.3,260,951.8,1021.6,329.5,3,0.0,0.0,0.0,1.0,1.0,782.3,--
2025/9/5 16:52,24.6,64,27.8,56,18.2,28.7,0.0,1.8,124,951.7,1021.5,325.0,3,0.0,0.0,0.0,1.0,1.0,782.3,--
2025/9/5 16:53,24.6,64,28.0,53,17.6,28.7,2.2,2.9,136,951.8,1021.6,318.7,2,0.0,0.0,0.0,1.0,1.0,782.3,--
2025/9/5 16:54,24.6,64,28.1,53,17.6,28.8,1.8,4.3,323,951.7,1021.5,317.6,2,0.0,0.0,0.0,1.0,1.0,782.3,--
2025/9/5 16:55,24.6,64,28.1,52,17.4,28.7,1.8,2.9,236,951.6,1021.4,316.1,2,0.0,0.0,0.0,1.0,1.0,782.3,--
2025/9/5 16:56,24.5,65,28.3,52,17.5,28.9,0.0,2.2,50,951.8,1021.6,314.2,2,0.0,0.0,0.0,1.0,1.0,782.3,--
2025/9/5 16:57,24.5,65,28.3,50,16.9,28.7,3.6,3.6,114,951.8,1021.6,308.9,2,0.0,0.0,0.0,1.0,1.0,782.3,--
2025/9/5 16:58,24.5,65,28.1,49,16.4,28.4,2.2,5.0,113,951.8,1021.6,306.9,2,0.0,0.0,0.0,1.0,1.0,782.3,--
2025/9/5 16:59,24.5,65,27.8,51,16.8,28.3,4.0,4.3,134,951.6,1021.4,304.0,2,0.0,0.0,0.0,1.0,1.0,782.3,--
2025/9/5 17:00,24.5,66,27.8,53,17.4,28.4,0.0,0.0,22,951.7,1021.5,298.5,2,0.0,0.0,0.0,1.0,1.0,782.3,--
2025/9/5 17:01,24.5,66,28.1,56,18.5,29.2,0.0,3.2,230,951.6,1021.4,295.9,2,0.0,0.0,0.0,1.0,1.0,782.3,--
2025/9/5 17:02,24.6,66,28.2,53,17.7,29.0,0.0,3.2,206,951.8,1021.6,292.5,2,0.0,0.0,0.0,1.0,1.0,782.3,--
2025/9/5 17:03,24.6,65,28.1,56,18.5,29.2,2.2,2.9,222,951.7,1021.5,289.4,2,0.0,0.0,0.0,1.0,1.0,782.3,--
2025/9/5 17:04,24.6,65,27.8,55,18.0,28.6,1.8,3.6,281,951.7,1021.5,285.6,2,0.0,0.0,0.0,1.0,1.0,782.3,--
2025/9/5 17:05,24.6,65,27.9,51,16.9,28.4,2.2,2.2,121,951.9,1021.7,281.5,2,0.0,0.0,0.0,1.0,1.0,782.3,--
2025/9/5 17:06,24.6,65,27.7,51,16.7,28.2,3.2,9.4,124,951.7,1021.5,278.7,2,0.0,0.0,0.0,1.0,1.0,782.3,--
2025/9/5 17:07,24.6,65,27.5,51,16.5,27.9,0.0,3.2,117,951.8,1021.6,274.8,2,0.0,0.0,0.0,1.0,1.0,782.3,--
2025/9/5 17:08,24.6,65,27.7,54,17.6,28.4,4.7,4.7,295,951.7,1021.5,272.2,2,0.0,0.0,0.0,1.0,1.0,782.3,--
2025/9/5 17:09,24.6,65,27.8,53,17.4,28.4,2.9,4.3,263,951.8,1021.6,271.2,2,0.0,0.0,0.0,1.0,1.0,782.3,--
2025/9/5 17:10,24.6,65,27.8,51,16.8,28.3,2.9,2.9,96,951.7,1021.5,267.7,2,0.0,0.0,0.0,1.0,1.0,782.3,--
2025/9/5 17:11,24.6,65,27.8,56,18.2,28.7,2.2,4.0,231,951.8,1021.6,264.8,2,0.0,0.0,0.0,1.0,1.0,782.3,--
2025/9/5 17:12,24.6,65,27.8,51,16.8,28.3,0.0,2.2,164,951.8,1021.6,260.6,2,0.0,0.0,0.0,1.0,1.0,782.3,--
2025/9/5 17:13,24.7,65,27.8,50,16.4,28.2,1.8,5.0,92,951.8,1021.6,258.0,2,0.0,0.0,0.0,1.0,1.0,782.3,--
2025/9/5 17:14,24.7,65,27.6,50,16.3,28.0,5.4,6.8,119,951.8,1021.6,255.7,2,0.0,0.0,0.0,1.0,1.0,782.3,--
2025/9/5 17:15,24.7,65,27.4,51,16.4,27.8,2.2,4.0,122,951.7,1021.5,253.6,2,0.0,0.0,0.0,1.0,1.0,782.3,--
2025/9/5 17:16,24.7,65,27.4,51,16.4,27.8,1.8,2.2,99,951.7,1021.5,251.0,2,0.0,0.0,0.0,1.0,1.0,782.3,--
2025/9/5 17:17,24.7,65,27.5,51,16.5,27.9,1.8,1.8,39,952.0,1021.8,249.1,2,0.0,0.0,0.0,1.0,1.0,782.3,--
2025/9/5 17:18,24.6,65,27.8,55,18.0,28.6,0.0,1.8,238,951.6,1021.4,246.4,2,0.0,0.0,0.0,1.0,1.0,782.3,--
2025/9/5 17:19,24.6,65,27.9,57,18.6,28.9,0.0,1.8,207,951.9,1021.7,242.7,2,0.0,0.0,0.0,1.0,1.0,782.3,--
2025/9/5 17:20,24.6,65,28.0,54,17.8,28.8,0.0,2.2,248,951.7,1021.5,239.3,2,0.0,0.0,0.0,1.0,1.0,782.3,--
2025/9/5 17:21,24.7,64,27.9,54,17.8,28.7,0.0,0.0,235,951.9,1021.7,232.4,2,0.0,0.0,0.0,1.0,1.0,782.3,--
2025/9/5 17:22,24.7,65,27.9,52,17.2,28.5,1.8,1.8,244,951.8,1021.6,235.7,2,0.0,0.0,0.0,1.0,1.0,782.3,--
2025/9/5 17:23,24.7,64,27.8,52,17.1,28.3,2.2,2.9,242,951.6,1021.4,232.9,2,0.0,0.0,0.0,1.0,1.0,782.3,--
2025/9/5 17:24,24.7,64,27.7,52,17.0,28.3,5.0,5.0,97,951.7,1021.5,229.5,2,0.0,0.0,0.0,1.0,1.0,782.3,--
2025/9/5 17:25,24.7,64,27.5,52,16.8,28.0,2.5,5.4,106,951.6,1021.4,226.2,2,0.0,0.0,0.0,1.0,1.0,782.3,--
2025/9/5 17:26,24.7,65,27.5,52,16.8,28.0,0.0,2.5,8,951.7,1021.5,221.7,2,0.0,0.0,0.0,1.0,1.0,782.3,--
2025/9/5 17:27,24.8,65,27.7,51,16.7,28.2,1.8,2.2,71,951.7,1021.5,218.2,2,0.0,0.0,0.0,1.0,1.0,782.3,--
2025/9/5 17:28,25.0,64,27.6,50,16.3,28.0,1.8,3.6,98,951.8,1021.6,215.3,2,0.0,0.0,0.0,1.0,1.0,782.3,--
2025/9/5 17:29,25.2,62,27.8,50,16.4,28.2,0.0,0.0,132,951.7,1021.5,206.5,1,0.0,0.0,0.0,1.0,1.0,782.3,--
2025/9/5 17:30,25.4,62,27.9,50,16.5,28.3,1.8,4.3,340,951.8,1021.6,209.5,1,0.0,0.0,0.0,1.0,1.0,782.3,--
2025/9/5 17:31,25.5,59,27.8,53,17.4,28.4,0.0,2.2,209,951.8,1021.6,206.9,1,0.0,0.0,0.0,1.0,1.0,782.3,--
2025/9/5 17:32,25.8,58,27.9,53,17.5,28.6,0.0,0.0,243,951.6,1021.4,203.6,1,0.0,0.0,0.0,1.0,1.0,782.3,--
2025/9/5 17:33,26.0,57,28.0,55,18.1,28.9,0.0,1.8,152,951.8,1021.6,200.0,1,0.0,0.0,0.0,1.0,1.0,782.3,--
2025/9/5 17:34,26.0,58,28.0,52,17.3,28.6,0.0,0.0,271,951.8,1021.6,184.8,1,0.0,0.0,0.0,1.0,1.0,782.3,--
2025/9/5 17:35,25.9,58,28.0,50,16.6,28.4,3.2,3.2,79,951.6,1021.4,192.9,1,0.0,0.0,0.0,1.0,1.0,782.3,--
2025/9/5 17:36,25.7,58,28.0,52,17.3,28.6,1.8,2.2,249,951.6,1021.4,181.5,1,0.0,0.0,0.0,1.0,1.0,782.3,--
2025/9/5 17:37,25.6,59,27.7,51,16.7,28.2,2.2,2.5,255,951.8,1021.6,187.1,1,0.0,0.0,0.0,1.0,1.0,782.3,--
2025/9/5 17:38,25.5,58,27.8,54,17.7,28.6,0.0,1.8,94,951.8,1021.6,183.0,1,0.0,0.0,0.0,1.0,1.0,782.3,--
2025/9/5 17:39,25.5,59,27.6,52,16.9,28.2,0.0,2.2,278,951.7,1021.5,179.7,1,0.0,0.0,0.0,1.0,1.0,782.3,--
2025/9/5 17:40,25.5,58,27.6,53,17.2,28.2,0.0,1.8,242,951.8,1021.6,175.8,1,0.0,0.0,0.0,1.0,1.0,782.3,--
2025/9/5 17:41,25.5,57,27.5,54,17.4,28.2,0.0,1.8,290,951.9,1021.7,173.0,1,0.0,0.0,0.0,1.0,1.0,782.3,--
2025/9/5 17:42,25.6,56,27.1,54,17.0,27.8,3.2,4.0,254,951.8,1021.6,170.0,1,0.0,0.0,0.0,1.0,1.0,782.3,--
2025/9/5 17:43,25.8,55,26.8,52,16.2,27.3,4.3,5.8,127,951.8,1021.6,166.4,1,0.0,0.0,0.0,1.0,1.0,782.3,--
2025/9/5 17:44,26.1,54,26.9,54,16.8,27.6,0.0,0.0,147,951.7,1021.5,162.8,1,0.0,0.0,0.0,1.0,1.0,782.3,--
2025/9/5 17:45,26.2,54,27.2,52,16.5,27.7,1.8,2.5,140,951.7,1021.5,159.1,1,0.0,0.0,0.0,1.0,1.0,782.3,--
2025/9/5 17:46,26.2,54,27.2,54,17.1,27.9,0.0,3.2,23,951.9,1021.7,155.9,1,0.0,0.0,0.0,1.0,1.0,782.3,--
2025/9/5 17:47,26.2,54,27.0,52,16.3,27.5,1.8,2.9,273,951.8,1021.6,152.8,1,0.0,0.0,0.0,1.0,1.0,782.3,--
2025/9/5 17:48,26.2,54,26.9,55,17.1,27.6,1.8,1.8,252,951.8,1021.6,149.4,1,0.0,0.0,0.0,1.0,1.0,782.3,--
2025/9/5 17:49,26.2,54,26.4,55,16.7,26.4,2.2,2.5,243,952.0,1021.8,143.2,1,0.0,0.0,0.0,1.0,1.0,782.3,--
2025/9/5 17:50,26.2,53,26.2,55,16.5,26.2,0.0,0.0,103,951.8,1021.6,102.4,0,0.0,0.0,0.0,1.0,1.0,782.3,--
2025/9/5 17:51,26.2,54,26.2,55,16.5,26.2,0.0,2.9,235,951.8,1021.6,58.9,0,0.0,0.0,0.0,1.0,1.0,782.3,--
2025/9/5 17:52,26.2,54,25.9,58,17.0,25.9,0.0,0.0,235,951.9,1021.7,51.6,0,0.0,0.0,0.0,1.0,1.0,782.3,--
2025/9/5 17:53,26.1,54,25.6,58,16.7,25.6,0.0,2.2,262,951.8,1021.6,54.2,0,0.0,0.0,0.0,1.0,1.0,782.3,--
2025/9/5 17:54,26.0,54,25.3,60,17.0,25.3,1.8,1.8,114,951.8,1021.6,55.7,0,0.0,0.0,0.0,1.0,1.0,782.3,--
2025/9/5 17:55,26.0,54,25.3,60,17.0,25.3,1.8,2.2,276,951.7,1021.5,52.8,0,0.0,0.0,0.0,1.0,1.0,782.3,--
2025/9/5 17:56,26.0,54,24.9,61,16.9,24.9,0.0,0.0,199,951.8,1021.6,51.4,0,0.0,0.0,0.0,1.0,1.0,782.3,--
2025/9/5 17:57,25.9,55,24.8,62,17.0,24.8,0.0,0.0,212,951.8,1021.6,51.6,0,0.0,0.0,0.0,1.0,1.0,782.3,--
2025/9/5 17:58,25.7,56,24.7,59,16.2,24.7,2.5,2.5,89,951.8,1021.6,50.2,0,0.0,0.0,0.0,1.0,1.0,782.3,--
2025/9/5 17:59,25.6,57,24.9,58,16.1,24.9,2.2,2.2,92,951.8,1021.6,49.8,0,0.0,0.0,0.0,1.0,1.0,782.3,--
2025/9/5 18:00,25.5,57,25.1,54,15.2,25.1,2.5,4.0,106,951.9,1021.7,50.0,0,0.0,0.0,0.0,1.0,1.0,782.3,--
2025/9/5 18:01,25.5,57,25.3,57,16.2,25.3,0.0,1.8,309,951.8,1021.6,50.3,0,0.0,0.0,0.0,1.0,1.0,782.3,--
2025/9/5 18:02,25.4,57,25.2,55,15.5,25.2,4.0,4.0,121,951.9,1021.7,50.7,0,0.0,0.0,0.0,1.0,1.0,782.3,--
2025/9/5 18:03,25.3,58,25.3,57,16.2,25.3,0.0,2.2,98,951.9,1021.7,50.9,0,0.0,0.0,0.0,1.0,1.0,782.3,--
2025/9/5 18:04,25.3,58,25.2,55,15.5,25.2,1.8,2.5,252,952.0,1021.8,50.9,0,0.0,0.0,0.0,1.0,1.0,782.3,--
2025/9/5 18:05,25.2,58,25.3,56,15.9,25.3,2.2,2.2,110,951.8,1021.6,50.9,0,0.0,0.0,0.0,1.0,1.0,782.3,--
2025/9/5 18:06,25.1,59,25.3,55,15.6,25.3,0.0,3.6,268,951.8,1021.6,50.8,0,0.0,0.0,0.0,1.0,1.0,782.3,--
2025/9/5 18:07,25.1,59,25.3,56,15.9,25.3,1.8,3.2,266,952.0,1021.8,50.5,0,0.0,0.0,0.0,1.0,1.0,782.3,--
2025/9/5 18:08,25.0,59,25.2,56,15.8,25.2,0.0,2.5,247,951.9,1021.7,50.0,0,0.0,0.0,0.0,1.0,1.0,782.3,--
2025/9/5 18:09,24.9,59,25.1,58,16.3,25.1,0.0,1.8,239,951.9,1021.7,49.3,0,0.0,0.0,0.0,1.0,1.0,782.3,--
2025/9/5 18:10,24.9,60,24.9,57,15.8,24.9,2.2,2.2,341,952.1,1021.9,48.3,0,0.0,0.0,0.0,1.0,1.0,782.3,--
2025/9/5 18:11,24.9,60,24.9,58,16.1,24.9,0.0,0.0,214,952.1,1021.9,47.8,0,0.0,0.0,0.0,1.0,1.0,782.3,--
2025/9/5 18:12,24.8,60,24.7,59,16.2,24.7,0.0,0.0,233,951.8,1021.6,46.9,0,0.0,0.0,0.0,1.0,1.0,782.3,--
2025/9/5 18:13,24.8,60,24.7,59,16.2,24.7,0.0,0.0,89,952.0,1021.8,45.9,0,0.0,0.0,0.0,1.0,1.0,782.3,--
2025/9/5 18:14,24.8,60,24.7,60,16.4,24.7,0.0,0.0,89,951.9,1021.7,45.3,0,0.0,0.0,0.0,1.0,1.0,782.3,--
2025/9/5 18:15,24.8,60,24.5,59,16.0,24.5,0.0,0.0,89,951.9,1021.7,45.2,0,0.0,0.0,0.0,1.0,1.0,782.3,--
2025/9/5 18:16,24.8,60,24.4,61,16.4,24.4,0.0,0.0,13,951.7,1021.5,45.2,0,0.0,0.0,0.0,1.0,1.0,782.3,--
2025/9/5 18:17,24.8,60,24.3,60,16.1,24.3,0.0,0.0,249,952.0,1021.8,45.2,0,0.0,0.0,0.0,1.0,1.0,782.3,--
2025/9/5 18:18,24.8,60,24.2,60,16.0,24.2,0.0,0.0,336,952.0,1021.8,45.2,0,0.0,0.0,0.0,1.0,1.0,782.3,--
2025/9/5 18:19,24.7,60,24.1,62,16.4,24.1,0.0,0.0,336,952.0,1021.8,45.5,0,0.0,0.0,0.0,1.0,1.0,782.3,--
2025/9/5 18:20,24.7,60,24.0,62,16.3,24.0,0.0,0.0,205,951.9,1021.7,46.0,0,0.0,0.0,0.0,1.0,1.0,782.3,--
2025/9/5 18:21,24.7,60,24.0,62,16.3,24.0,0.0,0.0,205,952.1,1021.9,46.4,0,0.0,0.0,0.0,1.0,1.0,782.3,--
2025/9/5 18:22,24.7,61,23.9,63,16.4,23.9,0.0,0.0,205,952.0,1021.8,46.3,0,0.0,0.0,0.0,1.0,1.0,782.3,--
2025/9/5 18:23,24.7,61,23.8,62,16.1,23.8,0.0,0.0,205,951.9,1021.7,45.9,0,0.0,0.0,0.0,1.0,1.0,782.3,--
2025/9/5 18:24,24.7,61,23.8,63,16.3,23.8,0.0,0.0,205,952.0,1021.8,45.3,0,0.0,0.0,0.0,1.0,1.0,782.3,--
2025/9/5 18:25,24.7,61,23.8,63,16.3,23.8,0.0,0.0,230,952.0,1021.8,44.9,0,0.0,0.0,0.0,1.0,1.0,782.3,--
2025/9/5 18:26,24.7,61,23.8,65,16.8,23.8,2.9,2.9,4,952.2,1022.0,44.5,0,0.0,0.0,0.0,1.0,1.0,782.3,--
2025/9/5 18:27,24.7,61,23.9,62,16.2,23.9,0.0,2.2,5,951.9,1021.7,44.1,0,0.0,0.0,0.0,1.0,1.0,782.3,--
2025/9/5 18:28,24.7,61,24.2,59,15.7,24.2,8.3,10.1,112,952.0,1021.8,43.4,0,0.0,0.0,0.0,1.0,1.0,782.3,--
2025/9/5 18:29,24.6,61,24.6,60,16.4,24.6,3.2,3.2,226,952.1,1021.9,42.8,0,0.0,0.0,0.0,1.0,1.0,782.3,--
2025/9/5 18:30,24.6,61,24.5,62,16.7,24.5,1.8,2.2,246,952.0,1021.8,42.2,0,0.0,0.0,0.0,1.0,1.0,782.3,--
2025/9/5 18:31,24.6,61,24.3,62,16.6,24.3,0.0,0.0,230,952.1,1021.9,41.7,0,0.0,0.0,0.0,1.0,1.0,782.3,--
2025/9/5 18:32,24.7,61,24.3,61,16.3,24.3,2.9,2.9,271,952.0,1021.8,41.2,0,0.0,0.0,0.0,1.0,1.0,782.3,--
2025/9/5 18:33,24.7,61,24.3,60,16.1,24.3,2.5,5.0,306,952.2,1022.0,40.8,0,0.0,0.0,0.0,1.0,1.0,782.3,--
2025/9/5 18:34,24.6,61,24.4,60,16.2,24.4,1.8,2.5,241,952.2,1022.0,40.6,0,0.0,0.0,0.0,1.0,1.0,782.3,--
2025/9/5 18:35,24.6,61,24.3,62,16.6,24.3,1.8,2.5,244,952.2,1022.0,40.4,0,0.0,0.0,0.0,1.0,1.0,782.3,--
2025/9/5 18:36,24.6,61,24.1,63,16.6,24.1,0.0,0.0,241,952.1,1021.9,40.4,0,0.0,0.0,0.0,1.0,1.0,782.3,--
2025/9/5 18:37,24.6,61,24.0,63,16.5,24.0,0.0,1.8,355,952.2,1022.0,41.2,0,0.0,0.0,0.0,1.0,1.0,782.3,--
2025/9/5 18:38,24.6,61,24.0,65,17.0,24.0,0.0,2.2,275,952.2,1022.0,42.4,0,0.0,0.0,0.0,1.0,1.0,782.3,--
2025/9/5 18:39,24.6,61,23.9,62,16.2,23.9,0.0,1.8,271,952.1,1021.9,43.5,0,0.0,0.0,0.0,1.0,1.0,782.3,--
2025/9/5 18:40,24.6,61,23.8,63,16.3,23.8,0.0,1.8,271,952.3,1022.1,43.7,0,0.0,0.0,0.0,1.0,1.0,782.3,--
2025/9/5 18:41,24.6,61,23.8,63,16.3,23.8,0.0,4.0,130,952.2,1022.0,42.6,0,0.0,0.0,0.0,1.0,1.0,782.3,--
2025/9/5 18:42,24.6,61,23.8,63,16.3,23.8,1.8,1.8,326,952.1,1021.9,40.8,0,0.0,0.0,0.0,1.0,1.0,782.3,--
2025/9/5 18:43,24.6,61,23.9,62,16.2,23.9,2.2,2.2,105,952.3,1022.1,38.9,0,0.0,0.0,0.0,1.0,1.0,782.3,--
2025/9/5 18:44,24.6,61,24.0,62,16.3,24.0,0.0,2.9,121,952.2,1022.0,37.3,0,0.0,0.0,0.0,1.0,1.0,782.3,--
2025/9/5 18:45,24.6,62,24.0,65,17.0,24.0,0.0,1.8,205,952.2,1022.0,36.7,0,0.0,0.0,0.0,1.0,1.0,782.3,--
2025/9/5 18:46,24.6,62,23.7,64,16.5,23.7,0.0,0.0,195,952.2,1022.0,37.4,0,0.0,0.0,0.0,1.0,1.0,782.3,--
2025/9/5 18:47,24.5,62,23.7,64,16.5,23.7,0.0,0.0,195,952.1,1021.9,38.2,0,0.0,0.0,0.0,1.0,1.0,782.3,--
2025/9/5 18:48,24.6,62,23.7,66,17.0,23.7,0.0,0.0,195,952.2,1022.0,38.3,0,0.0,0.0,0.0,1.0,1.0,782.3,--
2025/9/5 18:49,24.5,62,23.6,66,16.9,23.6,0.0,0.0,269,952.2,1022.0,37.4,0,0.0,0.0,0.0,1.0,1.0,782.3,--
2025/9/5 18:50,24.6,62,23.3,65,16.4,23.3,0.0,0.0,237,952.1,1021.9,36.3,0,0.0,0.0,0.0,1.0,1.0,782.3,--
2025/9/5 18:51,24.5,62,23.3,66,16.6,23.3,0.0,0.0,230,952.2,1022.0,35.4,0,0.0,0.0,0.0,1.0,1.0,782.3,--
2025/9/5 18:52,24.5,62,23.3,67,16.8,23.3,0.0,0.0,230,952.3,1022.1,34.5,0,0.0,0.0,0.0,1.0,1.0,782.3,--
2025/9/5 18:53,24.5,62,23.3,66,16.6,23.3,0.0,0.0,230,952.2,1022.0,33.4,0,0.0,0.0,0.0,1.0,1.0,782.3,--
2025/9/5 18:54,24.5,62,23.2,66,16.5,23.2,0.0,0.0,230,952.2,1022.0,32.0,0,0.0,0.0,0.0,1.0,1.0,782.3,--
2025/9/5 18:55,24.5,62,23.2,66,16.5,23.2,0.0,0.0,295,952.3,1022.1,31.2,0,0.0,0.0,0.0,1.0,1.0,782.3,--
2025/9/5 18:56,24.6,62,23.1,66,16.4,23.1,0.0,0.0,309,952.3,1022.1,30.3,0,0.0,0.0,0.0,1.0,1.0,782.3,--
2025/9/5 18:57,24.5,62,23.1,67,16.6,23.1,0.0,0.0,309,952.2,1022.0,28.9,0,0.0,0.0,0.0,1.0,1.0,782.3,--
2025/9/5 18:58,24.5,62,23.0,67,16.6,23.0,0.0,0.0,309,952.2,1022.0,27.9,0,0.0,0.0,0.0,1.0,1.0,782.3,--
2025/9/5 18:59,24.5,62,23.0,67,16.6,23.0,0.0,0.0,309,952.2,1022.0,26.7,0,0.0,0.0,0.0,1.0,1.0,782.3,--
2025/9/5 19:00,24.5,62,23.0,67,16.6,23.0,0.0,0.0,309,952.2,1022.0,25.5,0,0.0,0.0,0.0,1.0,1.0,782.3,--
2025/9/5 19:01,24.5,62,22.9,67,16.5,22.9,0.0,0.0,309,952.2,1022.0,24.4,0,0.0,0.0,0.0,1.0,1.0,782.3,--
2025/9/5 19:02,24.5,62,22.8,66,16.1,22.8,0.0,0.0,309,952.3,1022.1,22.8,0,0.0,0.0,0.0,1.0,1.0,782.3,--
2025/9/5 19:03,24.5,62,22.7,68,16.5,22.7,0.0,0.0,309,952.4,1022.2,21.4,0,0.0,0.0,0.0,1.0,1.0,782.3,--
2025/9/5 19:04,24.5,62,22.7,68,16.5,22.7,0.0,0.0,309,952.2,1022.0,19.8,0,0.0,0.0,0.0,1.0,1.0,782.3,--
2025/9/5 19:05,24.5,62,22.6,68,16.4,22.6,0.0,0.0,309,952.2,1022.0,18.3,0,0.0,0.0,0.0,1.0,1.0,782.3,--
2025/9/5 19:06,24.5,62,22.6,69,16.6,22.6,0.0,0.0,309,952.2,1022.0,16.8,0,0.0,0.0,0.0,1.0,1.0,782.3,--
2025/9/5 19:07,24.5,62,22.5,68,16.3,22.5,0.0,0.0,309,952.1,1021.9,15.6,0,0.0,0.0,0.0,1.0,1.0,782.3,--
2025/9/5 19:08,24.5,62,22.5,68,16.3,22.5,0.0,0.0,309,952.3,1022.1,14.5,0,0.0,0.0,0.0,1.0,1.0,782.3,--
2025/9/5 19:09,24.5,62,22.5,69,16.5,22.5,0.0,0.0,309,952.4,1022.2,13.6,0,0.0,0.0,0.0,1.0,1.0,782.3,--
2025/9/5 19:10,24.5,62,22.4,71,16.9,22.4,0.0,0.0,304,952.3,1022.1,12.8,0,0.0,0.0,0.0,1.0,1.0,782.3,--
2025/9/5 19:11,24.5,62,22.2,73,17.1,22.2,0.0,0.0,277,952.3,1022.1,12.1,0,0.0,0.0,0.0,1.0,1.0,782.3,--
2025/9/5 19:12,24.5,62,22.2,76,17.8,22.2,2.2,2.5,344,952.2,1022.0,11.4,0,0.0,0.0,0.0,1.0,1.0,782.3,--
2025/9/5 19:13,24.5,62,22.1,75,17.5,22.1,0.0,0.0,329,952.3,1022.1,10.8,0,0.0,0.0,0.0,1.0,1.0,782.3,--
2025/9/5 19:14,24.5,62,22.0,75,17.4,22.0,0.0,0.0,227,952.2,1022.0,10.2,0,0.0,0.0,0.0,1.0,1.0,782.3,--
2025/9/5 19:15,24.5,62,21.9,74,17.1,21.9,0.0,0.0,224,952.3,1022.1,9.7,0,0.0,0.0,0.0,1.0,1.0,782.3,--
2025/9/5 19:16,24.5,62,21.8,75,17.2,21.8,0.0,0.0,275,952.3,1022.1,9.2,0,0.0,0.0,0.0,1.0,1.0,782.3,--
2025/9/5 19:17,24.5,62,21.7,75,17.1,21.7,0.0,0.0,279,952.3,1022.1,8.7,0,0.0,0.0,0.0,1.0,1.0,782.3,--
2025/9/5 19:18,24.5,62,21.6,75,17.0,21.6,1.8,1.8,299,952.3,1022.1,8.2,0,0.0,0.0,0.0,1.0,1.0,782.3,--
2025/9/5 19:19,24.5,62,21.6,75,17.0,21.6,1.8,2.5,299,952.2,1022.0,7.8,0,0.0,0.0,0.0,1.0,1.0,782.3,--
2025/9/5 19:20,24.5,62,21.5,75,16.9,21.5,0.0,2.2,282,952.4,1022.2,7.4,0,0.0,0.0,0.0,1.0,1.0,782.3,--
2025/9/5 19:21,24.5,62,21.5,76,17.1,21.5,0.0,1.8,37,952.3,1022.1,7.1,0,0.0,0.0,0.0,1.0,1.0,782.3,--
2025/9/5 19:22,24.5,62,21.4,75,16.8,21.4,2.5,2.5,13,952.4,1022.2,6.8,0,0.0,0.0,0.0,1.0,1.0,782.3,--
2025/9/5 19:23,24.5,62,21.4,75,16.8,21.4,0.0,0.0,288,952.4,1022.2,6.5,0,0.0,0.0,0.0,1.0,1.0,782.3,--
2025/9/5 19:24,24.4,62,21.3,75,16.7,21.3,0.0,1.8,314,952.5,1022.3,6.1,0,0.0,0.0,0.0,1.0,1.0,782.3,--
2025/9/5 19:25,24.4,63,21.2,76,16.8,21.2,1.8,2.2,288,952.2,1022.0,5.7,0,0.0,0.0,0.0,1.0,1.0,782.3,--
2025/9/5 19:26,24.5,63,21.1,76,16.7,21.1,1.8,2.2,275,952.4,1022.2,5.2,0,0.0,0.0,0.0,1.0,1.0,782.3,--
2025/9/5 19:27,24.5,63,21.1,75,16.5,21.1,0.0,2.2,245,952.5,1022.3,4.8,0,0.0,0.0,0.0,1.0,1.0,782.3,--
2025/9/5 19:28,24.5,63,21.2,75,16.6,21.2,1.8,2.9,299,952.4,1022.2,4.4,0,0.0,0.0,0.0,1.0,1.0,782.3,--
2025/9/5 19:29,24.5,62,21.3,75,16.7,21.3,0.0,1.8,330,952.3,1022.1,4.1,0,0.0,0.0,0.0,1.0,1.0,782.3,--
2025/9/5 19:30,24.6,62,21.3,75,16.7,21.3,0.0,0.0,315,952.5,1022.3,3.7,0,0.0,0.0,0.0,1.0,1.0,782.3,--
2025/9/5 19:31,24.5,62,21.2,76,16.8,21.2,0.0,0.0,315,952.3,1022.1,3.4,0,0.0,0.0,0.0,1.0,1.0,782.3,--
2025/9/5 19:32,24.6,62,21.2,76,16.8,21.2,0.0,0.0,315,952.5,1022.3,3.0,0,0.0,0.0,0.0,1.0,1.0,782.3,--
2025/9/5 19:33,24.6,62,21.1,77,16.9,21.1,0.0,0.0,315,952.5,1022.3,2.8,0,0.0,0.0,0.0,1.0,1.0,782.3,--
2025/9/5 19:34,24.6,62,20.9,77,16.7,20.9,0.0,0.0,320,952.5,1022.3,2.5,0,0.0,0.0,0.0,1.0,1.0,782.3,--
2025/9/5 19:35,24.6,63,20.8,76,16.4,20.8,0.0,2.2,269,952.4,1022.2,2.2,0,0.0,0.0,0.0,1.0,1.0,782.3,--
2025/9/5 19:36,24.6,63,20.8,75,16.2,20.8,2.2,3.2,243,952.4,1022.2,1.9,0,0.0,0.0,0.0,1.0,1.0,782.3,--
2025/9/5 19:37,24.6,63,20.8,75,16.2,20.8,0.0,0.0,322,952.3,1022.1,1.7,0,0.0,0.0,0.0,1.0,1.0,782.3,--
2025/9/5 19:38,24.5,63,20.9,75,16.3,20.9,0.0,0.0,322,952.4,1022.2,1.5,0,0.0,0.0,0.0,1.0,1.0,782.3,--
2025/9/5 19:39,24.5,63,20.8,75,16.2,20.8,0.0,2.2,282,952.4,1022.2,1.2,0,0.0,0.0,0.0,1.0,1.0,782.3,--
2025/9/5 19:40,24.5,63,20.8,74,16.0,20.8,1.8,2.2,315,952.5,1022.3,1.1,0,0.0,0.0,0.0,1.0,1.0,782.3,--
2025/9/5 19:41,24.5,63,20.9,74,16.1,20.9,0.0,0.0,348,952.5,1022.3,0.9,0,0.0,0.0,0.0,1.0,1.0,782.3,--
2025/9/5 19:42,24.5,63,20.8,76,16.4,20.8,0.0,0.0,293,952.4,1022.2,0.7,0,0.0,0.0,0.0,1.0,1.0,782.3,--
2025/9/5 19:43,24.5,63,20.8,75,16.2,20.8,0.0,0.0,293,952.4,1022.2,0.6,0,0.0,0.0,0.0,1.0,1.0,782.3,--
2025/9/5 19:44,24.5,63,20.7,76,16.3,20.7,0.0,0.0,333,952.4,1022.2,0.4,0,0.0,0.0,0.0,1.0,1.0,782.3,--
2025/9/5 19:45,24.5,63,20.7,75,16.1,20.7,0.0,0.0,6,952.4,1022.2,0.3,0,0.0,0.0,0.0,1.0,1.0,782.3,--
2025/9/5 19:46,24.5,62,20.7,75,16.1,20.7,0.0,1.8,283,952.5,1022.3,0.3,0,0.0,0.0,0.0,1.0,1.0,782.3,--
2025/9/5 19:47,24.5,63,20.6,76,16.2,20.6,0.0,0.0,212,952.4,1022.2,0.2,0,0.0,0.0,0.0,1.0,1.0,782.3,--
2025/9/5 19:48,24.5,63,20.5,75,15.9,20.5,0.0,0.0,246,952.7,1022.5,0.2,0,0.0,0.0,0.0,1.0,1.0,782.3,--
2025/9/5 19:49,24.5,63,20.5,76,16.1,20.5,0.0,0.0,322,952.5,1022.3,0.1,0,0.0,0.0,0.0,1.0,1.0,782.3,--
2025/9/5 19:50,24.5,63,20.5,77,16.3,20.5,0.0,0.0,324,952.4,1022.2,0.1,0,0.0,0.0,0.0,1.0,1.0,782.3,--
2025/9/5 19:51,24.5,62,20.4,76,16.0,20.4,0.0,0.0,309,952.5,1022.3,0.0,0,0.0,0.0,0.0,1.0,1.0,782.3,--
2025/9/5 19:52,24.5,63,20.4,75,15.8,20.4,0.0,0.0,309,952.6,1022.4,0.0,0,0.0,0.0,0.0,1.0,1.0,782.3,--
2025/9/5 19:53,24.5,62,20.4,75,15.8,20.4,0.0,0.0,309,952.7,1022.5,0.0,0,0.0,0.0,0.0,1.0,1.0,782.3,--
2025/9/5 19:54,24.5,62,20.5,75,15.9,20.5,0.0,0.0,240,952.6,1022.4,0.0,0,0.0,0.0,0.0,1.0,1.0,782.3,--
2025/9/5 19:55,24.5,63,20.5,75,15.9,20.5,0.0,2.9,261,952.5,1022.3,0.0,0,0.0,0.0,0.0,1.0,1.0,782.3,--
2025/9/5 19:56,24.5,62,20.5,75,15.9,20.5,1.8,1.8,263,952.7,1022.5,0.0,0,0.0,0.0,0.0,1.0,1.0,782.3,--
2025/9/5 19:57,24.4,62,20.5,75,15.9,20.5,0.0,1.8,4,952.6,1022.4,0.0,0,0.0,0.0,0.0,1.0,1.0,782.3,--
2025/9/5 19:58,24.5,62,20.5,76,16.1,20.5,0.0,2.5,77,952.5,1022.3,0.0,0,0.0,0.0,0.0,1.0,1.0,782.3,--
2025/9/5 19:59,24.5,62,20.4,76,16.0,20.4,0.0,2.9,30,952.3,1022.1,0.0,0,0.0,0.0,0.0,1.0,1.0,782.3,--
2025/9/5 20:00,24.5,62,20.4,76,16.0,20.4,0.0,2.2,269,952.7,1022.5,0.0,0,0.0,0.0,0.0,1.0,1.0,782.3,--
2025/9/5 20:01,24.5,62,20.4,76,16.0,20.4,2.2,2.5,225,952.8,1022.6,0.0,0,0.0,0.0,0.0,1.0,1.0,782.3,--
2025/9/5 20:02,24.5,62,20.3,76,15.9,20.3,1.8,1.8,152,952.6,1022.4,0.0,0,0.0,0.0,0.0,1.0,1.0,782.3,--
2025/9/5 20:03,24.5,62,20.2,77,16.0,20.2,0.0,0.0,103,952.7,1022.5,0.0,0,0.0,0.0,0.0,1.0,1.0,782.3,--
2025/9/5 20:04,24.5,62,20.2,77,16.0,20.2,1.8,2.2,108,952.8,1022.6,0.0,0,0.0,0.0,0.0,1.0,1.0,782.3,--
2025/9/5 20:05,24.5,62,20.2,76,15.8,20.2,0.0,2.5,89,952.9,1022.7,0.0,0,0.0,0.0,0.0,1.0,1.0,782.3,--
2025/9/5 20:06,24.5,62,20.2,76,15.8,20.2,1.8,2.9,25,952.8,1022.6,0.0,0,0.0,0.0,0.0,1.0,1.0,782.3,--
2025/9/5 20:07,24.5,62,20.3,75,15.7,20.3,0.0,1.8,325,952.9,1022.7,0.0,0,0.0,0.0,0.0,1.0,1.0,782.3,--
2025/9/5 20:08,24.5,62,20.2,76,15.8,20.2,0.0,1.8,310,952.8,1022.6,0.0,0,0.0,0.0,0.0,1.0,1.0,782.3,--
2025/9/5 20:09,24.5,62,20.2,77,16.0,20.2,2.5,3.2,327,952.7,1022.5,0.0,0,0.0,0.0,0.0,1.0,1.0,782.3,--
2025/9/5 20:10,24.5,62,20.0,78,16.1,20.0,1.8,2.5,184,952.7,1022.5,0.0,0,0.0,0.0,0.0,1.0,1.0,782.3,--
2025/9/5 20:11,24.5,62,19.8,79,16.1,19.8,2.2,2.9,267,952.6,1022.4,0.0,0,0.0,0.0,0.0,1.0,1.0,782.3,--
2025/9/5 20:12,24.5,62,19.6,78,15.7,19.6,3.2,4.3,245,952.9,1022.7,0.0,0,0.0,0.0,0.0,1.0,1.0,782.3,--
2025/9/5 20:13,24.5,62,19.8,76,15.4,19.8,2.5,3.2,266,952.8,1022.6,0.0,0,0.0,0.0,0.0,1.0,1.0,782.3,--
2025/9/5 20:14,24.5,62,20.1,75,15.6,20.1,5.4,5.8,322,952.7,1022.5,0.0,0,0.0,0.0,0.0,1.0,1.0,782.3,--
2025/9/5 20:15,24.5,62,20.4,73,15.4,20.4,3.2,5.0,8,952.9,1022.7,0.0,0,0.0,0.0,0.0,1.0,1.0,782.3,--
2025/9/5 20:16,24.5,62,20.6,74,15.8,20.6,1.8,2.5,141,952.7,1022.5,0.0,0,0.0,0.0,0.0,1.0,1.0,782.3,--
2025/9/5 20:17,24.5,62,20.6,74,15.8,20.6,5.0,6.5,108,953.0,1022.8,0.0,0,0.0,0.0,0.0,1.0,1.0,782.3,--
2025/9/5 20:18,24.5,62,20.5,75,15.9,20.5,1.8,2.9,16,953.0,1022.8,0.0,0,0.0,0.0,0.0,1.0,1.0,782.3,--
2025/9/5 20:19,24.5,62,20.4,75,15.8,20.4,2.2,3.6,55,952.7,1022.5,0.0,0,0.0,0.0,0.0,1.0,1.0,782.3,--
2025/9/5 20:20,24.5,62,20.3,76,15.9,20.3,0.0,2.2,128,953.0,1022.8,0.0,0,0.0,0.0,0.0,1.0,1.0,782.3,--
2025/9/5 20:21,24.5,62,20.3,76,15.9,20.3,0.0,2.5,297,952.9,1022.7,0.0,0,0.0,0.0,0.0,1.0,1.0,782.3,--
2025/9/5 20:22,24.5,62,20.1,77,15.9,20.1,0.0,1.8,0,952.9,1022.7,0.0,0,0.0,0.0,0.0,1.0,1.0,782.3,--
2025/9/5 20:23,24.5,62,19.9,78,16.0,19.9,2.5,2.9,304,952.9,1022.7,0.0,0,0.0,0.0,0.0,1.0,1.0,782.3,--
2025/9/5 20:24,24.5,62,19.8,78,15.9,19.8,3.6,3.6,20,952.9,1022.7,0.0,0,0.0,0.0,0.0,1.0,1.0,782.3,--
2025/9/5 20:25,24.5,62,19.6,79,15.9,19.6,2.2,3.6,354,952.8,1022.6,0.0,0,0.0,0.0,0.0,1.0,1.0,782.3,--
2025/9/5 20:26,24.5,62,19.3,80,15.8,19.3,0.0,2.2,21,952.8,1022.6,0.0,0,0.0,0.0,0.0,1.0,1.0,782.3,--
2025/9/5 20:27,24.5,62,19.1,81,15.8,19.1,2.5,4.0,339,952.9,1022.7,0.0,0,0.0,0.0,0.0,1.0,1.0,782.3,--
2025/9/5 20:28,24.5,62,19.0,81,15.7,19.0,2.2,3.6,279,952.8,1022.6,0.0,0,0.0,0.0,0.0,1.0,1.0,782.3,--
2025/9/5 20:29,24.5,62,19.0,81,15.7,19.0,0.0,0.0,251,952.9,1022.7,0.0,0,0.0,0.0,0.0,1.0,1.0,782.3,--
2025/9/5 20:30,24.5,62,18.9,81,15.6,18.9,0.0,1.8,334,953.1,1022.9,0.0,0,0.0,0.0,0.0,1.0,1.0,782.3,--
2025/9/5 20:31,24.5,62,18.9,79,15.2,18.9,0.0,2.5,13,952.9,1022.7,0.0,0,0.0,0.0,0.0,1.0,1.0,782.3,--
2025/9/5 20:32,24.5,62,19.0,79,15.3,19.0,3.2,3.2,256,952.8,1022.6,0.0,0,0.0,0.0,0.0,1.0,1.0,782.3,--
2025/9/5 20:33,24.5,62,19.1,79,15.4,19.1,2.9,3.2,275,953.1,1022.9,0.0,0,0.0,0.0,0.0,1.0,1.0,782.3,--
2025/9/5 20:34,24.5,62,19.2,78,15.3,19.2,2.5,3.6,258,953.0,1022.8,0.0,0,0.0,0.0,0.0,1.0,1.0,782.3,--
2025/9/5 20:35,24.5,62,19.3,78,15.4,19.3,3.2,3.2,266,953.0,1022.8,0.0,0,0.0,0.0,0.0,1.0,1.0,782.3,--
2025/9/5 20:36,24.4,62,19.4,78,15.5,19.4,2.5,2.5,314,952.9,1022.7,0.0,0,0.0,0.0,0.0,1.0,1.0,782.3,--
2025/9/5 20:37,24.4,62,19.4,78,15.5,19.4,2.9,3.2,348,953.0,1022.8,0.0,0,0.0,0.0,0.0,1.0,1.0,782.3,--
2025/9/5 20:38,24.4,62,19.4,77,15.3,19.4,1.8,5.0,15,952.9,1022.7,0.0,0,0.0,0.0,0.0,1.0,1.0,782.3,--
2025/9/5 20:39,24.4,62,19.5,76,15.2,19.5,2.5,2.9,312,953.1,1022.9,0.0,0,0.0,0.0,0.0,1.0,1.0,782.3,--
2025/9/5 20:40,24.4,62,19.6,76,15.3,19.6,1.8,3.2,354,953.1,1022.9,0.0,0,0.0,0.0,0.0,1.0,1.0,782.3,--
2025/9/5 20:41,24.4,62,19.7,76,15.3,19.7,0.0,2.5,253,953.2,1023.0,0.0,0,0.0,0.0,0.0,1.0,1.0,782.3,--
2025/9/5 20:42,24.4,62,19.7,76,15.3,19.7,3.6,3.6,337,953.1,1022.9,0.0,0,0.0,0.0,0.0,1.0,1.0,782.3,--
2025/9/5 20:43,24.4,62,19.7,76,15.3,19.7,0.0,2.2,283,953.1,1022.9,0.0,0,0.0,0.0,0.0,1.0,1.0,782.3,--
2025/9/5 20:44,24.4,62,19.6,77,15.4,19.6,1.8,2.5,268,953.0,1022.8,0.0,0,0.0,0.0,0.0,1.0,1.0,782.3,--
2025/9/5 20:45,24.4,61,19.4,77,15.3,19.4,0.0,2.5,334,953.2,1023.0,0.0,0,0.0,0.0,0.0,1.0,1.0,782.3,--
2025/9/5 20:46,24.4,61,19.4,78,15.5,19.4,2.5,3.2,30,953.2,1023.0,0.0,0,0.0,0.0,0.0,1.0,1.0,782.3,--
2025/9/5 20:47,24.4,61,19.4,78,15.5,19.4,1.8,3.6,279,953.1,1022.9,0.0,0,0.0,0.0,0.0,1.0,1.0,782.3,--
2025/9/5 20:48,24.4,61,19.4,77,15.3,19.4,2.9,3.2,345,953.2,1023.0,0.0,0,0.0,0.0,0.0,1.0,1.0,782.3,--
2025/9/5 20:49,24.4,61,19.4,77,15.3,19.4,2.5,4.7,9,952.9,1022.7,0.0,0,0.0,0.0,0.0,1.0,1.0,782.3,--
2025/9/5 20:50,24.4,61,19.5,77,15.3,19.5,0.0,2.2,238,953.1,1022.9,0.0,0,0.0,0.0,0.0,1.0,1.0,782.3,--
2025/9/5 20:51,24.4,61,19.5,76,15.2,19.5,2.9,2.9,68,953.2,1023.0,0.0,0,0.0,0.0,0.0,1.0,1.0,782.3,--
2025/9/5 20:52,24.4,61,19.5,76,15.2,19.5,2.9,4.7,340,953.2,1023.0,0.0,0,0.0,0.0,0.0,1.0,1.0,782.3,--
2025/9/5 20:53,24.4,61,19.5,77,15.3,19.5,0.0,3.6,286,953.2,1023.0,0.0,0,0.0,0.0,0.0,1.0,1.0,782.3,--
2025/9/5 20:54,24.4,61,19.4,77,15.3,19.4,2.2,2.9,350,953.1,1022.9,0.0,0,0.0,0.0,0.0,1.0,1.0,782.3,--
2025/9/5 20:55,24.4,61,19.4,77,15.3,19.4,3.2,5.0,4,953.1,1022.9,0.0,0,0.0,0.0,0.0,1.0,1.0,782.3,--
2025/9/5 20:56,24.4,61,19.3,78,15.4,19.3,0.0,2.9,342,953.1,1022.9,0.0,0,0.0,0.0,0.0,1.0,1.0,782.3,--
2025/9/5 20:57,24.4,61,19.2,78,15.3,19.2,0.0,0.0,269,953.2,1023.0,0.0,0,0.0,0.0,0.0,1.0,1.0,782.3,--
2025/9/5 20:58,24.4,61,19.1,78,15.2,19.1,0.0,0.0,336,953.2,1023.0,0.0,0,0.0,0.0,0.0,1.0,1.0,782.3,--
2025/9/5 20:59,24.4,61,19.1,78,15.2,19.1,1.8,1.8,0,953.3,1023.1,0.0,0,0.0,0.0,0.0,1.0,1.0,782.3,--
2025/9/5 21:00,24.4,61,19.0,79,15.3,19.0,0.0,1.8,284,953.3,1023.1,0.0,0,0.0,0.0,0.0,1.0,1.0,782.3,--
2025/9/5 21:01,24.4,61,18.9,79,15.2,18.9,0.0,2.5,53,953.2,1023.0,0.0,0,0.0,0.0,0.0,1.0,1.0,782.3,--
2025/9/5 21:02,24.4,61,18.9,79,15.2,18.9,1.8,2.2,311,953.3,1023.1,0.0,0,0.0,0.0,0.0,1.0,1.0,782.3,--
2025/9/5 21:03,24.4,61,18.8,79,15.1,18.8,0.0,2.2,3,953.3,1023.1,0.0,0,0.0,0.0,0.0,1.0,1.0,782.3,--
2025/9/5 21:04,24.4,61,18.8,79,15.1,18.8,0.0,2.5,315,953.3,1023.1,0.0,0,0.0,0.0,0.0,1.0,1.0,782.3,--
2025/9/5 21:05,24.4,61,18.8,79,15.1,18.8,2.2,2.2,345,953.2,1023.0,0.0,0,0.0,0.0,0.0,1.0,1.0,782.3,--
2025/9/5 21:06,24.4,61,18.8,79,15.1,18.8,0.0,1.8,357,953.3,1023.1,0.0,0,0.0,0.0,0.0,1.0,1.0,782.3,--
2025/9/5 21:07,24.3,61,18.7,79,15.0,18.7,0.0,0.0,293,953.2,1023.0,0.0,0,0.0,0.0,0.0,1.0,1.0,782.3,--
2025/9/5 21:08,24.3,61,18.7,79,15.0,18.7,2.9,2.9,311,953.3,1023.1,0.0,0,0.0,0.0,0.0,1.0,1.0,782.3,--
2025/9/5 21:09,24.3,60,18.9,78,15.0,18.9,0.0,2.9,316,953.4,1023.2,0.0,0,0.0,0.0,0.0,1.0,1.0,782.3,--
2025/9/5 21:10,24.3,61,18.9,78,15.0,18.9,0.0,0.0,0,953.3,1023.1,0.0,0,0.0,0.0,0.0,1.0,1.0,782.3,--
2025/9/5 21:11,24.3,60,18.9,78,15.0,18.9,2.9,2.9,323,953.3,1023.1,0.0,0,0.0,0.0,0.0,1.0,1.0,782.3,--
2025/9/5 21:12,24.3,60,18.9,78,15.0,18.9,2.2,2.9,314,953.4,1023.2,0.0,0,0.0,0.0,0.0,1.0,1.0,782.3,--
2025/9/5 21:13,24.3,60,18.9,78,15.0,18.9,0.0,2.2,312,953.3,1023.1,0.0,0,0.0,0.0,0.0,1.0,1.0,782.3,--
2025/9/5 21:14,24.3,60,18.9,78,15.0,18.9,2.2,2.2,326,953.5,1023.3,0.0,0,0.0,0.0,0.0,1.0,1.0,782.3,--
2025/9/5 21:15,24.3,60,19.0,77,14.9,19.0,0.0,3.2,292,953.3,1023.1,0.0,0,0.0,0.0,0.0,1.0,1.0,782.3,--
2025/9/5 21:16,24.3,60,19.1,77,15.0,19.1,0.0,2.2,309,953.3,1023.1,0.0,0,0.0,0.0,0.0,1.0,1.0,782.3,--
2025/9/5 21:17,24.3,60,19.1,77,15.0,19.1,0.0,2.9,281,953.4,1023.2,0.0,0,0.0,0.0,0.0,1.0,1.0,782.3,--
2025/9/5 21:18,24.3,60,19.1,77,15.0,19.1,2.5,2.5,284,953.4,1023.2,0.0,0,0.0,0.0,0.0,1.0,1.0,782.3,--
2025/9/5 21:19,24.3,60,19.1,77,15.0,19.1,1.8,2.5,343,953.3,1023.1,0.0,0,0.0,0.0,0.0,1.0,1.0,782.3,--
2025/9/5 21:20,24.3,60,19.1,77,15.0,19.1,1.8,2.9,315,953.3,1023.1,0.0,0,0.0,0.0,0.0,1.0,1.0,782.3,--
2025/9/5 21:21,24.3,60,19.2,77,15.1,19.2,2.9,4.3,316,953.4,1023.2,0.0,0,0.0,0.0,0.0,1.0,1.0,782.3,--
2025/9/5 21:22,24.3,60,19.2,77,15.1,19.2,0.0,2.5,309,953.4,1023.2,0.0,0,0.0,0.0,0.0,1.0,1.0,782.3,--
2025/9/5 21:23,24.3,60,19.1,77,15.0,19.1,0.0,1.8,306,953.5,1023.3,0.0,0,0.0,0.0,0.0,1.0,1.0,782.3,--
2025/9/5 21:24,24.3,60,19.0,78,15.1,19.0,0.0,2.2,24,953.5,1023.3,0.0,0,0.0,0.0,0.0,1.0,1.0,782.3,--
2025/9/5 21:25,24.3,60,19.0,78,15.1,19.0,0.0,2.2,320,953.4,1023.2,0.0,0,0.0,0.0,0.0,1.0,1.0,782.3,--
2025/9/5 21:26,24.3,60,18.9,78,15.0,18.9,1.8,3.2,299,953.5,1023.3,0.0,0,0.0,0.0,0.0,1.0,1.0,782.3,--
2025/9/5 21:27,24.3,60,18.8,78,14.9,18.8,1.8,3.2,351,953.4,1023.2,0.0,0,0.0,0.0,0.0,1.0,1.0,782.3,--
2025/9/5 21:28,24.3,60,18.8,78,14.9,18.8,2.2,2.5,316,953.5,1023.3,0.0,0,0.0,0.0,0.0,1.0,1.0,782.3,--
2025/9/5 21:29,24.3,60,18.8,78,14.9,18.8,2.5,2.9,0,953.4,1023.2,0.0,0,0.0,0.0,0.0,1.0,1.0,782.3,--
2025/9/5 21:30,24.3,60,18.8,78,14.9,18.8,2.5,2.5,291,953.6,1023.4,0.0,0,0.0,0.0,0.0,1.0,1.0,782.3,--
2025/9/5 21:31,24.3,60,18.9,78,15.0,18.9,2.5,3.2,250,953.6,1023.4,0.0,0,0.0,0.0,0.0,1.0,1.0,782.3,--
2025/9/5 21:32,24.3,60,19.1,77,15.0,19.1,4.0,4.3,246,953.4,1023.2,0.0,0,0.0,0.0,0.0,1.0,1.0,782.3,--
2025/9/5 21:33,24.3,60,19.2,77,15.1,19.2,3.6,3.6,290,953.5,1023.3,0.0,0,0.0,0.0,0.0,1.0,1.0,782.3,--
2025/9/5 21:34,24.2,60,19.2,76,14.9,19.2,2.5,4.0,303,953.6,1023.4,0.0,0,0.0,0.0,0.0,1.0,1.0,782.3,--
2025/9/5 21:35,24.2,60,19.2,76,14.9,19.2,2.5,4.7,279,953.7,1023.5,0.0,0,0.0,0.0,0.0,1.0,1.0,782.3,--
2025/9/5 21:36,24.2,60,19.3,76,15.0,19.3,2.2,2.2,252,953.6,1023.4,0.0,0,0.0,0.0,0.0,1.0,1.0,782.3,--
2025/9/5 21:37,24.2,60,19.3,76,15.0,19.3,2.9,2.9,285,953.7,1023.5,0.0,0,0.0,0.0,0.0,1.0,1.0,782.3,--
2025/9/5 21:38,24.2,60,19.3,76,15.0,19.3,2.2,3.6,282,953.5,1023.3,0.0,0,0.0,0.0,0.0,1.0,1.0,782.3,--
2025/9/5 21:39,24.2,60,19.4,76,15.1,19.4,2.2,2.5,301,953.7,1023.5,0.0,0,0.0,0.0,0.0,1.0,1.0,782.3,--
2025/9/5 21:40,24.2,61,19.3,76,15.0,19.3,2.2,4.0,269,953.7,1023.5,0.0,0,0.0,0.0,0.0,1.0,1.0,782.3,--
2025/9/5 21:41,24.2,61,19.3,76,15.0,19.3,2.5,2.9,314,953.7,1023.5,0.0,0,0.0,0.0,0.0,1.0,1.0,782.3,--
2025/9/5 21:42,24.2,61,19.3,76,15.0,19.3,2.2,3.6,284,953.5,1023.3,0.0,0,0.0,0.0,0.0,1.0,1.0,782.3,--
2025/9/5 21:43,24.2,61,19.4,76,15.1,19.4,0.0,1.8,233,953.7,1023.5,0.0,0,0.0,0.0,0.0,1.0,1.0,782.3,--
2025/9/5 21:44,24.2,62,19.3,76,15.0,19.3,1.8,2.2,330,953.7,1023.5,0.0,0,0.0,0.0,0.0,1.0,1.0,782.3,--
2025/9/5 21:45,24.2,62,19.3,76,15.0,19.3,0.0,3.2,264,953.8,1023.6,0.0,0,0.0,0.0,0.0,1.0,1.0,782.3,--
2025/9/5 21:46,24.3,62,19.3,76,15.0,19.3,2.5,2.5,323,953.7,1023.5,0.0,0,0.0,0.0,0.0,1.0,1.0,782.3,--
2025/9/5 21:47,24.3,62,19.2,76,14.9,19.2,2.5,3.2,303,953.7,1023.5,0.0,0,0.0,0.0,0.0,1.0,1.0,782.3,--
2025/9/5 21:48,24.3,61,19.2,76,14.9,19.2,0.0,2.2,293,953.6,1023.4,0.0,0,0.0,0.0,0.0,1.0,1.0,782.3,--
2025/9/5 21:49,24.3,62,19.1,77,15.0,19.1,2.9,3.6,298,953.6,1023.4,0.0,0,0.0,0.0,0.0,1.0,1.0,782.3,--
2025/9/5 21:50,24.3,62,19.1,77,15.0,19.1,2.2,3.2,331,953.6,1023.4,0.0,0,0.0,0.0,0.0,1.0,1.0,782.3,--
2025/9/5 21:51,24.3,62,19.0,77,14.9,19.0,3.2,4.0,278,953.7,1023.5,0.0,0,0.0,0.0,0.0,1.0,1.0,782.3,--
2025/9/5 21:52,24.3,61,19.1,77,15.0,19.1,0.0,3.2,297,953.7,1023.5,0.0,0,0.0,0.0,0.0,1.0,1.0,782.3,--
2025/9/5 21:53,24.3,61,19.1,77,15.0,19.1,0.0,2.5,326,953.6,1023.4,0.0,0,0.0,0.0,0.0,1.0,1.0,782.3,--
2025/9/5 21:54,24.3,61,19.0,77,14.9,19.0,0.0,2.5,296,953.7,1023.5,0.0,0,0.0,0.0,0.0,1.0,1.0,782.3,--
2025/9/5 21:55,24.3,61,19.0,77,14.9,19.0,0.0,1.8,353,953.6,1023.4,0.0,0,0.0,0.0,0.0,1.0,1.0,782.3,--
2025/9/5 21:56,24.3,62,19.1,77,15.0,19.1,1.8,3.6,30,953.7,1023.5,0.0,0,0.0,0.0,0.0,1.0,1.0,782.3,--
2025/9/5 21:57,24.3,62,19.1,77,15.0,19.1,2.2,2.9,76,953.5,1023.3,0.0,0,0.0,0.0,0.0,1.0,1.0,782.3,--
2025/9/5 21:58,24.3,61,19.0,77,14.9,19.0,1.8,2.5,47,953.8,1023.6,0.0,0,0.0,0.0,0.0,1.0,1.0,782.3,--
2025/9/5 21:59,24.3,62,19.0,77,14.9,19.0,0.0,2.2,253,953.9,1023.7,0.0,0,0.0,0.0,0.0,1.0,1.0,782.3,--
2025/9/5 22:00,24.3,61,18.9,77,14.8,18.9,0.0,2.2,60,953.7,1023.5,0.0,0,0.0,0.0,0.0,1.0,1.0,782.3,--
2025/9/5 22:01,24.3,61,18.9,78,15.0,18.9,0.0,2.5,7,953.9,1023.7,0.0,0,0.0,0.0,0.0,1.0,1.0,782.3,--
2025/9/5 22:02,24.3,61,18.8,78,14.9,18.8,0.0,1.8,228,953.8,1023.6,0.0,0,0.0,0.0,0.0,1.0,1.0,782.3,--
2025/9/5 22:03,24.3,61,18.7,79,15.0,18.7,1.8,2.5,43,953.8,1023.6,0.0,0,0.0,0.0,0.0,1.0,1.0,782.3,--
2025/9/5 22:04,24.3,61,18.6,79,14.9,18.6,0.0,2.2,275,953.7,1023.5,0.0,0,0.0,0.0,0.0,1.0,1.0,782.3,--
2025/9/5 22:05,24.3,61,18.5,79,14.8,18.5,0.0,1.8,283,953.8,1023.6,0.0,0,0.0,0.0,0.0,1.0,1.0,782.3,--
2025/9/5 22:06,24.3,61,18.5,79,14.8,18.5,0.0,2.2,251,953.8,1023.6,0.0,0,0.0,0.0,0.0,1.0,1.0,782.3,--
2025/9/5 22:07,24.3,60,18.4,79,14.7,18.4,0.0,2.5,48,953.8,1023.6,0.0,0,0.0,0.0,0.0,1.0,1.0,782.3,--
2025/9/5 22:08,24.3,61,18.4,79,14.7,18.4,0.0,0.0,29,953.7,1023.5,0.0,0,0.0,0.0,0.0,1.0,1.0,782.3,--
2025/9/5 22:09,24.3,61,18.3,80,14.8,18.3,0.0,1.8,55,953.8,1023.6,0.0,0,0.0,0.0,0.0,1.0,1.0,782.3,--
2025/9/5 22:10,24.3,61,18.4,80,14.9,18.4,0.0,2.5,83,953.6,1023.4,0.0,0,0.0,0.0,0.0,1.0,1.0,782.3,--
2025/9/5 22:11,24.3,62,18.4,79,14.7,18.4,0.0,1.8,202,953.8,1023.6,0.0,0,0.0,0.0,0.0,1.0,1.0,782.3,--
2025/9/5 22:12,24.3,61,18.5,79,14.8,18.5,1.8,2.5,238,953.9,1023.7,0.0,0,0.0,0.0,0.0,1.0,1.0,782.3,--
2025/9/5 22:13,24.4,61,18.4,79,14.7,18.4,1.8,2.5,46,953.7,1023.5,0.0,0,0.0,0.0,0.0,1.0,1.0,782.3,--
2025/9/5 22:14,24.4,62,18.4,79,14.7,18.4,0.0,1.8,103,953.8,1023.6,0.0,0,0.0,0.0,0.0,1.0,1.0,782.3,--
2025/9/5 22:15,24.4,61,18.4,79,14.7,18.4,0.0,1.8,37,953.9,1023.7,0.0,0,0.0,0.0,0.0,1.0,1.0,782.3,--
2025/9/5 22:16,24.4,61,18.3,80,14.8,18.3,1.8,1.8,126,953.9,1023.7,0.0,0,0.0,0.0,0.0,1.0,1.0,782.3,--
2025/9/5 22:17,24.4,62,18.2,80,14.7,18.2,0.0,0.0,44,953.8,1023.6,0.0,0,0.0,0.0,0.0,1.0,1.0,782.3,--
2025/9/5 22:18,24.4,62,18.2,80,14.7,18.2,0.0,2.2,22,953.9,1023.7,0.0,0,0.0,0.0,0.0,1.0,1.0,782.3,--
2025/9/5 22:19,24.4,62,18.1,80,14.6,18.1,0.0,0.0,44,954.0,1023.8,0.0,0,0.0,0.0,0.0,1.0,1.0,782.3,--
2025/9/5 22:20,24.4,62,18.0,81,14.7,18.0,0.0,0.0,216,953.9,1023.7,0.0,0,0.0,0.0,0.0,1.0,1.0,782.3,--
2025/9/5 22:21,24.5,62,17.9,82,14.8,17.9,0.0,2.2,5,953.9,1023.7,0.0,0,0.0,0.0,0.0,1.0,1.0,782.3,--
2025/9/5 22:22,24.5,62,17.8,82,14.7,17.8,0.0,2.2,328,953.9,1023.7,0.0,0,0.0,0.0,0.0,1.0,1.0,782.3,--
2025/9/5 22:23,24.5,62,17.7,82,14.6,17.7,0.0,0.0,308,953.9,1023.7,0.0,0,0.0,0.0,0.0,1.0,1.0,782.3,--
2025/9/5 22:24,24.5,62,17.6,83,14.7,17.6,0.0,1.8,330,953.7,1023.5,0.0,0,0.0,0.0,0.0,1.0,1.0,782.3,--
2025/9/5 22:25,24.5,62,17.5,83,14.6,17.5,0.0,0.0,196,953.8,1023.6,0.0,0,0.0,0.0,0.0,1.0,1.0,782.3,--
2025/9/5 22:26,24.5,62,17.5,83,14.6,17.5,0.0,1.8,274,953.8,1023.6,0.0,0,0.0,0.0,0.0,1.0,1.0,782.3,--
2025/9/5 22:27,24.5,62,17.4,84,14.7,17.4,0.0,0.0,180,953.8,1023.6,0.0,0,0.0,0.0,0.0,1.0,1.0,782.3,--
2025/9/5 22:28,24.5,62,17.3,84,14.6,17.3,0.0,2.5,56,953.9,1023.7,0.0,0,0.0,0.0,0.0,1.0,1.0,782.3,--
2025/9/5 22:29,24.5,62,17.3,84,14.6,17.3,0.0,0.0,233,954.0,1023.8,0.0,0,0.0,0.0,0.0,1.0,1.0,782.3,--
2025/9/5 22:30,24.5,62,17.2,84,14.5,17.2,0.0,1.8,333,953.8,1023.6,0.0,0,0.0,0.0,0.0,1.0,1.0,782.3,--
2025/9/5 22:31,24.5,62,17.2,84,14.5,17.2,2.9,2.9,24,954.0,1023.8,0.0,0,0.0,0.0,0.0,1.0,1.0,782.3,--
2025/9/5 22:32,24.5,62,17.2,84,14.5,17.2,2.5,2.5,346,954.0,1023.8,0.0,0,0.0,0.0,0.0,1.0,1.0,782.3,--
2025/9/5 22:33,24.5,62,17.2,84,14.5,17.2,2.9,4.7,8,953.8,1023.6,0.0,0,0.0,0.0,0.0,1.0,1.0,782.3,--
2025/9/5 22:34,24.5,62,17.1,84,14.4,17.1,2.9,3.6,27,954.0,1023.8,0.0,0,0.0,0.0,0.0,1.0,1.0,782.3,--
2025/9/5 22:35,24.5,62,17.1,84,14.4,17.1,0.0,2.5,38,953.8,1023.6,0.0,0,0.0,0.0,0.0,1.0,1.0,782.3,--
2025/9/5 22:36,24.5,62,17.1,85,14.6,17.1,0.0,0.0,310,954.0,1023.8,0.0,0,0.0,0.0,0.0,1.0,1.0,782.3,--
2025/9/5 22:37,24.5,62,17.0,85,14.5,17.0,0.0,0.0,332,954.0,1023.8,0.0,0,0.0,0.0,0.0,1.0,1.0,782.3,--
2025/9/5 22:38,24.5,62,16.9,85,14.4,16.9,0.0,0.0,312,953.9,1023.7,0.0,0,0.0,0.0,0.0,1.0,1.0,782.3,--
2025/9/5 22:39,24.5,62,16.9,86,14.6,16.9,0.0,1.8,301,953.9,1023.7,0.0,0,0.0,0.0,0.0,1.0,1.0,782.3,--
2025/9/5 22:40,24.5,62,16.9,86,14.6,16.9,0.0,3.2,279,953.7,1023.5,0.0,0,0.0,0.0,0.0,1.0,1.0,782.3,--
2025/9/5 22:41,24.5,62,16.9,86,14.6,16.9,2.9,3.6,298,954.0,1023.8,0.0,0,0.0,0.0,0.0,1.0,1.0,782.3,--
2025/9/5 22:42,24.5,62,16.9,85,14.4,16.9,2.2,3.2,25,953.9,1023.7,0.0,0,0.0,0.0,0.0,1.0,1.0,782.3,--
2025/9/5 22:43,24.4,62,16.9,85,14.4,16.9,2.2,4.0,34,953.9,1023.7,0.0,0,0.0,0.0,0.0,1.0,1.0,782.3,--
2025/9/5 22:44,24.4,62,17.0,85,14.5,17.0,3.2,4.3,1,954.0,1023.8,0.0,0,0.0,0.0,0.0,1.0,1.0,782.3,--
2025/9/5 22:45,24.4,62,17.0,85,14.5,17.0,2.2,2.9,3,954.0,1023.8,0.0,0,0.0,0.0,0.0,1.0,1.0,782.3,--
2025/9/5 22:46,24.4,62,17.0,85,14.5,17.0,1.8,2.9,358,953.9,1023.7,0.0,0,0.0,0.0,0.0,1.0,1.0,782.3,--
2025/9/5 22:47,24.5,62,17.0,85,14.5,17.0,0.0,2.5,304,954.1,1023.9,0.0,0,0.0,0.0,0.0,1.0,1.0,782.3,--
2025/9/5 22:48,24.5,62,16.9,85,14.4,16.9,0.0,0.0,312,953.9,1023.7,0.0,0,0.0,0.0,0.0,1.0,1.0,782.3,--
2025/9/5 22:49,24.5,62,16.8,85,14.3,16.8,0.0,0.0,191,953.9,1023.7,0.0,0,0.0,0.0,0.0,1.0,1.0,782.3,--
2025/9/5 22:50,24.5,62,16.8,86,14.5,16.8,0.0,0.0,235,953.8,1023.6,0.0,0,0.0,0.0,0.0,1.0,1.0,782.3,--
2025/9/5 22:51,24.5,62,16.7,86,14.4,16.7,0.0,1.8,345,954.0,1023.8,0.0,0,0.0,0.0,0.0,1.0,1.0,782.3,--
2025/9/5 22:52,24.5,62,16.6,86,14.3,16.6,0.0,2.2,339,954.0,1023.8,0.0,0,0.0,0.0,0.0,1.0,1.0,782.3,--
2025/9/5 22:53,24.5,62,16.6,87,14.5,16.6,2.9,2.9,340,953.9,1023.7,0.0,0,0.0,0.0,0.0,1.0,1.0,782.3,--
2025/9/5 22:54,24.5,62,16.6,87,14.5,16.6,0.0,1.8,325,954.0,1023.8,0.0,0,0.0,0.0,0.0,1.0,1.0,782.3,--
2025/9/5 22:55,24.5,62,16.6,87,14.5,16.6,1.8,2.2,299,953.7,1023.5,0.0,0,0.0,0.0,0.0,1.0,1.0,782.3,--
2025/9/5 22:56,24.5,62,16.6,87,14.5,16.6,1.8,2.2,273,953.9,1023.7,0.0,0,0.0,0.0,0.0,1.0,1.0,782.3,--
2025/9/5 22:57,24.5,62,16.6,86,14.3,16.6,1.8,2.2,272,953.7,1023.5,0.0,0,0.0,0.0,0.0,1.0,1.0,782.3,--
2025/9/5 22:58,24.5,62,16.6,86,14.3,16.6,2.2,2.9,321,953.7,1023.5,0.0,0,0.0,0.0,0.0,1.0,1.0,782.3,--
2025/9/5 22:59,24.5,63,16.7,86,14.4,16.7,0.0,0.0,269,953.7,1023.5,0.0,0,0.0,0.0,0.0,1.0,1.0,782.3,--
2025/9/5 23:00,24.4,63,16.7,86,14.4,16.7,0.0,1.8,142,953.7,1023.5,0.0,0,0.0,0.0,0.0,1.0,1.0,782.3,--
2025/9/5 23:01,24.5,63,16.7,86,14.4,16.7,1.8,2.5,299,953.8,1023.6,0.0,0,0.0,0.0,0.0,1.0,1.0,782.3,--
2025/9/5 23:02,24.5,63,16.7,86,14.4,16.7,2.9,2.9,298,953.7,1023.5,0.0,0,0.0,0.0,0.0,1.0,1.0,782.3,--
2025/9/5 23:03,24.4,63,16.7,85,14.2,16.7,0.0,2.2,288,953.7,1023.5,0.0,0,0.0,0.0,0.0,1.0,1.0,782.3,--
2025/9/5 23:04,24.4,63,16.8,85,14.3,16.8,1.8,2.2,213,953.7,1023.5,0.0,0,0.0,0.0,0.0,1.0,1.0,782.3,--
2025/9/5 23:05,24.4,63,16.9,85,14.4,16.9,0.0,1.8,161,953.7,1023.5,0.0,0,0.0,0.0,0.0,1.0,1.0,782.3,--
2025/9/5 23:06,24.4,63,16.9,84,14.2,16.9,0.0,2.2,329,953.8,1023.6,0.0,0,0.0,0.0,0.0,1.0,1.0,782.3,--
2025/9/5 23:07,24.4,63,16.9,85,14.4,16.9,0.0,2.9,57,953.7,1023.5,0.0,0,0.0,0.0,0.0,1.0,1.0,782.3,--
2025/9/5 23:08,24.4,63,17.0,85,14.5,17.0,0.0,1.8,4,953.9,1023.7,0.0,0,0.0,0.0,0.0,1.0,1.0,782.3,--
2025/9/5 23:09,24.4,63,16.9,85,14.4,16.9,0.0,1.8,10,953.8,1023.6,0.0,0,0.0,0.0,0.0,1.0,1.0,782.3,--
2025/9/5 23:10,24.4,63,16.9,86,14.6,16.9,1.8,2.5,245,953.6,1023.4,0.0,0,0.0,0.0,0.0,1.0,1.0,782.3,--
2025/9/5 23:11,24.4,63,16.8,86,14.5,16.8,1.8,1.8,232,953.8,1023.6,0.0,0,0.0,0.0,0.0,1.0,1.0,782.3,--
2025/9/5 23:12,24.4,63,16.8,86,14.5,16.8,0.0,0.0,5,953.9,1023.7,0.0,0,0.0,0.0,0.0,1.0,1.0,782.3,--
2025/9/5 23:13,24.4,63,16.8,85,14.3,16.8,0.0,2.9,258,953.7,1023.5,0.0,0,0.0,0.0,0.0,1.0,1.0,782.3,--
2025/9/5 23:14,24.4,63,16.8,85,14.3,16.8,0.0,0.0,129,953.8,1023.6,0.0,0,0.0,0.0,0.0,1.0,1.0,782.3,--
2025/9/5 23:15,24.4,63,16.8,85,14.3,16.8,0.0,1.8,336,953.8,1023.6,0.0,0,0.0,0.0,0.0,1.0,1.0,782.3,--
2025/9/5 23:16,24.4,63,16.8,85,14.3,16.8,0.0,2.5,53,953.9,1023.7,0.0,0,0.0,0.0,0.0,1.0,1.0,782.3,--
2025/9/5 23:17,24.4,63,16.8,85,14.3,16.8,0.0,1.8,338,953.9,1023.7,0.0,0,0.0,0.0,0.0,1.0,1.0,782.3,--
2025/9/5 23:18,24.4,63,16.8,86,14.5,16.8,2.2,2.2,1,953.8,1023.6,0.0,0,0.0,0.0,0.0,1.0,1.0,782.3,--
2025/9/5 23:19,24.4,63,16.7,86,14.4,16.7,0.0,1.8,35,953.7,1023.5,0.0,0,0.0,0.0,0.0,1.0,1.0,782.3,--
2025/9/5 23:20,24.4,63,16.7,86,14.4,16.7,1.8,2.5,69,954.0,1023.8,0.0,0,0.0,0.0,0.0,1.0,1.0,782.3,--
2025/9/5 23:21,24.4,63,16.7,86,14.4,16.7,0.0,2.2,50,953.9,1023.7,0.0,0,0.0,0.0,0.0,1.0,1.0,782.3,--
2025/9/5 23:22,24.4,63,16.6,86,14.3,16.6,0.0,0.0,287,953.9,1023.7,0.0,0,0.0,0.0,0.0,1.0,1.0,782.3,--
2025/9/5 23:23,24.4,63,16.6,86,14.3,16.6,0.0,1.8,54,953.8,1023.6,0.0,0,0.0,0.0,0.0,1.0,1.0,782.3,--
2025/9/5 23:24,24.4,63,16.5,87,14.4,16.5,0.0,2.2,31,953.8,1023.6,0.0,0,0.0,0.0,0.0,1.0,1.0,782.3,--
2025/9/5 23:25,24.4,63,16.5,87,14.4,16.5,0.0,0.0,349,953.8,1023.6,0.0,0,0.0,0.0,0.0,1.0,1.0,782.3,--
2025/9/5 23:26,24.4,63,16.4,87,14.3,16.4,0.0,2.5,339,953.8,1023.6,0.0,0,0.0,0.0,0.0,1.0,1.0,782.3,--
2025/9/5 23:27,24.4,63,16.4,87,14.3,16.4,2.2,2.9,319,953.8,1023.6,0.0,0,0.0,0.0,0.0,1.0,1.0,782.3,--
2025/9/5 23:28,24.4,63,16.3,87,14.2,16.3,0.0,1.8,280,953.8,1023.6,0.0,0,0.0,0.0,0.0,1.0,1.0,782.3,--
2025/9/5 23:29,24.4,63,16.3,88,14.3,16.3,0.0,2.5,300,953.8,1023.6,0.0,0,0.0,0.0,0.0,1.0,1.0,782.3,--
2025/9/5 23:30,24.4,63,16.3,87,14.2,16.3,0.0,2.9,293,953.7,1023.5,0.0,0,0.0,0.0,0.0,1.0,1.0,782.3,--
2025/9/5 23:31,24.4,63,16.4,87,14.3,16.4,2.5,2.5,311,953.8,1023.6,0.0,0,0.0,0.0,0.0,1.0,1.0,782.3,--
2025/9/5 23:32,24.4,63,16.4,87,14.3,16.4,0.0,1.8,35,953.7,1023.5,0.0,0,0.0,0.0,0.0,1.0,1.0,782.3,--
2025/9/5 23:33,24.4,63,16.3,87,14.2,16.3,0.0,1.8,348,953.8,1023.6,0.0,0,0.0,0.0,0.0,1.0,1.0,782.3,--
2025/9/5 23:34,24.4,63,16.3,87,14.2,16.3,3.2,3.6,23,953.7,1023.5,0.0,0,0.0,0.0,0.0,1.0,1.0,782.3,--
2025/9/5 23:35,24.4,63,16.4,87,14.3,16.4,3.6,5.4,25,953.8,1023.6,0.0,0,0.0,0.0,0.0,1.0,1.0,782.3,--
2025/9/5 23:36,24.4,63,16.5,86,14.2,16.5,0.0,3.6,39,953.8,1023.6,0.0,0,0.0,0.0,0.0,1.0,1.0,782.3,--
2025/9/5 23:37,24.4,63,16.5,87,14.4,16.5,3.2,3.6,8,953.8,1023.6,0.0,0,0.0,0.0,0.0,1.0,1.0,782.3,--
2025/9/5 23:38,24.4,63,16.4,87,14.3,16.4,2.2,2.2,356,953.6,1023.4,0.0,0,0.0,0.0,0.0,1.0,1.0,782.3,--
2025/9/5 23:39,24.4,63,16.4,87,14.3,16.4,0.0,1.8,339,953.8,1023.6,0.0,0,0.0,0.0,0.0,1.0,1.0,782.3,--
2025/9/5 23:40,24.4,63,16.4,87,14.3,16.4,2.2,4.3,20,953.9,1023.7,0.0,0,0.0,0.0,0.0,1.0,1.0,782.3,--
2025/9/5 23:41,24.4,63,16.4,87,14.3,16.4,2.5,2.9,358,953.9,1023.7,0.0,0,0.0,0.0,0.0,1.0,1.0,782.3,--
2025/9/5 23:42,24.4,63,16.3,87,14.2,16.3,3.6,4.7,342,953.9,1023.7,0.0,0,0.0,0.0,0.0,1.0,1.0,782.3,--
2025/9/5 23:43,24.4,63,16.3,87,14.2,16.3,0.0,2.9,277,953.8,1023.6,0.0,0,0.0,0.0,0.0,1.0,1.0,782.3,--
2025/9/5 23:44,24.4,63,16.3,87,14.2,16.3,0.0,2.5,246,954.0,1023.8,0.0,0,0.0,0.0,0.0,1.0,1.0,782.3,--
2025/9/5 23:45,24.3,63,16.2,88,14.2,16.2,1.8,2.2,329,953.7,1023.5,0.0,0,0.0,0.0,0.0,1.0,1.0,782.3,--
2025/9/5 23:46,24.3,64,16.2,88,14.2,16.2,2.9,2.9,17,953.8,1023.6,0.0,0,0.0,0.0,0.0,1.0,1.0,782.3,--
2025/9/5 23:47,24.3,64,16.1,88,14.1,16.1,0.0,1.8,331,953.8,1023.6,0.0,0,0.0,0.0,0.0,1.0,1.0,782.3,--
2025/9/5 23:48,24.3,64,16.0,88,14.0,16.0,0.0,0.0,256,953.9,1023.7,0.0,0,0.0,0.0,0.0,1.0,1.0,782.3,--
2025/9/5 23:49,24.3,64,16.0,88,14.0,16.0,0.0,0.0,58,953.8,1023.6,0.0,0,0.0,0.0,0.0,1.0,1.0,782.3,--
2025/9/5 23:50,24.3,64,15.9,88,13.9,15.9,2.2,2.9,39,953.8,1023.6,0.0,0,0.0,0.0,0.0,1.0,1.0,782.3,--
2025/9/5 23:51,24.3,64,15.9,89,14.1,15.9,1.8,3.6,71,953.8,1023.6,0.0,0,0.0,0.0,0.0,1.0,1.0,782.3,--
2025/9/5 23:52,24.3,64,15.9,89,14.1,15.9,0.0,1.8,13,953.8,1023.6,0.0,0,0.0,0.0,0.0,1.0,1.0,782.3,--
2025/9/5 23:53,24.4,64,15.8,89,14.0,15.8,0.0,1.8,309,953.9,1023.7,0.0,0,0.0,0.0,0.0,1.0,1.0,782.3,--
2025/9/5 23:54,24.4,63,15.7,89,13.9,15.7,0.0,0.0,164,953.8,1023.6,0.0,0,0.0,0.0,0.0,1.0,1.0,782.3,--
2025/9/5 23:55,24.4,64,15.7,90,14.1,15.7,0.0,3.2,286,953.8,1023.6,0.0,0,0.0,0.0,0.0,1.0,1.0,782.3,--
2025/9/5 23:56,24.4,64,15.6,90,14.0,15.6,0.0,2.5,347,953.9,1023.7,0.0,0,0.0,0.0,0.0,1.0,1.0,782.3,--
2025/9/5 23:57,24.4,64,15.7,90,14.1,15.7,0.0,2.9,28,954.0,1023.8,0.0,0,0.0,0.0,0.0,1.0,1.0,782.3,--
2025/9/5 23:58,24.4,64,15.6,90,14.0,15.6,1.8,3.2,7,953.9,1023.7,0.0,0,0.0,0.0,0.0,1.0,1.0,782.3,--
2025/9/5 23:59,24.3,64,15.6,90,14.0,15.6,0.0,2.2,255,953.8,1023.6,0.0,0,0.0,0.0,0.0,1.0,1.0,782.3,--
2025/9/6 0:00,24.4,64,15.5,90,13.9,15.5,0.0,2.5,284,953.8,1023.6,0.0,0,0.0,0.0,0.0,1.0,1.0,782.3,--
2025/9/6 0:01,24.4,64,15.6,90,14.0,15.6,1.8,1.8,316,953.9,1023.7,0.0,0,0.0,0.0,0.0,1.0,1.0,782.3,--
2025/9/6 0:02,24.3,64,15.5,90,13.9,15.5,0.0,2.2,328,954.0,1023.8,0.0,0,0.0,0.0,0.0,1.0,1.0,782.3,--
2025/9/6 0:03,24.4,64,15.6,90,14.0,15.6,0.0,2.2,1,953.7,1023.5,0.0,0,0.0,0.0,0.0,1.0,1.0,782.3,--
2025/9/6 0:04,24.4,64,15.5,90,13.9,15.5,0.0,1.8,354,953.9,1023.7,0.0,0,0.0,0.0,0.0,1.0,1.0,782.3,--
2025/9/6 0:05,24.4,64,15.5,90,13.9,15.5,0.0,1.8,43,953.9,1023.7,0.0,0,0.0,0.0,0.0,1.0,1.0,782.3,--
2025/9/6 0:06,24.4,64,15.5,90,13.9,15.5,3.2,3.6,39,953.8,1023.6,0.0,0,0.0,0.0,0.0,1.0,1.0,782.3,--
2025/9/6 0:07,24.4,64,15.5,90,13.9,15.5,0.0,2.2,25,953.9,1023.7,0.0,0,0.0,0.0,0.0,1.0,1.0,782.3,--
2025/9/6 0:08,24.4,64,15.4,90,13.8,15.4,0.0,1.8,330,953.9,1023.7,0.0,0,0.0,0.0,0.0,1.0,1.0,782.3,--
2025/9/6 0:09,24.4,64,15.4,90,13.8,15.4,1.8,2.5,301,953.9,1023.7,0.0,0,0.0,0.0,0.0,1.0,1.0,782.3,--
2025/9/6 0:10,24.4,64,15.3,91,13.9,15.3,0.0,3.2,333,953.9,1023.7,0.0,0,0.0,0.0,0.0,1.0,1.0,782.3,--
2025/9/6 0:11,24.4,64,15.3,91,13.9,15.3,2.5,2.9,73,953.9,1023.7,0.0,0,0.0,0.0,0.0,1.0,1.0,782.3,--
2025/9/6 0:12,24.4,64,15.3,91,13.9,15.3,0.0,1.8,125,953.9,1023.7,0.0,0,0.0,0.0,0.0,1.0,1.0,782.3,--
2025/9/6 0:13,24.4,64,15.3,91,13.9,15.3,0.0,0.0,342,954.1,1023.9,0.0,0,0.0,0.0,0.0,1.0,1.0,782.3,--
2025/9/6 0:14,24.4,64,15.2,91,13.8,15.2,0.0,0.0,2,953.9,1023.7,0.0,0,0.0,0.0,0.0,1.0,1.0,782.3,--
2025/9/6 0:15,24.4,64,15.3,91,13.9,15.3,0.0,3.6,299,953.8,1023.6,0.0,0,0.0,0.0,0.0,1.0,1.0,782.3,--
2025/9/6 0:16,24.4,64,15.3,91,13.9,15.3,0.0,2.2,33,953.8,1023.6,0.0,0,0.0,0.0,0.0,1.0,1.0,782.3,--
2025/9/6 0:17,24.4,64,15.2,91,13.8,15.2,1.8,2.2,163,953.8,1023.6,0.0,0,0.0,0.0,0.0,1.0,1.0,782.3,--
2025/9/6 0:18,24.4,64,15.2,91,13.8,15.2,0.0,1.8,26,953.9,1023.7,0.0,0,0.0,0.0,0.0,1.0,1.0,782.3,--
2025/9/6 0:19,24.4,64,15.3,91,13.9,15.3,3.2,3.2,347,954.0,1023.8,0.0,0,0.0,0.0,0.0,1.0,1.0,782.3,--
2025/9/6 0:20,24.4,64,15.3,91,13.9,15.3,2.5,4.3,16,953.7,1023.5,0.0,0,0.0,0.0,0.0,1.0,1.0,782.3,--
2025/9/6 0:21,24.4,64,15.3,91,13.9,15.3,0.0,2.9,298,953.8,1023.6,0.0,0,0.0,0.0,0.0,1.0,1.0,782.3,--
2025/9/6 0:22,24.4,64,15.4,90,13.8,15.4,2.2,3.6,332,953.9,1023.7,0.0,0,0.0,0.0,0.0,1.0,1.0,782.3,--
2025/9/6 0:23,24.4,64,15.5,90,13.9,15.5,0.0,3.2,316,954.0,1023.8,0.0,0,0.0,0.0,0.0,1.0,1.0,782.3,--
2025/9/6 0:24,24.4,64,15.5,90,13.9,15.5,1.8,2.9,258,953.9,1023.7,0.0,0,0.0,0.0,0.0,1.0,1.0,782.3,--
2025/9/6 0:25,24.4,64,15.5,90,13.9,15.5,0.0,2.2,327,953.9,1023.7,0.0,0,0.0,0.0,0.0,1.0,1.0,782.3,--
2025/9/6 0:26,24.4,64,15.6,89,13.8,15.6,2.5,2.9,10,954.0,1023.8,0.0,0,0.0,0.0,0.0,1.0,1.0,782.3,--
2025/9/6 0:27,24.4,64,15.6,89,13.8,15.6,2.5,5.4,41,954.0,1023.8,0.0,0,0.0,0.0,0.0,1.0,1.0,782.3,--
2025/9/6 0:28,24.4,64,15.6,89,13.8,15.6,3.6,4.3,0,954.0,1023.8,0.0,0,0.0,0.0,0.0,1.0,1.0,782.3,--
2025/9/6 0:29,24.4,64,15.7,89,13.9,15.7,2.5,4.0,25,954.0,1023.8,0.0,0,0.0,0.0,0.0,1.0,1.0,782.3,--
2025/9/6 0:30,24.4,63,15.7,89,13.9,15.7,0.0,2.2,44,954.1,1023.9,0.0,0,0.0,0.0,0.0,1.0,1.0,782.3,--
2025/9/6 0:31,24.4,64,15.7,89,13.9,15.7,0.0,2.2,345,953.9,1023.7,0.0,0,0.0,0.0,0.0,1.0,1.0,782.3,--
2025/9/6 0:32,24.5,63,15.7,89,13.9,15.7,0.0,4.3,314,953.9,1023.7,0.0,0,0.0,0.0,0.0,1.0,1.0,782.3,--
2025/9/6 0:33,24.5,64,15.6,89,13.8,15.6,3.2,3.2,1,953.9,1023.7,0.0,0,0.0,0.0,0.0,1.0,1.0,782.3,--
2025/9/6 0:34,24.5,64,15.6,89,13.8,15.6,2.9,3.2,321,953.8,1023.6,0.0,0,0.0,0.0,0.0,1.0,1.0,782.3,--
2025/9/6 0:35,24.4,63,15.6,89,13.8,15.6,1.8,3.2,7,953.9,1023.7,0.0,0,0.0,0.0,0.0,1.0,1.0,782.3,--
2025/9/6 0:36,24.5,63,15.6,89,13.8,15.6,2.5,3.2,343,954.0,1023.8,0.0,0,0.0,0.0,0.0,1.0,1.0,782.3,--
2025/9/6 0:37,24.5,63,15.6,89,13.8,15.6,4.7,4.7,6,954.0,1023.8,0.0,0,0.0,0.0,0.0,1.0,1.0,782.3,--
2025/9/6 0:38,24.5,63,15.5,89,13.7,15.5,1.8,2.2,322,954.0,1023.8,0.0,0,0.0,0.0,0.0,1.0,1.0,782.3,--
2025/9/6 0:39,24.5,63,15.5,89,13.7,15.5,0.0,2.5,328,953.9,1023.7,0.0,0,0.0,0.0,0.0,1.0,1.0,782.3,--
2025/9/6 0:40,24.5,63,15.4,90,13.8,15.4,1.8,2.2,66,953.9,1023.7,0.0,0,0.0,0.0,0.0,1.0,1.0,782.3,--
2025/9/6 0:41,24.5,63,15.4,90,13.8,15.4,0.0,1.8,261,954.1,1023.9,0.0,0,0.0,0.0,0.0,1.0,1.0,782.3,--
2025/9/6 0:42,24.5,63,15.3,90,13.7,15.3,1.8,2.5,52,954.0,1023.8,0.0,0,0.0,0.0,0.0,1.0,1.0,782.3,--
2025/9/6 0:43,24.5,63,15.3,90,13.7,15.3,1.8,2.9,30,954.1,1023.9,0.0,0,0.0,0.0,0.0,1.0,1.0,782.3,--
2025/9/6 0:44,24.5,63,15.3,90,13.7,15.3,3.2,4.0,339,954.0,1023.8,0.0,0,0.0,0.0,0.0,1.0,1.0,782.3,--
2025/9/6 0:45,24.5,63,15.3,90,13.7,15.3,1.8,2.5,18,953.9,1023.7,0.0,0,0.0,0.0,0.0,1.0,1.0,782.3,--
2025/9/6 0:46,24.5,64,15.3,90,13.7,15.3,2.5,2.9,341,953.9,1023.7,0.0,0,0.0,0.0,0.0,1.0,1.0,782.3,--
2025/9/6 0:47,24.5,63,15.3,90,13.7,15.3,2.9,2.9,34,953.9,1023.7,0.0,0,0.0,0.0,0.0,1.0,1.0,782.3,--
2025/9/6 0:48,24.5,63,15.3,90,13.7,15.3,0.0,2.9,344,954.0,1023.8,0.0,0,0.0,0.0,0.0,1.0,1.0,782.3,--
2025/9/6 0:49,24.5,63,15.3,90,13.7,15.3,0.0,2.2,340,954.1,1023.9,0.0,0,0.0,0.0,0.0,1.0,1.0,782.3,--
2025/9/6 0:50,24.5,63,15.3,90,13.7,15.3,1.8,2.9,323,954.2,1024.0,0.0,0,0.0,0.0,0.0,1.0,1.0,782.3,--
2025/9/6 0:51,24.5,63,15.3,90,13.7,15.3,0.0,1.8,48,954.0,1023.8,0.0,0,0.0,0.0,0.0,1.0,1.0,782.3,--
2025/9/6 0:52,24.4,63,15.4,90,13.8,15.4,2.9,5.4,55,954.0,1023.8,0.0,0,0.0,0.0,0.0,1.0,1.0,782.3,--
2025/9/6 0:53,24.5,63,15.4,90,13.8,15.4,1.8,4.0,61,954.2,1024.0,0.0,0,0.0,0.0,0.0,1.0,1.0,782.3,--
2025/9/6 0:54,24.5,63,15.4,89,13.6,15.4,4.0,4.0,356,953.8,1023.6,0.0,0,0.0,0.0,0.0,1.0,1.0,782.3,--
2025/9/6 0:55,24.4,63,15.3,89,13.5,15.3,0.0,3.2,99,954.1,1023.9,0.0,0,0.0,0.0,0.0,1.0,1.0,782.3,--
2025/9/6 0:56,24.5,63,15.3,89,13.5,15.3,0.0,2.2,333,954.0,1023.8,0.0,0,0.0,0.0,0.0,1.0,1.0,782.3,--
2025/9/6 0:57,24.5,63,15.3,90,13.7,15.3,2.5,3.2,17,954.0,1023.8,0.0,0,0.0,0.0,0.0,1.0,1.0,782.3,--
2025/9/6 0:58,24.5,63,15.2,90,13.6,15.2,0.0,2.5,323,954.0,1023.8,0.0,0,0.0,0.0,0.0,1.0,1.0,782.3,--
2025/9/6 0:59,24.5,64,15.2,90,13.6,15.2,0.0,1.8,61,953.8,1023.6,0.0,0,0.0,0.0,0.0,1.0,1.0,782.3,--
2025/9/6 1:00,24.5,64,15.2,90,13.6,15.2,2.2,2.9,1,954.0,1023.8,0.0,0,0.0,0.0,0.0,1.0,1.0,782.3,--
2025/9/6 1:01,24.4,64,15.2,90,13.6,15.2,0.0,3.6,37,953.9,1023.7,0.0,0,0.0,0.0,0.0,1.0,1.0,782.3,--
2025/9/6 1:02,24.4,64,15.2,90,13.6,15.2,2.2,2.2,348,954.0,1023.8,0.0,0,0.0,0.0,0.0,1.0,1.0,782.3,--
2025/9/6 1:03,24.4,64,15.2,90,13.6,15.2,0.0,2.2,96,953.9,1023.7,0.0,0,0.0,0.0,0.0,1.0,1.0,782.3,--
2025/9/6 1:04,24.4,64,15.2,90,13.6,15.2,0.0,2.9,44,953.8,1023.6,0.0,0,0.0,0.0,0.0,1.0,1.0,782.3,--
2025/9/6 1:05,24.5,64,15.2,90,13.6,15.2,1.8,1.8,336,953.8,1023.6,0.0,0,0.0,0.0,0.0,1.0,1.0,782.3,--
2025/9/6 1:06,24.4,64,15.3,90,13.7,15.3,2.2,4.3,304,953.8,1023.6,0.0,0,0.0,0.0,0.0,1.0,1.0,782.3,--
2025/9/6 1:07,24.4,64,15.5,89,13.7,15.5,3.2,3.2,32,953.7,1023.5,0.0,0,0.0,0.0,0.0,1.0,1.0,782.3,--
2025/9/6 1:08,24.5,64,15.5,89,13.7,15.5,0.0,1.8,6,953.8,1023.6,0.0,0,0.0,0.0,0.0,1.0,1.0,782.3,--
2025/9/6 1:09,24.4,63,15.5,89,13.7,15.5,0.0,1.8,301,953.7,1023.5,0.0,0,0.0,0.0,0.0,1.0,1.0,782.3,--
2025/9/6 1:10,24.4,64,15.5,89,13.7,15.5,0.0,2.5,357,953.8,1023.6,0.0,0,0.0,0.0,0.0,1.0,1.0,782.3,--
2025/9/6 1:11,24.4,63,15.5,89,13.7,15.5,0.0,2.5,35,953.8,1023.6,0.0,0,0.0,0.0,0.0,1.0,1.0,782.3,--
2025/9/6 1:12,24.4,64,15.6,88,13.6,15.6,2.9,2.9,323,953.7,1023.5,0.0,0,0.0,0.0,0.0,1.0,1.0,782.3,--
2025/9/6 1:13,24.4,64,15.6,89,13.8,15.6,3.6,3.6,51,953.8,1023.6,0.0,0,0.0,0.0,0.0,1.0,1.0,782.3,--
2025/9/6 1:14,24.4,64,15.6,89,13.8,15.6,1.8,3.6,342,953.7,1023.5,0.0,0,0.0,0.0,0.0,1.0,1.0,782.3,--
2025/9/6 1:15,24.4,63,15.6,89,13.8,15.6,0.0,2.9,326,953.7,1023.5,0.0,0,0.0,0.0,0.0,1.0,1.0,782.3,--
2025/9/6 1:16,24.4,64,15.6,89,13.8,15.6,0.0,2.2,83,953.8,1023.6,0.0,0,0.0,0.0,0.0,1.0,1.0,782.3,--
2025/9/6 1:17,24.4,64,15.5,89,13.7,15.5,0.0,1.8,4,953.8,1023.6,0.0,0,0.0,0.0,0.0,1.0,1.0,782.3,--
2025/9/6 1:18,24.4,64,15.5,89,13.7,15.5,2.5,2.9,34,953.8,1023.6,0.0,0,0.0,0.0,0.0,1.0,1.0,782.3,--
2025/9/6 1:19,24.4,64,15.5,89,13.7,15.5,1.8,3.2,39,953.8,1023.6,0.0,0,0.0,0.0,0.0,1.0,1.0,782.3,--
2025/9/6 1:20,24.4,64,15.5,89,13.7,15.5,1.8,2.5,51,953.8,1023.6,0.0,0,0.0,0.0,0.0,1.0,1.0,782.3,--
2025/9/6 1:21,24.4,64,15.4,89,13.6,15.4,3.2,3.2,37,953.8,1023.6,0.0,0,0.0,0.0,0.0,1.0,1.0,782.3,--
2025/9/6 1:22,24.4,64,15.4,89,13.6,15.4,0.0,2.5,52,953.8,1023.6,0.0,0,0.0,0.0,0.0,1.0,1.0,782.3,--
2025/9/6 1:23,24.4,64,15.4,89,13.6,15.4,0.0,2.5,342,953.9,1023.7,0.0,0,0.0,0.0,0.0,1.0,1.0,782.3,--
2025/9/6 1:24,24.4,64,15.4,89,13.6,15.4,1.8,1.8,175,954.0,1023.8,0.0,0,0.0,0.0,0.0,1.0,1.0,782.3,--
2025/9/6 1:25,24.4,64,15.4,89,13.6,15.4,0.0,2.5,135,953.7,1023.5,0.0,0,0.0,0.0,0.0,1.0,1.0,782.3,--
2025/9/6 1:26,24.4,64,15.3,90,13.7,15.3,1.8,2.5,344,953.8,1023.6,0.0,0,0.0,0.0,0.0,1.0,1.0,782.3,--
2025/9/6 1:27,24.4,64,15.3,90,13.7,15.3,2.2,2.5,8,953.9,1023.7,0.0,0,0.0,0.0,0.0,1.0,1.0,782.3,--
2025/9/6 1:28,24.4,64,15.3,90,13.7,15.3,0.0,2.9,0,953.9,1023.7,0.0,0,0.0,0.0,0.0,1.0,1.0,782.3,--
2025/9/6 1:29,24.4,64,15.3,90,13.7,15.3,2.5,2.5,5,953.8,1023.6,0.0,0,0.0,0.0,0.0,1.0,1.0,782.3,--
2025/9/6 1:30,24.4,64,15.3,90,13.7,15.3,0.0,2.5,351,954.0,1023.8,0.0,0,0.0,0.0,0.0,1.0,1.0,782.3,--
2025/9/6 1:31,24.4,64,15.3,90,13.7,15.3,2.2,2.5,24,953.8,1023.6,0.0,0,0.0,0.0,0.0,1.0,1.0,782.3,--
2025/9/6 1:32,24.4,64,15.2,90,13.6,15.2,2.5,4.3,10,953.8,1023.6,0.0,0,0.0,0.0,0.0,1.0,1.0,782.3,--
2025/9/6 1:33,24.4,64,15.2,90,13.6,15.2,3.6,4.3,16,953.8,1023.6,0.0,0,0.0,0.0,0.0,1.0,1.0,782.3,--
2025/9/6 1:34,24.5,64,15.1,90,13.5,15.1,1.8,2.5,309,953.9,1023.7,0.0,0,0.0,0.0,0.0,1.0,1.0,782.3,--
2025/9/6 1:35,24.4,64,15.0,90,13.4,15.0,1.8,3.2,284,953.8,1023.6,0.0,0,0.0,0.0,0.0,1.0,1.0,782.3,--
2025/9/6 1:36,24.4,64,15.1,91,13.7,15.1,0.0,3.2,43,953.9,1023.7,0.0,0,0.0,0.0,0.0,1.0,1.0,782.3,--
2025/9/6 1:37,24.4,64,15.1,90,13.5,15.1,0.0,3.6,25,953.9,1023.7,0.0,0,0.0,0.0,0.0,1.0,1.0,782.3,--
2025/9/6 1:38,24.4,64,15.1,90,13.5,15.1,2.2,2.5,8,953.8,1023.6,0.0,0,0.0,0.0,0.0,1.0,1.0,782.3,--
2025/9/6 1:39,24.4,64,15.1,90,13.5,15.1,2.2,2.9,63,953.9,1023.7,0.0,0,0.0,0.0,0.0,1.0,1.0,782.3,--
2025/9/6 1:40,24.4,64,15.2,90,13.6,15.2,2.9,3.6,335,953.8,1023.6,0.0,0,0.0,0.0,0.0,1.0,1.0,782.3,--
2025/9/6 1:41,24.4,64,15.2,90,13.6,15.2,2.2,2.9,23,953.9,1023.7,0.0,0,0.0,0.0,0.0,1.0,1.0,782.3,--
2025/9/6 1:42,24.4,64,15.2,90,13.6,15.2,2.2,3.6,22,953.9,1023.7,0.0,0,0.0,0.0,0.0,1.0,1.0,782.3,--
2025/9/6 1:43,24.4,64,15.2,90,13.6,15.2,0.0,2.9,29,954.0,1023.8,0.0,0,0.0,0.0,0.0,1.0,1.0,782.3,--
2025/9/6 1:44,24.4,64,15.2,90,13.6,15.2,0.0,2.9,1,953.9,1023.7,0.0,0,0.0,0.0,0.0,1.0,1.0,782.3,--
2025/9/6 1:45,24.4,64,15.2,90,13.6,15.2,0.0,3.2,34,954.0,1023.8,0.0,0,0.0,0.0,0.0,1.0,1.0,782.3,--
2025/9/6 1:46,24.4,64,15.2,90,13.6,15.2,0.0,2.9,15,954.0,1023.8,0.0,0,0.0,0.0,0.0,1.0,1.0,782.3,--
2025/9/6 1:47,24.4,64,15.1,90,13.5,15.1,2.5,2.9,22,953.9,1023.7,0.0,0,0.0,0.0,0.0,1.0,1.0,782.3,--
2025/9/6 1:48,24.4,64,15.1,90,13.5,15.1,2.5,2.9,22,953.8,1023.6,0.0,0,0.0,0.0,0.0,1.0,1.0,782.3,--
2025/9/6 1:49,24.4,64,15.1,90,13.5,15.1,0.0,2.9,56,954.0,1023.8,0.0,0,0.0,0.0,0.0,1.0,1.0,782.3,--
2025/9/6 1:50,24.4,64,15.1,90,13.5,15.1,1.8,3.2,11,954.0,1023.8,0.0,0,0.0,0.0,0.0,1.0,1.0,782.3,--
2025/9/6 1:51,24.4,64,15.1,90,13.5,15.1,0.0,2.2,283,953.8,1023.6,0.0,0,0.0,0.0,0.0,1.0,1.0,782.3,--
2025/9/6 1:52,24.4,64,15.0,91,13.6,15.0,2.5,2.9,351,953.9,1023.7,0.0,0,0.0,0.0,0.0,1.0,1.0,782.3,--
2025/9/6 1:53,24.4,64,15.0,91,13.6,15.0,0.0,3.2,2,953.8,1023.6,0.0,0,0.0,0.0,0.0,1.0,1.0,782.3,--
2025/9/6 1:54,24.4,64,14.9,91,13.5,14.9,1.8,2.9,88,953.8,1023.6,0.0,0,0.0,0.0,0.0,1.0,1.0,782.3,--
2025/9/6 1:55,24.4,64,14.9,91,13.5,14.9,1.8,2.9,18,953.9,1023.7,0.0,0,0.0,0.0,0.0,1.0,1.0,782.3,--
2025/9/6 1:56,24.4,64,14.9,91,13.5,14.9,0.0,2.9,330,953.9,1023.7,0.0,0,0.0,0.0,0.0,1.0,1.0,782.3,--
2025/9/6 1:57,24.4,64,14.9,91,13.5,14.9,2.2,2.2,351,953.9,1023.7,0.0,0,0.0,0.0,0.0,1.0,1.0,782.3,--
2025/9/6 1:58,24.4,64,14.9,91,13.5,14.9,0.0,2.2,93,953.8,1023.6,0.0,0,0.0,0.0,0.0,1.0,1.0,782.3,--
2025/9/6 1:59,24.4,64,14.9,91,13.5,14.9,0.0,3.2,42,953.7,1023.5,0.0,0,0.0,0.0,0.0,1.0,1.0,782.3,--
2025/9/6 2:00,24.4,64,14.8,91,13.4,14.8,1.8,2.9,1,953.9,1023.7,0.0,0,0.0,0.0,0.0,1.0,1.0,782.3,--
2025/9/6 2:01,24.4,64,14.8,91,13.4,14.8,2.5,2.9,46,953.8,1023.6,0.0,0,0.0,0.0,0.0,1.0,1.0,782.3,--
2025/9/6 2:02,24.4,64,14.8,91,13.4,14.8,3.6,4.0,12,953.9,1023.7,0.0,0,0.0,0.0,0.0,1.0,1.0,782.3,--
2025/9/6 2:03,24.4,64,14.8,91,13.4,14.8,0.0,2.9,351,953.7,1023.5,0.0,0,0.0,0.0,0.0,1.0,1.0,782.3,--
2025/9/6 2:04,24.4,64,14.7,92,13.5,14.7,2.5,3.2,7,953.9,1023.7,0.0,0,0.0,0.0,0.0,1.0,1.0,782.3,--
2025/9/6 2:05,24.4,64,14.7,92,13.5,14.7,2.5,3.2,7,953.9,1023.7,0.0,0,0.0,0.0,0.0,1.0,1.0,782.3,--
2025/9/6 2:06,24.4,64,14.6,92,13.4,14.6,0.0,0.0,113,953.9,1023.7,0.0,0,0.0,0.0,0.0,1.0,1.0,782.3,--
2025/9/6 2:07,24.4,64,14.6,92,13.4,14.6,0.0,2.2,101,954.0,1023.8,0.0,0,0.0,0.0,0.0,1.0,1.0,782.3,--
2025/9/6 2:08,24.4,64,14.6,92,13.4,14.6,2.2,2.5,47,953.8,1023.6,0.0,0,0.0,0.0,0.0,1.0,1.0,782.3,--
2025/9/6 2:09,24.4,64,14.6,92,13.4,14.6,0.0,2.5,24,954.0,1023.8,0.0,0,0.0,0.0,0.0,1.0,1.0,782.3,--
2025/9/6 2:10,24.4,64,14.6,92,13.4,14.6,2.9,2.9,13,953.9,1023.7,0.0,0,0.0,0.0,0.0,1.0,1.0,782.3,--
2025/9/6 2:11,24.4,64,14.6,92,13.4,14.6,2.2,4.0,20,953.9,1023.7,0.0,0,0.0,0.0,0.0,1.0,1.0,782.3,--
2025/9/6 2:12,24.4,64,14.6,92,13.4,14.6,0.0,2.9,3,954.0,1023.8,0.0,0,0.0,0.0,0.0,1.0,1.0,782.3,--
2025/9/6 2:13,24.4,64,14.5,92,13.3,14.5,0.0,2.2,11,953.8,1023.6,0.0,0,0.0,0.0,0.0,1.0,1.0,782.3,--
2025/9/6 2:14,24.4,64,14.5,92,13.3,14.5,2.2,2.2,87,953.8,1023.6,0.0,0,0.0,0.0,0.0,1.0,1.0,782.3,--
2025/9/6 2:15,24.4,64,14.5,92,13.3,14.5,4.3,4.3,20,953.9,1023.7,0.0,0,0.0,0.0,0.0,1.0,1.0,782.3,--
2025/9/6 2:16,24.4,64,14.5,92,13.3,14.5,2.2,3.2,348,953.9,1023.7,0.0,0,0.0,0.0,0.0,1.0,1.0,782.3,--
2025/9/6 2:17,24.4,64,14.4,92,13.2,14.4,0.0,1.8,55,953.9,1023.7,0.0,0,0.0,0.0,0.0,1.0,1.0,782.3,--
2025/9/6 2:18,24.4,64,14.4,93,13.3,14.4,0.0,2.9,35,953.7,1023.5,0.0,0,0.0,0.0,0.0,1.0,1.0,782.3,--
2025/9/6 2:19,24.4,64,14.5,93,13.4,14.5,2.2,2.2,47,953.9,1023.7,0.0,0,0.0,0.0,0.0,1.0,1.0,782.3,--
2025/9/6 2:20,24.4,64,14.5,93,13.4,14.5,0.0,2.9,0,954.1,1023.9,0.0,0,0.0,0.0,0.0,1.0,1.0,782.3,--
2025/9/6 2:21,24.4,64,14.5,92,13.3,14.5,0.0,2.9,28,953.9,1023.7,0.0,0,0.0,0.0,0.0,1.0,1.0,782.3,--
2025/9/6 2:22,24.4,64,14.4,92,13.2,14.4,0.0,2.2,36,953.9,1023.7,0.0,0,0.0,0.0,0.0,1.0,1.0,782.3,--
2025/9/6 2:23,24.4,64,14.4,93,13.3,14.4,4.0,4.7,15,953.8,1023.6,0.0,0,0.0,0.0,0.0,1.0,1.0,782.3,--
2025/9/6 2:24,24.4,64,14.5,93,13.4,14.5,2.5,4.0,31,953.9,1023.7,0.0,0,0.0,0.0,0.0,1.0,1.0,782.3,--
2025/9/6 2:25,24.4,64,14.5,92,13.3,14.5,2.5,4.7,52,953.9,1023.7,0.0,0,0.0,0.0,0.0,1.0,1.0,782.3,--
2025/9/6 2:26,24.4,64,14.5,92,13.3,14.5,3.6,5.8,10,954.1,1023.9,0.0,0,0.0,0.0,0.0,1.0,1.0,782.3,--
2025/9/6 2:27,24.4,64,14.6,92,13.4,14.6,2.5,2.9,12,954.0,1023.8,0.0,0,0.0,0.0,0.0,1.0,1.0,782.3,--
2025/9/6 2:28,24.4,64,14.5,92,13.3,14.5,2.9,3.6,22,953.9,1023.7,0.0,0,0.0,0.0,0.0,1.0,1.0,782.3,--
2025/9/6 2:29,24.4,64,14.5,92,13.3,14.5,0.0,4.3,28,953.9,1023.7,0.0,0,0.0,0.0,0.0,1.0,1.0,782.3,--
2025/9/6 2:30,24.4,64,14.5,92,13.3,14.5,0.0,1.8,311,954.0,1023.8,0.0,0,0.0,0.0,0.0,1.0,1.0,782.3,--
2025/9/6 2:31,24.4,64,14.5,92,13.3,14.5,0.0,2.9,347,953.9,1023.7,0.0,0,0.0,0.0,0.0,1.0,1.0,782.3,--
2025/9/6 2:32,24.4,64,14.5,92,13.3,14.5,4.0,4.7,11,953.8,1023.6,0.0,0,0.0,0.0,0.0,1.0,1.0,782.3,--
2025/9/6 2:33,24.4,64,14.5,92,13.3,14.5,2.9,5.4,19,953.9,1023.7,0.0,0,0.0,0.0,0.0,1.0,1.0,782.3,--
2025/9/6 2:34,24.4,64,14.5,92,13.3,14.5,2.2,2.9,18,953.9,1023.7,0.0,0,0.0,0.0,0.0,1.0,1.0,782.3,--
2025/9/6 2:35,24.4,64,14.5,92,13.3,14.5,0.0,2.2,25,953.7,1023.5,0.0,0,0.0,0.0,0.0,1.0,1.0,782.3,--
2025/9/6 2:36,24.4,64,14.5,92,13.3,14.5,0.0,1.8,258,953.9,1023.7,0.0,0,0.0,0.0,0.0,1.0,1.0,782.3,--
2025/9/6 2:37,24.4,64,14.4,92,13.2,14.4,0.0,2.2,69,954.1,1023.9,0.0,0,0.0,0.0,0.0,1.0,1.0,782.3,--
2025/9/6 2:38,24.4,64,14.4,92,13.2,14.4,0.0,0.0,331,953.9,1023.7,0.0,0,0.0,0.0,0.0,1.0,1.0,782.3,--
2025/9/6 2:39,24.4,64,14.3,92,13.1,14.3,2.5,2.5,0,953.9,1023.7,0.0,0,0.0,0.0,0.0,1.0,1.0,782.3,--
2025/9/6 2:40,24.4,64,14.4,92,13.2,14.4,3.2,4.0,33,953.8,1023.6,0.0,0,0.0,0.0,0.0,1.0,1.0,782.3,--
2025/9/6 2:41,24.4,64,14.4,92,13.2,14.4,2.5,4.7,359,953.9,1023.7,0.0,0,0.0,0.0,0.0,1.0,1.0,782.3,--
2025/9/6 2:42,24.4,64,14.4,92,13.2,14.4,2.5,2.9,13,953.8,1023.6,0.0,0,0.0,0.0,0.0,1.0,1.0,782.3,--
2025/9/6 2:43,24.4,64,14.4,92,13.2,14.4,0.0,2.9,13,954.0,1023.8,0.0,0,0.0,0.0,0.0,1.0,1.0,782.3,--
2025/9/6 2:44,24.4,64,14.5,92,13.3,14.5,3.2,5.8,26,953.9,1023.7,0.0,0,0.0,0.0,0.0,1.0,1.0,782.3,--
2025/9/6 2:45,24.4,64,14.5,92,13.3,14.5,2.5,2.5,29,953.9,1023.7,0.0,0,0.0,0.0,0.0,1.0,1.0,782.3,--
2025/9/6 2:46,24.4,64,14.4,92,13.2,14.4,0.0,4.0,19,953.9,1023.7,0.0,0,0.0,0.0,0.0,1.0,1.0,782.3,--
2025/9/6 2:47,24.4,64,14.4,92,13.2,14.4,2.5,3.6,355,953.8,1023.6,0.0,0,0.0,0.0,0.0,1.0,1.0,782.3,--
2025/9/6 2:48,24.5,64,14.3,92,13.1,14.3,2.5,2.9,5,953.8,1023.6,0.0,0,0.0,0.0,0.0,1.0,1.0,782.3,--
2025/9/6 2:49,24.5,64,14.3,92,13.1,14.3,2.2,2.2,170,953.9,1023.7,0.0,0,0.0,0.0,0.0,1.0,1.0,782.3,--
2025/9/6 2:50,24.5,64,14.3,92,13.1,14.3,0.0,2.2,119,953.8,1023.6,0.0,0,0.0,0.0,0.0,1.0,1.0,782.3,--
2025/9/6 2:51,24.5,64,14.2,92,13.0,14.2,0.0,3.2,17,953.9,1023.7,0.0,0,0.0,0.0,0.0,1.0,1.0,782.3,--
2025/9/6 2:52,24.4,64,14.2,92,13.0,14.2,2.9,4.0,25,953.8,1023.6,0.0,0,0.0,0.0,0.0,1.0,1.0,782.3,--
2025/9/6 2:53,24.4,64,14.2,93,13.1,14.2,0.0,2.5,0,953.9,1023.7,0.0,0,0.0,0.0,0.0,1.0,1.0,782.3,--
2025/9/6 2:54,24.4,64,14.2,93,13.1,14.2,0.0,4.0,46,953.8,1023.6,0.0,0,0.0,0.0,0.0,1.0,1.0,782.3,--
2025/9/6 2:55,24.4,64,14.2,93,13.1,14.2,0.0,2.2,305,953.8,1023.6,0.0,0,0.0,0.0,0.0,1.0,1.0,782.3,--
2025/9/6 2:56,24.4,64,14.1,93,13.0,14.1,0.0,2.9,353,953.7,1023.5,0.0,0,0.0,0.0,0.0,1.0,1.0,782.3,--
2025/9/6 2:57,24.5,64,14.1,93,13.0,14.1,1.8,2.2,13,953.8,1023.6,0.0,0,0.0,0.0,0.0,1.0,1.0,782.3,--
2025/9/6 2:58,24.4,64,14.1,93,13.0,14.1,1.8,2.9,358,953.7,1023.5,0.0,0,0.0,0.0,0.0,1.0,1.0,782.3,--
2025/9/6 2:59,24.4,64,14.0,93,12.9,14.0,0.0,2.9,46,953.7,1023.5,0.0,0,0.0,0.0,0.0,1.0,1.0,782.3,--
2025/9/6 3:00,24.4,64,14.0,93,12.9,14.0,2.9,3.6,30,953.7,1023.5,0.0,0,0.0,0.0,0.0,1.0,1.0,782.3,--
2025/9/6 3:01,24.4,64,13.9,93,12.8,13.9,0.0,1.8,88,953.8,1023.6,0.0,0,0.0,0.0,0.0,1.0,1.0,782.3,--
2025/9/6 3:02,24.4,64,13.9,93,12.8,13.9,2.9,3.2,8,953.7,1023.5,0.0,0,0.0,0.0,0.0,1.0,1.0,782.3,--
2025/9/6 3:03,24.3,64,13.9,94,12.9,13.9,1.8,2.5,2,953.8,1023.6,0.0,0,0.0,0.0,0.0,1.0,1.0,782.3,--
2025/9/6 3:04,24.4,64,13.9,94,12.9,13.9,1.8,3.6,21,953.6,1023.4,0.0,0,0.0,0.0,0.0,1.0,1.0,782.3,--
2025/9/6 3:05,24.4,64,13.9,94,12.9,13.9,0.0,2.2,1,953.8,1023.6,0.0,0,0.0,0.0,0.0,1.0,1.0,782.3,--
2025/9/6 3:06,24.4,64,13.9,94,12.9,13.9,0.0,2.2,33,953.8,1023.6,0.0,0,0.0,0.0,0.0,1.0,1.0,782.3,--
2025/9/6 3:07,24.4,64,13.8,94,12.8,13.8,0.0,2.2,318,953.6,1023.4,0.0,0,0.0,0.0,0.0,1.0,1.0,782.3,--
2025/9/6 3:08,24.4,64,13.9,94,12.9,13.9,1.8,2.2,45,953.9,1023.7,0.0,0,0.0,0.0,0.0,1.0,1.0,782.3,--
2025/9/6 3:09,24.4,64,13.9,94,12.9,13.9,0.0,1.8,37,953.8,1023.6,0.0,0,0.0,0.0,0.0,1.0,1.0,782.3,--
2025/9/6 3:10,24.4,64,13.9,94,12.9,13.9,0.0,4.0,51,953.8,1023.6,0.0,0,0.0,0.0,0.0,1.0,1.0,782.3,--
2025/9/6 3:11,24.4,64,13.9,94,12.9,13.9,3.2,4.0,13,953.9,1023.7,0.0,0,0.0,0.0,0.0,1.0,1.0,782.3,--
2025/9/6 3:12,24.4,64,13.9,93,12.8,13.9,0.0,2.9,282,953.8,1023.6,0.0,0,0.0,0.0,0.0,1.0,1.0,782.3,--
2025/9/6 3:13,24.4,64,13.9,94,12.9,13.9,0.0,2.9,4,953.7,1023.5,0.0,0,0.0,0.0,0.0,1.0,1.0,782.3,--
2025/9/6 3:14,24.4,64,13.9,93,12.8,13.9,0.0,2.5,29,953.8,1023.6,0.0,0,0.0,0.0,0.0,1.0,1.0,782.3,--
2025/9/6 3:15,24.4,64,13.9,93,12.8,13.9,0.0,2.2,4,953.9,1023.7,0.0,0,0.0,0.0,0.0,1.0,1.0,782.3,--
2025/9/6 3:16,24.4,64,13.9,94,12.9,13.9,0.0,2.5,349,953.9,1023.7,0.0,0,0.0,0.0,0.0,1.0,1.0,782.3,--
2025/9/6 3:17,24.4,64,13.9,93,12.8,13.9,0.0,3.2,344,953.9,1023.7,0.0,0,0.0,0.0,0.0,1.0,1.0,782.3,--
2025/9/6 3:18,24.3,64,13.8,93,12.7,13.8,0.0,2.2,327,953.9,1023.7,0.0,0,0.0,0.0,0.0,1.0,1.0,782.3,--
2025/9/6 3:19,24.4,64,13.8,94,12.8,13.8,0.0,2.9,339,953.8,1023.6,0.0,0,0.0,0.0,0.0,1.0,1.0,782.3,--
2025/9/6 3:20,24.4,64,13.8,94,12.8,13.8,1.8,2.2,16,953.8,1023.6,0.0,0,0.0,0.0,0.0,1.0,1.0,782.3,--
2025/9/6 3:21,24.4,64,13.8,94,12.8,13.8,1.8,2.9,48,953.7,1023.5,0.0,0,0.0,0.0,0.0,1.0,1.0,782.3,--
2025/9/6 3:22,24.3,64,13.8,94,12.8,13.8,0.0,3.6,38,953.8,1023.6,0.0,0,0.0,0.0,0.0,1.0,1.0,782.3,--
2025/9/6 3:23,24.3,64,13.8,94,12.8,13.8,0.0,3.2,38,954.0,1023.8,0.0,0,0.0,0.0,0.0,1.0,1.0,782.3,--
2025/9/6 3:24,24.3,64,13.8,94,12.8,13.8,0.0,1.8,14,953.7,1023.5,0.0,0,0.0,0.0,0.0,1.0,1.0,782.3,--
2025/9/6 3:25,24.3,64,13.8,94,12.8,13.8,0.0,1.8,36,953.9,1023.7,0.0,0,0.0,0.0,0.0,1.0,1.0,782.3,--
2025/9/6 3:26,24.3,64,13.8,94,12.8,13.8,0.0,1.8,21,953.8,1023.6,0.0,0,0.0,0.0,0.0,1.0,1.0,782.3,--
2025/9/6 3:27,24.4,64,13.8,94,12.8,13.8,0.0,1.8,336,953.8,1023.6,0.0,0,0.0,0.0,0.0,1.0,1.0,782.3,--
2025/9/6 3:28,24.3,64,13.8,94,12.8,13.8,0.0,2.5,342,953.8,1023.6,0.0,0,0.0,0.0,0.0,1.0,1.0,782.3,--
2025/9/6 3:29,24.4,64,13.8,94,12.8,13.8,1.8,2.5,31,953.8,1023.6,0.0,0,0.0,0.0,0.0,1.0,1.0,782.3,--
2025/9/6 3:30,24.4,64,13.9,94,12.9,13.9,1.8,3.2,45,953.8,1023.6,0.0,0,0.0,0.0,0.0,1.0,1.0,782.3,--
2025/9/6 3:31,24.4,64,13.9,93,12.8,13.9,0.0,2.2,2,953.8,1023.6,0.0,0,0.0,0.0,0.0,1.0,1.0,782.3,--
2025/9/6 3:32,24.4,64,13.9,94,12.9,13.9,0.0,2.5,338,953.7,1023.5,0.0,0,0.0,0.0,0.0,1.0,1.0,782.3,--
2025/9/6 3:33,24.4,64,13.9,94,12.9,13.9,1.8,3.6,353,954.0,1023.8,0.0,0,0.0,0.0,0.0,1.0,1.0,782.3,--
2025/9/6 3:34,24.4,64,13.9,94,12.9,13.9,0.0,2.5,345,953.7,1023.5,0.0,0,0.0,0.0,0.0,1.0,1.0,782.3,--
2025/9/6 3:35,24.4,64,14.0,94,13.0,14.0,2.9,3.2,334,953.9,1023.7,0.0,0,0.0,0.0,0.0,1.0,1.0,782.3,--
2025/9/6 3:36,24.4,64,14.1,93,13.0,14.1,0.0,2.5,5,953.9,1023.7,0.0,0,0.0,0.0,0.0,1.0,1.0,782.3,--
2025/9/6 3:37,24.4,64,14.1,93,13.0,14.1,2.2,4.0,22,953.8,1023.6,0.0,0,0.0,0.0,0.0,1.0,1.0,782.3,--
2025/9/6 3:38,24.4,64,14.0,93,12.9,14.0,2.5,2.9,44,953.8,1023.6,0.0,0,0.0,0.0,0.0,1.0,1.0,782.3,--
2025/9/6 3:39,24.4,64,14.0,93,12.9,14.0,1.8,3.6,29,953.8,1023.6,0.0,0,0.0,0.0,0.0,1.0,1.0,782.3,--
2025/9/6 3:40,24.4,64,14.0,93,12.9,14.0,1.8,2.5,344,953.7,1023.5,0.0,0,0.0,0.0,0.0,1.0,1.0,782.3,--
2025/9/6 3:41,24.4,64,14.0,93,12.9,14.0,0.0,1.8,95,953.8,1023.6,0.0,0,0.0,0.0,0.0,1.0,1.0,782.3,--
2025/9/6 3:42,24.3,64,14.0,93,12.9,14.0,2.5,2.5,15,953.7,1023.5,0.0,0,0.0,0.0,0.0,1.0,1.0,782.3,--
2025/9/6 3:43,24.4,64,14.0,93,12.9,14.0,1.8,3.2,40,953.7,1023.5,0.0,0,0.0,0.0,0.0,1.0,1.0,782.3,--
2025/9/6 3:44,24.3,64,14.0,93,12.9,14.0,0.0,2.2,344,953.8,1023.6,0.0,0,0.0,0.0,0.0,1.0,1.0,782.3,--
2025/9/6 3:45,24.3,64,14.0,93,12.9,14.0,1.8,2.9,88,953.8,1023.6,0.0,0,0.0,0.0,0.0,1.0,1.0,782.3,--
2025/9/6 3:46,24.3,64,14.0,93,12.9,14.0,2.2,2.9,14,953.9,1023.7,0.0,0,0.0,0.0,0.0,1.0,1.0,782.3,--
2025/9/6 3:47,24.3,64,14.0,93,12.9,14.0,2.9,3.2,14,953.8,1023.6,0.0,0,0.0,0.0,0.0,1.0,1.0,782.3,--
2025/9/6 3:48,24.3,64,14.0,93,12.9,14.0,2.5,4.7,28,953.8,1023.6,0.0,0,0.0,0.0,0.0,1.0,1.0,782.3,--
2025/9/6 3:49,24.3,64,14.0,93,12.9,14.0,0.0,4.3,24,953.7,1023.5,0.0,0,0.0,0.0,0.0,1.0,1.0,782.3,--
2025/9/6 3:50,24.3,64,14.0,93,12.9,14.0,2.5,4.7,11,953.8,1023.6,0.0,0,0.0,0.0,0.0,1.0,1.0,782.3,--
2025/9/6 3:51,24.3,64,13.9,93,12.8,13.9,0.0,3.6,28,953.8,1023.6,0.0,0,0.0,0.0,0.0,1.0,1.0,782.3,--
2025/9/6 3:52,24.3,64,13.9,93,12.8,13.9,0.0,2.5,219,953.8,1023.6,0.0,0,0.0,0.0,0.0,1.0,1.0,782.3,--
2025/9/6 3:53,24.3,64,13.9,93,12.8,13.9,1.8,2.5,107,953.8,1023.6,0.0,0,0.0,0.0,0.0,1.0,1.0,782.3,--
2025/9/6 3:54,24.3,64,13.9,94,12.9,13.9,0.0,2.5,355,953.8,1023.6,0.0,0,0.0,0.0,0.0,1.0,1.0,782.3,--
2025/9/6 3:55,24.3,64,13.9,93,12.8,13.9,2.9,2.9,15,953.7,1023.5,0.0,0,0.0,0.0,0.0,1.0,1.0,782.3,--
2025/9/6 3:56,24.3,64,13.9,93,12.8,13.9,0.0,2.5,17,953.8,1023.6,0.0,0,0.0,0.0,0.0,1.0,1.0,782.3,--
2025/9/6 3:57,24.3,64,13.9,93,12.8,13.9,0.0,1.8,331,953.9,1023.7,0.0,0,0.0,0.0,0.0,1.0,1.0,782.3,--
2025/9/6 3:58,24.3,64,13.9,94,12.9,13.9,0.0,2.2,13,953.8,1023.6,0.0,0,0.0,0.0,0.0,1.0,1.0,782.3,--
2025/9/6 3:59,24.3,64,13.9,94,12.9,13.9,1.8,2.9,47,953.8,1023.6,0.0,0,0.0,0.0,0.0,1.0,1.0,782.3,--
2025/9/6 4:00,24.3,64,13.9,94,12.9,13.9,2.2,2.5,82,953.9,1023.7,0.0,0,0.0,0.0,0.0,1.0,1.0,782.3,--
2025/9/6 4:01,24.3,64,13.9,93,12.8,13.9,0.0,2.9,21,953.8,1023.6,0.0,0,0.0,0.0,0.0,1.0,1.0,782.3,--
2025/9/6 4:02,24.3,64,13.9,94,12.9,13.9,2.2,2.2,21,954.0,1023.8,0.0,0,0.0,0.0,0.0,1.0,1.0,782.3,--
2025/9/6 4:03,24.3,64,13.9,93,12.8,13.9,0.0,3.6,38,953.8,1023.6,0.0,0,0.0,0.0,0.0,1.0,1.0,782.3,--
2025/9/6 4:04,24.3,64,13.8,93,12.7,13.8,0.0,1.8,12,953.8,1023.6,0.0,0,0.0,0.0,0.0,1.0,1.0,782.3,--
2025/9/6 4:05,24.3,64,13.8,94,12.8,13.8,0.0,2.2,147,953.8,1023.6,0.0,0,0.0,0.0,0.0,1.0,1.0,782.3,--
2025/9/6 4:06,24.3,64,13.8,94,12.8,13.8,1.8,1.8,45,953.7,1023.5,0.0,0,0.0,0.0,0.0,1.0,1.0,782.3,--
2025/9/6 4:07,24.3,64,13.8,94,12.8,13.8,0.0,2.2,18,953.7,1023.5,0.0,0,0.0,0.0,0.0,1.0,1.0,782.3,--
2025/9/6 4:08,24.3,64,13.9,94,12.9,13.9,4.0,4.3,7,953.7,1023.5,0.0,0,0.0,0.0,0.0,1.0,1.0,782.3,--
2025/9/6 4:09,24.3,64,13.9,93,12.8,13.9,2.5,3.6,26,953.7,1023.5,0.0,0,0.0,0.0,0.0,1.0,1.0,782.3,--
2025/9/6 4:10,24.3,64,13.9,93,12.8,13.9,2.2,3.2,29,953.6,1023.4,0.0,0,0.0,0.0,0.0,1.0,1.0,782.3,--
2025/9/6 4:11,24.3,64,13.9,93,12.8,13.9,2.5,3.2,15,953.8,1023.6,0.0,0,0.0,0.0,0.0,1.0,1.0,782.3,--
2025/9/6 4:12,24.3,64,13.9,93,12.8,13.9,1.8,2.9,350,953.8,1023.6,0.0,0,0.0,0.0,0.0,1.0,1.0,782.3,--
2025/9/6 4:13,24.3,64,13.9,93,12.8,13.9,1.8,1.8,316,953.8,1023.6,0.0,0,0.0,0.0,0.0,1.0,1.0,782.3,--
2025/9/6 4:14,24.3,64,13.9,93,12.8,13.9,2.5,3.6,300,954.0,1023.8,0.0,0,0.0,0.0,0.0,1.0,1.0,782.3,--
2025/9/6 4:15,24.3,64,14.0,94,13.0,14.0,0.0,2.5,348,953.7,1023.5,0.0,0,0.0,0.0,0.0,1.0,1.0,782.3,--
2025/9/6 4:16,24.3,64,14.0,93,12.9,14.0,0.0,2.5,4,953.7,1023.5,0.0,0,0.0,0.0,0.0,1.0,1.0,782.3,--
2025/9/6 4:17,24.3,64,14.0,93,12.9,14.0,2.2,3.2,330,953.8,1023.6,0.0,0,0.0,0.0,0.0,1.0,1.0,782.3,--
2025/9/6 4:18,24.3,64,14.0,94,13.0,14.0,2.5,2.9,269,953.7,1023.5,0.0,0,0.0,0.0,0.0,1.0,1.0,782.3,--
2025/9/6 4:19,24.3,64,14.1,93,13.0,14.1,3.6,3.6,51,953.8,1023.6,0.0,0,0.0,0.0,0.0,1.0,1.0,782.3,--
2025/9/6 4:20,24.3,64,14.2,93,13.1,14.2,4.3,4.7,26,953.7,1023.5,0.0,0,0.0,0.0,0.0,1.0,1.0,782.3,--
2025/9/6 4:21,24.3,64,14.2,93,13.1,14.2,0.0,3.6,8,953.8,1023.6,0.0,0,0.0,0.0,0.0,1.0,1.0,782.3,--
2025/9/6 4:22,24.3,64,14.2,92,13.0,14.2,0.0,2.9,52,953.8,1023.6,0.0,0,0.0,0.0,0.0,1.0,1.0,782.3,--
2025/9/6 4:23,24.3,64,14.2,93,13.1,14.2,2.9,3.2,21,953.8,1023.6,0.0,0,0.0,0.0,0.0,1.0,1.0,782.3,--
2025/9/6 4:24,24.3,64,14.2,93,13.1,14.2,2.9,4.3,53,953.7,1023.5,0.0,0,0.0,0.0,0.0,1.0,1.0,782.3,--
2025/9/6 4:25,24.3,64,14.2,92,13.0,14.2,0.0,2.2,242,953.8,1023.6,0.0,0,0.0,0.0,0.0,1.0,1.0,782.3,--
2025/9/6 4:26,24.3,64,14.2,93,13.1,14.2,0.0,3.2,110,953.8,1023.6,0.0,0,0.0,0.0,0.0,1.0,1.0,782.3,--
2025/9/6 4:27,24.3,64,14.2,93,13.1,14.2,0.0,2.9,294,953.7,1023.5,0.0,0,0.0,0.0,0.0,1.0,1.0,782.3,--
2025/9/6 4:28,24.3,64,14.2,93,13.1,14.2,2.5,2.9,95,953.7,1023.5,0.0,0,0.0,0.0,0.0,1.0,1.0,782.3,--
2025/9/6 4:29,24.3,64,14.2,93,13.1,14.2,2.5,2.9,19,953.8,1023.6,0.0,0,0.0,0.0,0.0,1.0,1.0,782.3,--
2025/9/6 4:30,24.3,64,14.1,92,12.9,14.1,2.9,3.2,22,953.6,1023.4,0.0,0,0.0,0.0,0.0,1.0,1.0,782.3,--
2025/9/6 4:31,24.3,64,14.0,92,12.8,14.0,1.8,3.2,29,953.9,1023.7,0.0,0,0.0,0.0,0.0,1.0,1.0,782.3,--
2025/9/6 4:32,24.4,64,14.0,93,12.9,14.0,0.0,2.5,359,953.9,1023.7,0.0,0,0.0,0.0,0.0,1.0,1.0,782.3,--
2025/9/6 4:33,24.3,64,14.0,93,12.9,14.0,0.0,2.5,59,953.9,1023.7,0.0,0,0.0,0.0,0.0,1.0,1.0,782.3,--
2025/9/6 4:34,24.3,64,13.9,92,12.7,13.9,0.0,0.0,27,953.9,1023.7,0.0,0,0.0,0.0,0.0,1.0,1.0,782.3,--
2025/9/6 4:35,24.3,64,13.9,92,12.7,13.9,0.0,2.2,48,953.9,1023.7,0.0,0,0.0,0.0,0.0,1.0,1.0,782.3,--
2025/9/6 4:36,24.3,64,13.9,93,12.8,13.9,2.9,3.2,322,953.9,1023.7,0.0,0,0.0,0.0,0.0,1.0,1.0,782.3,--
2025/9/6 4:37,24.3,64,13.9,93,12.8,13.9,0.0,1.8,230,953.8,1023.6,0.0,0,0.0,0.0,0.0,1.0,1.0,782.3,--
2025/9/6 4:38,24.3,64,13.9,93,12.8,13.9,0.0,0.0,239,953.8,1023.6,0.0,0,0.0,0.0,0.0,1.0,1.0,782.3,--
2025/9/6 4:39,24.3,64,13.8,93,12.7,13.8,2.2,2.9,41,953.8,1023.6,0.0,0,0.0,0.0,0.0,1.0,1.0,782.3,--
2025/9/6 4:40,24.3,64,13.8,93,12.7,13.8,0.0,2.5,43,953.8,1023.6,0.0,0,0.0,0.0,0.0,1.0,1.0,782.3,--
2025/9/6 4:41,24.3,64,14.0,93,12.9,14.0,2.2,2.5,37,953.8,1023.6,0.0,0,0.0,0.0,0.0,1.0,1.0,782.3,--
2025/9/6 4:42,24.3,64,14.0,93,12.9,14.0,2.9,4.7,29,953.8,1023.6,0.0,0,0.0,0.0,0.0,1.0,1.0,782.3,--
2025/9/6 4:43,24.3,64,14.1,93,13.0,14.1,4.7,5.8,25,953.8,1023.6,0.0,0,0.0,0.0,0.0,1.0,1.0,782.3,--
2025/9/6 4:44,24.3,64,14.0,93,12.9,14.0,2.9,4.0,349,954.0,1023.8,0.0,0,0.0,0.0,0.0,1.0,1.0,782.3,--
2025/9/6 4:45,24.3,64,14.0,92,12.8,14.0,0.0,2.2,294,954.0,1023.8,0.0,0,0.0,0.0,0.0,1.0,1.0,782.3,--
2025/9/6 4:46,24.3,64,13.9,93,12.8,13.9,0.0,2.9,15,954.0,1023.8,0.0,0,0.0,0.0,0.0,1.0,1.0,782.3,--
2025/9/6 4:47,24.3,64,13.9,93,12.8,13.9,1.8,1.8,91,954.1,1023.9,0.0,0,0.0,0.0,0.0,1.0,1.0,782.3,--
2025/9/6 4:48,24.3,64,13.9,93,12.8,13.9,2.5,2.5,2,953.7,1023.5,0.0,0,0.0,0.0,0.0,1.0,1.0,782.3,--
2025/9/6 4:49,24.3,64,13.9,93,12.8,13.9,2.9,4.0,7,953.9,1023.7,0.0,0,0.0,0.0,0.0,1.0,1.0,782.3,--
2025/9/6 4:50,24.3,64,13.9,93,12.8,13.9,2.5,3.2,17,953.9,1023.7,0.0,0,0.0,0.0,0.0,1.0,1.0,782.3,--
2025/9/6 4:51,24.3,64,13.8,93,12.7,13.8,0.0,2.5,355,954.0,1023.8,0.0,0,0.0,0.0,0.0,1.0,1.0,782.3,--
2025/9/6 4:52,24.3,64,13.8,93,12.7,13.8,0.0,2.5,240,954.0,1023.8,0.0,0,0.0,0.0,0.0,1.0,1.0,782.3,--
2025/9/6 4:53,24.3,64,13.8,93,12.7,13.8,0.0,2.2,30,953.9,1023.7,0.0,0,0.0,0.0,0.0,1.0,1.0,782.3,--
2025/9/6 4:54,24.3,64,13.8,93,12.7,13.8,0.0,2.5,47,953.9,1023.7,0.0,0,0.0,0.0,0.0,1.0,1.0,782.3,--
2025/9/6 4:55,24.3,64,13.8,94,12.8,13.8,4.0,4.7,10,953.9,1023.7,0.0,0,0.0,0.0,0.0,1.0,1.0,782.3,--
2025/9/6 4:56,24.3,64,13.9,94,12.9,13.9,2.5,2.9,6,953.9,1023.7,0.0,0,0.0,0.0,0.0,1.0,1.0,782.3,--
2025/9/6 4:57,24.3,64,14.0,93,12.9,14.0,0.0,2.2,37,953.8,1023.6,0.0,0,0.0,0.0,0.0,1.0,1.0,782.3,--
2025/9/6 4:58,24.3,64,14.0,93,12.9,14.0,2.9,2.9,10,953.8,1023.6,0.0,0,0.0,0.0,0.0,1.0,1.0,782.3,--
2025/9/6 4:59,24.3,64,14.0,92,12.8,14.0,0.0,0.0,35,953.8,1023.6,0.0,0,0.0,0.0,0.0,1.0,1.0,782.3,--
2025/9/6 5:00,24.3,64,14.0,93,12.9,14.0,2.5,3.2,10,953.8,1023.6,0.0,0,0.0,0.0,0.0,1.0,1.0,782.3,--
2025/9/6 5:01,24.3,64,13.9,93,12.8,13.9,0.0,0.0,316,953.8,1023.6,0.0,0,0.0,0.0,0.0,1.0,1.0,782.3,--
2025/9/6 5:02,24.3,64,13.9,93,12.8,13.9,0.0,2.5,81,954.0,1023.8,0.0,0,0.0,0.0,0.0,1.0,1.0,782.3,--
2025/9/6 5:03,24.4,64,13.9,93,12.8,13.9,0.0,2.5,11,953.8,1023.6,0.0,0,0.0,0.0,0.0,1.0,1.0,782.3,--
2025/9/6 5:04,24.4,64,13.8,93,12.7,13.8,0.0,1.8,310,953.9,1023.7,0.0,0,0.0,0.0,0.0,1.0,1.0,782.3,--
2025/9/6 5:05,24.3,64,13.9,93,12.8,13.9,2.5,3.6,356,953.9,1023.7,0.0,0,0.0,0.0,0.0,1.0,1.0,782.3,--
2025/9/6 5:06,24.3,64,13.9,93,12.8,13.9,0.0,3.2,39,953.9,1023.7,0.0,0,0.0,0.0,0.0,1.0,1.0,782.3,--
2025/9/6 5:07,24.3,64,13.9,93,12.8,13.9,0.0,2.9,353,953.8,1023.6,0.0,0,0.0,0.0,0.0,1.0,1.0,782.3,--
2025/9/6 5:08,24.3,64,13.9,93,12.8,13.9,1.8,2.2,351,953.7,1023.5,0.0,0,0.0,0.0,0.0,1.0,1.0,782.3,--
2025/9/6 5:09,24.3,64,13.9,93,12.8,13.9,2.9,3.6,29,953.8,1023.6,0.0,0,0.0,0.0,0.0,1.0,1.0,782.3,--
2025/9/6 5:10,24.3,64,13.9,93,12.8,13.9,0.0,3.6,10,953.8,1023.6,0.0,0,0.0,0.0,0.0,1.0,1.0,782.3,--
2025/9/6 5:11,24.3,64,13.8,92,12.6,13.8,2.2,3.2,337,953.9,1023.7,0.0,0,0.0,0.0,0.0,1.0,1.0,782.3,--
2025/9/6 5:12,24.3,64,13.7,93,12.6,13.7,2.2,2.5,295,953.8,1023.6,0.0,0,0.0,0.0,0.0,1.0,1.0,782.3,--
2025/9/6 5:13,24.3,64,13.8,93,12.7,13.8,0.0,2.5,79,953.7,1023.5,0.0,0,0.0,0.0,0.0,1.0,1.0,782.3,--
2025/9/6 5:14,24.3,64,13.8,93,12.7,13.8,3.2,4.7,20,953.9,1023.7,0.0,0,0.0,0.0,0.0,1.0,1.0,782.3,--
2025/9/6 5:15,24.3,64,13.8,93,12.7,13.8,2.2,3.2,21,953.8,1023.6,0.0,0,0.0,0.0,0.0,1.0,1.0,782.3,--
2025/9/6 5:16,24.3,64,13.8,93,12.7,13.8,2.5,2.5,57,954.0,1023.8,0.0,0,0.0,0.0,0.0,1.0,1.0,782.3,--
2025/9/6 5:17,24.3,64,13.8,93,12.7,13.8,1.8,2.9,34,954.0,1023.8,0.0,0,0.0,0.0,0.0,1.0,1.0,782.3,--
2025/9/6 5:18,24.3,64,13.7,93,12.6,13.7,0.0,2.2,48,953.9,1023.7,0.0,0,0.0,0.0,0.0,1.0,1.0,782.3,--
2025/9/6 5:19,24.3,64,13.7,93,12.6,13.7,2.2,2.9,41,953.9,1023.7,0.0,0,0.0,0.0,0.0,1.0,1.0,782.3,--
2025/9/6 5:20,24.3,64,13.7,93,12.6,13.7,0.0,3.2,22,954.0,1023.8,0.0,0,0.0,0.0,0.0,1.0,1.0,782.3,--
2025/9/6 5:21,24.3,64,13.7,93,12.6,13.7,0.0,2.5,330,953.9,1023.7,0.0,0,0.0,0.0,0.0,1.0,1.0,782.3,--
2025/9/6 5:22,24.3,64,13.6,93,12.5,13.6,3.2,3.2,14,954.0,1023.8,0.0,0,0.0,0.0,0.0,1.0,1.0,782.3,--
2025/9/6 5:23,24.3,65,13.6,93,12.5,13.6,0.0,2.2,46,953.9,1023.7,0.0,0,0.0,0.0,0.0,1.0,1.0,782.3,--
2025/9/6 5:24,24.3,64,13.6,93,12.5,13.6,2.2,3.6,24,954.0,1023.8,0.0,0,0.0,0.0,0.0,1.0,1.0,782.3,--
2025/9/6 5:25,24.3,64,13.6,93,12.5,13.6,3.6,4.3,17,953.9,1023.7,0.0,0,0.0,0.0,0.0,1.0,1.0,782.3,--
2025/9/6 5:26,24.3,65,13.6,93,12.5,13.6,2.9,4.3,22,953.6,1023.4,0.0,0,0.0,0.0,0.0,1.0,1.0,782.3,--
2025/9/6 5:27,24.3,65,13.6,93,12.5,13.6,1.8,2.5,310,954.1,1023.9,0.0,0,0.0,0.0,0.0,1.0,1.0,782.3,--
2025/9/6 5:28,24.3,65,13.6,93,12.5,13.6,0.0,2.2,355,953.8,1023.6,0.0,0,0.0,0.0,0.0,1.0,1.0,782.3,--
2025/9/6 5:29,24.3,65,13.6,93,12.5,13.6,0.0,1.8,354,953.8,1023.6,0.0,0,0.0,0.0,0.0,1.0,1.0,782.3,--
2025/9/6 5:30,24.3,65,13.6,93,12.5,13.6,0.0,3.2,18,954.1,1023.9,0.0,0,0.0,0.0,0.0,1.0,1.0,782.3,--
2025/9/6 5:31,24.3,65,13.6,93,12.5,13.6,2.5,3.2,342,953.8,1023.6,0.0,0,0.0,0.0,0.0,1.0,1.0,782.3,--
2025/9/6 5:32,24.3,65,13.6,93,12.5,13.6,1.8,2.9,21,954.0,1023.8,0.0,0,0.0,0.0,0.0,1.0,1.0,782.3,--
2025/9/6 5:33,24.3,65,13.6,93,12.5,13.6,2.5,3.2,2,953.8,1023.6,0.0,0,0.0,0.0,0.0,1.0,1.0,782.3,--
2025/9/6 5:34,24.3,65,13.7,93,12.6,13.7,2.5,3.6,349,953.9,1023.7,0.0,0,0.0,0.0,0.0,1.0,1.0,782.3,--
2025/9/6 5:35,24.3,64,13.9,92,12.7,13.9,3.2,3.6,8,953.9,1023.7,0.0,0,0.0,0.0,0.0,1.0,1.0,782.3,--
2025/9/6 5:36,24.3,64,13.9,92,12.7,13.9,0.0,2.5,32,953.9,1023.7,0.0,0,0.0,0.0,0.0,1.0,1.0,782.3,--
2025/9/6 5:37,24.3,64,13.8,92,12.6,13.8,0.0,2.5,332,954.0,1023.8,0.0,0,0.0,0.0,0.0,1.0,1.0,782.3,--
2025/9/6 5:38,24.3,65,13.8,92,12.6,13.8,0.0,2.9,75,953.8,1023.6,0.0,0,0.0,0.0,0.0,1.0,1.0,782.3,--
2025/9/6 5:39,24.3,65,13.7,92,12.5,13.7,1.8,2.5,44,953.7,1023.5,0.0,0,0.0,0.0,0.0,1.0,1.0,782.3,--
2025/9/6 5:40,24.3,65,13.7,92,12.5,13.7,2.2,2.9,31,953.9,1023.7,0.0,0,0.0,0.0,0.0,1.0,1.0,782.3,--
2025/9/6 5:41,24.3,65,13.6,92,12.4,13.6,2.5,3.2,16,954.0,1023.8,0.0,0,0.0,0.0,0.0,1.0,1.0,782.3,--
2025/9/6 5:42,24.3,64,13.5,93,12.4,13.5,2.9,3.2,296,954.0,1023.8,0.0,0,0.0,0.0,0.0,1.0,1.0,782.3,--
2025/9/6 5:43,24.3,65,13.6,93,12.5,13.6,2.5,2.9,147,953.9,1023.7,0.0,0,0.0,0.0,0.0,1.0,1.0,782.3,--
2025/9/6 5:44,24.3,65,13.6,92,12.4,13.6,3.6,3.6,313,953.9,1023.7,0.0,0,0.0,0.0,0.0,1.0,1.0,782.3,--
2025/9/6 5:45,24.3,65,13.8,92,12.6,13.8,2.5,2.9,298,953.8,1023.6,0.0,0,0.0,0.0,0.0,1.0,1.0,782.3,--
2025/9/6 5:46,24.3,65,13.9,92,12.7,13.9,1.8,1.8,346,953.8,1023.6,0.0,0,0.0,0.0,0.0,1.0,1.0,782.3,--
2025/9/6 5:47,24.3,65,13.9,91,12.5,13.9,2.5,2.9,2,953.9,1023.7,0.0,0,0.0,0.0,0.0,1.0,1.0,782.3,--
2025/9/6 5:48,24.3,65,13.9,91,12.5,13.9,0.0,3.2,40,953.8,1023.6,0.0,0,0.0,0.0,0.0,1.0,1.0,782.3,--
2025/9/6 5:49,24.3,65,13.9,91,12.5,13.9,2.5,3.2,37,953.9,1023.7,0.0,0,0.0,0.0,0.0,1.0,1.0,782.3,--
2025/9/6 5:50,24.3,65,13.9,91,12.5,13.9,1.8,2.2,348,953.8,1023.6,0.0,0,0.0,0.0,0.0,1.0,1.0,782.3,--
2025/9/6 5:51,24.3,65,13.9,91,12.5,13.9,2.9,4.0,28,953.9,1023.7,0.0,0,0.0,0.0,0.0,1.0,1.0,782.3,--
2025/9/6 5:52,24.3,65,13.9,91,12.5,13.9,1.8,2.9,6,953.9,1023.7,0.0,0,0.0,0.0,0.0,1.0,1.0,782.3,--
2025/9/6 5:53,24.3,65,13.8,91,12.4,13.8,0.0,3.2,45,954.0,1023.8,0.0,0,0.0,0.0,0.0,1.0,1.0,782.3,--
2025/9/6 5:54,24.3,65,13.8,91,12.4,13.8,2.2,3.6,20,953.9,1023.7,0.0,0,0.0,0.0,0.0,1.0,1.0,782.3,--
2025/9/6 5:55,24.3,65,13.7,91,12.3,13.7,0.0,1.8,28,954.0,1023.8,0.0,0,0.0,0.0,0.0,1.0,1.0,782.3,--
2025/9/6 5:56,24.3,65,13.7,92,12.5,13.7,0.0,2.9,343,954.0,1023.8,0.0,0,0.0,0.0,0.0,1.0,1.0,782.3,--
2025/9/6 5:57,24.3,64,13.7,92,12.5,13.7,2.2,3.6,33,954.1,1023.9,0.0,0,0.0,0.0,0.0,1.0,1.0,782.3,--
2025/9/6 5:58,24.3,64,13.6,92,12.4,13.6,2.9,4.3,15,954.0,1023.8,0.0,0,0.0,0.0,0.0,1.0,1.0,782.3,--
2025/9/6 5:59,24.3,64,13.6,92,12.4,13.6,1.8,4.0,42,954.0,1023.8,0.0,0,0.0,0.0,0.0,1.0,1.0,782.3,--
2025/9/6 6:00,24.3,64,13.6,92,12.4,13.6,0.0,3.6,7,954.0,1023.8,0.0,0,0.0,0.0,0.0,1.0,1.0,782.3,--
2025/9/6 6:01,24.3,64,13.5,92,12.3,13.5,0.0,3.2,3,954.0,1023.8,0.0,0,0.0,0.0,0.0,1.0,1.0,782.3,--
2025/9/6 6:02,24.3,64,13.5,92,12.3,13.5,0.0,2.5,23,954.2,1024.0,0.0,0,0.0,0.0,0.0,1.0,1.0,782.3,--
2025/9/6 6:03,24.3,64,13.4,92,12.2,13.4,0.0,1.8,26,953.9,1023.7,0.0,0,0.0,0.0,0.0,1.0,1.0,782.3,--
2025/9/6 6:04,24.3,64,13.4,92,12.2,13.4,0.0,2.5,46,954.2,1024.0,0.0,0,0.0,0.0,0.0,1.0,1.0,782.3,--
2025/9/6 6:05,24.3,64,13.4,92,12.2,13.4,2.5,3.2,17,954.1,1023.9,0.0,0,0.0,0.0,0.0,1.0,1.0,782.3,--
2025/9/6 6:06,24.3,64,13.3,93,12.2,13.3,2.5,3.6,7,954.2,1024.0,0.0,0,0.0,0.0,0.0,1.0,1.0,782.3,--
2025/9/6 6:07,24.3,64,13.2,93,12.1,13.2,0.0,2.2,7,954.1,1023.9,0.0,0,0.0,0.0,0.0,1.0,1.0,782.3,--
2025/9/6 6:08,24.3,64,13.2,93,12.1,13.2,1.8,3.2,345,954.1,1023.9,0.0,0,0.0,0.0,0.0,1.0,1.0,782.3,--
2025/9/6 6:09,24.3,64,13.2,93,12.1,13.2,0.0,2.2,8,954.2,1024.0,0.0,0,0.0,0.0,0.0,1.0,1.0,782.3,--
2025/9/6 6:10,24.3,64,13.2,93,12.1,13.2,2.2,3.2,301,954.1,1023.9,0.0,0,0.0,0.0,0.0,1.0,1.0,782.3,--
2025/9/6 6:11,24.3,64,13.2,93,12.1,13.2,2.9,3.2,16,954.1,1023.9,0.0,0,0.0,0.0,0.0,1.0,1.0,782.3,--
2025/9/6 6:12,24.3,64,13.2,93,12.1,13.2,1.8,2.9,30,954.2,1024.0,0.0,0,0.0,0.0,0.0,1.0,1.0,782.3,--
2025/9/6 6:13,24.3,64,13.2,93,12.1,13.2,2.5,4.3,45,954.2,1024.0,0.0,0,0.0,0.0,0.0,1.0,1.0,782.3,--
2025/9/6 6:14,24.3,64,13.2,93,12.1,13.2,2.2,4.0,29,954.1,1023.9,0.0,0,0.0,0.0,0.0,1.0,1.0,782.3,--
2025/9/6 6:15,24.3,64,13.2,93,12.1,13.2,2.2,3.6,0,954.1,1023.9,0.0,0,0.0,0.0,0.0,1.0,1.0,782.3,--
2025/9/6 6:16,24.3,64,13.2,93,12.1,13.2,0.0,3.2,21,954.1,1023.9,0.0,0,0.0,0.0,0.0,1.0,1.0,782.3,--
2025/9/6 6:17,24.3,64,13.1,93,12.0,13.1,2.2,3.2,6,954.1,1023.9,0.0,0,0.0,0.0,0.0,1.0,1.0,782.3,--
2025/9/6 6:18,24.3,64,13.0,93,11.9,13.0,0.0,1.8,7,954.1,1023.9,0.0,0,0.0,0.0,0.0,1.0,1.0,782.3,--
2025/9/6 6:19,24.3,64,13.0,93,11.9,13.0,0.0,1.8,103,954.1,1023.9,0.1,0,0.0,0.0,0.0,1.0,1.0,782.3,--
2025/9/6 6:20,24.3,64,13.0,94,12.0,13.0,0.0,1.8,52,954.2,1024.0,0.1,0,0.0,0.0,0.0,1.0,1.0,782.3,--
2025/9/6 6:21,24.3,64,13.0,94,12.0,13.0,0.0,1.8,89,954.2,1024.0,0.2,0,0.0,0.0,0.0,1.0,1.0,782.3,--
2025/9/6 6:22,24.3,64,13.0,94,12.0,13.0,0.0,1.8,13,954.1,1023.9,0.3,0,0.0,0.0,0.0,1.0,1.0,782.3,--
2025/9/6 6:23,24.3,64,13.0,94,12.0,13.0,2.9,4.0,28,954.1,1023.9,0.3,0,0.0,0.0,0.0,1.0,1.0,782.3,--
2025/9/6 6:24,24.3,64,13.0,94,12.0,13.0,2.2,2.9,33,954.1,1023.9,0.4,0,0.0,0.0,0.0,1.0,1.0,782.3,--
2025/9/6 6:25,24.3,64,13.0,94,12.0,13.0,3.2,3.6,36,954.0,1023.8,0.5,0,0.0,0.0,0.0,1.0,1.0,782.3,--
2025/9/6 6:26,24.3,64,13.0,94,12.0,13.0,1.8,3.6,51,954.0,1023.8,0.7,0,0.0,0.0,0.0,1.0,1.0,782.3,--
2025/9/6 6:27,24.3,64,13.0,94,12.0,13.0,1.8,2.5,24,954.2,1024.0,0.7,0,0.0,0.0,0.0,1.0,1.0,782.3,--
2025/9/6 6:28,24.3,64,13.0,94,12.0,13.0,2.2,2.9,58,954.2,1024.0,1.0,0,0.0,0.0,0.0,1.0,1.0,782.3,--
2025/9/6 6:29,24.3,64,13.0,94,12.0,13.0,0.0,3.2,31,954.0,1023.8,1.1,0,0.0,0.0,0.0,1.0,1.0,782.3,--
2025/9/6 6:30,24.3,64,13.0,94,12.0,13.0,0.0,1.8,26,954.0,1023.8,1.3,0,0.0,0.0,0.0,1.0,1.0,782.3,--
2025/9/6 6:31,24.3,64,12.9,94,11.9,12.9,0.0,2.5,32,954.2,1024.0,1.5,0,0.0,0.0,0.0,1.0,1.0,782.3,--
2025/9/6 6:32,24.3,64,12.9,94,11.9,12.9,2.2,2.2,125,954.0,1023.8,1.8,0,0.0,0.0,0.0,1.0,1.0,782.3,--
2025/9/6 6:33,24.3,64,12.9,94,11.9,12.9,0.0,2.2,5,954.3,1024.1,2.1,0,0.0,0.0,0.0,1.0,1.0,782.3,--
2025/9/6 6:34,24.3,64,12.9,94,11.9,12.9,3.2,4.3,13,954.3,1024.1,2.4,0,0.0,0.0,0.0,1.0,1.0,782.3,--
2025/9/6 6:35,24.3,64,13.0,94,12.0,13.0,4.3,4.7,23,954.3,1024.1,2.7,0,0.0,0.0,0.0,1.0,1.0,782.3,--
2025/9/6 6:36,24.3,64,13.0,94,12.0,13.0,2.9,5.0,11,954.1,1023.9,3.0,0,0.0,0.0,0.0,1.0,1.0,782.3,--
2025/9/6 6:37,24.3,64,13.0,94,12.0,13.0,3.2,4.3,38,954.1,1023.9,3.4,0,0.0,0.0,0.0,1.0,1.0,782.3,--
2025/9/6 6:38,24.3,64,12.9,93,11.8,12.9,2.2,2.5,6,954.2,1024.0,3.7,0,0.0,0.0,0.0,1.0,1.0,782.3,--
2025/9/6 6:39,24.3,64,12.9,94,11.9,12.9,0.0,2.5,75,954.3,1024.1,4.1,0,0.0,0.0,0.0,1.0,1.0,782.3,--
2025/9/6 6:40,24.3,64,12.9,94,11.9,12.9,0.0,2.2,355,954.3,1024.1,4.6,0,0.0,0.0,0.0,1.0,1.0,782.3,--
2025/9/6 6:41,24.3,64,12.9,94,11.9,12.9,2.5,3.6,359,954.3,1024.1,5.0,0,0.0,0.0,0.0,1.0,1.0,782.3,--
2025/9/6 6:42,24.3,64,12.9,94,11.9,12.9,3.2,4.0,21,954.4,1024.2,5.5,0,0.0,0.0,0.0,1.0,1.0,782.3,--
2025/9/6 6:43,24.3,65,13.0,93,11.9,13.0,2.5,3.6,16,954.0,1023.8,5.9,0,0.0,0.0,0.0,1.0,1.0,782.3,--
2025/9/6 6:44,24.3,65,13.0,93,11.9,13.0,0.0,3.2,349,954.2,1024.0,6.4,0,0.0,0.0,0.0,1.0,1.0,782.3,--
2025/9/6 6:45,24.3,65,13.0,93,11.9,13.0,3.6,3.6,9,954.4,1024.2,6.9,0,0.0,0.0,0.0,1.0,1.0,782.3,--
2025/9/6 6:46,24.3,65,13.0,93,11.9,13.0,2.9,3.6,8,954.2,1024.0,7.4,0,0.0,0.0,0.0,1.0,1.0,782.3,--
2025/9/6 6:47,24.3,65,13.1,93,12.0,13.1,1.8,4.3,30,954.5,1024.3,7.9,0,0.0,0.0,0.0,1.0,1.0,782.3,--
2025/9/6 6:48,24.3,65,13.1,93,12.0,13.1,2.2,2.9,25,954.3,1024.1,8.5,0,0.0,0.0,0.0,1.0,1.0,782.3,--
2025/9/6 6:49,24.2,65,13.0,93,11.9,13.0,2.9,2.9,355,954.3,1024.1,8.9,0,0.0,0.0,0.0,1.0,1.0,782.3,--
2025/9/6 6:50,24.2,65,13.0,93,11.9,13.0,0.0,3.2,48,954.4,1024.2,9.4,0,0.0,0.0,0.0,1.0,1.0,782.3,--
2025/9/6 6:51,24.2,65,13.0,93,11.9,13.0,2.5,2.9,27,954.3,1024.1,10.0,0,0.0,0.0,0.0,1.0,1.0,782.3,--
2025/9/6 6:52,24.3,65,13.0,93,11.9,13.0,0.0,2.9,85,954.4,1024.2,10.4,0,0.0,0.0,0.0,1.0,1.0,782.3,--
2025/9/6 6:53,24.3,65,13.0,93,11.9,13.0,2.2,2.9,347,954.4,1024.2,11.0,0,0.0,0.0,0.0,1.0,1.0,782.3,--
2025/9/6 6:54,24.3,65,13.0,94,12.0,13.0,3.2,4.0,0,954.4,1024.2,11.5,0,0.0,0.0,0.0,1.0,1.0,782.3,--
2025/9/6 6:55,24.3,65,13.0,93,11.9,13.0,2.2,3.6,28,954.3,1024.1,12.0,0,0.0,0.0,0.0,1.0,1.0,782.3,--
2025/9/6 6:56,24.3,65,13.0,93,11.9,13.0,0.0,2.5,8,954.5,1024.3,12.6,0,0.0,0.0,0.0,1.0,1.0,782.3,--
2025/9/6 6:57,24.2,65,12.9,93,11.8,12.9,0.0,2.5,229,954.5,1024.3,13.1,0,0.0,0.0,0.0,1.0,1.0,782.3,--
2025/9/6 6:58,24.2,65,12.9,94,11.9,12.9,2.2,2.2,21,954.3,1024.1,13.5,0,0.0,0.0,0.0,1.0,1.0,782.3,--
2025/9/6 6:59,24.2,65,12.9,94,11.9,12.9,0.0,2.5,85,954.4,1024.2,14.0,0,0.0,0.0,0.0,1.0,1.0,782.3,--
2025/9/6 7:00,24.3,65,12.9,94,11.9,12.9,2.5,2.9,46,954.3,1024.1,14.5,0,0.0,0.0,0.0,1.0,1.0,782.3,--
2025/9/6 7:01,24.2,65,12.9,94,11.9,12.9,1.8,2.9,40,954.3,1024.1,15.0,0,0.0,0.0,0.0,1.0,1.0,782.3,--
2025/9/6 7:02,24.3,65,13.0,94,12.0,13.0,2.2,2.9,53,954.5,1024.3,15.5,0,0.0,0.0,0.0,1.0,1.0,782.3,--
2025/9/6 7:03,24.3,65,13.0,94,12.0,13.0,0.0,2.5,69,954.4,1024.2,16.0,0,0.0,0.0,0.0,1.0,1.0,782.3,--
2025/9/6 7:04,24.2,65,13.0,94,12.0,13.0,0.0,2.2,45,954.5,1024.3,16.4,0,0.0,0.0,0.0,1.0,1.0,782.3,--
2025/9/6 7:05,24.2,65,13.0,94,12.0,13.0,0.0,2.9,35,954.4,1024.2,16.8,0,0.0,0.0,0.0,1.0,1.0,782.3,--
2025/9/6 7:06,24.3,65,13.0,94,12.0,13.0,0.0,3.6,68,954.5,1024.3,17.3,0,0.0,0.0,0.0,1.0,1.0,782.3,--
2025/9/6 7:07,24.3,65,13.0,94,12.0,13.0,2.5,2.9,38,954.4,1024.2,17.8,0,0.0,0.0,0.0,1.0,1.0,782.3,--
2025/9/6 7:08,24.2,65,13.0,94,12.0,13.0,0.0,2.5,164,954.4,1024.2,18.3,0,0.0,0.0,0.0,1.0,1.0,782.3,--
2025/9/6 7:09,24.2,65,13.0,94,12.0,13.0,2.2,3.2,49,954.5,1024.3,18.7,0,0.0,0.0,0.0,1.0,1.0,782.3,--
2025/9/6 7:10,24.2,65,13.0,94,12.0,13.0,2.2,2.9,64,954.5,1024.3,19.1,0,0.0,0.0,0.0,1.0,1.0,782.3,--
2025/9/6 7:11,24.2,65,13.0,94,12.0,13.0,2.9,3.2,45,954.5,1024.3,19.6,0,0.0,0.0,0.0,1.0,1.0,782.3,--
2025/9/6 7:12,24.2,65,13.0,94,12.0,13.0,2.2,2.9,6,954.6,1024.4,20.0,0,0.0,0.0,0.0,1.0,1.0,782.3,--
2025/9/6 7:13,24.2,65,13.1,94,12.1,13.1,4.0,4.3,24,954.4,1024.2,20.5,0,0.0,0.0,0.0,1.0,1.0,782.3,--
2025/9/6 7:14,24.3,65,13.0,94,12.0,13.0,1.8,2.2,56,954.6,1024.4,21.1,0,0.0,0.0,0.0,1.0,1.0,782.3,--
2025/9/6 7:15,24.2,65,13.0,94,12.0,13.0,0.0,2.5,122,954.6,1024.4,21.6,0,0.0,0.0,0.0,1.0,1.0,782.3,--
2025/9/6 7:16,24.2,65,13.1,94,12.1,13.1,0.0,1.8,124,954.6,1024.4,22.0,0,0.0,0.0,0.0,1.0,1.0,782.3,--
2025/9/6 7:17,24.2,65,13.2,94,12.2,13.2,4.0,4.7,7,954.6,1024.4,22.4,0,0.0,0.0,0.0,1.0,1.0,782.3,--
2025/9/6 7:18,24.2,65,13.2,94,12.2,13.2,4.0,4.7,91,954.6,1024.4,22.8,0,0.0,0.0,0.0,1.0,1.0,782.3,--
2025/9/6 7:19,24.2,65,13.3,93,12.2,13.3,0.0,3.6,331,954.7,1024.5,23.2,0,0.0,0.0,0.0,1.0,1.0,782.3,--
2025/9/6 7:20,24.3,65,13.3,93,12.2,13.3,0.0,3.2,325,954.6,1024.4,23.7,0,0.0,0.0,0.0,1.0,1.0,782.3,--
2025/9/6 7:21,24.3,65,13.3,93,12.2,13.3,0.0,3.2,20,954.7,1024.5,24.1,0,0.0,0.0,0.0,1.0,1.0,782.3,--
2025/9/6 7:22,24.3,65,13.3,93,12.2,13.3,0.0,2.2,55,954.5,1024.3,24.5,0,0.0,0.0,0.0,1.0,1.0,782.3,--
2025/9/6 7:23,24.2,65,13.3,93,12.2,13.3,1.8,2.9,71,954.7,1024.5,24.9,0,0.0,0.0,0.0,1.0,1.0,782.3,--
2025/9/6 7:24,24.3,65,13.3,93,12.2,13.3,2.2,3.6,48,954.7,1024.5,25.2,0,0.0,0.0,0.0,1.0,1.0,782.3,--
2025/9/6 7:25,24.2,65,13.3,93,12.2,13.3,1.8,2.9,37,954.8,1024.6,25.6,0,0.0,0.0,0.0,1.0,1.0,782.3,--
2025/9/6 7:26,24.2,65,13.3,93,12.2,13.3,3.2,4.0,358,954.9,1024.7,25.9,0,0.0,0.0,0.0,1.0,1.0,782.3,--
2025/9/6 7:27,24.3,65,13.4,93,12.3,13.4,2.5,2.5,5,954.8,1024.6,26.2,0,0.0,0.0,0.0,1.0,1.0,782.3,--
2025/9/6 7:28,24.2,65,13.5,93,12.4,13.5,0.0,4.0,76,954.7,1024.5,26.6,0,0.0,0.0,0.0,1.0,1.0,782.3,--
2025/9/6 7:29,24.3,65,13.5,93,12.4,13.5,0.0,2.5,276,954.8,1024.6,26.9,0,0.0,0.0,0.0,1.0,1.0,782.3,--
2025/9/6 7:30,24.2,65,13.5,93,12.4,13.5,2.2,2.9,14,954.8,1024.6,27.3,0,0.0,0.0,0.0,1.0,1.0,782.3,--
2025/9/6 7:31,24.2,65,13.5,92,12.3,13.5,1.8,4.0,29,954.7,1024.5,27.6,0,0.0,0.0,0.0,1.0,1.0,782.3,--
2025/9/6 7:32,24.3,65,13.5,93,12.4,13.5,0.0,1.8,344,954.8,1024.6,27.9,0,0.0,0.0,0.0,1.0,1.0,782.3,--
2025/9/6 7:33,24.3,65,13.5,93,12.4,13.5,0.0,1.8,11,954.8,1024.6,28.2,0,0.0,0.0,0.0,1.0,1.0,782.3,--
2025/9/6 7:34,24.3,65,13.5,92,12.3,13.5,0.0,1.8,2,954.7,1024.5,28.5,0,0.0,0.0,0.0,1.0,1.0,782.3,--
2025/9/6 7:35,24.3,65,13.6,92,12.4,13.6,2.5,2.9,53,954.8,1024.6,28.8,0,0.0,0.0,0.0,1.0,1.0,782.3,--
2025/9/6 7:36,24.3,65,13.6,92,12.4,13.6,0.0,1.8,92,954.8,1024.6,29.1,0,0.0,0.0,0.0,1.0,1.0,782.3,--
2025/9/6 7:37,24.3,65,13.6,92,12.4,13.6,0.0,2.5,300,954.8,1024.6,29.4,0,0.0,0.0,0.0,1.0,1.0,782.3,--
2025/9/6 7:38,24.2,65,13.6,93,12.5,13.6,2.5,2.9,10,955.0,1024.8,29.6,0,0.0,0.0,0.0,1.0,1.0,782.3,--
2025/9/6 7:39,24.2,65,13.6,92,12.4,13.6,1.8,4.0,34,954.8,1024.6,29.9,0,0.0,0.0,0.0,1.0,1.0,782.3,--
2025/9/6 7:40,24.3,65,13.7,92,12.5,13.7,0.0,0.0,54,954.8,1024.6,30.2,0,0.0,0.0,0.0,1.0,1.0,782.3,--
2025/9/6 7:41,24.2,65,13.7,92,12.5,13.7,0.0,2.5,18,954.8,1024.6,30.4,0,0.0,0.0,0.0,1.0,1.0,782.3,--
2025/9/6 7:42,24.2,65,13.7,92,12.5,13.7,3.2,3.6,343,954.7,1024.5,30.7,0,0.0,0.0,0.0,1.0,1.0,782.3,--
2025/9/6 7:43,24.2,65,13.8,92,12.6,13.8,1.8,3.2,342,954.9,1024.7,31.0,0,0.0,0.0,0.0,1.0,1.0,782.3,--
2025/9/6 7:44,24.2,65,13.8,92,12.6,13.8,0.0,2.5,310,955.0,1024.8,31.2,0,0.0,0.0,0.0,1.0,1.0,782.3,--
2025/9/6 7:45,24.2,65,13.8,92,12.6,13.8,0.0,0.0,25,954.9,1024.7,31.4,0,0.0,0.0,0.0,1.0,1.0,782.3,--
2025/9/6 7:46,24.3,65,13.8,92,12.6,13.8,0.0,2.5,45,954.9,1024.7,31.7,0,0.0,0.0,0.0,1.0,1.0,782.3,--
2025/9/6 7:47,24.3,65,13.8,92,12.6,13.8,0.0,2.5,52,954.9,1024.7,31.9,0,0.0,0.0,0.0,1.0,1.0,782.3,--
2025/9/6 7:48,24.2,65,13.9,92,12.7,13.9,0.0,2.2,5,955.0,1024.8,32.2,0,0.0,0.0,0.0,1.0,1.0,782.3,--
2025/9/6 7:49,24.2,65,14.0,91,12.6,14.0,2.2,2.9,0,954.9,1024.7,32.4,0,0.0,0.0,0.0,1.0,1.0,782.3,--
2025/9/6 7:50,24.2,65,14.0,91,12.6,14.0,2.2,4.3,18,954.9,1024.7,32.6,0,0.0,0.0,0.0,1.0,1.0,782.3,--
2025/9/6 7:51,24.2,65,14.1,91,12.7,14.1,0.0,1.8,28,954.9,1024.7,32.9,0,0.0,0.0,0.0,1.0,1.0,782.3,--
2025/9/6 7:52,24.2,65,14.1,91,12.7,14.1,0.0,2.2,202,954.8,1024.6,33.1,0,0.0,0.0,0.0,1.0,1.0,782.3,--
2025/9/6 7:53,24.2,65,14.1,91,12.7,14.1,4.0,4.0,339,954.9,1024.7,33.3,0,0.0,0.0,0.0,1.0,1.0,782.3,--
2025/9/6 7:54,24.3,65,14.2,91,12.8,14.2,0.0,2.5,6,955.1,1024.9,33.5,0,0.0,0.0,0.0,1.0,1.0,782.3,--
2025/9/6 7:55,24.2,65,14.2,91,12.8,14.2,0.0,2.9,7,954.9,1024.7,33.7,0,0.0,0.0,0.0,1.0,1.0,782.3,--
2025/9/6 7:56,24.2,65,14.2,91,12.8,14.2,0.0,2.5,32,954.9,1024.7,34.0,0,0.0,0.0,0.0,1.0,1.0,782.3,--
2025/9/6 7:57,24.3,65,14.3,91,12.9,14.3,0.0,2.5,6,954.6,1024.4,34.2,0,0.0,0.0,0.0,1.0,1.0,782.3,--
2025/9/6 7:58,24.2,65,14.2,91,12.8,14.2,0.0,4.0,25,954.9,1024.7,34.4,0,0.0,0.0,0.0,1.0,1.0,782.3,--
2025/9/6 7:59,24.3,65,14.2,91,12.8,14.2,0.0,2.9,344,954.8,1024.6,34.6,0,0.0,0.0,0.0,1.0,1.0,782.3,--
2025/9/6 8:00,24.3,65,14.2,92,13.0,14.2,0.0,2.2,6,954.9,1024.7,34.8,0,0.0,0.0,0.0,1.0,1.0,782.3,--
2025/9/6 8:01,24.2,65,14.2,92,13.0,14.2,0.0,2.5,26,954.9,1024.7,35.1,0,0.0,0.0,0.0,1.0,1.0,782.3,--
2025/9/6 8:02,24.2,65,14.2,92,13.0,14.2,3.6,3.6,13,954.9,1024.7,35.2,0,0.0,0.0,0.0,1.0,1.0,782.3,--
2025/9/6 8:03,24.2,65,14.2,92,13.0,14.2,2.5,4.0,18,954.9,1024.7,35.5,0,0.0,0.0,0.0,1.0,1.0,782.3,--
2025/9/6 8:04,24.2,65,14.3,92,13.1,14.3,2.5,3.6,26,955.0,1024.8,35.7,0,0.0,0.0,0.0,1.0,1.0,782.3,--
2025/9/6 8:05,24.2,65,14.3,92,13.1,14.3,3.6,5.0,17,954.8,1024.6,35.9,0,0.0,0.0,0.0,1.0,1.0,782.3,--
2025/9/6 8:06,24.2,65,14.4,92,13.2,14.4,0.0,2.9,42,954.9,1024.7,36.1,0,0.0,0.0,0.0,1.0,1.0,782.3,--
2025/9/6 8:07,24.3,65,14.4,92,13.2,14.4,0.0,1.8,351,954.9,1024.7,36.3,0,0.0,0.0,0.0,1.0,1.0,782.3,--
2025/9/6 8:08,24.2,65,14.4,92,13.2,14.4,0.0,2.9,28,954.9,1024.7,36.5,0,0.0,0.0,0.0,1.0,1.0,782.3,--
2025/9/6 8:09,24.2,65,14.5,92,13.3,14.5,2.9,2.9,10,954.9,1024.7,36.7,0,0.0,0.0,0.0,1.0,1.0,782.3,--
2025/9/6 8:10,24.2,65,14.5,92,13.3,14.5,2.2,2.9,13,954.7,1024.5,37.0,0,0.0,0.0,0.0,1.0,1.0,782.3,--
2025/9/6 8:11,24.2,65,14.6,92,13.4,14.6,1.8,2.9,5,954.9,1024.7,37.1,0,0.0,0.0,0.0,1.0,1.0,782.3,--
2025/9/6 8:12,24.2,65,14.7,91,13.3,14.7,1.8,2.9,315,954.8,1024.6,37.4,0,0.0,0.0,0.0,1.0,1.0,782.3,--
2025/9/6 8:13,24.2,65,14.7,91,13.3,14.7,0.0,2.5,36,954.8,1024.6,37.5,0,0.0,0.0,0.0,1.0,1.0,782.3,--
2025/9/6 8:14,24.2,65,14.7,91,13.3,14.7,0.0,2.9,320,954.7,1024.5,37.8,0,0.0,0.0,0.0,1.0,1.0,782.3,--
2025/9/6 8:15,24.2,65,14.8,91,13.4,14.8,0.0,2.2,43,954.7,1024.5,37.9,0,0.0,0.0,0.0,1.0,1.0,782.3,--
2025/9/6 8:16,24.2,65,14.8,91,13.4,14.8,1.8,2.2,338,954.8,1024.6,38.2,0,0.0,0.0,0.0,1.0,1.0,782.3,--
2025/9/6 8:17,24.3,65,14.9,91,13.5,14.9,0.0,2.2,319,954.7,1024.5,38.3,0,0.0,0.0,0.0,1.0,1.0,782.3,--
2025/9/6 8:18,24.3,65,14.9,91,13.5,14.9,2.2,2.2,354,954.6,1024.4,38.5,0,0.0,0.0,0.0,1.0,1.0,782.3,--
2025/9/6 8:19,24.2,65,15.0,90,13.4,15.0,0.0,1.8,40,954.6,1024.4,38.7,0,0.0,0.0,0.0,1.0,1.0,782.3,--
2025/9/6 8:20,24.3,65,15.0,90,13.4,15.0,1.8,1.8,352,954.8,1024.6,38.9,0,0.0,0.0,0.0,1.0,1.0,782.3,--
2025/9/6 8:21,24.2,65,15.1,89,13.3,15.1,1.8,3.2,34,954.6,1024.4,39.1,0,0.0,0.0,0.0,1.0,1.0,782.3,--
2025/9/6 8:22,24.2,65,15.2,89,13.4,15.2,2.5,5.0,23,954.7,1024.5,39.3,0,0.0,0.0,0.0,1.0,1.0,782.3,--
2025/9/6 8:23,24.2,65,15.2,88,13.2,15.2,2.5,4.0,36,954.7,1024.5,39.5,0,0.0,0.0,0.0,1.0,1.0,782.3,--
2025/9/6 8:24,24.2,65,15.3,88,13.3,15.3,2.5,4.3,9,954.8,1024.6,39.7,0,0.0,0.0,0.0,1.0,1.0,782.3,--
2025/9/6 8:25,24.2,65,15.4,89,13.6,15.4,1.8,4.0,9,954.7,1024.5,39.8,0,0.0,0.0,0.0,1.0,1.0,782.3,--
2025/9/6 8:26,24.2,65,15.4,89,13.6,15.4,2.5,3.6,355,954.7,1024.5,40.0,0,0.0,0.0,0.0,1.0,1.0,782.3,--
2025/9/6 8:27,24.3,65,15.5,89,13.7,15.5,2.5,3.6,354,954.8,1024.6,40.2,0,0.0,0.0,0.0,1.0,1.0,782.3,--
2025/9/6 8:28,24.2,65,15.5,88,13.5,15.5,2.9,4.0,26,954.7,1024.5,40.4,0,0.0,0.0,0.0,1.0,1.0,782.3,--
2025/9/6 8:29,24.2,65,15.5,88,13.5,15.5,5.0,5.0,8,954.8,1024.6,40.6,0,0.0,0.0,0.0,1.0,1.0,782.3,--
2025/9/6 8:30,24.2,65,15.6,88,13.6,15.6,3.6,5.0,356,954.7,1024.5,40.8,0,0.0,0.0,0.0,1.0,1.0,782.3,--
2025/9/6 8:31,24.2,65,15.7,88,13.7,15.7,4.3,5.0,23,954.7,1024.5,40.9,0,0.0,0.0,0.0,1.0,1.0,782.3,--
2025/9/6 8:32,24.2,65,15.7,89,13.9,15.7,3.6,4.3,17,954.7,1024.5,41.0,0,0.0,0.0,0.0,1.0,1.0,782.3,--
2025/9/6 8:33,24.2,65,15.8,89,14.0,15.8,3.2,3.2,42,954.8,1024.6,41.2,0,0.0,0.0,0.0,1.0,1.0,782.3,--
2025/9/6 8:34,24.2,65,15.9,88,13.9,15.9,3.6,4.3,39,954.7,1024.5,41.4,0,0.0,0.0,0.0,1.0,1.0,782.3,--
2025/9/6 8:35,24.3,65,15.9,88,13.9,15.9,2.9,4.0,76,954.7,1024.5,41.5,0,0.0,0.0,0.0,1.0,1.0,782.3,--
2025/9/6 8:36,24.2,65,16.0,87,13.9,16.0,2.5,4.0,8,954.9,1024.7,41.7,0,0.0,0.0,0.0,1.0,1.0,782.3,--
2025/9/6 8:37,24.3,65,16.1,88,14.1,16.1,3.2,4.7,30,954.7,1024.5,41.9,0,0.0,0.0,0.0,1.0,1.0,782.3,--
2025/9/6 8:38,24.2,65,16.1,87,14.0,16.1,2.5,4.7,36,954.8,1024.6,41.9,0,0.0,0.0,0.0,1.0,1.0,782.3,--
2025/9/6 8:39,24.2,65,16.2,87,14.1,16.2,1.8,3.6,44,954.7,1024.5,42.2,0,0.0,0.0,0.0,1.0,1.0,782.3,--
2025/9/6 8:40,24.3,65,16.3,87,14.2,16.3,1.8,2.9,48,954.8,1024.6,42.3,0,0.0,0.0,0.0,1.0,1.0,782.3,--
2025/9/6 8:41,24.2,65,16.4,87,14.3,16.4,2.5,2.9,40,954.8,1024.6,46.7,0,0.0,0.0,0.0,1.0,1.0,782.3,--
2025/9/6 8:42,24.2,65,16.4,87,14.3,16.4,3.2,3.6,18,954.9,1024.7,46.0,0,0.0,0.0,0.0,1.0,1.0,782.3,--
2025/9/6 8:43,24.3,65,16.4,86,14.1,16.4,4.0,5.0,16,954.8,1024.6,60.7,0,0.0,0.0,0.0,1.0,1.0,782.3,--
2025/9/6 8:44,24.2,65,16.5,87,14.4,16.5,2.9,3.2,62,954.8,1024.6,57.8,0,0.0,0.0,0.0,1.0,1.0,782.3,--
2025/9/6 8:45,24.3,65,16.6,87,14.5,16.6,0.0,2.5,74,954.7,1024.5,45.9,0,0.0,0.0,0.0,1.0,1.0,782.3,--
2025/9/6 8:46,24.2,65,16.7,86,14.4,16.7,2.2,3.6,19,954.7,1024.5,62.0,0,0.0,0.0,0.0,1.0,1.0,782.3,--
2025/9/6 8:47,24.3,65,16.7,86,14.4,16.7,2.5,2.9,44,954.9,1024.7,66.2,0,0.0,0.0,0.0,1.0,1.0,782.3,--
2025/9/6 8:48,24.2,65,16.8,86,14.5,16.8,2.2,3.6,35,954.7,1024.5,44.0,0,0.0,0.0,0.0,1.0,1.0,782.3,--
2025/9/6 8:49,24.2,65,16.9,85,14.4,16.9,2.5,3.6,95,954.9,1024.7,43.8,0,0.0,0.0,0.0,1.0,1.0,782.3,--
2025/9/6 8:50,24.2,65,17.1,84,14.4,17.1,8.3,8.3,112,955.0,1024.8,43.8,0,0.0,0.0,0.0,1.0,1.0,782.3,--
2025/9/6 8:51,24.2,65,17.7,82,14.6,17.7,4.3,5.8,102,954.9,1024.7,43.9,0,0.0,0.0,0.0,1.0,1.0,782.3,--
2025/9/6 8:52,24.2,65,18.0,81,14.7,18.0,4.3,6.5,105,954.8,1024.6,44.1,0,0.0,0.0,0.0,1.0,1.0,782.3,--
2025/9/6 8:53,24.2,65,18.3,81,15.0,18.3,6.1,7.2,101,954.8,1024.6,44.2,0,0.0,0.0,0.0,1.0,1.0,782.3,--
2025/9/6 8:54,24.2,65,18.4,80,14.9,18.4,7.9,7.9,111,954.9,1024.7,44.4,0,0.0,0.0,0.0,1.0,1.0,782.3,--
2025/9/6 8:55,24.2,65,18.5,79,14.8,18.5,4.3,7.2,109,955.0,1024.8,44.5,0,0.0,0.0,0.0,1.0,1.0,782.3,--
2025/9/6 8:56,24.2,65,18.6,79,14.9,18.6,5.4,7.6,113,954.9,1024.7,44.7,0,0.0,0.0,0.0,1.0,1.0,782.3,--
2025/9/6 8:57,24.2,65,18.6,78,14.7,18.6,6.1,6.8,107,954.9,1024.7,44.8,0,0.0,0.0,0.0,1.0,1.0,782.3,--
2025/9/6 8:58,24.1,65,18.7,78,14.8,18.7,4.3,6.5,106,955.0,1024.8,44.9,0,0.0,0.0,0.0,1.0,1.0,782.3,--
2025/9/6 8:59,24.1,65,18.7,79,15.0,18.7,3.2,4.0,86,954.9,1024.7,45.1,0,0.0,0.0,0.0,1.0,1.0,782.3,--
2025/9/6 9:00,24.1,65,18.6,77,14.5,18.6,4.3,5.8,108,954.9,1024.7,45.9,0,0.0,0.0,0.0,1.0,1.0,782.3,--
2025/9/6 9:01,24.1,66,18.7,77,14.6,18.7,2.2,3.6,92,955.0,1024.8,47.5,0,0.0,0.0,0.0,1.0,1.0,782.3,--
2025/9/6 9:02,24.2,66,18.7,78,14.8,18.7,2.9,3.2,104,955.1,1024.9,46.5,0,0.0,0.0,0.0,1.0,1.0,782.3,--
2025/9/6 9:03,24.2,65,18.7,79,15.0,18.7,2.2,2.9,50,954.9,1024.7,45.6,0,0.0,0.0,0.0,1.0,1.0,782.3,--
2025/9/6 9:04,24.2,66,18.7,79,15.0,18.7,1.8,2.5,108,954.7,1024.5,45.7,0,0.0,0.0,0.0,1.0,1.0,782.3,--
2025/9/6 9:05,24.2,66,18.7,77,14.6,18.7,4.0,4.3,115,955.1,1024.9,48.6,0,0.0,0.0,0.0,1.0,1.0,782.3,--
2025/9/6 9:06,24.2,66,18.8,76,14.5,18.8,1.8,2.5,29,954.9,1024.7,49.3,0,0.0,0.0,0.0,1.0,1.0,782.3,--
2025/9/6 9:07,24.2,66,18.9,78,15.0,18.9,0.0,2.2,87,955.1,1024.9,46.1,0,0.0,0.0,0.0,1.0,1.0,782.3,--
2025/9/6 9:08,24.2,66,18.9,78,15.0,18.9,0.0,1.8,54,954.9,1024.7,49.3,0,0.0,0.0,0.0,1.0,1.0,782.3,--
2025/9/6 9:09,24.2,66,19.0,79,15.3,19.0,2.5,2.9,44,954.9,1024.7,55.9,0,0.0,0.0,0.0,1.0,1.0,782.3,--
2025/9/6 9:10,24.2,66,19.0,78,15.1,19.0,3.6,3.6,99,954.9,1024.7,47.0,0,0.0,0.0,0.0,1.0,1.0,782.3,--
2025/9/6 9:11,24.2,66,19.0,76,14.7,19.0,4.3,4.7,119,955.0,1024.8,46.8,0,0.0,0.0,0.0,1.0,1.0,782.3,--
2025/9/6 9:12,24.2,66,19.2,74,14.5,19.2,3.2,5.0,95,954.9,1024.7,46.8,0,0.0,0.0,0.0,1.0,1.0,782.3,--
2025/9/6 9:13,24.2,66,19.3,76,15.0,19.3,2.5,4.0,116,954.9,1024.7,46.9,0,0.0,0.0,0.0,1.0,1.0,782.3,--
2025/9/6 9:14,24.2,66,19.4,76,15.1,19.4,0.0,2.2,82,954.9,1024.7,47.1,0,0.0,0.0,0.0,1.0,1.0,782.3,--
2025/9/6 9:15,24.2,66,19.4,78,15.5,19.4,0.0,2.9,18,955.1,1024.9,47.6,0,0.0,0.0,0.0,1.0,1.0,782.3,--
2025/9/6 9:16,24.2,66,19.4,78,15.5,19.4,1.8,2.9,18,954.9,1024.7,47.4,0,0.0,0.0,0.0,1.0,1.0,782.3,--
2025/9/6 9:17,24.2,66,19.4,79,15.7,19.4,0.0,2.5,18,954.9,1024.7,47.4,0,0.0,0.0,0.0,1.0,1.0,782.3,--
2025/9/6 9:18,24.2,66,19.3,79,15.6,19.3,0.0,0.0,49,954.9,1024.7,47.5,0,0.0,0.0,0.0,1.0,1.0,782.3,--
2025/9/6 9:19,24.2,66,19.3,79,15.6,19.3,0.0,2.9,72,954.9,1024.7,47.6,0,0.0,0.0,0.0,1.0,1.0,782.3,--
2025/9/6 9:20,24.2,66,19.3,78,15.4,19.3,1.8,2.5,67,955.0,1024.8,47.7,0,0.0,0.0,0.0,1.0,1.0,782.3,--
2025/9/6 9:21,24.2,66,19.3,78,15.4,19.3,0.0,3.2,68,955.0,1024.8,47.9,0,0.0,0.0,0.0,1.0,1.0,782.3,--
2025/9/6 9:22,24.3,66,19.3,78,15.4,19.3,2.5,2.9,19,955.0,1024.8,47.9,0,0.0,0.0,0.0,1.0,1.0,782.3,--
2025/9/6 9:23,24.3,65,19.3,77,15.2,19.3,2.2,2.2,52,955.0,1024.8,48.1,0,0.0,0.0,0.0,1.0,1.0,782.3,--
2025/9/6 9:24,24.3,65,19.3,77,15.2,19.3,0.0,2.2,37,955.0,1024.8,48.3,0,0.0,0.0,0.0,1.0,1.0,782.3,--
2025/9/6 9:25,24.3,65,19.4,76,15.1,19.4,0.0,2.2,51,954.9,1024.7,53.7,0,0.0,0.0,0.0,1.0,1.0,782.3,--
2025/9/6 9:26,24.3,65,19.5,78,15.6,19.5,0.0,2.2,26,954.9,1024.7,51.2,0,0.0,0.0,0.0,1.0,1.0,782.3,--
2025/9/6 9:27,24.3,65,19.5,77,15.3,19.5,1.8,2.5,24,954.9,1024.7,49.0,0,0.0,0.0,0.0,1.0,1.0,782.3,--
2025/9/6 9:28,24.3,65,19.6,74,14.9,19.6,0.0,2.2,33,955.0,1024.8,48.8,0,0.0,0.0,0.0,1.0,1.0,782.3,--
2025/9/6 9:29,24.2,65,19.6,74,14.9,19.6,0.0,1.8,35,954.9,1024.7,48.9,0,0.0,0.0,0.0,1.0,1.0,782.3,--
2025/9/6 9:30,24.3,65,19.7,75,15.2,19.7,0.0,2.2,36,954.9,1024.7,49.5,0,0.0,0.0,0.0,1.0,1.0,782.3,--
2025/9/6 9:31,24.3,65,19.8,75,15.3,19.8,1.8,2.5,63,955.0,1024.8,49.4,0,0.0,0.0,0.0,1.0,1.0,782.3,--
2025/9/6 9:32,24.3,65,19.8,75,15.3,19.8,0.0,2.2,52,955.0,1024.8,49.3,0,0.0,0.0,0.0,1.0,1.0,782.3,--
2025/9/6 9:33,24.3,65,19.9,74,15.2,19.9,1.8,2.5,56,954.9,1024.7,49.4,0,0.0,0.0,0.0,1.0,1.0,782.3,--
2025/9/6 9:34,24.3,65,19.9,74,15.2,19.9,1.8,2.5,60,955.0,1024.8,49.4,0,0.0,0.0,0.0,1.0,1.0,782.3,--
2025/9/6 9:35,24.3,65,20.0,73,15.0,20.0,1.8,1.8,104,954.8,1024.6,49.5,0,0.0,0.0,0.0,1.0,1.0,782.3,--
2025/9/6 9:36,24.3,65,20.0,74,15.3,20.0,1.8,2.2,40,954.9,1024.7,49.7,0,0.0,0.0,0.0,1.0,1.0,782.3,--
2025/9/6 9:37,24.4,65,20.1,75,15.6,20.1,1.8,1.8,9,954.9,1024.7,49.8,0,0.0,0.0,0.0,1.0,1.0,782.3,--
2025/9/6 9:38,24.4,65,20.2,71,14.8,20.2,0.0,2.9,52,954.9,1024.7,49.9,0,0.0,0.0,0.0,1.0,1.0,782.3,--
2025/9/6 9:39,24.3,65,20.3,72,15.1,20.3,0.0,2.2,33,954.9,1024.7,50.0,0,0.0,0.0,0.0,1.0,1.0,782.3,--
2025/9/6 9:40,24.4,65,20.3,73,15.3,20.3,0.0,1.8,24,955.1,1024.9,50.1,0,0.0,0.0,0.0,1.0,1.0,782.3,--
2025/9/6 9:41,24.3,65,20.4,71,15.0,20.4,0.0,2.5,48,954.9,1024.7,50.3,0,0.0,0.0,0.0,1.0,1.0,782.3,--
2025/9/6 9:42,24.3,65,20.4,70,14.8,20.4,1.8,2.2,37,954.9,1024.7,50.5,0,0.0,0.0,0.0,1.0,1.0,782.3,--
2025/9/6 9:43,24.3,65,20.5,70,14.9,20.5,1.8,2.9,33,955.0,1024.8,50.6,0,0.0,0.0,0.0,1.0,1.0,782.3,--
2025/9/6 9:44,24.3,65,20.5,70,14.9,20.5,0.0,2.9,13,954.8,1024.6,50.7,0,0.0,0.0,0.0,1.0,1.0,782.3,--
2025/9/6 9:45,24.4,65,20.6,70,15.0,20.6,0.0,2.2,75,955.0,1024.8,50.8,0,0.0,0.0,0.0,1.0,1.0,782.3,--
2025/9/6 9:46,24.4,65,20.6,70,15.0,20.6,2.2,2.2,60,954.9,1024.7,50.9,0,0.0,0.0,0.0,1.0,1.0,782.3,--
2025/9/6 9:47,24.4,65,20.7,72,15.5,20.7,2.2,2.5,103,955.0,1024.8,51.1,0,0.0,0.0,0.0,1.0,1.0,782.3,--
2025/9/6 9:48,24.4,65,20.7,72,15.5,20.7,1.8,1.8,67,954.9,1024.7,51.2,0,0.0,0.0,0.0,1.0,1.0,782.3,--
2025/9/6 9:49,24.4,65,20.8,72,15.6,20.8,1.8,1.8,53,955.0,1024.8,51.3,0,0.0,0.0,0.0,1.0,1.0,782.3,--
2025/9/6 9:50,24.4,65,20.9,72,15.7,20.9,0.0,2.9,59,954.8,1024.6,51.5,0,0.0,0.0,0.0,1.0,1.0,782.3,--
2025/9/6 9:51,24.4,65,20.9,71,15.5,20.9,1.8,1.8,26,954.9,1024.7,51.6,0,0.0,0.0,0.0,1.0,1.0,782.3,--
2025/9/6 9:52,24.3,65,20.9,73,15.9,20.9,1.8,1.8,95,955.0,1024.8,51.7,0,0.0,0.0,0.0,1.0,1.0,782.3,--
2025/9/6 9:53,24.3,65,21.0,72,15.8,21.0,0.0,2.2,131,955.0,1024.8,52.2,0,0.0,0.0,0.0,1.0,1.0,782.3,--
2025/9/6 9:54,24.3,65,21.0,71,15.6,21.0,1.8,2.5,27,954.8,1024.6,52.8,0,0.0,0.0,0.0,1.0,1.0,782.3,--
2025/9/6 9:55,24.3,65,21.1,71,15.7,21.1,0.0,2.5,58,954.8,1024.6,53.5,0,0.0,0.0,0.0,1.0,1.0,782.3,--
2025/9/6 9:56,24.3,65,21.1,69,15.2,21.1,2.2,2.5,10,955.0,1024.8,52.2,0,0.0,0.0,0.0,1.0,1.0,782.3,--
2025/9/6 9:57,24.3,65,21.1,72,15.8,21.1,0.0,2.2,56,954.9,1024.7,52.4,0,0.0,0.0,0.0,1.0,1.0,782.3,--
2025/9/6 9:58,24.3,65,21.2,71,15.7,21.2,0.0,0.0,322,954.9,1024.7,52.4,0,0.0,0.0,0.0,1.0,1.0,782.3,--
2025/9/6 9:59,24.3,65,21.2,70,15.5,21.2,0.0,2.2,48,955.1,1024.9,52.4,0,0.0,0.0,0.0,1.0,1.0,782.3,--
2025/9/6 10:00,24.3,65,21.3,71,15.8,21.3,1.8,1.8,355,954.7,1024.5,52.6,0,0.0,0.0,0.0,1.0,1.0,782.3,--
2025/9/6 10:01,24.3,65,21.4,72,16.1,21.4,1.8,2.2,20,954.8,1024.6,56.1,0,0.0,0.0,0.0,1.0,1.0,782.3,--
2025/9/6 10:02,24.3,65,21.4,70,15.7,21.4,0.0,2.9,38,955.0,1024.8,99.6,0,0.0,0.0,0.0,1.0,1.0,782.3,--
2025/9/6 10:03,24.3,65,21.5,70,15.8,21.5,1.8,2.9,2,954.9,1024.7,103.3,0,0.0,0.0,0.0,1.0,1.0,782.3,--
2025/9/6 10:04,24.3,65,21.5,66,14.9,21.5,0.0,1.8,253,954.9,1024.7,61.0,0,0.0,0.0,0.0,1.0,1.0,782.3,--
2025/9/6 10:05,24.3,65,21.5,69,15.6,21.5,1.8,3.2,347,954.8,1024.6,69.2,0,0.0,0.0,0.0,1.0,1.0,782.3,--
2025/9/6 10:06,24.3,65,21.6,66,15.0,21.6,0.0,2.9,13,955.1,1024.9,78.0,0,0.0,0.0,0.0,1.0,1.0,782.3,--
2025/9/6 10:07,24.3,65,21.6,69,15.7,21.6,1.8,2.5,45,955.0,1024.8,65.7,0,0.0,0.0,0.0,1.0,1.0,782.3,--
2025/9/6 10:08,24.3,65,21.6,68,15.4,21.6,0.0,2.2,5,955.0,1024.8,74.6,0,0.0,0.0,0.0,1.0,1.0,782.3,--
2025/9/6 10:09,24.3,65,21.7,67,15.3,21.7,0.0,2.5,353,954.8,1024.6,102.3,0,0.0,0.0,0.0,1.0,1.0,782.3,--
2025/9/6 10:10,24.2,65,21.8,66,15.2,21.8,0.0,1.8,49,954.9,1024.7,80.0,0,0.0,0.0,0.0,1.0,1.0,782.3,--
2025/9/6 10:11,24.2,65,21.9,65,15.0,21.9,0.0,1.8,69,955.1,1024.9,55.4,0,0.0,0.0,0.0,1.0,1.0,782.3,--
2025/9/6 10:12,24.2,65,22.0,65,15.1,22.0,1.8,2.5,36,955.0,1024.8,60.4,0,0.0,0.0,0.0,1.0,1.0,782.3,--
2025/9/6 10:13,24.3,65,22.0,65,15.1,22.0,0.0,3.2,354,955.1,1024.9,57.7,0,0.0,0.0,0.0,1.0,1.0,782.3,--
2025/9/6 10:14,24.3,65,22.1,65,15.2,22.1,0.0,1.8,51,955.1,1024.9,54.8,0,0.0,0.0,0.0,1.0,1.0,782.3,--
2025/9/6 10:15,24.3,65,22.1,67,15.7,22.1,2.5,4.7,72,955.1,1024.9,55.0,0,0.0,0.0,0.0,1.0,1.0,782.3,--
2025/9/6 10:16,24.3,64,22.3,68,16.1,22.3,5.4,7.9,115,954.9,1024.7,55.3,0,0.0,0.0,0.0,1.0,1.0,782.3,--
2025/9/6 10:17,24.3,63,22.3,68,16.1,22.3,3.6,5.0,111,955.1,1024.9,55.4,0,0.0,0.0,0.0,1.0,1.0,782.3,--
2025/9/6 10:18,24.2,63,22.3,70,16.6,22.3,7.6,7.9,110,955.0,1024.8,56.8,0,0.0,0.0,0.0,1.0,1.0,782.3,--
2025/9/6 10:19,24.2,63,22.3,68,16.1,22.3,7.2,7.9,114,955.1,1024.9,111.7,1,0.0,0.0,0.0,1.0,1.0,782.3,--
2025/9/6 10:20,24.1,63,22.2,69,16.3,22.2,4.3,5.0,106,955.2,1025.0,87.0,0,0.0,0.0,0.0,1.0,1.0,782.3,--
2025/9/6 10:21,24.1,63,22.3,69,16.3,22.3,9.0,9.4,115,954.9,1024.7,60.3,0,0.0,0.0,0.0,1.0,1.0,782.3,--
2025/9/6 10:22,24.2,63,22.3,70,16.6,22.3,3.6,4.7,115,955.2,1025.0,93.9,0,0.0,0.0,0.0,1.0,1.0,782.3,--
2025/9/6 10:23,24.2,63,22.4,70,16.7,22.4,6.8,8.3,125,955.1,1024.9,91.5,0,0.0,0.0,0.0,1.0,1.0,782.3,--
2025/9/6 10:24,24.2,63,22.4,71,16.9,22.4,4.3,6.8,101,955.2,1025.0,89.3,0,0.0,0.0,0.0,1.0,1.0,782.3,--
2025/9/6 10:25,24.2,63,22.4,70,16.7,22.4,6.1,8.3,120,955.0,1024.8,145.3,1,0.0,0.0,0.0,1.0,1.0,782.3,--
2025/9/6 10:26,24.2,63,22.3,69,16.3,22.3,6.5,7.2,115,955.2,1025.0,320.6,2,0.0,0.0,0.0,1.0,1.0,782.3,--
2025/9/6 10:27,24.2,63,22.2,69,16.3,22.2,6.8,7.9,114,955.0,1024.8,449.8,4,0.0,0.0,0.0,1.0,1.0,782.3,--
2025/9/6 10:28,24.3,63,22.2,69,16.3,22.2,5.4,6.5,117,955.2,1025.0,346.7,3,0.0,0.0,0.0,1.0,1.0,782.3,--
2025/9/6 10:29,24.3,63,22.2,68,16.0,22.2,4.3,7.2,138,955.1,1024.9,171.3,1,0.0,0.0,0.0,1.0,1.0,782.3,--
2025/9/6 10:30,24.3,63,22.3,71,16.8,22.3,6.5,6.5,116,955.1,1024.9,72.0,0,0.0,0.0,0.0,1.0,1.0,782.3,--
2025/9/6 10:31,24.3,63,22.4,68,16.2,22.4,9.0,9.7,128,955.0,1024.8,240.6,2,0.0,0.0,0.0,1.0,1.0,782.3,--
2025/9/6 10:32,24.3,63,22.2,70,16.5,22.2,2.2,3.6,109,955.1,1024.9,80.1,0,0.0,0.0,0.0,1.0,1.0,782.3,--
2025/9/6 10:33,24.3,63,22.4,71,16.9,22.4,2.2,3.6,192,955.4,1025.2,107.6,1,0.0,0.0,0.0,1.0,1.0,782.3,--
2025/9/6 10:34,24.2,63,22.5,69,16.5,22.5,2.9,4.3,141,955.2,1025.0,66.9,0,0.0,0.0,0.0,1.0,1.0,782.3,--
2025/9/6 10:35,24.3,63,22.7,69,16.7,22.7,5.8,6.8,118,955.2,1025.0,76.8,0,0.0,0.0,0.0,1.0,1.0,782.3,--
2025/9/6 10:36,24.3,63,22.6,68,16.4,22.6,5.4,5.8,131,955.2,1025.0,109.3,1,0.0,0.0,0.0,1.0,1.0,782.3,--
2025/9/6 10:37,24.3,63,22.6,69,16.6,22.6,4.7,4.7,108,955.1,1024.9,92.5,0,0.0,0.0,0.0,1.0,1.0,782.3,--
2025/9/6 10:38,24.3,63,22.6,69,16.6,22.6,5.8,6.1,107,955.1,1024.9,59.4,0,0.0,0.0,0.0,1.0,1.0,782.3,--
2025/9/6 10:39,24.3,63,22.6,68,16.4,22.6,3.6,4.0,107,955.2,1025.0,58.9,0,0.0,0.0,0.0,1.0,1.0,782.3,--
2025/9/6 10:40,24.2,63,22.6,68,16.4,22.6,0.0,3.2,119,955.1,1024.9,59.3,0,0.0,0.0,0.0,1.0,1.0,782.3,--
2025/9/6 10:41,24.1,63,22.7,69,16.7,22.7,0.0,3.6,55,955.2,1025.0,87.3,0,0.0,0.0,0.0,1.0,1.0,782.3,--
2025/9/6 10:42,24.2,63,22.7,69,16.7,22.7,2.5,2.5,75,955.1,1024.9,208.6,1,0.0,0.0,0.0,1.0,1.0,782.3,--
2025/9/6 10:43,24.2,63,22.8,69,16.8,22.8,1.8,2.9,29,955.1,1024.9,180.4,1,0.0,0.0,0.0,1.0,1.0,782.3,--
2025/9/6 10:44,24.3,63,23.0,68,16.8,23.0,6.5,7.2,113,955.2,1025.0,227.3,2,0.0,0.0,0.0,1.0,1.0,782.3,--
2025/9/6 10:45,24.3,63,23.1,67,16.6,23.1,5.0,7.2,115,955.0,1024.8,214.7,1,0.0,0.0,0.0,1.0,1.0,782.3,--
2025/9/6 10:46,24.3,63,23.1,67,16.6,23.1,1.8,4.7,110,954.9,1024.7,108.6,1,0.0,0.0,0.0,1.0,1.0,782.3,--
2025/9/6 10:47,24.3,63,23.2,67,16.7,23.2,1.8,4.3,74,955.1,1024.9,71.4,0,0.0,0.0,0.0,1.0,1.0,782.3,--
2025/9/6 10:48,24.3,63,23.3,67,16.8,23.3,2.2,5.8,101,955.1,1024.9,127.1,1,0.0,0.0,0.0,1.0,1.0,782.3,--
2025/9/6 10:49,24.3,63,23.2,67,16.7,23.2,0.0,2.2,326,954.9,1024.7,74.3,0,0.0,0.0,0.0,1.0,1.0,782.3,--
2025/9/6 10:50,24.3,63,23.2,67,16.7,23.2,9.0,9.0,115,955.0,1024.8,105.7,0,0.0,0.0,0.0,1.0,1.0,782.3,--
2025/9/6 10:51,24.3,63,23.0,66,16.3,23.0,6.5,7.2,122,955.0,1024.8,152.8,1,0.0,0.0,0.0,1.0,1.0,782.3,--
2025/9/6 10:52,24.3,63,22.7,68,16.5,22.7,4.3,4.7,127,955.1,1024.9,205.7,1,0.0,0.0,0.0,1.0,1.0,782.3,--
2025/9/6 10:53,24.4,63,22.7,70,17.0,22.7,2.5,2.9,99,955.1,1024.9,92.5,0,0.0,0.0,0.0,1.0,1.0,782.3,--
2025/9/6 10:54,24.3,63,22.9,68,16.7,22.9,6.8,6.8,111,955.0,1024.8,63.7,0,0.0,0.0,0.0,1.0,1.0,782.3,--
2025/9/6 10:55,24.3,63,22.9,68,16.7,22.9,2.2,4.3,93,955.0,1024.8,98.1,0,0.0,0.0,0.0,1.0,1.0,782.3,--
2025/9/6 10:56,24.3,63,23.0,67,16.6,23.0,3.6,3.6,247,955.2,1025.0,68.6,0,0.0,0.0,0.0,1.0,1.0,782.3,--
2025/9/6 10:57,24.4,63,23.0,66,16.3,23.0,2.2,4.7,119,955.2,1025.0,69.6,0,0.0,0.0,0.0,1.0,1.0,782.3,--
2025/9/6 10:58,24.4,63,23.1,65,16.2,23.1,2.2,6.8,136,955.1,1024.9,91.6,0,0.0,0.0,0.0,1.0,1.0,782.3,--
2025/9/6 10:59,24.4,63,23.1,66,16.4,23.1,4.0,5.4,103,954.9,1024.7,89.6,0,0.0,0.0,0.0,1.0,1.0,782.3,--
2025/9/6 11:00,24.3,63,23.1,65,16.2,23.1,7.2,8.3,125,954.9,1024.7,84.0,0,0.0,0.0,0.0,1.0,1.0,782.3,--
2025/9/6 11:01,24.3,62,23.1,64,15.9,23.1,0.0,2.5,289,955.1,1024.9,76.0,0,0.0,0.0,0.0,1.0,1.0,782.3,--
2025/9/6 11:02,24.2,62,23.1,67,16.6,23.1,2.9,4.0,36,954.9,1024.7,63.5,0,0.0,0.0,0.0,1.0,1.0,782.3,--
2025/9/6 11:03,24.2,62,23.2,66,16.5,23.2,8.3,8.6,130,955.2,1025.0,62.0,0,0.0,0.0,0.0,1.0,1.0,782.3,--
2025/9/6 11:04,24.2,62,23.1,67,16.6,23.1,4.0,5.8,123,955.0,1024.8,62.1,0,0.0,0.0,0.0,1.0,1.0,782.3,--
2025/9/6 11:05,24.2,62,23.2,65,16.3,23.2,3.6,6.5,98,955.2,1025.0,62.3,0,0.0,0.0,0.0,1.0,1.0,782.3,--
2025/9/6 11:06,24.1,62,23.2,65,16.3,23.2,2.5,4.0,112,955.1,1024.9,62.4,0,0.0,0.0,0.0,1.0,1.0,782.3,--
2025/9/6 11:07,24.1,63,23.2,65,16.3,23.2,2.9,4.3,134,955.1,1024.9,62.6,0,0.0,0.0,0.0,1.0,1.0,782.3,--
2025/9/6 11:08,24.1,63,23.2,65,16.3,23.2,4.0,4.3,120,955.1,1024.9,62.9,0,0.0,0.0,0.0,1.0,1.0,782.3,--
2025/9/6 11:09,24.2,63,23.4,65,16.5,23.4,1.8,2.9,359,954.9,1024.7,63.2,0,0.0,0.0,0.0,1.0,1.0,782.3,--
2025/9/6 11:10,24.2,63,23.4,64,16.2,23.4,0.0,3.6,290,955.1,1024.9,89.6,0,0.0,0.0,0.0,1.0,1.0,782.3,--
2025/9/6 11:11,24.2,62,23.5,63,16.1,23.5,4.7,7.9,105,955.1,1024.9,87.2,0,0.0,0.0,0.0,1.0,1.0,782.3,--
2025/9/6 11:12,24.2,62,23.4,64,16.2,23.4,5.8,6.1,120,955.2,1025.0,108.2,1,0.0,0.0,0.0,1.0,1.0,782.3,--
2025/9/6 11:13,24.2,62,23.4,65,16.5,23.4,5.4,5.8,136,955.0,1024.8,74.8,0,0.0,0.0,0.0,1.0,1.0,782.3,--
2025/9/6 11:14,24.2,63,23.5,63,16.1,23.5,10.4,15.1,121,954.9,1024.7,69.3,0,0.0,0.0,0.0,1.0,1.0,782.3,--
2025/9/6 11:15,24.2,62,23.5,62,15.8,23.5,5.0,6.1,128,955.2,1025.0,153.9,1,0.0,0.0,0.0,1.0,1.0,782.3,--
2025/9/6 11:16,24.2,62,23.6,62,15.9,23.6,5.4,6.8,103,955.1,1024.9,172.5,1,0.0,0.0,0.0,1.0,1.0,782.3,--
2025/9/6 11:17,24.1,62,23.6,61,15.7,23.6,2.2,3.6,13,955.1,1024.9,119.8,1,0.0,0.0,0.0,1.0,1.0,782.3,--
2025/9/6 11:18,24.1,61,23.6,60,15.4,23.6,2.2,2.9,250,955.2,1025.0,202.1,1,0.0,0.0,0.0,1.0,1.0,782.3,--
2025/9/6 11:19,24.1,61,23.6,64,16.4,23.6,0.0,3.6,298,955.2,1025.0,153.6,1,0.0,0.0,0.0,1.0,1.0,782.3,--
2025/9/6 11:20,24.1,61,23.7,66,17.0,23.7,0.0,2.9,208,955.0,1024.8,103.9,0,0.0,0.0,0.0,1.0,1.0,782.3,--
2025/9/6 11:21,24.1,60,23.7,61,15.8,23.7,3.6,6.1,121,955.1,1024.9,99.9,0,0.0,0.0,0.0,1.0,1.0,782.3,--
2025/9/6 11:22,24.0,60,23.7,62,16.0,23.7,3.6,3.6,333,955.1,1024.9,182.5,1,0.0,0.0,0.0,1.0,1.0,782.3,--
2025/9/6 11:23,24.0,61,23.7,63,16.3,23.7,9.7,9.7,102,955.2,1025.0,101.5,0,0.0,0.0,0.0,1.0,1.0,782.3,--
2025/9/6 11:24,24.0,62,23.7,63,16.3,23.7,3.6,4.7,196,955.1,1024.9,410.0,3,0.0,0.0,0.0,1.0,1.0,782.3,--
2025/9/6 11:25,24.0,60,23.7,63,16.3,23.7,6.8,9.0,93,955.1,1024.9,372.6,3,0.0,0.0,0.0,1.0,1.0,782.3,--
2025/9/6 11:26,24.0,60,23.6,63,16.2,23.6,4.0,9.4,117,955.1,1024.9,460.6,4,0.0,0.0,0.0,1.0,1.0,782.3,--
2025/9/6 11:27,24.0,60,23.7,63,16.3,23.7,8.6,9.4,120,955.0,1024.8,700.4,6,0.0,0.0,0.0,1.0,1.0,782.3,--
2025/9/6 11:28,24.0,60,23.7,63,16.3,23.7,0.0,4.0,106,955.1,1024.9,714.4,6,0.0,0.0,0.0,1.0,1.0,782.3,--
2025/9/6 11:29,24.0,60,23.9,61,15.9,23.9,3.2,4.0,123,955.1,1024.9,714.7,6,0.0,0.0,0.0,1.0,1.0,782.3,--
2025/9/6 11:30,24.0,60,24.0,60,15.8,24.0,5.4,6.8,111,955.1,1024.9,715.1,6,0.0,0.0,0.0,1.0,1.0,782.3,--
2025/9/6 11:31,24.1,60,24.1,60,15.9,24.1,2.5,6.8,140,955.2,1025.0,715.3,6,0.0,0.0,0.0,1.0,1.0,782.3,--
2025/9/6 11:32,24.1,60,24.1,60,15.9,24.1,7.6,9.4,112,954.9,1024.7,715.9,6,0.0,0.0,0.0,1.0,1.0,782.3,--
2025/9/6 11:33,24.1,60,24.0,61,16.0,24.0,4.7,5.4,129,955.1,1024.9,717.2,6,0.0,0.0,0.0,1.0,1.0,782.3,--
2025/9/6 11:34,24.1,60,24.0,63,16.5,24.0,0.0,2.5,109,955.0,1024.8,717.9,6,0.0,0.0,0.0,1.0,1.0,782.3,--
2025/9/6 11:35,24.1,60,24.3,61,16.3,24.3,2.9,8.3,118,955.0,1024.8,719.4,6,0.0,0.0,0.0,1.0,1.0,782.3,--
2025/9/6 11:36,24.1,60,24.4,60,16.2,24.4,6.1,6.5,126,955.1,1024.9,720.2,6,0.0,0.0,0.0,1.0,1.0,782.3,--
2025/9/6 11:37,24.1,59,24.5,61,16.5,24.5,4.3,6.5,107,955.0,1024.8,720.8,6,0.0,0.0,0.0,1.0,1.0,782.3,--
2025/9/6 11:38,24.1,60,24.5,59,16.0,24.5,5.4,6.8,141,955.0,1024.8,721.5,6,0.0,0.0,0.0,1.0,1.0,782.3,--
2025/9/6 11:39,24.1,60,24.5,63,17.0,24.5,3.6,4.0,256,955.2,1025.0,722.2,6,0.0,0.0,0.0,1.0,1.0,782.3,--
2025/9/6 11:40,24.2,60,24.7,60,16.4,24.7,3.2,5.4,121,955.0,1024.8,723.5,6,0.0,0.0,0.0,1.0,1.0,782.3,--
2025/9/6 11:41,24.1,60,24.9,57,15.8,24.9,7.2,8.6,113,955.1,1024.9,724.9,6,0.0,0.0,0.0,1.0,1.0,782.3,--
2025/9/6 11:42,24.2,60,24.7,57,15.6,24.7,3.2,5.8,119,955.0,1024.8,725.7,6,0.0,0.0,0.0,1.0,1.0,782.3,--
2025/9/6 11:43,24.2,60,24.8,56,15.5,24.8,5.8,9.4,97,955.2,1025.0,726.3,6,0.0,0.0,0.0,1.0,1.0,782.3,--
2025/9/6 11:44,24.1,59,24.9,56,15.5,24.9,3.6,4.3,83,954.9,1024.7,726.7,6,0.0,0.0,0.0,1.0,1.0,782.3,--
2025/9/6 11:45,24.1,59,24.9,55,15.3,24.9,3.6,3.6,323,955.0,1024.8,727.5,6,0.0,0.0,0.0,1.0,1.0,782.3,--
2025/9/6 11:46,24.1,59,24.6,57,15.6,24.6,0.0,2.2,322,955.0,1024.8,728.6,6,0.0,0.0,0.0,1.0,1.0,782.3,--
2025/9/6 11:47,24.1,60,24.8,55,15.2,24.8,3.6,6.8,109,955.1,1024.9,732.0,6,0.0,0.0,0.0,1.0,1.0,782.3,--
2025/9/6 11:48,24.1,58,24.9,59,16.4,24.9,4.7,5.4,257,955.0,1024.8,732.2,6,0.0,0.0,0.0,1.0,1.0,782.3,--
2025/9/6 11:49,24.1,58,24.8,59,16.3,24.8,2.9,12.2,108,955.0,1024.8,733.3,6,0.0,0.0,0.0,1.0,1.0,782.3,--
