ora,Temperatura interna(℃),Umidità interna(%),Temperatura esterna(℃),Umidità esterna(%),Dew Point(℃),Feels Like(℃),Vento(km/h),Raffica(km/h),Direzione del vento(°),Pressione ass.(hpa),Pressione rel.(hpa),Radiazione Solare(w/m2),UVI,Piog. oraria(mm),Pioggia dell'evento(mm),Piog. Giorno(mm),Pioggia settimanale(mm),Pioggia mensile(mm),Pioggia annuale(mm),Pm2.5(ug/m3)
2026/1/1 0:00,20.2,57,-4.6,74,-8.5,-4.6,0.0,1.8,32,950.3,1019.0,0.0,0,0.0,0.0,0.0,0.1,0.0,0.0,--
2026/1/1 0:01,20.3,56,-4.6,74,-8.5,-4.6,0.0,0.0,25,950.1,1018.8,0.0,0,0.0,0.0,0.0,0.1,0.0,0.0,--
2026/1/1 0:02,20.2,56,-4.5,73,-8.6,-4.5,0.0,0.0,11,950.2,1018.9,0.0,0,0.0,0.0,0.0,0.1,0.0,0.0,--
2026/1/1 0:03,20.3,56,-4.5,73,-8.6,-4.5,0.0,0.0,315,950.0,1018.7,0.0,0,0.0,0.0,0.0,0.1,0.0,0.0,--
2026/1/1 0:04,20.3,56,-4.5,73,-8.6,-4.5,0.0,0.0,315,950.1,1018.8,0.0,0,0.0,0.0,0.0,0.1,0.0,0.0,--
2026/1/1 0:05,20.3,56,-4.5,73,-8.6,-4.5,0.0,0.0,339,950.0,1018.7,0.0,0,0.0,0.0,0.0,0.1,0.0,0.0,--
2026/1/1 0:06,20.3,56,-4.5,73,-8.6,-4.5,0.0,1.8,33,950.1,1018.8,0.0,0,0.0,0.0,0.0,0.1,0.0,0.0,--
2026/1/1 0:07,20.3,56,-4.5,73,-8.6,-4.5,2.2,2.5,22,950.0,1018.7,0.0,0,0.0,0.0,0.0,0.1,0.0,0.0,--
2026/1/1 0:08,20.4,56,-4.6,74,-8.5,-4.6,2.2,2.9,35,950.0,1018.7,0.0,0,0.0,0.0,0.0,0.1,0.0,0.0,--
2026/1/1 0:09,20.3,56,-4.6,74,-8.5,-4.6,1.8,1.8,24,949.9,1018.6,0.0,0,0.0,0.0,0.0,0.1,0.0,0.0,--
2026/1/1 0:10,20.3,56,-4.7,75,-8.5,-4.7,0.0,2.5,57,950.1,1018.8,0.0,0,0.0,0.0,0.0,0.1,0.0,0.0,--
2026/1/1 0:11,20.4,56,-4.7,75,-8.5,-4.7,0.0,1.8,36,950.0,1018.7,0.0,0,0.0,0.0,0.0,0.1,0.0,0.0,--
2026/1/1 0:12,20.4,56,-4.8,75,-8.6,-4.8,0.0,0.0,32,950.1,1018.8,0.0,0,0.0,0.0,0.0,0.1,0.0,0.0,--
2026/1/1 0:13,20.3,56,-4.9,76,-8.5,-4.9,0.0,0.0,357,950.1,1018.8,0.0,0,0.0,0.0,0.0,0.1,0.0,0.0,--
2026/1/1 0:14,20.3,56,-4.9,76,-8.5,-4.9,2.2,2.5,59,950.1,1018.8,0.0,0,0.0,0.0,0.0,0.1,0.0,0.0,--
2026/1/1 0:15,20.3,56,-4.9,77,-8.4,-4.9,1.8,2.5,299,950.1,1018.8,0.0,0,0.0,0.0,0.0,0.1,0.0,0.0,--
2026/1/1 0:16,20.3,56,-5.0,76,-8.6,-5.0,0.0,0.0,240,950.1,1018.8,0.0,0,0.0,0.0,0.0,0.1,0.0,0.0,--
2026/1/1 0:17,20.3,57,-5.0,76,-8.6,-5.0,0.0,1.8,282,950.0,1018.7,0.0,0,0.0,0.0,0.0,0.1,0.0,0.0,--
2026/1/1 0:18,20.3,56,-5.1,77,-8.5,-5.1,0.0,0.0,304,950.0,1018.7,0.0,0,0.0,0.0,0.0,0.1,0.0,0.0,--
2026/1/1 0:19,20.3,56,-5.2,78,-8.5,-5.2,0.0,0.0,326,950.0,1018.7,0.0,0,0.0,0.0,0.0,0.1,0.0,0.0,--
2026/1/1 0:20,20.3,56,-5.2,77,-8.6,-5.2,0.0,0.0,326,950.2,1018.9,0.0,0,0.0,0.0,0.0,0.1,0.0,0.0,--
2026/1/1 0:21,20.3,56,-5.3,77,-8.7,-5.3,0.0,0.0,326,950.1,1018.8,0.0,0,0.0,0.0,0.0,0.1,0.0,0.0,--
2026/1/1 0:22,20.3,56,-5.3,78,-8.6,-5.3,0.0,0.0,326,950.1,1018.8,0.0,0,0.0,0.0,0.0,0.1,0.0,0.0,--
2026/1/1 0:23,20.3,56,-5.3,78,-8.6,-5.3,0.0,1.8,7,950.1,1018.8,0.0,0,0.0,0.0,0.0,0.1,0.0,0.0,--
2026/1/1 0:24,20.2,56,-5.2,77,-8.6,-5.2,2.2,2.5,15,949.9,1018.6,0.0,0,0.0,0.0,0.0,0.1,0.0,0.0,--
2026/1/1 0:25,20.2,57,-5.2,77,-8.6,-5.2,0.0,2.5,45,950.0,1018.7,0.0,0,0.0,0.0,0.0,0.1,0.0,0.0,--
2026/1/1 0:26,20.2,57,-5.2,77,-8.6,-5.2,0.0,0.0,29,950.1,1018.8,0.0,0,0.0,0.0,0.0,0.1,0.0,0.0,--
2026/1/1 0:27,20.2,57,-5.2,76,-8.8,-5.2,0.0,0.0,306,950.1,1018.8,0.0,0,0.0,0.0,0.0,0.1,0.0,0.0,--
2026/1/1 0:28,20.3,57,-5.3,77,-8.7,-5.3,1.8,2.2,345,950.0,1018.7,0.0,0,0.0,0.0,0.0,0.1,0.0,0.0,--
2026/1/1 0:29,20.3,56,-5.3,77,-8.7,-5.3,0.0,1.8,13,950.1,1018.8,0.0,0,0.0,0.0,0.0,0.1,0.0,0.0,--
2026/1/1 0:30,20.3,56,-5.4,78,-8.7,-5.4,0.0,0.0,299,950.2,1018.9,0.0,0,0.0,0.0,0.0,0.1,0.0,0.0,--
2026/1/1 0:31,20.3,57,-5.4,78,-8.7,-5.4,0.0,0.0,224,950.1,1018.8,0.0,0,0.0,0.0,0.0,0.1,0.0,0.0,--
2026/1/1 0:32,20.3,57,-5.4,78,-8.7,-5.4,0.0,0.0,224,950.2,1018.9,0.0,0,0.0,0.0,0.0,0.1,0.0,0.0,--
2026/1/1 0:33,20.3,56,-5.3,78,-8.6,-5.3,0.0,0.0,315,950.0,1018.7,0.0,0,0.0,0.0,0.0,0.1,0.0,0.0,--
2026/1/1 0:34,20.3,57,-5.3,78,-8.6,-5.3,0.0,0.0,72,950.0,1018.7,0.0,0,0.0,0.0,0.0,0.1,0.0,0.0,--
2026/1/1 0:35,20.3,56,-5.3,78,-8.6,-5.3,0.0,0.0,72,950.0,1018.7,0.0,0,0.0,0.0,0.0,0.1,0.0,0.0,--
2026/1/1 0:36,20.3,57,-5.3,78,-8.6,-5.3,0.0,0.0,72,950.0,1018.7,0.0,0,0.0,0.0,0.0,0.1,0.0,0.0,--
2026/1/1 0:37,20.3,56,-5.3,79,-8.4,-5.3,0.0,1.8,355,949.9,1018.6,0.0,0,0.0,0.0,0.0,0.1,0.0,0.0,--
2026/1/1 0:38,20.3,56,-5.3,80,-8.2,-5.3,0.0,1.8,343,950.0,1018.7,0.0,0,0.0,0.0,0.0,0.1,0.0,0.0,--
2026/1/1 0:39,20.3,57,-5.3,80,-8.2,-5.3,1.8,1.8,228,950.0,1018.7,0.0,0,0.0,0.0,0.0,0.1,0.0,0.0,--
2026/1/1 0:40,20.3,57,-5.3,80,-8.2,-5.3,0.0,0.0,218,950.1,1018.8,0.0,0,0.0,0.0,0.0,0.1,0.0,0.0,--
2026/1/1 0:41,20.3,57,-5.3,79,-8.4,-5.3,1.8,1.8,299,950.0,1018.7,0.0,0,0.0,0.0,0.0,0.1,0.0,0.0,--
2026/1/1 0:42,20.3,57,-5.2,79,-8.3,-5.2,0.0,0.0,310,950.1,1018.8,0.0,0,0.0,0.0,0.0,0.1,0.0,0.0,--
2026/1/1 0:43,20.3,57,-5.0,78,-8.3,-5.0,1.8,2.5,337,950.3,1019.0,0.0,0,0.0,0.0,0.0,0.1,0.0,0.0,--
2026/1/1 0:44,20.3,57,-5.0,77,-8.4,-5.0,0.0,0.0,326,950.0,1018.7,0.0,0,0.0,0.0,0.0,0.1,0.0,0.0,--
2026/1/1 0:45,20.3,56,-4.9,76,-8.5,-4.9,2.2,2.2,28,949.9,1018.6,0.0,0,0.0,0.0,0.0,0.1,0.0,0.0,--
2026/1/1 0:46,20.3,56,-4.9,76,-8.5,-4.9,2.2,4.0,18,949.9,1018.6,0.0,0,0.0,0.0,0.0,0.1,0.0,0.0,--
2026/1/1 0:47,20.3,57,-5.0,76,-8.6,-5.0,0.0,2.5,46,949.9,1018.6,0.0,0,0.0,0.0,0.0,0.1,0.0,0.0,--
2026/1/1 0:48,20.3,56,-5.0,76,-8.6,-5.0,0.0,2.5,22,949.9,1018.6,0.0,0,0.0,0.0,0.0,0.1,0.0,0.0,--
2026/1/1 0:49,20.3,57,-5.0,76,-8.6,-5.0,2.2,2.5,34,950.1,1018.8,0.0,0,0.0,0.0,0.0,0.1,0.0,0.0,--
2026/1/1 0:50,20.2,56,-5.0,76,-8.6,-5.0,1.8,3.6,12,950.1,1018.8,0.0,0,0.0,0.0,0.0,0.1,0.0,0.0,--
2026/1/1 0:51,20.2,57,-4.9,77,-8.4,-4.9,0.0,0.0,336,950.0,1018.7,0.0,0,0.0,0.0,0.0,0.1,0.0,0.0,--
2026/1/1 0:52,20.3,57,-4.8,78,-8.1,-4.8,0.0,0.0,124,950.0,1018.7,0.0,0,0.0,0.0,0.0,0.1,0.0,0.0,--
2026/1/1 0:53,20.3,57,-4.8,77,-8.3,-4.8,0.0,0.0,124,950.0,1018.7,0.0,0,0.0,0.0,0.0,0.1,0.0,0.0,--
2026/1/1 0:54,20.3,56,-4.8,77,-8.3,-4.8,0.0,0.0,135,949.9,1018.6,0.0,0,0.0,0.0,0.0,0.1,0.0,0.0,--
2026/1/1 0:55,20.3,56,-4.8,77,-8.3,-4.8,0.0,0.0,229,950.0,1018.7,0.0,0,0.0,0.0,0.0,0.1,0.0,0.0,--
2026/1/1 0:56,20.3,56,-4.8,77,-8.3,-4.8,0.0,0.0,22,950.0,1018.7,0.0,0,0.0,0.0,0.0,0.1,0.0,0.0,--
2026/1/1 0:57,20.3,56,-4.8,77,-8.3,-4.8,0.0,0.0,202,949.9,1018.6,0.0,0,0.0,0.0,0.0,0.1,0.0,0.0,--
2026/1/1 0:58,20.3,56,-4.7,76,-8.3,-4.7,0.0,0.0,202,950.0,1018.7,0.0,0,0.0,0.0,0.0,0.1,0.0,0.0,--
2026/1/1 0:59,20.3,56,-4.7,76,-8.3,-4.7,0.0,0.0,224,950.1,1018.8,0.0,0,0.0,0.0,0.0,0.1,0.0,0.0,--
2026/1/1 1:00,20.3,56,-4.7,76,-8.3,-4.7,0.0,0.0,44,950.0,1018.7,0.0,0,0.0,0.0,0.0,0.1,0.0,0.0,--
2026/1/1 1:01,20.3,56,-4.7,76,-8.3,-4.7,0.0,0.0,0,950.0,1018.7,0.0,0,0.0,0.0,0.0,0.1,0.0,0.0,--
2026/1/1 1:02,20.2,57,-4.7,76,-8.3,-4.7,0.0,0.0,315,949.9,1018.6,0.0,0,0.0,0.0,0.0,0.1,0.0,0.0,--
2026/1/1 1:03,20.2,57,-4.8,76,-8.4,-4.8,0.0,0.0,315,950.2,1018.9,0.0,0,0.0,0.0,0.0,0.1,0.0,0.0,--
2026/1/1 1:04,20.3,57,-4.9,77,-8.4,-4.9,0.0,0.0,323,950.0,1018.7,0.0,0,0.0,0.0,0.0,0.1,0.0,0.0,--
2026/1/1 1:05,20.3,56,-4.9,76,-8.5,-4.9,1.8,2.2,341,950.0,1018.7,0.0,0,0.0,0.0,0.0,0.1,0.0,0.0,--
2026/1/1 1:06,20.3,56,-5.0,76,-8.6,-5.0,1.8,2.5,353,950.2,1018.9,0.0,0,0.0,0.0,0.0,0.1,0.0,0.0,--
2026/1/1 1:07,20.2,57,-5.2,75,-9.0,-5.2,1.8,1.8,355,950.1,1018.8,0.0,0,0.0,0.0,0.0,0.1,0.0,0.0,--
2026/1/1 1:08,20.3,57,-5.3,74,-9.2,-5.3,0.0,1.8,327,950.1,1018.8,0.0,0,0.0,0.0,0.0,0.1,0.0,0.0,--
2026/1/1 1:09,20.2,57,-5.3,74,-9.2,-5.3,2.5,2.9,4,950.1,1018.8,0.0,0,0.0,0.0,0.0,0.1,0.0,0.0,--
2026/1/1 1:10,20.2,56,-5.3,74,-9.2,-5.3,2.2,2.2,355,950.0,1018.7,0.0,0,0.0,0.0,0.0,0.1,0.0,0.0,--
2026/1/1 1:11,20.2,57,-5.3,73,-9.4,-5.3,0.0,0.0,354,950.1,1018.8,0.0,0,0.0,0.0,0.0,0.1,0.0,0.0,--
2026/1/1 1:12,20.2,57,-5.2,74,-9.1,-5.2,0.0,0.0,215,950.1,1018.8,0.0,0,0.0,0.0,0.0,0.1,0.0,0.0,--
2026/1/1 1:13,20.3,56,-5.2,74,-9.1,-5.2,2.9,3.2,45,950.0,1018.7,0.0,0,0.0,0.0,0.0,0.1,0.0,0.0,--
2026/1/1 1:14,20.3,56,-5.2,73,-9.3,-5.2,3.2,4.3,55,950.2,1018.9,0.0,0,0.0,0.0,0.0,0.1,0.0,0.0,--
2026/1/1 1:15,20.3,56,-5.2,73,-9.3,-5.2,3.2,3.6,26,950.1,1018.8,0.0,0,0.0,0.0,0.0,0.1,0.0,0.0,--
2026/1/1 1:16,20.2,56,-5.1,73,-9.2,-5.1,4.3,4.3,27,950.1,1018.8,0.0,0,0.0,0.0,0.0,0.1,0.0,0.0,--
2026/1/1 1:17,20.3,56,-5.1,73,-9.2,-5.1,4.7,5.0,16,950.1,1018.8,0.0,0,0.0,0.0,0.0,0.1,0.0,0.0,--
2026/1/1 1:18,20.3,56,-4.9,74,-8.8,-4.9,2.9,4.0,6,950.0,1018.7,0.0,0,0.0,0.0,0.0,0.1,0.0,0.0,--
2026/1/1 1:19,20.2,56,-4.8,74,-8.7,-4.8,1.8,2.2,336,950.1,1018.8,0.0,0,0.0,0.0,0.0,0.1,0.0,0.0,--
2026/1/1 1:20,20.2,56,-4.9,74,-8.8,-4.9,0.0,0.0,229,950.3,1019.0,0.0,0,0.0,0.0,0.0,0.1,0.0,0.0,--
2026/1/1 1:21,20.3,57,-4.9,74,-8.8,-4.9,0.0,1.8,304,950.2,1018.9,0.0,0,0.0,0.0,0.0,0.1,0.0,0.0,--
2026/1/1 1:22,20.2,56,-5.0,74,-8.9,-5.0,0.0,0.0,308,950.1,1018.8,0.0,0,0.0,0.0,0.0,0.1,0.0,0.0,--
2026/1/1 1:23,20.2,56,-5.1,74,-9.0,-5.1,1.8,1.8,338,950.1,1018.8,0.0,0,0.0,0.0,0.0,0.1,0.0,0.0,--
2026/1/1 1:24,20.2,57,-5.2,75,-9.0,-5.2,0.0,2.2,312,950.1,1018.8,0.0,0,0.0,0.0,0.0,0.1,0.0,0.0,--
2026/1/1 1:25,20.3,57,-5.3,75,-9.1,-5.3,0.0,0.0,321,950.3,1019.0,0.0,0,0.0,0.0,0.0,0.1,0.0,0.0,--
2026/1/1 1:26,20.2,57,-5.3,76,-8.9,-5.3,0.0,0.0,237,949.9,1018.6,0.0,0,0.0,0.0,0.0,0.1,0.0,0.0,--
2026/1/1 1:27,20.2,57,-5.3,76,-8.9,-5.3,0.0,0.0,265,950.2,1018.9,0.0,0,0.0,0.0,0.0,0.1,0.0,0.0,--
2026/1/1 1:28,20.2,57,-5.3,76,-8.9,-5.3,0.0,2.2,310,950.1,1018.8,0.0,0,0.0,0.0,0.0,0.1,0.0,0.0,--
2026/1/1 1:29,20.2,57,-5.3,76,-8.9,-5.3,1.8,2.5,304,950.1,1018.8,0.0,0,0.0,0.0,0.0,0.1,0.0,0.0,--
2026/1/1 1:30,20.2,56,-5.3,75,-9.1,-5.3,2.2,2.2,258,950.1,1018.8,0.0,0,0.0,0.0,0.0,0.1,0.0,0.0,--
2026/1/1 1:31,20.2,57,-5.3,74,-9.2,-5.3,0.0,0.0,302,949.8,1018.5,0.0,0,0.0,0.0,0.0,0.1,0.0,0.0,--
2026/1/1 1:32,20.2,57,-5.2,73,-9.3,-5.2,0.0,0.0,326,950.1,1018.8,0.0,0,0.0,0.0,0.0,0.1,0.0,0.0,--
2026/1/1 1:33,20.2,57,-5.2,73,-9.3,-5.2,0.0,1.8,299,950.1,1018.8,0.0,0,0.0,0.0,0.0,0.1,0.0,0.0,--
2026/1/1 1:34,20.2,57,-5.2,72,-9.5,-5.2,1.8,2.2,302,950.2,1018.9,0.0,0,0.0,0.0,0.0,0.1,0.0,0.0,--
2026/1/1 1:35,20.2,57,-5.2,71,-9.7,-5.2,0.0,1.8,341,950.0,1018.7,0.0,0,0.0,0.0,0.0,0.1,0.0,0.0,--
2026/1/1 1:36,20.2,57,-5.3,70,-9.9,-5.3,0.0,2.9,310,950.1,1018.8,0.0,0,0.0,0.0,0.0,0.1,0.0,0.0,--
2026/1/1 1:37,20.2,57,-5.3,70,-9.9,-5.3,2.9,2.9,283,949.9,1018.6,0.0,0,0.0,0.0,0.0,0.1,0.0,0.0,--
2026/1/1 1:38,20.2,57,-5.3,69,-10.1,-5.3,2.2,2.9,281,950.1,1018.8,0.0,0,0.0,0.0,0.0,0.1,0.0,0.0,--
2026/1/1 1:39,20.2,57,-5.3,69,-10.1,-5.3,2.2,3.2,287,950.0,1018.7,0.0,0,0.0,0.0,0.0,0.1,0.0,0.0,--
2026/1/1 1:40,20.2,57,-5.2,68,-10.2,-5.2,2.5,3.2,287,950.2,1018.9,0.0,0,0.0,0.0,0.0,0.1,0.0,0.0,--
2026/1/1 1:41,20.2,56,-5.1,68,-10.1,-5.1,2.2,2.9,313,950.1,1018.8,0.0,0,0.0,0.0,0.0,0.1,0.0,0.0,--
2026/1/1 1:42,20.2,56,-5.0,68,-10.0,-5.0,1.8,2.5,290,950.1,1018.8,0.0,0,0.0,0.0,0.0,0.1,0.0,0.0,--
2026/1/1 1:43,20.2,56,-5.0,68,-10.0,-5.0,4.0,5.4,290,950.0,1018.7,0.0,0,0.0,0.0,0.0,0.1,0.0,0.0,--
2026/1/1 1:44,20.2,56,-5.0,67,-10.2,-5.0,2.5,2.9,4,950.1,1018.8,0.0,0,0.0,0.0,0.0,0.1,0.0,0.0,--
2026/1/1 1:45,20.2,56,-4.9,67,-10.1,-4.9,2.5,4.7,6,950.0,1018.7,0.0,0,0.0,0.0,0.0,0.1,0.0,0.0,--
2026/1/1 1:46,20.2,57,-4.9,67,-10.1,-4.9,2.5,4.3,11,949.9,1018.6,0.0,0,0.0,0.0,0.0,0.1,0.0,0.0,--
2026/1/1 1:47,20.2,57,-4.9,68,-9.9,-4.9,3.2,4.3,4,950.1,1018.8,0.0,0,0.0,0.0,0.0,0.1,0.0,0.0,--
2026/1/1 1:48,20.2,57,-4.9,69,-9.7,-4.9,0.0,0.0,345,950.1,1018.8,0.0,0,0.0,0.0,0.0,0.1,0.0,0.0,--
2026/1/1 1:49,20.2,57,-5.0,70,-9.6,-5.0,0.0,2.2,335,950.2,1018.9,0.0,0,0.0,0.0,0.0,0.1,0.0,0.0,--
2026/1/1 1:50,20.3,56,-5.0,70,-9.6,-5.0,0.0,1.8,304,950.1,1018.8,0.0,0,0.0,0.0,0.0,0.1,0.0,0.0,--
2026/1/1 1:51,20.3,56,-5.0,70,-9.6,-5.0,0.0,1.8,331,950.1,1018.8,0.0,0,0.0,0.0,0.0,0.1,0.0,0.0,--
2026/1/1 1:52,20.3,56,-5.1,70,-9.7,-5.1,0.0,1.8,310,950.2,1018.9,0.0,0,0.0,0.0,0.0,0.1,0.0,0.0,--
2026/1/1 1:53,20.3,56,-5.1,70,-9.7,-5.1,1.8,1.8,24,950.1,1018.8,0.0,0,0.0,0.0,0.0,0.1,0.0,0.0,--
2026/1/1 1:54,20.3,56,-5.2,71,-9.7,-5.2,0.0,2.9,331,950.1,1018.8,0.0,0,0.0,0.0,0.0,0.1,0.0,0.0,--
2026/1/1 1:55,20.3,56,-5.3,72,-9.6,-5.3,0.0,0.0,76,950.1,1018.8,0.0,0,0.0,0.0,0.0,0.1,0.0,0.0,--
2026/1/1 1:56,20.2,56,-5.4,73,-9.5,-5.4,0.0,0.0,76,950.1,1018.8,0.0,0,0.0,0.0,0.0,0.1,0.0,0.0,--
2026/1/1 1:57,20.2,56,-5.4,73,-9.5,-5.4,0.0,0.0,76,950.1,1018.8,0.0,0,0.0,0.0,0.0,0.1,0.0,0.0,--
2026/1/1 1:58,20.2,56,-5.4,73,-9.5,-5.4,0.0,0.0,76,950.2,1018.9,0.0,0,0.0,0.0,0.0,0.1,0.0,0.0,--
2026/1/1 1:59,20.2,56,-5.4,72,-9.7,-5.4,0.0,1.8,309,950.2,1018.9,0.0,0,0.0,0.0,0.0,0.1,0.0,0.0,--
2026/1/1 2:00,20.2,55,-5.4,72,-9.7,-5.4,0.0,0.0,347,950.3,1019.0,0.0,0,0.0,0.0,0.0,0.1,0.0,0.0,--
2026/1/1 2:01,20.2,54,-5.3,72,-9.6,-5.3,2.9,3.2,352,950.1,1018.8,0.0,0,0.0,0.0,0.0,0.1,0.0,0.0,--
2026/1/1 2:02,20.2,53,-5.2,72,-9.5,-5.2,1.8,2.9,317,950.3,1019.0,0.0,0,0.0,0.0,0.0,0.1,0.0,0.0,--
2026/1/1 2:03,20.3,53,-5.3,72,-9.6,-5.3,2.5,4.0,303,950.3,1019.0,0.0,0,0.0,0.0,0.0,0.1,0.0,0.0,--
2026/1/1 2:04,20.3,52,-5.3,72,-9.6,-5.3,0.0,1.8,293,950.3,1019.0,0.0,0,0.0,0.0,0.0,0.1,0.0,0.0,--
2026/1/1 2:05,20.3,52,-5.4,72,-9.7,-5.4,1.8,2.2,237,950.2,1018.9,0.0,0,0.0,0.0,0.0,0.1,0.0,0.0,--
2026/1/1 2:06,20.3,52,-5.4,72,-9.7,-5.4,0.0,0.0,312,950.4,1019.1,0.0,0,0.0,0.0,0.0,0.1,0.0,0.0,--
2026/1/1 2:07,20.3,53,-5.4,72,-9.7,-5.4,2.2,2.5,325,950.2,1018.9,0.0,0,0.0,0.0,0.0,0.1,0.0,0.0,--
2026/1/1 2:08,20.3,53,-5.4,72,-9.7,-5.4,0.0,2.2,312,950.4,1019.1,0.0,0,0.0,0.0,0.0,0.1,0.0,0.0,--
2026/1/1 2:09,20.3,53,-5.4,71,-9.9,-5.4,1.8,1.8,296,950.3,1019.0,0.0,0,0.0,0.0,0.0,0.1,0.0,0.0,--
2026/1/1 2:10,20.3,53,-5.5,71,-9.9,-5.5,0.0,0.0,336,950.3,1019.0,0.0,0,0.0,0.0,0.0,0.1,0.0,0.0,--
2026/1/1 2:11,20.3,53,-5.6,71,-10.0,-5.6,2.5,3.2,294,950.4,1019.1,0.0,0,0.0,0.0,0.0,0.1,0.0,0.0,--
2026/1/1 2:12,20.3,53,-5.6,71,-10.0,-5.6,1.8,2.5,345,950.4,1019.1,0.0,0,0.0,0.0,0.0,0.1,0.0,0.0,--
2026/1/1 2:13,20.2,53,-5.6,71,-10.0,-5.6,3.6,5.0,6,950.3,1019.0,0.0,0,0.0,0.0,0.0,0.1,0.0,0.0,--
2026/1/1 2:14,20.2,54,-5.5,71,-9.9,-5.5,4.0,4.7,10,950.4,1019.1,0.0,0,0.0,0.0,0.0,0.1,0.0,0.0,--
2026/1/1 2:15,20.2,53,-5.5,71,-9.9,-5.5,2.2,2.9,337,950.4,1019.1,0.0,0,0.0,0.0,0.0,0.1,0.0,0.0,--
2026/1/1 2:16,20.2,54,-5.4,71,-9.9,-5.4,1.8,1.8,344,950.3,1019.0,0.0,0,0.0,0.0,0.0,0.1,0.0,0.0,--
2026/1/1 2:17,20.2,54,-5.4,70,-10.0,-5.4,1.8,2.2,0,950.4,1019.1,0.0,0,0.0,0.0,0.0,0.1,0.0,0.0,--
2026/1/1 2:18,20.2,54,-5.4,70,-10.0,-5.4,0.0,0.0,261,950.4,1019.1,0.0,0,0.0,0.0,0.0,0.1,0.0,0.0,--
2026/1/1 2:19,20.3,54,-5.4,70,-10.0,-5.4,4.3,5.0,15,950.5,1019.2,0.0,0,0.0,0.0,0.0,0.1,0.0,0.0,--
2026/1/1 2:20,20.3,54,-5.4,71,-9.9,-5.4,2.2,4.0,0,950.4,1019.1,0.0,0,0.0,0.0,0.0,0.1,0.0,0.0,--
2026/1/1 2:21,20.3,54,-5.4,72,-9.7,-5.4,1.8,3.2,331,950.4,1019.1,0.0,0,0.0,0.0,0.0,0.1,0.0,0.0,--
2026/1/1 2:22,20.3,54,-5.3,72,-9.6,-5.3,0.0,4.3,304,950.3,1019.0,0.0,0,0.0,0.0,0.0,0.1,0.0,0.0,--
2026/1/1 2:23,20.3,54,-5.2,70,-9.8,-5.2,2.5,3.6,313,950.4,1019.1,0.0,0,0.0,0.0,0.0,0.1,0.0,0.0,--
2026/1/1 2:24,20.2,54,-5.2,69,-10.0,-5.2,2.5,2.9,309,950.2,1018.9,0.0,0,0.0,0.0,0.0,0.1,0.0,0.0,--
2026/1/1 2:25,20.2,54,-5.1,69,-9.9,-5.1,2.5,3.6,302,950.3,1019.0,0.0,0,0.0,0.0,0.0,0.1,0.0,0.0,--
2026/1/1 2:26,20.2,54,-5.0,68,-10.0,-5.0,2.9,2.9,38,950.4,1019.1,0.0,0,0.0,0.0,0.0,0.1,0.0,0.0,--
2026/1/1 2:27,20.2,54,-5.0,69,-9.8,-5.0,0.0,2.2,338,950.3,1019.0,0.0,0,0.0,0.0,0.0,0.1,0.0,0.0,--
2026/1/1 2:28,20.2,55,-5.0,69,-9.8,-5.0,1.8,2.5,13,950.4,1019.1,0.0,0,0.0,0.0,0.0,0.1,0.0,0.0,--
2026/1/1 2:29,20.2,55,-5.0,69,-9.8,-5.0,2.2,3.2,17,950.3,1019.0,0.0,0,0.0,0.0,0.0,0.1,0.0,0.0,--
2026/1/1 2:30,20.2,55,-4.9,69,-9.7,-4.9,0.0,0.0,212,950.5,1019.2,0.0,0,0.0,0.0,0.0,0.1,0.0,0.0,--
2026/1/1 2:31,20.2,55,-4.9,69,-9.7,-4.9,0.0,1.8,19,950.4,1019.1,0.0,0,0.0,0.0,0.0,0.1,0.0,0.0,--
2026/1/1 2:32,20.2,55,-5.0,70,-9.6,-5.0,0.0,2.2,332,950.6,1019.3,0.0,0,0.0,0.0,0.0,0.1,0.0,0.0,--
2026/1/1 2:33,20.2,55,-5.0,70,-9.6,-5.0,2.5,2.5,315,950.2,1018.9,0.0,0,0.0,0.0,0.0,0.1,0.0,0.0,--
2026/1/1 2:34,20.2,55,-5.1,71,-9.6,-5.1,0.0,2.2,14,950.4,1019.1,0.0,0,0.0,0.0,0.0,0.1,0.0,0.0,--
2026/1/1 2:35,20.2,55,-5.2,71,-9.7,-5.2,1.8,1.8,272,950.5,1019.2,0.0,0,0.0,0.0,0.0,0.1,0.0,0.0,--
2026/1/1 2:36,20.2,55,-5.3,71,-9.8,-5.3,2.2,2.5,308,950.5,1019.2,0.0,0,0.0,0.0,0.0,0.1,0.0,0.0,--
2026/1/1 2:37,20.3,55,-5.4,71,-9.9,-5.4,0.0,1.8,324,950.4,1019.1,0.0,0,0.0,0.0,0.0,0.1,0.0,0.0,--
2026/1/1 2:38,20.2,55,-5.4,72,-9.7,-5.4,0.0,2.5,319,950.6,1019.3,0.0,0,0.0,0.0,0.0,0.1,0.0,0.0,--
2026/1/1 2:39,20.2,55,-5.4,72,-9.7,-5.4,1.8,2.5,229,950.3,1019.0,0.0,0,0.0,0.0,0.0,0.1,0.0,0.0,--
2026/1/1 2:40,20.2,55,-5.5,72,-9.8,-5.5,2.2,2.5,280,950.5,1019.2,0.0,0,0.0,0.0,0.0,0.1,0.0,0.0,--
2026/1/1 2:41,20.2,55,-5.5,71,-9.9,-5.5,1.8,2.5,317,950.5,1019.2,0.0,0,0.0,0.0,0.0,0.1,0.0,0.0,--
2026/1/1 2:42,20.2,56,-5.5,70,-10.1,-5.5,1.8,2.9,317,950.7,1019.4,0.0,0,0.0,0.0,0.0,0.1,0.0,0.0,--
2026/1/1 2:43,20.2,55,-5.4,69,-10.2,-5.4,1.8,2.2,14,950.4,1019.1,0.0,0,0.0,0.0,0.0,0.1,0.0,0.0,--
2026/1/1 2:44,20.3,56,-5.4,70,-10.0,-5.4,3.2,4.3,7,950.4,1019.1,0.0,0,0.0,0.0,0.0,0.1,0.0,0.0,--
2026/1/1 2:45,20.3,56,-5.4,71,-9.9,-5.4,3.2,3.6,23,950.5,1019.2,0.0,0,0.0,0.0,0.0,0.1,0.0,0.0,--
2026/1/1 2:46,20.3,56,-5.4,72,-9.7,-5.4,1.8,2.2,71,950.5,1019.2,0.0,0,0.0,0.0,0.0,0.1,0.0,0.0,--
2026/1/1 2:47,20.3,56,-5.5,73,-9.6,-5.5,0.0,2.2,222,950.5,1019.2,0.0,0,0.0,0.0,0.0,0.1,0.0,0.0,--
2026/1/1 2:48,20.3,56,-5.5,73,-9.6,-5.5,0.0,2.5,221,950.3,1019.0,0.0,0,0.0,0.0,0.0,0.1,0.0,0.0,--
2026/1/1 2:49,20.3,56,-5.6,72,-9.9,-5.6,2.2,2.9,232,950.5,1019.2,0.0,0,0.0,0.0,0.0,0.1,0.0,0.0,--
2026/1/1 2:50,20.3,56,-5.6,72,-9.9,-5.6,2.2,2.9,11,950.5,1019.2,0.0,0,0.0,0.0,0.0,0.1,0.0,0.0,--
2026/1/1 2:51,20.3,56,-5.5,72,-9.8,-5.5,0.0,1.8,8,950.7,1019.4,0.0,0,0.0,0.0,0.0,0.1,0.0,0.0,--
2026/1/1 2:52,20.3,56,-5.5,72,-9.8,-5.5,1.8,2.2,308,950.4,1019.1,0.0,0,0.0,0.0,0.0,0.1,0.0,0.0,--
2026/1/1 2:53,20.3,56,-5.5,72,-9.8,-5.5,2.2,2.9,309,950.4,1019.1,0.0,0,0.0,0.0,0.0,0.1,0.0,0.0,--
2026/1/1 2:54,20.3,56,-5.5,72,-9.8,-5.5,3.2,4.7,308,950.5,1019.2,0.0,0,0.0,0.0,0.0,0.1,0.0,0.0,--
2026/1/1 2:55,20.3,56,-5.5,71,-9.9,-5.5,2.2,4.0,348,950.3,1019.0,0.0,0,0.0,0.0,0.0,0.1,0.0,0.0,--
2026/1/1 2:56,20.3,56,-5.4,71,-9.9,-5.4,1.8,2.9,351,950.5,1019.2,0.0,0,0.0,0.0,0.0,0.1,0.0,0.0,--
2026/1/1 2:57,20.3,56,-5.4,71,-9.9,-5.4,2.5,2.9,346,950.3,1019.0,0.0,0,0.0,0.0,0.0,0.1,0.0,0.0,--
2026/1/1 2:58,20.3,56,-5.4,71,-9.9,-5.4,3.2,3.2,328,950.4,1019.1,0.0,0,0.0,0.0,0.0,0.1,0.0,0.0,--
2026/1/1 2:59,20.3,56,-5.4,71,-9.9,-5.4,2.2,2.9,358,950.4,1019.1,0.0,0,0.0,0.0,0.0,0.1,0.0,0.0,--
2026/1/1 3:00,20.3,56,-5.4,71,-9.9,-5.4,2.9,2.9,318,950.4,1019.1,0.0,0,0.0,0.0,0.0,0.1,0.0,0.0,--
2026/1/1 3:01,20.3,56,-5.4,71,-9.9,-5.4,3.2,4.0,5,950.5,1019.2,0.0,0,0.0,0.0,0.0,0.1,0.0,0.0,--
2026/1/1 3:02,20.3,56,-5.5,72,-9.8,-5.5,2.5,4.3,344,950.4,1019.1,0.0,0,0.0,0.0,0.0,0.1,0.0,0.0,--
2026/1/1 3:03,20.3,56,-5.5,73,-9.6,-5.5,2.9,3.2,351,950.3,1019.0,0.0,0,0.0,0.0,0.0,0.1,0.0,0.0,--
2026/1/1 3:04,20.3,56,-5.5,72,-9.8,-5.5,3.6,4.0,14,950.4,1019.1,0.0,0,0.0,0.0,0.0,0.1,0.0,0.0,--
2026/1/1 3:05,20.3,56,-5.4,72,-9.7,-5.4,1.8,2.2,1,950.4,1019.1,0.0,0,0.0,0.0,0.0,0.1,0.0,0.0,--
2026/1/1 3:06,20.3,56,-5.4,72,-9.7,-5.4,0.0,1.8,357,950.6,1019.3,0.0,0,0.0,0.0,0.0,0.1,0.0,0.0,--
2026/1/1 3:07,20.3,56,-5.4,72,-9.7,-5.4,0.0,1.8,298,950.3,1019.0,0.0,0,0.0,0.0,0.0,0.1,0.0,0.0,--
2026/1/1 3:08,20.3,56,-5.4,73,-9.5,-5.4,1.8,2.2,305,950.3,1019.0,0.0,0,0.0,0.0,0.0,0.1,0.0,0.0,--
2026/1/1 3:09,20.3,56,-5.5,73,-9.6,-5.5,0.0,0.0,269,950.4,1019.1,0.0,0,0.0,0.0,0.0,0.1,0.0,0.0,--
2026/1/1 3:10,20.3,56,-5.5,73,-9.6,-5.5,0.0,1.8,136,950.3,1019.0,0.0,0,0.0,0.0,0.0,0.1,0.0,0.0,--
2026/1/1 3:11,20.3,56,-5.6,72,-9.9,-5.6,0.0,1.8,172,950.4,1019.1,0.0,0,0.0,0.0,0.0,0.1,0.0,0.0,--
2026/1/1 3:12,20.3,56,-5.6,71,-10.0,-5.6,2.9,5.4,248,950.4,1019.1,0.0,0,0.0,0.0,0.0,0.1,0.0,0.0,--
2026/1/1 3:13,20.4,56,-5.5,71,-9.9,-5.5,0.0,2.9,296,950.4,1019.1,0.0,0,0.0,0.0,0.0,0.1,0.0,0.0,--
2026/1/1 3:14,20.4,56,-5.4,72,-9.7,-5.4,0.0,0.0,24,950.4,1019.1,0.0,0,0.0,0.0,0.0,0.1,0.0,0.0,--
2026/1/1 3:15,20.3,56,-5.4,72,-9.7,-5.4,0.0,0.0,160,950.3,1019.0,0.0,0,0.0,0.0,0.0,0.1,0.0,0.0,--
2026/1/1 3:16,20.3,56,-5.4,72,-9.7,-5.4,0.0,1.8,140,950.5,1019.2,0.0,0,0.0,0.0,0.0,0.1,0.0,0.0,--
2026/1/1 3:17,20.4,56,-5.4,72,-9.7,-5.4,0.0,0.0,199,950.4,1019.1,0.0,0,0.0,0.0,0.0,0.1,0.0,0.0,--
2026/1/1 3:18,20.4,56,-5.4,72,-9.7,-5.4,0.0,0.0,330,950.3,1019.0,0.0,0,0.0,0.0,0.0,0.1,0.0,0.0,--
2026/1/1 3:19,20.4,56,-5.3,72,-9.6,-5.3,1.8,2.2,16,950.4,1019.1,0.0,0,0.0,0.0,0.0,0.1,0.0,0.0,--
2026/1/1 3:20,20.3,56,-5.3,72,-9.6,-5.3,2.2,2.9,99,950.3,1019.0,0.0,0,0.0,0.0,0.0,0.1,0.0,0.0,--
2026/1/1 3:21,20.3,56,-5.4,73,-9.5,-5.4,2.2,2.5,92,950.2,1018.9,0.0,0,0.0,0.0,0.0,0.1,0.0,0.0,--
2026/1/1 3:22,20.3,56,-5.4,73,-9.5,-5.4,0.0,1.8,124,950.3,1019.0,0.0,0,0.0,0.0,0.0,0.1,0.0,0.0,--
2026/1/1 3:23,20.3,56,-5.4,74,-9.3,-5.4,0.0,1.8,131,950.3,1019.0,0.0,0,0.0,0.0,0.0,0.1,0.0,0.0,--
2026/1/1 3:24,20.3,56,-5.4,73,-9.5,-5.4,1.8,1.8,116,950.4,1019.1,0.0,0,0.0,0.0,0.0,0.1,0.0,0.0,--
2026/1/1 3:25,20.3,56,-5.5,73,-9.6,-5.5,0.0,0.0,166,950.2,1018.9,0.0,0,0.0,0.0,0.0,0.1,0.0,0.0,--
2026/1/1 3:26,20.3,57,-5.5,73,-9.6,-5.5,0.0,2.5,149,950.4,1019.1,0.0,0,0.0,0.0,0.0,0.1,0.0,0.0,--
2026/1/1 3:27,20.3,57,-5.6,74,-9.5,-5.6,0.0,2.2,165,950.3,1019.0,0.0,0,0.0,0.0,0.0,0.1,0.0,0.0,--
2026/1/1 3:28,20.3,57,-5.6,75,-9.3,-5.6,2.2,2.5,210,950.4,1019.1,0.0,0,0.0,0.0,0.0,0.1,0.0,0.0,--
2026/1/1 3:29,20.3,57,-5.7,75,-9.4,-5.7,0.0,1.8,147,950.2,1018.9,0.0,0,0.0,0.0,0.0,0.1,0.0,0.0,--
2026/1/1 3:30,20.3,57,-5.8,75,-9.5,-5.8,0.0,0.0,20,950.3,1019.0,0.0,0,0.0,0.0,0.0,0.1,0.0,0.0,--
2026/1/1 3:31,20.3,57,-5.8,75,-9.5,-5.8,1.8,1.8,44,950.3,1019.0,0.0,0,0.0,0.0,0.0,0.1,0.0,0.0,--
2026/1/1 3:32,20.3,57,-5.9,76,-9.5,-5.9,1.8,2.2,63,950.3,1019.0,0.0,0,0.0,0.0,0.0,0.1,0.0,0.0,--
2026/1/1 3:33,20.2,57,-6.0,76,-9.6,-6.0,2.2,2.5,353,950.4,1019.1,0.0,0,0.0,0.0,0.0,0.1,0.0,0.0,--
2026/1/1 3:34,20.2,57,-6.1,77,-9.5,-6.1,1.8,2.5,79,950.5,1019.2,0.0,0,0.0,0.0,0.0,0.1,0.0,0.0,--
2026/1/1 3:35,20.3,57,-6.1,77,-9.5,-6.1,0.0,1.8,316,950.4,1019.1,0.0,0,0.0,0.0,0.0,0.1,0.0,0.0,--
2026/1/1 3:36,20.2,57,-6.1,77,-9.5,-6.1,0.0,2.2,302,950.3,1019.0,0.0,0,0.0,0.0,0.0,0.1,0.0,0.0,--
2026/1/1 3:37,20.3,57,-6.1,77,-9.5,-6.1,0.0,0.0,246,950.5,1019.2,0.0,0,0.0,0.0,0.0,0.1,0.0,0.0,--
2026/1/1 3:38,20.3,57,-6.1,77,-9.5,-6.1,0.0,0.0,310,950.4,1019.1,0.0,0,0.0,0.0,0.0,0.1,0.0,0.0,--
2026/1/1 3:39,20.3,57,-6.1,76,-9.7,-6.1,1.8,2.5,299,950.5,1019.2,0.0,0,0.0,0.0,0.0,0.1,0.0,0.0,--
2026/1/1 3:40,20.3,57,-6.1,75,-9.8,-6.1,1.8,2.5,342,950.5,1019.2,0.0,0,0.0,0.0,0.0,0.1,0.0,0.0,--
2026/1/1 3:41,20.3,57,-6.0,75,-9.7,-6.0,0.0,1.8,326,950.3,1019.0,0.0,0,0.0,0.0,0.0,0.1,0.0,0.0,--
2026/1/1 3:42,20.3,57,-6.0,74,-9.9,-6.0,0.0,1.8,292,950.6,1019.3,0.0,0,0.0,0.0,0.0,0.1,0.0,0.0,--
2026/1/1 3:43,20.2,57,-6.0,74,-9.9,-6.0,0.0,1.8,267,950.4,1019.1,0.0,0,0.0,0.0,0.0,0.1,0.0,0.0,--
2026/1/1 3:44,20.2,57,-6.0,74,-9.9,-6.0,0.0,2.2,246,950.6,1019.3,0.0,0,0.0,0.0,0.0,0.1,0.0,0.0,--
2026/1/1 3:45,20.3,57,-6.0,75,-9.7,-6.0,1.8,2.5,300,950.3,1019.0,0.0,0,0.0,0.0,0.0,0.1,0.0,0.0,--
2026/1/1 3:46,20.2,57,-6.0,75,-9.7,-6.0,0.0,0.0,261,950.3,1019.0,0.0,0,0.0,0.0,0.0,0.1,0.0,0.0,--
2026/1/1 3:47,20.2,57,-6.0,74,-9.9,-6.0,2.2,2.2,291,950.4,1019.1,0.0,0,0.0,0.0,0.0,0.1,0.0,0.0,--
2026/1/1 3:48,20.3,57,-6.0,74,-9.9,-6.0,2.2,2.5,306,950.4,1019.1,0.0,0,0.0,0.0,0.0,0.1,0.0,0.0,--
2026/1/1 3:49,20.2,57,-6.0,73,-10.1,-6.0,2.2,2.5,305,950.5,1019.2,0.0,0,0.0,0.0,0.0,0.1,0.0,0.0,--
2026/1/1 3:50,20.2,57,-6.0,73,-10.1,-6.0,4.3,4.3,303,950.5,1019.2,0.0,0,0.0,0.0,0.0,0.1,0.0,0.0,--
2026/1/1 3:51,20.2,57,-6.0,73,-10.1,-6.0,0.0,2.9,284,950.3,1019.0,0.0,0,0.0,0.0,0.0,0.1,0.0,0.0,--
2026/1/1 3:52,20.2,57,-6.0,73,-10.1,-6.0,0.0,1.8,120,950.3,1019.0,0.0,0,0.0,0.0,0.0,0.1,0.0,0.0,--
2026/1/1 3:53,20.2,57,-6.0,72,-10.3,-6.0,0.0,0.0,227,950.3,1019.0,0.0,0,0.0,0.0,0.0,0.1,0.0,0.0,--
2026/1/1 3:54,20.2,57,-5.9,71,-10.3,-5.9,3.6,4.3,31,950.3,1019.0,0.0,0,0.0,0.0,0.0,0.1,0.0,0.0,--
2026/1/1 3:55,20.3,57,-5.8,70,-10.4,-5.8,4.0,5.8,40,950.5,1019.2,0.0,0,0.0,0.0,0.0,0.1,0.0,0.0,--
2026/1/1 3:56,20.3,57,-5.6,70,-10.2,-5.6,3.2,4.0,23,950.4,1019.1,0.0,0,0.0,0.0,0.0,0.1,0.0,0.0,--
2026/1/1 3:57,20.3,57,-5.4,72,-9.7,-5.4,2.2,2.5,13,950.3,1019.0,0.0,0,0.0,0.0,0.0,0.1,0.0,0.0,--
2026/1/1 3:58,20.2,57,-5.4,73,-9.5,-5.4,2.9,2.9,264,950.4,1019.1,0.0,0,0.0,0.0,0.0,0.1,0.0,0.0,--
2026/1/1 3:59,20.2,57,-5.4,72,-9.7,-5.4,0.0,2.5,261,950.4,1019.1,0.0,0,0.0,0.0,0.0,0.1,0.0,0.0,--
2026/1/1 4:00,20.2,57,-5.5,71,-9.9,-5.5,0.0,2.2,336,950.2,1018.9,0.0,0,0.0,0.0,0.0,0.1,0.0,0.0,--
2026/1/1 4:01,20.2,57,-5.5,70,-10.1,-5.5,0.0,2.2,322,950.3,1019.0,0.0,0,0.0,0.0,0.0,0.1,0.0,0.0,--
2026/1/1 4:02,20.2,57,-5.4,70,-10.0,-5.4,2.5,3.2,322,950.4,1019.1,0.0,0,0.0,0.0,0.0,0.1,0.0,0.0,--
2026/1/1 4:03,20.2,57,-5.3,70,-9.9,-5.3,1.8,2.9,347,950.4,1019.1,0.0,0,0.0,0.0,0.0,0.1,0.0,0.0,--
2026/1/1 4:04,20.2,57,-5.2,71,-9.7,-5.2,2.2,2.2,292,950.5,1019.2,0.0,0,0.0,0.0,0.0,0.1,0.0,0.0,--
2026/1/1 4:05,20.2,57,-5.3,71,-9.8,-5.3,2.2,2.9,252,950.3,1019.0,0.0,0,0.0,0.0,0.0,0.1,0.0,0.0,--
2026/1/1 4:06,20.2,57,-5.4,71,-9.9,-5.4,2.5,2.5,242,950.3,1019.0,0.0,0,0.0,0.0,0.0,0.1,0.0,0.0,--
2026/1/1 4:07,20.3,57,-5.4,71,-9.9,-5.4,0.0,2.2,215,950.5,1019.2,0.0,0,0.0,0.0,0.0,0.1,0.0,0.0,--
2026/1/1 4:08,20.3,57,-5.4,70,-10.0,-5.4,2.5,2.5,344,950.2,1018.9,0.0,0,0.0,0.0,0.0,0.1,0.0,0.0,--
2026/1/1 4:09,20.3,57,-5.4,70,-10.0,-5.4,2.2,2.2,296,950.2,1018.9,0.0,0,0.0,0.0,0.0,0.1,0.0,0.0,--
2026/1/1 4:10,20.3,57,-5.4,71,-9.9,-5.4,3.2,3.2,290,950.2,1018.9,0.0,0,0.0,0.0,0.0,0.1,0.0,0.0,--
2026/1/1 4:11,20.3,57,-5.4,71,-9.9,-5.4,1.8,2.9,306,950.3,1019.0,0.0,0,0.0,0.0,0.0,0.1,0.0,0.0,--
2026/1/1 4:12,20.3,57,-5.4,71,-9.9,-5.4,2.2,2.9,333,950.3,1019.0,0.0,0,0.0,0.0,0.0,0.1,0.0,0.0,--
2026/1/1 4:13,20.3,57,-5.3,71,-9.8,-5.3,1.8,2.9,337,950.3,1019.0,0.0,0,0.0,0.0,0.0,0.1,0.0,0.0,--
2026/1/1 4:14,20.2,57,-5.4,72,-9.7,-5.4,2.5,2.9,358,950.3,1019.0,0.0,0,0.0,0.0,0.0,0.1,0.0,0.0,--
2026/1/1 4:15,20.3,57,-5.4,71,-9.9,-5.4,2.2,3.2,358,950.2,1018.9,0.0,0,0.0,0.0,0.0,0.1,0.0,0.0,--
2026/1/1 4:16,20.3,57,-5.5,70,-10.1,-5.5,2.9,4.0,32,950.2,1018.9,0.0,0,0.0,0.0,0.0,0.1,0.0,0.0,--
2026/1/1 4:17,20.3,57,-5.6,70,-10.2,-5.6,4.0,4.7,11,950.4,1019.1,0.0,0,0.0,0.0,0.0,0.1,0.0,0.0,--
2026/1/1 4:18,20.2,58,-5.8,70,-10.4,-5.8,4.3,5.8,34,950.3,1019.0,0.0,0,0.0,0.0,0.0,0.1,0.0,0.0,--
2026/1/1 4:19,20.3,58,-5.9,71,-10.3,-5.9,2.2,4.0,28,950.3,1019.0,0.0,0,0.0,0.0,0.0,0.1,0.0,0.0,--
2026/1/1 4:20,20.3,58,-5.9,72,-10.2,-5.9,4.0,4.0,30,950.3,1019.0,0.0,0,0.0,0.0,0.0,0.1,0.0,0.0,--
2026/1/1 4:21,20.2,58,-5.9,72,-10.2,-5.9,0.0,1.8,47,950.2,1018.9,0.0,0,0.0,0.0,0.0,0.1,0.0,0.0,--
2026/1/1 4:22,20.2,58,-5.9,72,-10.2,-5.9,0.0,1.8,146,950.2,1018.9,0.0,0,0.0,0.0,0.0,0.1,0.0,0.0,--
2026/1/1 4:23,20.3,58,-5.9,73,-10.0,-5.9,0.0,2.2,224,950.3,1019.0,0.0,0,0.0,0.0,0.0,0.1,0.0,0.0,--
2026/1/1 4:24,20.2,58,-5.9,73,-10.0,-5.9,0.0,1.8,334,950.1,1018.8,0.0,0,0.0,0.0,0.0,0.1,0.0,0.0,--
2026/1/1 4:25,20.3,57,-6.0,73,-10.1,-6.0,0.0,2.2,312,950.2,1018.9,0.0,0,0.0,0.0,0.0,0.1,0.0,0.0,--
2026/1/1 4:26,20.3,58,-6.0,73,-10.1,-6.0,0.0,1.8,284,950.2,1018.9,0.0,0,0.0,0.0,0.0,0.1,0.0,0.0,--
2026/1/1 4:27,20.2,58,-6.0,72,-10.3,-6.0,0.0,2.2,13,950.3,1019.0,0.0,0,0.0,0.0,0.0,0.1,0.0,0.0,--
2026/1/1 4:28,20.3,58,-6.0,72,-10.3,-6.0,0.0,1.8,204,950.2,1018.9,0.0,0,0.0,0.0,0.0,0.1,0.0,0.0,--
2026/1/1 4:29,20.2,58,-6.0,73,-10.1,-6.0,0.0,2.9,221,950.3,1019.0,0.0,0,0.0,0.0,0.0,0.1,0.0,0.0,--
2026/1/1 4:30,20.2,58,-6.0,73,-10.1,-6.0,0.0,1.8,226,950.4,1019.1,0.0,0,0.0,0.0,0.0,0.1,0.0,0.0,--
2026/1/1 4:31,20.3,58,-6.0,73,-10.1,-6.0,0.0,0.0,154,950.3,1019.0,0.0,0,0.0,0.0,0.0,0.1,0.0,0.0,--
2026/1/1 4:32,20.2,58,-6.0,73,-10.1,-6.0,2.2,2.2,232,950.3,1019.0,0.0,0,0.0,0.0,0.0,0.1,0.0,0.0,--
2026/1/1 4:33,20.2,58,-6.0,73,-10.1,-6.0,0.0,2.5,251,950.1,1018.8,0.0,0,0.0,0.0,0.0,0.1,0.0,0.0,--
2026/1/1 4:34,20.2,58,-5.9,73,-10.0,-5.9,1.8,2.5,253,950.4,1019.1,0.0,0,0.0,0.0,0.0,0.1,0.0,0.0,--
2026/1/1 4:35,20.2,58,-5.9,73,-10.0,-5.9,1.8,2.2,269,950.4,1019.1,0.0,0,0.0,0.0,0.0,0.1,0.0,0.0,--
2026/1/1 4:36,20.2,58,-5.8,73,-9.9,-5.8,2.9,2.9,296,950.4,1019.1,0.0,0,0.0,0.0,0.0,0.1,0.0,0.0,--
2026/1/1 4:37,20.2,58,-5.8,73,-9.9,-5.8,0.0,3.2,329,950.3,1019.0,0.0,0,0.0,0.0,0.0,0.1,0.0,0.0,--
2026/1/1 4:38,20.2,58,-5.8,73,-9.9,-5.8,0.0,2.2,13,950.3,1019.0,0.0,0,0.0,0.0,0.0,0.1,0.0,0.0,--
2026/1/1 4:39,20.2,58,-5.9,74,-9.8,-5.9,0.0,2.2,18,950.3,1019.0,0.0,0,0.0,0.0,0.0,0.1,0.0,0.0,--
2026/1/1 4:40,20.2,58,-5.9,74,-9.8,-5.9,0.0,1.8,246,950.4,1019.1,0.0,0,0.0,0.0,0.0,0.1,0.0,0.0,--
2026/1/1 4:41,20.2,58,-6.0,74,-9.9,-6.0,0.0,2.5,5,950.4,1019.1,0.0,0,0.0,0.0,0.0,0.1,0.0,0.0,--
2026/1/1 4:42,20.2,58,-6.0,74,-9.9,-6.0,2.5,2.9,234,950.3,1019.0,0.0,0,0.0,0.0,0.0,0.1,0.0,0.0,--
2026/1/1 4:43,20.2,59,-6.0,73,-10.1,-6.0,2.2,2.5,252,950.4,1019.1,0.0,0,0.0,0.0,0.0,0.1,0.0,0.0,--
2026/1/1 4:44,20.2,58,-5.9,73,-10.0,-5.9,1.8,2.5,250,950.4,1019.1,0.0,0,0.0,0.0,0.0,0.1,0.0,0.0,--
2026/1/1 4:45,20.2,59,-5.8,71,-10.2,-5.8,1.8,2.5,266,950.3,1019.0,0.0,0,0.0,0.0,0.0,0.1,0.0,0.0,--
2026/1/1 4:46,20.2,58,-5.7,70,-10.3,-5.7,0.0,2.2,332,950.3,1019.0,0.0,0,0.0,0.0,0.0,0.1,0.0,0.0,--
2026/1/1 4:47,20.2,59,-5.8,70,-10.4,-5.8,4.7,4.7,30,950.4,1019.1,0.0,0,0.0,0.0,0.0,0.1,0.0,0.0,--
2026/1/1 4:48,20.2,58,-5.8,70,-10.4,-5.8,3.2,4.0,30,950.2,1018.9,0.0,0,0.0,0.0,0.0,0.1,0.0,0.0,--
2026/1/1 4:49,20.2,59,-5.8,70,-10.4,-5.8,2.2,2.9,25,950.3,1019.0,0.0,0,0.0,0.0,0.0,0.1,0.0,0.0,--
2026/1/1 4:50,20.2,58,-5.8,70,-10.4,-5.8,0.0,3.2,10,950.4,1019.1,0.0,0,0.0,0.0,0.0,0.1,0.0,0.0,--
2026/1/1 4:51,20.2,58,-5.7,71,-10.1,-5.7,2.2,2.2,283,950.2,1018.9,0.0,0,0.0,0.0,0.0,0.1,0.0,0.0,--
2026/1/1 4:52,20.2,58,-5.7,71,-10.1,-5.7,0.0,1.8,279,950.4,1019.1,0.0,0,0.0,0.0,0.0,0.1,0.0,0.0,--
2026/1/1 4:53,20.2,58,-5.8,71,-10.2,-5.8,1.8,2.5,250,950.1,1018.8,0.0,0,0.0,0.0,0.0,0.1,0.0,0.0,--
2026/1/1 4:54,20.2,58,-5.8,71,-10.2,-5.8,1.8,2.2,258,950.1,1018.8,0.0,0,0.0,0.0,0.0,0.1,0.0,0.0,--
2026/1/1 4:55,20.2,58,-5.7,72,-10.0,-5.7,0.0,1.8,310,950.2,1018.9,0.0,0,0.0,0.0,0.0,0.1,0.0,0.0,--
2026/1/1 4:56,20.2,58,-5.7,72,-10.0,-5.7,0.0,2.5,296,950.1,1018.8,0.0,0,0.0,0.0,0.0,0.1,0.0,0.0,--
2026/1/1 4:57,20.2,58,-5.8,72,-10.1,-5.8,0.0,2.5,312,950.2,1018.9,0.0,0,0.0,0.0,0.0,0.1,0.0,0.0,--
2026/1/1 4:58,20.2,58,-5.9,71,-10.3,-5.9,0.0,1.8,303,950.2,1018.9,0.0,0,0.0,0.0,0.0,0.1,0.0,0.0,--
2026/1/1 4:59,20.2,58,-6.0,72,-10.3,-6.0,0.0,2.2,292,950.1,1018.8,0.0,0,0.0,0.0,0.0,0.1,0.0,0.0,--
2026/1/1 5:00,20.2,58,-6.0,73,-10.1,-6.0,0.0,0.0,283,950.1,1018.8,0.0,0,0.0,0.0,0.0,0.1,0.0,0.0,--
2026/1/1 5:01,20.2,58,-6.0,73,-10.1,-6.0,1.8,2.5,307,950.0,1018.7,0.0,0,0.0,0.0,0.0,0.1,0.0,0.0,--
2026/1/1 5:02,20.2,58,-6.0,73,-10.1,-6.0,3.6,4.0,20,950.2,1018.9,0.0,0,0.0,0.0,0.0,0.1,0.0,0.0,--
2026/1/1 5:03,20.2,58,-5.9,74,-9.8,-5.9,4.7,5.0,12,950.2,1018.9,0.0,0,0.0,0.0,0.0,0.1,0.0,0.0,--
2026/1/1 5:04,20.2,58,-5.8,74,-9.7,-5.8,2.9,4.0,3,950.2,1018.9,0.0,0,0.0,0.0,0.0,0.1,0.0,0.0,--
2026/1/1 5:05,20.2,58,-5.7,73,-9.8,-5.7,2.2,2.5,231,950.0,1018.7,0.0,0,0.0,0.0,0.0,0.1,0.0,0.0,--
2026/1/1 5:06,20.2,58,-5.7,72,-10.0,-5.7,2.9,4.0,256,950.1,1018.8,0.0,0,0.0,0.0,0.0,0.1,0.0,0.0,--
2026/1/1 5:07,20.2,58,-5.8,73,-9.9,-5.8,2.2,2.5,228,950.2,1018.9,0.0,0,0.0,0.0,0.0,0.1,0.0,0.0,--
2026/1/1 5:08,20.2,58,-5.8,74,-9.7,-5.8,0.0,2.2,314,950.1,1018.8,0.0,0,0.0,0.0,0.0,0.1,0.0,0.0,--
2026/1/1 5:09,20.2,58,-5.9,75,-9.6,-5.9,0.0,1.8,234,950.1,1018.8,0.0,0,0.0,0.0,0.0,0.1,0.0,0.0,--
2026/1/1 5:10,20.2,58,-5.9,75,-9.6,-5.9,1.8,1.8,233,950.1,1018.8,0.0,0,0.0,0.0,0.0,0.1,0.0,0.0,--
2026/1/1 5:11,20.2,58,-5.9,75,-9.6,-5.9,0.0,2.5,326,950.1,1018.8,0.0,0,0.0,0.0,0.0,0.1,0.0,0.0,--
2026/1/1 5:12,20.2,58,-6.0,76,-9.6,-6.0,0.0,3.2,329,950.2,1018.9,0.0,0,0.0,0.0,0.0,0.1,0.0,0.0,--
2026/1/1 5:13,20.2,58,-6.0,76,-9.6,-6.0,3.6,3.6,346,950.2,1018.9,0.0,0,0.0,0.0,0.0,0.1,0.0,0.0,--
2026/1/1 5:14,20.2,58,-6.0,77,-9.4,-6.0,2.9,5.4,340,950.0,1018.7,0.0,0,0.0,0.0,0.0,0.1,0.0,0.0,--
2026/1/1 5:15,20.2,58,-6.0,76,-9.6,-6.0,1.8,3.2,343,950.0,1018.7,0.0,0,0.0,0.0,0.0,0.1,0.0,0.0,--
2026/1/1 5:16,20.2,58,-5.9,76,-9.5,-5.9,2.5,3.2,353,950.1,1018.8,0.0,0,0.0,0.0,0.0,0.1,0.0,0.0,--
2026/1/1 5:17,20.2,58,-5.8,75,-9.5,-5.8,3.2,4.0,347,950.0,1018.7,0.0,0,0.0,0.0,0.0,0.1,0.0,0.0,--
2026/1/1 5:18,20.2,58,-5.8,74,-9.7,-5.8,3.6,4.0,7,950.2,1018.9,0.0,0,0.0,0.0,0.0,0.1,0.0,0.0,--
2026/1/1 5:19,20.2,58,-5.8,74,-9.7,-5.8,4.3,4.3,16,950.2,1018.9,0.0,0,0.0,0.0,0.0,0.1,0.0,0.0,--
2026/1/1 5:20,20.2,58,-5.7,74,-9.6,-5.7,4.3,4.7,21,950.0,1018.7,0.0,0,0.0,0.0,0.0,0.1,0.0,0.0,--
2026/1/1 5:21,20.2,58,-5.7,74,-9.6,-5.7,4.7,5.8,14,950.0,1018.7,0.0,0,0.0,0.0,0.0,0.1,0.0,0.0,--
2026/1/1 5:22,20.2,58,-5.5,74,-9.4,-5.5,2.5,3.6,2,950.0,1018.7,0.0,0,0.0,0.0,0.0,0.1,0.0,0.0,--
2026/1/1 5:23,20.2,58,-5.3,75,-9.1,-5.3,1.8,2.2,5,950.1,1018.8,0.0,0,0.0,0.0,0.0,0.1,0.0,0.0,--
2026/1/1 5:24,20.2,58,-5.3,74,-9.2,-5.3,2.2,2.9,335,950.0,1018.7,0.0,0,0.0,0.0,0.0,0.1,0.0,0.0,--
2026/1/1 5:25,20.2,58,-5.4,73,-9.5,-5.4,2.2,2.5,260,950.2,1018.9,0.0,0,0.0,0.0,0.0,0.1,0.0,0.0,--
2026/1/1 5:26,20.2,58,-5.5,73,-9.6,-5.5,0.0,1.8,315,950.1,1018.8,0.0,0,0.0,0.0,0.0,0.1,0.0,0.0,--
2026/1/1 5:27,20.2,58,-5.6,73,-9.7,-5.6,0.0,2.9,332,950.2,1018.9,0.0,0,0.0,0.0,0.0,0.1,0.0,0.0,--
2026/1/1 5:28,20.2,58,-5.6,72,-9.9,-5.6,2.2,2.5,345,950.0,1018.7,0.0,0,0.0,0.0,0.0,0.1,0.0,0.0,--
2026/1/1 5:29,20.2,58,-5.7,72,-10.0,-5.7,1.8,2.5,16,950.1,1018.8,0.0,0,0.0,0.0,0.0,0.1,0.0,0.0,--
2026/1/1 5:30,20.2,58,-5.7,74,-9.6,-5.7,4.3,5.0,17,950.1,1018.8,0.0,0,0.0,0.0,0.0,0.1,0.0,0.0,--
2026/1/1 5:31,20.2,58,-5.7,75,-9.4,-5.7,3.6,4.3,0,950.2,1018.9,0.0,0,0.0,0.0,0.0,0.1,0.0,0.0,--
2026/1/1 5:32,20.2,58,-5.6,75,-9.3,-5.6,2.2,2.9,266,950.1,1018.8,0.0,0,0.0,0.0,0.0,0.1,0.0,0.0,--
2026/1/1 5:33,20.2,58,-5.6,74,-9.5,-5.6,1.8,2.2,292,949.9,1018.6,0.0,0,0.0,0.0,0.0,0.1,0.0,0.0,--
2026/1/1 5:34,20.2,58,-5.6,74,-9.5,-5.6,0.0,0.0,31,950.1,1018.8,0.0,0,0.0,0.0,0.0,0.1,0.0,0.0,--
2026/1/1 5:35,20.2,58,-5.7,74,-9.6,-5.7,2.2,4.3,8,950.2,1018.9,0.0,0,0.0,0.0,0.0,0.1,0.0,0.0,--
2026/1/1 5:36,20.2,58,-5.8,74,-9.7,-5.8,0.0,3.6,31,950.3,1019.0,0.0,0,0.0,0.0,0.0,0.1,0.0,0.0,--
2026/1/1 5:37,20.2,58,-5.9,74,-9.8,-5.9,2.2,2.9,306,950.1,1018.8,0.0,0,0.0,0.0,0.0,0.1,0.0,0.0,--
2026/1/1 5:38,20.2,58,-5.9,75,-9.6,-5.9,0.0,2.5,32,950.2,1018.9,0.0,0,0.0,0.0,0.0,0.1,0.0,0.0,--
2026/1/1 5:39,20.2,58,-6.0,75,-9.7,-6.0,1.8,2.5,316,950.3,1019.0,0.0,0,0.0,0.0,0.0,0.1,0.0,0.0,--
2026/1/1 5:40,20.2,58,-6.1,76,-9.7,-6.1,1.8,2.9,202,950.1,1018.8,0.0,0,0.0,0.0,0.0,0.1,0.0,0.0,--
2026/1/1 5:41,20.2,58,-6.1,77,-9.5,-6.1,2.2,2.5,290,950.0,1018.7,0.0,0,0.0,0.0,0.0,0.1,0.0,0.0,--
2026/1/1 5:42,20.2,58,-6.1,76,-9.7,-6.1,0.0,1.8,42,950.2,1018.9,0.0,0,0.0,0.0,0.0,0.1,0.0,0.0,--
2026/1/1 5:43,20.2,58,-6.1,76,-9.7,-6.1,0.0,1.8,118,950.1,1018.8,0.0,0,0.0,0.0,0.0,0.1,0.0,0.0,--
2026/1/1 5:44,20.2,58,-6.1,77,-9.5,-6.1,0.0,1.8,253,950.0,1018.7,0.0,0,0.0,0.0,0.0,0.1,0.0,0.0,--
2026/1/1 5:45,20.2,58,-6.1,77,-9.5,-6.1,0.0,1.8,64,950.0,1018.7,0.0,0,0.0,0.0,0.0,0.1,0.0,0.0,--
2026/1/1 5:46,20.2,58,-6.2,78,-9.4,-6.2,0.0,0.0,269,950.0,1018.7,0.0,0,0.0,0.0,0.0,0.1,0.0,0.0,--
2026/1/1 5:47,20.2,58,-6.2,78,-9.4,-6.2,2.9,2.9,322,950.2,1018.9,0.0,0,0.0,0.0,0.0,0.1,0.0,0.0,--
2026/1/1 5:48,20.2,58,-6.2,78,-9.4,-6.2,0.0,2.5,11,950.1,1018.8,0.0,0,0.0,0.0,0.0,0.1,0.0,0.0,--
2026/1/1 5:49,20.2,58,-6.2,77,-9.6,-6.2,1.8,1.8,279,950.1,1018.8,0.0,0,0.0,0.0,0.0,0.1,0.0,0.0,--
2026/1/1 5:50,20.2,58,-6.2,77,-9.6,-6.2,0.0,0.0,103,950.4,1019.1,0.0,0,0.0,0.0,0.0,0.1,0.0,0.0,--
2026/1/1 5:51,20.2,58,-6.2,77,-9.6,-6.2,0.0,1.8,46,950.1,1018.8,0.0,0,0.0,0.0,0.0,0.1,0.0,0.0,--
2026/1/1 5:52,20.2,58,-6.2,78,-9.4,-6.2,0.0,3.6,63,950.1,1018.8,0.0,0,0.0,0.0,0.0,0.1,0.0,0.0,--
2026/1/1 5:53,20.2,58,-6.3,79,-9.4,-6.3,1.8,2.2,216,950.0,1018.7,0.0,0,0.0,0.0,0.0,0.1,0.0,0.0,--
2026/1/1 5:54,20.2,58,-6.3,79,-9.4,-6.3,2.9,3.2,213,950.2,1018.9,0.0,0,0.0,0.0,0.0,0.1,0.0,0.0,--
2026/1/1 5:55,20.2,58,-6.3,78,-9.5,-6.3,2.5,3.6,226,950.0,1018.7,0.0,0,0.0,0.0,0.0,0.1,0.0,0.0,--
2026/1/1 5:56,20.2,58,-6.2,78,-9.4,-6.2,0.0,2.2,243,950.1,1018.8,0.0,0,0.0,0.0,0.0,0.1,0.0,0.0,--
2026/1/1 5:57,20.2,58,-6.1,77,-9.5,-6.1,0.0,0.0,22,950.2,1018.9,0.0,0,0.0,0.0,0.0,0.1,0.0,0.0,--
2026/1/1 5:58,20.2,58,-6.0,76,-9.6,-6.0,2.5,2.5,18,950.1,1018.8,0.0,0,0.0,0.0,0.0,0.1,0.0,0.0,--
2026/1/1 5:59,20.2,58,-5.9,76,-9.5,-5.9,0.0,1.8,108,950.0,1018.7,0.0,0,0.0,0.0,0.0,0.1,0.0,0.0,--
2026/1/1 6:00,20.2,58,-5.9,76,-9.5,-5.9,1.8,2.2,72,950.3,1019.0,0.0,0,0.0,0.0,0.0,0.1,0.0,0.0,--
2026/1/1 6:01,20.2,58,-6.0,77,-9.4,-6.0,0.0,0.0,333,950.1,1018.8,0.0,0,0.0,0.0,0.0,0.1,0.0,0.0,--
2026/1/1 6:02,20.2,58,-6.0,77,-9.4,-6.0,0.0,2.2,306,950.2,1018.9,0.0,0,0.0,0.0,0.0,0.1,0.0,0.0,--
2026/1/1 6:03,20.2,58,-6.1,77,-9.5,-6.1,2.5,3.2,323,950.0,1018.7,0.0,0,0.0,0.0,0.0,0.1,0.0,0.0,--
2026/1/1 6:04,20.2,58,-6.1,76,-9.7,-6.1,0.0,2.9,235,950.0,1018.7,0.0,0,0.0,0.0,0.0,0.1,0.0,0.0,--
2026/1/1 6:05,20.2,58,-6.1,75,-9.8,-6.1,0.0,2.9,325,950.0,1018.7,0.0,0,0.0,0.0,0.0,0.1,0.0,0.0,--
2026/1/1 6:06,20.2,58,-6.1,75,-9.8,-6.1,2.2,2.9,262,950.1,1018.8,0.0,0,0.0,0.0,0.0,0.1,0.0,0.0,--
2026/1/1 6:07,20.2,58,-6.0,75,-9.7,-6.0,1.8,2.9,265,950.0,1018.7,0.0,0,0.0,0.0,0.0,0.1,0.0,0.0,--
2026/1/1 6:08,20.2,58,-6.0,74,-9.9,-6.0,4.0,4.0,340,950.1,1018.8,0.0,0,0.0,0.0,0.0,0.1,0.0,0.0,--
2026/1/1 6:09,20.2,58,-6.0,73,-10.1,-6.0,2.9,4.3,338,950.1,1018.8,0.0,0,0.0,0.0,0.0,0.1,0.0,0.0,--
2026/1/1 6:10,20.2,58,-6.0,72,-10.3,-6.0,3.6,4.3,0,950.0,1018.7,0.0,0,0.0,0.0,0.0,0.1,0.0,0.0,--
2026/1/1 6:11,20.2,58,-5.9,71,-10.3,-5.9,3.6,4.0,13,950.2,1018.9,0.0,0,0.0,0.0,0.0,0.1,0.0,0.0,--
2026/1/1 6:12,20.2,58,-5.8,70,-10.4,-5.8,3.2,4.3,58,950.2,1018.9,0.0,0,0.0,0.0,0.0,0.1,0.0,0.0,--
2026/1/1 6:13,20.2,58,-5.7,70,-10.3,-5.7,2.9,4.3,46,950.3,1019.0,0.0,0,0.0,0.0,0.0,0.1,0.0,0.0,--
2026/1/1 6:14,20.2,58,-5.6,72,-9.9,-5.6,3.6,4.0,355,950.1,1018.8,0.0,0,0.0,0.0,0.0,0.1,0.0,0.0,--
2026/1/1 6:15,20.2,58,-5.6,72,-9.9,-5.6,1.8,2.5,291,950.2,1018.9,0.0,0,0.0,0.0,0.0,0.1,0.0,0.0,--
2026/1/1 6:16,20.2,58,-5.7,71,-10.1,-5.7,1.8,1.8,292,950.2,1018.9,0.0,0,0.0,0.0,0.0,0.1,0.0,0.0,--
2026/1/1 6:17,20.2,58,-5.9,71,-10.3,-5.9,0.0,1.8,324,950.1,1018.8,0.0,0,0.0,0.0,0.0,0.1,0.0,0.0,--
2026/1/1 6:18,20.2,58,-6.1,72,-10.4,-6.1,1.8,3.6,52,950.2,1018.9,0.0,0,0.0,0.0,0.0,0.1,0.0,0.0,--
2026/1/1 6:19,20.2,58,-6.2,73,-10.3,-6.2,0.0,1.8,295,950.3,1019.0,0.0,0,0.0,0.0,0.0,0.1,0.0,0.0,--
2026/1/1 6:20,20.2,58,-6.2,73,-10.3,-6.2,2.5,2.9,227,950.2,1018.9,0.0,0,0.0,0.0,0.0,0.1,0.0,0.0,--
2026/1/1 6:21,20.2,58,-6.2,73,-10.3,-6.2,0.0,1.8,243,950.3,1019.0,0.0,0,0.0,0.0,0.0,0.1,0.0,0.0,--
2026/1/1 6:22,20.2,58,-6.2,73,-10.3,-6.2,0.0,1.8,232,950.3,1019.0,0.0,0,0.0,0.0,0.0,0.1,0.0,0.0,--
2026/1/1 6:23,20.2,58,-6.2,73,-10.3,-6.2,0.0,1.8,304,950.2,1018.9,0.0,0,0.0,0.0,0.0,0.1,0.0,0.0,--
2026/1/1 6:24,20.2,58,-6.2,72,-10.5,-6.2,0.0,0.0,315,950.3,1019.0,0.0,0,0.0,0.0,0.0,0.1,0.0,0.0,--
2026/1/1 6:25,20.2,58,-6.2,73,-10.3,-6.2,0.0,0.0,348,950.2,1018.9,0.0,0,0.0,0.0,0.0,0.1,0.0,0.0,--
2026/1/1 6:26,20.2,58,-6.2,74,-10.1,-6.2,0.0,2.9,76,950.3,1019.0,0.0,0,0.0,0.0,0.0,0.1,0.0,0.0,--
2026/1/1 6:27,20.2,58,-6.2,75,-9.9,-6.2,0.0,0.0,347,950.3,1019.0,0.0,0,0.0,0.0,0.0,0.1,0.0,0.0,--
2026/1/1 6:28,20.2,58,-6.2,75,-9.9,-6.2,0.0,0.0,156,950.3,1019.0,0.0,0,0.0,0.0,0.0,0.1,0.0,0.0,--
2026/1/1 6:29,20.2,58,-6.2,74,-10.1,-6.2,0.0,2.9,208,950.4,1019.1,0.0,0,0.0,0.0,0.0,0.1,0.0,0.0,--
2026/1/1 6:30,20.2,59,-6.2,74,-10.1,-6.2,1.8,2.5,256,950.2,1018.9,0.0,0,0.0,0.0,0.0,0.1,0.0,0.0,--
2026/1/1 6:31,20.2,59,-6.2,74,-10.1,-6.2,1.8,2.2,2,950.3,1019.0,0.0,0,0.0,0.0,0.0,0.1,0.0,0.0,--
2026/1/1 6:32,20.2,59,-6.1,73,-10.2,-8.5,5.0,5.8,16,950.4,1019.1,0.0,0,0.0,0.0,0.0,0.1,0.0,0.0,--
2026/1/1 6:33,20.2,59,-6.0,73,-10.1,-6.0,1.8,4.0,37,950.3,1019.0,0.0,0,0.0,0.0,0.0,0.1,0.0,0.0,--
2026/1/1 6:34,20.2,59,-5.9,73,-10.0,-5.9,1.8,1.8,41,950.4,1019.1,0.0,0,0.0,0.0,0.0,0.1,0.0,0.0,--
2026/1/1 6:35,20.2,58,-5.8,73,-9.9,-5.8,0.0,0.0,353,950.3,1019.0,0.0,0,0.0,0.0,0.0,0.1,0.0,0.0,--
2026/1/1 6:36,20.2,59,-5.8,74,-9.7,-5.8,0.0,2.2,321,950.3,1019.0,0.0,0,0.0,0.0,0.0,0.1,0.0,0.0,--
2026/1/1 6:37,20.2,59,-5.8,73,-9.9,-5.8,1.8,2.9,298,950.2,1018.9,0.0,0,0.0,0.0,0.0,0.1,0.0,0.0,--
2026/1/1 6:38,20.2,59,-5.8,73,-9.9,-5.8,2.2,2.5,297,950.2,1018.9,0.0,0,0.0,0.0,0.0,0.1,0.0,0.0,--
2026/1/1 6:39,20.2,59,-5.7,72,-10.0,-5.7,2.2,2.5,308,950.2,1018.9,0.0,0,0.0,0.0,0.0,0.1,0.0,0.0,--
2026/1/1 6:40,20.2,59,-5.7,71,-10.1,-5.7,1.8,2.5,315,950.2,1018.9,0.0,0,0.0,0.0,0.0,0.1,0.0,0.0,--
2026/1/1 6:41,20.2,58,-5.7,70,-10.3,-5.7,3.2,3.6,357,950.3,1019.0,0.0,0,0.0,0.0,0.0,0.1,0.0,0.0,--
2026/1/1 6:42,20.2,58,-5.7,68,-10.7,-5.7,4.3,4.3,14,950.1,1018.8,0.0,0,0.0,0.0,0.0,0.1,0.0,0.0,--
2026/1/1 6:43,20.2,59,-5.6,68,-10.6,-8.2,5.4,6.8,1,950.1,1018.8,0.0,0,0.0,0.0,0.0,0.1,0.0,0.0,--
2026/1/1 6:44,20.2,59,-5.6,68,-10.6,-5.6,4.7,6.5,8,950.3,1019.0,0.0,0,0.0,0.0,0.0,0.1,0.0,0.0,--
2026/1/1 6:45,20.2,59,-5.5,68,-10.5,-5.5,0.0,2.9,351,950.3,1019.0,0.0,0,0.0,0.0,0.0,0.1,0.0,0.0,--
2026/1/1 6:46,20.2,59,-5.5,68,-10.5,-5.5,0.0,2.2,15,950.4,1019.1,0.0,0,0.0,0.0,0.0,0.1,0.0,0.0,--
2026/1/1 6:47,20.2,58,-5.5,69,-10.3,-5.5,2.2,2.2,326,950.2,1018.9,0.0,0,0.0,0.0,0.0,0.1,0.0,0.0,--
2026/1/1 6:48,20.2,58,-5.6,69,-10.4,-5.6,3.2,3.6,12,950.2,1018.9,0.0,0,0.0,0.0,0.0,0.1,0.0,0.0,--
2026/1/1 6:49,20.2,58,-5.7,70,-10.3,-5.7,3.6,4.7,26,950.2,1018.9,0.0,0,0.0,0.0,0.0,0.1,0.0,0.0,--
2026/1/1 6:50,20.2,58,-5.6,71,-10.0,-5.6,3.2,4.0,46,950.2,1018.9,0.0,0,0.0,0.0,0.0,0.1,0.0,0.0,--
2026/1/1 6:51,20.2,58,-5.6,72,-9.9,-5.6,1.8,2.2,348,950.1,1018.8,0.0,0,0.0,0.0,0.0,0.1,0.0,0.0,--
2026/1/1 6:52,20.2,58,-5.7,72,-10.0,-5.7,0.0,0.0,47,950.1,1018.8,0.0,0,0.0,0.0,0.0,0.1,0.0,0.0,--
2026/1/1 6:53,20.2,58,-5.8,73,-9.9,-5.8,0.0,1.8,296,950.3,1019.0,0.0,0,0.0,0.0,0.0,0.1,0.0,0.0,--
2026/1/1 6:54,20.2,58,-5.9,73,-10.0,-5.9,0.0,1.8,272,950.3,1019.0,0.0,0,0.0,0.0,0.0,0.1,0.0,0.0,--
2026/1/1 6:55,20.2,58,-6.0,74,-9.9,-6.0,0.0,0.0,190,950.2,1018.9,0.0,0,0.0,0.0,0.0,0.1,0.0,0.0,--
2026/1/1 6:56,20.2,58,-6.1,74,-10.0,-6.1,0.0,1.8,252,950.2,1018.9,0.0,0,0.0,0.0,0.0,0.1,0.0,0.0,--
2026/1/1 6:57,20.2,58,-6.1,74,-10.0,-6.1,1.8,1.8,56,950.3,1019.0,0.0,0,0.0,0.0,0.0,0.1,0.0,0.0,--
2026/1/1 6:58,20.2,58,-6.1,74,-10.0,-6.1,0.0,2.9,259,950.2,1018.9,0.0,0,0.0,0.0,0.0,0.1,0.0,0.0,--
2026/1/1 6:59,20.2,58,-6.1,73,-10.2,-6.1,1.8,2.2,303,950.2,1018.9,0.0,0,0.0,0.0,0.0,0.1,0.0,0.0,--
2026/1/1 7:00,20.2,58,-6.0,72,-10.3,-6.0,0.0,2.2,342,950.3,1019.0,0.0,0,0.0,0.0,0.0,0.1,0.0,0.0,--
2026/1/1 7:01,20.2,58,-5.9,71,-10.3,-5.9,1.8,1.8,19,950.4,1019.1,0.0,0,0.0,0.0,0.0,0.1,0.0,0.0,--
2026/1/1 7:02,20.2,58,-5.8,69,-10.6,-5.8,3.6,4.3,26,950.1,1018.8,0.0,0,0.0,0.0,0.0,0.1,0.0,0.0,--
2026/1/1 7:03,20.2,58,-5.8,70,-10.4,-5.8,1.8,4.0,41,950.2,1018.9,0.0,0,0.0,0.0,0.0,0.1,0.0,0.0,--
2026/1/1 7:04,20.2,58,-5.7,71,-10.1,-5.7,0.0,1.8,76,950.1,1018.8,0.0,0,0.0,0.0,0.0,0.1,0.0,0.0,--
2026/1/1 7:05,20.2,58,-5.7,72,-10.0,-5.7,0.0,0.0,119,950.4,1019.1,0.0,0,0.0,0.0,0.0,0.1,0.0,0.0,--
2026/1/1 7:06,20.2,58,-5.8,71,-10.2,-5.8,0.0,0.0,1,950.2,1018.9,0.0,0,0.0,0.0,0.0,0.1,0.0,0.0,--
2026/1/1 7:07,20.2,58,-5.8,70,-10.4,-5.8,0.0,2.2,11,950.4,1019.1,0.0,0,0.0,0.0,0.0,0.1,0.0,0.0,--
2026/1/1 7:08,20.2,58,-5.9,72,-10.2,-5.9,3.2,3.6,35,950.4,1019.1,0.0,0,0.0,0.0,0.0,0.1,0.0,0.0,--
2026/1/1 7:09,20.2,58,-5.9,73,-10.0,-5.9,0.0,1.8,101,950.4,1019.1,0.0,0,0.0,0.0,0.0,0.1,0.0,0.0,--
2026/1/1 7:10,20.2,58,-6.0,74,-9.9,-6.0,0.0,0.0,293,950.3,1019.0,0.0,0,0.0,0.0,0.0,0.1,0.0,0.0,--
2026/1/1 7:11,20.2,58,-6.1,74,-10.0,-6.1,0.0,0.0,304,950.2,1018.9,0.0,0,0.0,0.0,0.0,0.1,0.0,0.0,--
2026/1/1 7:12,20.2,58,-6.2,74,-10.1,-6.2,0.0,0.0,39,950.2,1018.9,0.1,0,0.0,0.0,0.0,0.1,0.0,0.0,--
2026/1/1 7:13,20.2,58,-6.3,74,-10.2,-6.3,1.8,2.2,303,950.1,1018.8,0.1,0,0.0,0.0,0.0,0.1,0.0,0.0,--
2026/1/1 7:14,20.2,58,-6.3,74,-10.2,-6.3,0.0,0.0,306,950.3,1019.0,0.2,0,0.0,0.0,0.0,0.1,0.0,0.0,--
2026/1/1 7:15,20.2,58,-6.3,74,-10.2,-6.3,0.0,0.0,339,950.5,1019.2,0.2,0,0.0,0.0,0.0,0.1,0.0,0.0,--
2026/1/1 7:16,20.2,58,-6.3,74,-10.2,-6.3,1.8,2.2,262,950.2,1018.9,0.3,0,0.0,0.0,0.0,0.1,0.0,0.0,--
2026/1/1 7:17,20.2,58,-6.3,75,-10.0,-6.3,1.8,2.2,302,950.4,1019.1,0.3,0,0.0,0.0,0.0,0.1,0.0,0.0,--
2026/1/1 7:18,20.2,58,-6.3,75,-10.0,-6.3,0.0,0.0,324,950.4,1019.1,0.4,0,0.0,0.0,0.0,0.1,0.0,0.0,--
2026/1/1 7:19,20.2,58,-6.3,76,-9.8,-6.3,0.0,0.0,72,950.2,1018.9,0.5,0,0.0,0.0,0.0,0.1,0.0,0.0,--
2026/1/1 7:20,20.2,58,-6.3,75,-10.0,-6.3,0.0,0.0,19,950.3,1019.0,0.6,0,0.0,0.0,0.0,0.1,0.0,0.0,--
2026/1/1 7:21,20.2,58,-6.3,75,-10.0,-6.3,0.0,0.0,304,950.3,1019.0,0.7,0,0.0,0.0,0.0,0.1,0.0,0.0,--
2026/1/1 7:22,20.2,58,-6.4,76,-9.9,-6.4,0.0,0.0,29,950.2,1018.9,0.8,0,0.0,0.0,0.0,0.1,0.0,0.0,--
2026/1/1 7:23,20.2,58,-6.4,75,-10.1,-6.4,0.0,2.9,289,950.2,1018.9,1.0,0,0.0,0.0,0.0,0.1,0.0,0.0,--
2026/1/1 7:24,20.2,58,-6.3,75,-10.0,-6.3,0.0,0.0,0,950.4,1019.1,1.2,0,0.0,0.0,0.0,0.1,0.0,0.0,--
2026/1/1 7:25,20.2,58,-6.3,74,-10.2,-6.3,1.8,2.5,8,950.3,1019.0,1.4,0,0.0,0.0,0.0,0.1,0.0,0.0,--
2026/1/1 7:26,20.2,58,-6.3,74,-10.2,-6.3,0.0,1.8,294,950.6,1019.3,1.5,0,0.0,0.0,0.0,0.1,0.0,0.0,--
2026/1/1 7:27,20.3,58,-6.3,74,-10.2,-6.3,0.0,2.2,308,950.3,1019.0,1.8,0,0.0,0.0,0.0,0.1,0.0,0.0,--
2026/1/1 7:28,20.3,58,-6.3,74,-10.2,-6.3,2.5,3.2,282,950.5,1019.2,2.0,0,0.0,0.0,0.0,0.1,0.0,0.0,--
2026/1/1 7:29,20.3,58,-6.3,74,-10.2,-6.3,2.5,3.2,273,950.3,1019.0,2.2,0,0.0,0.0,0.0,0.1,0.0,0.0,--
2026/1/1 7:30,20.2,58,-6.3,73,-10.4,-6.3,1.8,2.2,286,950.5,1019.2,2.6,0,0.0,0.0,0.0,0.1,0.0,0.0,--
2026/1/1 7:31,20.2,58,-6.3,72,-10.6,-6.3,0.0,2.5,298,950.5,1019.2,2.9,0,0.0,0.0,0.0,0.1,0.0,0.0,--
2026/1/1 7:32,20.3,58,-6.2,71,-10.6,-6.2,2.9,3.6,335,950.5,1019.2,3.2,0,0.0,0.0,0.0,0.1,0.0,0.0,--
2026/1/1 7:33,20.2,58,-6.1,70,-10.7,-6.1,1.8,2.9,351,950.6,1019.3,3.5,0,0.0,0.0,0.0,0.1,0.0,0.0,--
2026/1/1 7:34,20.3,58,-5.9,69,-10.7,-5.9,2.2,3.6,349,950.5,1019.2,3.8,0,0.0,0.0,0.0,0.1,0.0,0.0,--
2026/1/1 7:35,20.3,58,-5.7,68,-10.7,-5.7,0.0,1.8,5,950.4,1019.1,4.2,0,0.0,0.0,0.0,0.1,0.0,0.0,--
2026/1/1 7:36,20.2,58,-5.6,68,-10.6,-5.6,1.8,2.2,314,950.5,1019.2,4.5,0,0.0,0.0,0.0,0.1,0.0,0.0,--
2026/1/1 7:37,20.2,58,-5.5,69,-10.3,-5.5,0.0,2.2,324,950.5,1019.2,4.9,0,0.0,0.0,0.0,0.1,0.0,0.0,--
2026/1/1 7:38,20.2,58,-5.6,70,-10.2,-5.6,1.8,2.5,312,950.4,1019.1,5.3,0,0.0,0.0,0.0,0.1,0.0,0.0,--
2026/1/1 7:39,20.2,58,-5.7,70,-10.3,-5.7,2.2,3.6,295,950.5,1019.2,5.8,0,0.0,0.0,0.0,0.1,0.0,0.0,--
2026/1/1 7:40,20.2,58,-5.7,70,-10.3,-5.7,0.0,2.2,313,950.5,1019.2,6.2,0,0.0,0.0,0.0,0.1,0.0,0.0,--
2026/1/1 7:41,20.2,58,-5.7,69,-10.5,-5.7,0.0,2.2,309,950.6,1019.3,6.6,0,0.0,0.0,0.0,0.1,0.0,0.0,--
2026/1/1 7:42,20.2,58,-5.7,69,-10.5,-5.7,1.8,2.2,316,950.5,1019.2,7.1,0,0.0,0.0,0.0,0.1,0.0,0.0,--
2026/1/1 7:43,20.2,58,-5.6,69,-10.4,-5.6,2.9,2.9,265,950.6,1019.3,7.4,0,0.0,0.0,0.0,0.1,0.0,0.0,--
2026/1/1 7:44,20.2,58,-5.6,69,-10.4,-5.6,3.2,3.2,3,950.5,1019.2,7.9,0,0.0,0.0,0.0,0.1,0.0,0.0,--
2026/1/1 7:45,20.2,59,-5.5,68,-10.5,-5.5,3.6,5.0,4,950.5,1019.2,8.4,0,0.0,0.0,0.0,0.1,0.0,0.0,--
2026/1/1 7:46,20.2,58,-5.4,68,-10.4,-5.4,3.2,4.0,336,950.5,1019.2,8.8,0,0.0,0.0,0.0,0.1,0.0,0.0,--
2026/1/1 7:47,20.2,58,-5.2,68,-10.2,-5.2,3.6,3.6,0,950.7,1019.4,9.3,0,0.0,0.0,0.0,0.1,0.0,0.0,--
2026/1/1 7:48,20.2,58,-5.2,68,-10.2,-5.2,1.8,2.2,346,950.6,1019.3,9.7,0,0.0,0.0,0.0,0.1,0.0,0.0,--
2026/1/1 7:49,20.2,58,-5.2,68,-10.2,-5.2,0.0,2.9,337,950.5,1019.2,10.1,0,0.0,0.0,0.0,0.1,0.0,0.0,--
2026/1/1 7:50,20.2,58,-5.3,68,-10.3,-5.3,2.2,3.2,290,950.6,1019.3,10.6,0,0.0,0.0,0.0,0.1,0.0,0.0,--
2026/1/1 7:51,20.2,58,-5.4,68,-10.4,-5.4,2.2,3.2,299,950.7,1019.4,11.1,0,0.0,0.0,0.0,0.1,0.0,0.0,--
2026/1/1 7:52,20.2,58,-5.5,68,-10.5,-5.5,2.2,2.5,341,950.7,1019.4,11.6,0,0.0,0.0,0.0,0.1,0.0,0.0,--
2026/1/1 7:53,20.2,58,-5.6,68,-10.6,-5.6,2.5,4.0,0,950.7,1019.4,11.9,0,0.0,0.0,0.0,0.1,0.0,0.0,--
2026/1/1 7:54,20.2,58,-5.5,68,-10.5,-5.5,2.5,3.2,310,950.6,1019.3,12.4,0,0.0,0.0,0.0,0.1,0.0,0.0,--
2026/1/1 7:55,20.2,58,-5.5,68,-10.5,-5.5,1.8,2.5,285,950.8,1019.5,12.8,0,0.0,0.0,0.0,0.1,0.0,0.0,--
2026/1/1 7:56,20.2,58,-5.5,67,-10.7,-5.5,0.0,0.0,209,950.7,1019.4,13.3,0,0.0,0.0,0.0,0.1,0.0,0.0,--
2026/1/1 7:57,20.3,58,-5.4,67,-10.6,-5.4,1.8,2.2,357,950.6,1019.3,13.8,0,0.0,0.0,0.0,0.1,0.0,0.0,--
2026/1/1 7:58,20.3,58,-5.3,66,-10.7,-5.3,0.0,2.2,282,950.5,1019.2,14.2,0,0.0,0.0,0.0,0.1,0.0,0.0,--
2026/1/1 7:59,20.3,58,-5.2,66,-10.6,-5.2,2.5,2.5,279,950.6,1019.3,14.6,0,0.0,0.0,0.0,0.1,0.0,0.0,--
2026/1/1 8:00,20.3,58,-5.0,66,-10.4,-5.0,0.0,2.9,308,950.6,1019.3,14.9,0,0.0,0.0,0.0,0.1,0.0,0.0,--
2026/1/1 8:01,20.3,58,-4.9,67,-10.1,-4.9,1.8,2.9,12,950.7,1019.4,15.3,0,0.0,0.0,0.0,0.1,0.0,0.0,--
2026/1/1 8:02,20.3,58,-4.9,67,-10.1,-4.9,0.0,2.5,241,950.6,1019.3,15.7,0,0.0,0.0,0.0,0.1,0.0,0.0,--
2026/1/1 8:03,20.3,58,-4.8,66,-10.2,-4.8,0.0,2.2,320,950.7,1019.4,16.1,0,0.0,0.0,0.0,0.1,0.0,0.0,--
2026/1/1 8:04,20.3,58,-4.8,67,-10.0,-4.8,0.0,2.9,276,950.6,1019.3,16.5,0,0.0,0.0,0.0,0.1,0.0,0.0,--
2026/1/1 8:05,20.3,58,-4.8,67,-10.0,-4.8,2.5,2.5,291,950.8,1019.5,16.9,0,0.0,0.0,0.0,0.1,0.0,0.0,--
2026/1/1 8:06,20.3,58,-4.8,66,-10.2,-4.8,1.8,3.2,313,950.6,1019.3,17.3,0,0.0,0.0,0.0,0.1,0.0,0.0,--
2026/1/1 8:07,20.3,58,-4.8,66,-10.2,-4.8,0.0,2.5,277,950.6,1019.3,17.6,0,0.0,0.0,0.0,0.1,0.0,0.0,--
2026/1/1 8:08,20.3,58,-4.8,66,-10.2,-4.8,2.9,3.6,307,950.7,1019.4,18.0,0,0.0,0.0,0.0,0.1,0.0,0.0,--
2026/1/1 8:09,20.3,58,-4.7,66,-10.1,-4.7,0.0,2.5,326,950.5,1019.2,18.4,0,0.0,0.0,0.0,0.1,0.0,0.0,--
2026/1/1 8:10,20.3,58,-4.7,66,-10.1,-4.7,2.5,3.2,357,950.9,1019.6,18.7,0,0.0,0.0,0.0,0.1,0.0,0.0,--
2026/1/1 8:11,20.3,58,-4.7,66,-10.1,-4.7,3.2,4.0,4,950.7,1019.4,19.1,0,0.0,0.0,0.0,0.1,0.0,0.0,--
2026/1/1 8:12,20.3,58,-4.7,66,-10.1,-4.7,3.6,3.6,0,950.7,1019.4,19.4,0,0.0,0.0,0.0,0.1,0.0,0.0,--
2026/1/1 8:13,20.3,58,-4.8,67,-10.0,-4.8,1.8,2.9,2,950.8,1019.5,19.8,0,0.0,0.0,0.0,0.1,0.0,0.0,--
2026/1/1 8:14,20.3,58,-4.9,67,-10.1,-4.9,2.5,3.2,357,950.8,1019.5,20.1,0,0.0,0.0,0.0,0.1,0.0,0.0,--
2026/1/1 8:15,20.2,58,-5.0,67,-10.2,-5.0,1.8,2.2,350,950.8,1019.5,20.5,0,0.0,0.0,0.0,0.1,0.0,0.0,--
2026/1/1 8:16,20.2,58,-5.0,68,-10.0,-5.0,2.5,2.9,10,950.8,1019.5,20.8,0,0.0,0.0,0.0,0.1,0.0,0.0,--
2026/1/1 8:17,20.2,58,-5.1,68,-10.1,-5.1,2.2,3.2,8,950.7,1019.4,21.1,0,0.0,0.0,0.0,0.1,0.0,0.0,--
2026/1/1 8:18,20.2,58,-5.1,69,-9.9,-5.1,2.5,2.9,41,950.7,1019.4,21.4,0,0.0,0.0,0.0,0.1,0.0,0.0,--
2026/1/1 8:19,20.2,58,-5.1,69,-9.9,-5.1,0.0,2.5,26,950.7,1019.4,21.7,0,0.0,0.0,0.0,0.1,0.0,0.0,--
2026/1/1 8:20,20.2,58,-5.1,69,-9.9,-5.1,0.0,2.2,10,950.9,1019.6,22.0,0,0.0,0.0,0.0,0.1,0.0,0.0,--
2026/1/1 8:21,20.2,58,-5.0,69,-9.8,-5.0,0.0,1.8,256,950.8,1019.5,22.3,0,0.0,0.0,0.0,0.1,0.0,0.0,--
2026/1/1 8:22,20.2,58,-5.0,69,-9.8,-5.0,0.0,1.8,315,950.7,1019.4,22.6,0,0.0,0.0,0.0,0.1,0.0,0.0,--
2026/1/1 8:23,20.2,58,-5.0,70,-9.6,-5.0,0.0,0.0,346,950.7,1019.4,22.9,0,0.0,0.0,0.0,0.1,0.0,0.0,--
2026/1/1 8:24,20.2,58,-5.0,70,-9.6,-5.0,0.0,1.8,335,950.8,1019.5,23.2,0,0.0,0.0,0.0,0.1,0.0,0.0,--
2026/1/1 8:25,20.2,58,-5.1,70,-9.7,-5.1,0.0,0.0,343,951.0,1019.7,23.5,0,0.0,0.0,0.0,0.1,0.0,0.0,--
2026/1/1 8:26,20.2,58,-5.0,70,-9.6,-5.0,0.0,1.8,295,950.8,1019.5,23.7,0,0.0,0.0,0.0,0.1,0.0,0.0,--
2026/1/1 8:27,20.2,58,-5.0,69,-9.8,-5.0,1.8,1.8,341,951.0,1019.7,23.9,0,0.0,0.0,0.0,0.1,0.0,0.0,--
2026/1/1 8:28,20.2,58,-5.0,69,-9.8,-5.0,1.8,2.2,327,950.7,1019.4,24.2,0,0.0,0.0,0.0,0.1,0.0,0.0,--
2026/1/1 8:29,20.2,58,-5.0,70,-9.6,-5.0,0.0,0.0,235,950.8,1019.5,24.5,0,0.0,0.0,0.0,0.1,0.0,0.0,--
2026/1/1 8:30,20.2,58,-5.1,70,-9.7,-5.1,0.0,0.0,269,950.8,1019.5,24.7,0,0.0,0.0,0.0,0.1,0.0,0.0,--
2026/1/1 8:31,20.2,58,-5.1,70,-9.7,-5.1,0.0,0.0,10,950.9,1019.6,25.0,0,0.0,0.0,0.0,0.1,0.0,0.0,--
2026/1/1 8:32,20.2,58,-5.1,71,-9.6,-5.1,0.0,1.8,5,950.8,1019.5,25.2,0,0.0,0.0,0.0,0.1,0.0,0.0,--
2026/1/1 8:33,20.2,58,-5.1,71,-9.6,-5.1,0.0,0.0,326,950.8,1019.5,25.4,0,0.0,0.0,0.0,0.1,0.0,0.0,--
2026/1/1 8:34,20.2,58,-5.1,71,-9.6,-5.1,0.0,0.0,60,950.9,1019.6,25.7,0,0.0,0.0,0.0,0.1,0.0,0.0,--
2026/1/1 8:35,20.2,58,-5.0,71,-9.5,-5.0,0.0,0.0,324,950.9,1019.6,25.9,0,0.0,0.0,0.0,0.1,0.0,0.0,--
2026/1/1 8:36,20.2,58,-5.0,71,-9.5,-5.0,0.0,1.8,336,950.9,1019.6,26.2,0,0.0,0.0,0.0,0.1,0.0,0.0,--
2026/1/1 8:37,20.2,59,-4.9,70,-9.6,-4.9,0.0,0.0,302,950.9,1019.6,26.4,0,0.0,0.0,0.0,0.1,0.0,0.0,--
2026/1/1 8:38,20.2,58,-4.9,70,-9.6,-4.9,0.0,1.8,212,950.8,1019.5,26.5,0,0.0,0.0,0.0,0.1,0.0,0.0,--
2026/1/1 8:39,20.2,58,-4.8,70,-9.5,-4.8,0.0,1.8,14,950.8,1019.5,26.8,0,0.0,0.0,0.0,0.1,0.0,0.0,--
2026/1/1 8:40,20.2,58,-4.8,70,-9.5,-4.8,0.0,1.8,19,951.0,1019.7,27.0,0,0.0,0.0,0.0,0.1,0.0,0.0,--
2026/1/1 8:41,20.2,59,-4.8,71,-9.3,-4.8,0.0,0.0,325,950.8,1019.5,27.3,0,0.0,0.0,0.0,0.1,0.0,0.0,--
2026/1/1 8:42,20.2,58,-4.7,70,-9.4,-4.7,1.8,1.8,13,950.9,1019.6,27.5,0,0.0,0.0,0.0,0.1,0.0,0.0,--
2026/1/1 8:43,20.2,58,-4.7,70,-9.4,-4.7,0.0,0.0,164,950.9,1019.6,27.7,0,0.0,0.0,0.0,0.1,0.0,0.0,--
2026/1/1 8:44,20.2,58,-4.6,70,-9.3,-4.6,0.0,0.0,28,951.0,1019.7,27.9,0,0.0,0.0,0.0,0.1,0.0,0.0,--
2026/1/1 8:45,20.2,59,-4.6,70,-9.3,-4.6,0.0,1.8,227,950.9,1019.6,28.0,0,0.0,0.0,0.0,0.1,0.0,0.0,--
2026/1/1 8:46,20.2,58,-4.5,69,-9.3,-4.5,0.0,0.0,113,950.7,1019.4,28.3,0,0.0,0.0,0.0,0.1,0.0,0.0,--
2026/1/1 8:47,20.2,58,-4.5,68,-9.5,-4.5,0.0,0.0,55,950.9,1019.6,28.4,0,0.0,0.0,0.0,0.1,0.0,0.0,--
2026/1/1 8:48,20.2,58,-4.4,68,-9.4,-4.4,0.0,0.0,89,950.9,1019.6,28.7,0,0.0,0.0,0.0,0.1,0.0,0.0,--
2026/1/1 8:49,20.2,58,-4.4,69,-9.3,-4.4,0.0,0.0,46,950.7,1019.4,28.9,0,0.0,0.0,0.0,0.1,0.0,0.0,--
2026/1/1 8:50,20.2,58,-4.5,69,-9.3,-4.5,0.0,1.8,27,951.0,1019.7,29.2,0,0.0,0.0,0.0,0.1,0.0,0.0,--
2026/1/1 8:51,20.2,59,-4.5,71,-9.0,-4.5,0.0,1.8,71,950.9,1019.6,29.3,0,0.0,0.0,0.0,0.1,0.0,0.0,--
2026/1/1 8:52,20.2,58,-4.5,72,-8.8,-4.5,0.0,0.0,269,950.9,1019.6,29.5,0,0.0,0.0,0.0,0.1,0.0,0.0,--
2026/1/1 8:53,20.2,59,-4.6,72,-8.9,-4.6,0.0,0.0,13,950.9,1019.6,29.7,0,0.0,0.0,0.0,0.1,0.0,0.0,--
2026/1/1 8:54,20.2,59,-4.6,72,-8.9,-4.6,0.0,0.0,99,950.9,1019.6,29.9,0,0.0,0.0,0.0,0.1,0.0,0.0,--
2026/1/1 8:55,20.2,59,-4.6,73,-8.7,-4.6,0.0,0.0,71,950.7,1019.4,30.1,0,0.0,0.0,0.0,0.1,0.0,0.0,--
2026/1/1 8:56,20.2,59,-4.7,73,-8.8,-4.7,0.0,0.0,72,951.0,1019.7,30.3,0,0.0,0.0,0.0,0.1,0.0,0.0,--
2026/1/1 8:57,20.2,59,-4.7,73,-8.8,-4.7,0.0,0.0,124,950.9,1019.6,30.4,0,0.0,0.0,0.0,0.1,0.0,0.0,--
2026/1/1 8:58,20.2,59,-4.7,73,-8.8,-4.7,1.8,2.2,52,950.9,1019.6,30.6,0,0.0,0.0,0.0,0.1,0.0,0.0,--
2026/1/1 8:59,20.2,59,-4.7,74,-8.6,-4.7,0.0,1.8,51,950.9,1019.6,30.8,0,0.0,0.0,0.0,0.1,0.0,0.0,--
2026/1/1 9:00,20.2,59,-4.6,73,-8.7,-4.6,0.0,0.0,269,951.1,1019.8,31.0,0,0.0,0.0,0.0,0.1,0.0,0.0,--
2026/1/1 9:01,20.2,59,-4.6,72,-8.9,-4.6,0.0,2.2,302,951.0,1019.7,31.3,0,0.0,0.0,0.0,0.1,0.0,0.0,--
2026/1/1 9:02,20.2,59,-4.5,71,-9.0,-4.5,0.0,0.0,257,951.0,1019.7,31.4,0,0.0,0.0,0.0,0.1,0.0,0.0,--
2026/1/1 9:03,20.2,59,-4.3,70,-9.0,-4.3,0.0,0.0,229,951.0,1019.7,31.6,0,0.0,0.0,0.0,0.1,0.0,0.0,--
2026/1/1 9:04,20.2,59,-4.3,70,-9.0,-4.3,1.8,1.8,52,950.9,1019.6,32.2,0,0.0,0.0,0.0,0.1,0.0,0.0,--
2026/1/1 9:05,20.2,59,-4.2,69,-9.1,-4.2,3.2,5.0,22,950.9,1019.6,32.0,0,0.0,0.0,0.0,0.1,0.0,0.0,--
2026/1/1 9:06,20.2,59,-4.1,68,-9.1,-4.1,3.6,4.0,26,951.1,1019.8,32.2,0,0.0,0.0,0.0,0.1,0.0,0.0,--
2026/1/1 9:07,20.1,59,-4.0,67,-9.3,-4.0,4.0,4.3,69,951.0,1019.7,32.3,0,0.0,0.0,0.0,0.1,0.0,0.0,--
2026/1/1 9:08,20.2,59,-3.8,67,-9.1,-3.8,3.6,4.3,56,951.2,1019.9,32.5,0,0.0,0.0,0.0,0.1,0.0,0.0,--
2026/1/1 9:09,20.2,59,-3.6,65,-9.2,-3.6,3.2,4.0,66,951.0,1019.7,32.8,0,0.0,0.0,0.0,0.1,0.0,0.0,--
2026/1/1 9:10,20.2,59,-3.4,65,-9.1,-3.4,0.0,3.2,95,951.0,1019.7,32.9,0,0.0,0.0,0.0,0.1,0.0,0.0,--
2026/1/1 9:11,20.1,59,-3.2,66,-8.7,-3.2,0.0,0.0,60,951.1,1019.8,33.5,0,0.0,0.0,0.0,0.1,0.0,0.0,--
2026/1/1 9:12,20.2,59,-3.1,66,-8.6,-3.1,0.0,2.5,56,950.9,1019.6,35.1,0,0.0,0.0,0.0,0.1,0.0,0.0,--
2026/1/1 9:13,20.1,59,-3.1,66,-8.6,-3.1,0.0,1.8,44,951.0,1019.7,34.5,0,0.0,0.0,0.0,0.1,0.0,0.0,--
2026/1/1 9:14,20.2,59,-3.1,67,-8.4,-3.1,0.0,1.8,87,950.9,1019.6,33.3,0,0.0,0.0,0.0,0.1,0.0,0.0,--
2026/1/1 9:15,20.2,59,-3.2,67,-8.5,-3.2,0.0,0.0,89,951.0,1019.7,33.4,0,0.0,0.0,0.0,0.1,0.0,0.0,--
2026/1/1 9:16,20.2,59,-3.2,68,-8.3,-3.2,1.8,2.2,89,951.2,1019.9,37.6,0,0.0,0.0,0.0,0.1,0.0,0.0,--
2026/1/1 9:17,20.2,59,-3.3,67,-8.6,-3.3,2.5,3.2,41,950.9,1019.6,41.6,0,0.0,0.0,0.0,0.1,0.0,0.0,--
2026/1/1 9:18,20.2,59,-3.3,66,-8.8,-3.3,3.6,3.6,70,950.9,1019.6,50.8,0,0.0,0.0,0.0,0.1,0.0,0.0,--
2026/1/1 9:19,20.2,59,-3.3,65,-9.0,-3.3,2.9,3.2,62,951.1,1019.8,74.2,0,0.0,0.0,0.0,0.1,0.0,0.0,--
2026/1/1 9:20,20.2,59,-3.1,65,-8.8,-3.1,2.5,3.6,61,951.0,1019.7,86.8,0,0.0,0.0,0.0,0.1,0.0,0.0,--
2026/1/1 9:21,20.2,59,-2.9,65,-8.6,-2.9,1.8,2.9,69,950.9,1019.6,58.9,0,0.0,0.0,0.0,0.1,0.0,0.0,--
2026/1/1 9:22,20.2,59,-2.7,65,-8.4,-2.7,2.5,2.5,96,950.9,1019.6,43.4,0,0.0,0.0,0.0,0.1,0.0,0.0,--
2026/1/1 9:23,20.1,59,-2.5,62,-8.8,-2.5,1.8,2.2,157,951.1,1019.8,56.5,0,0.0,0.0,0.0,0.1,0.0,0.0,--
2026/1/1 9:24,20.2,59,-2.3,61,-8.8,-2.3,2.9,3.2,86,951.0,1019.7,50.5,0,0.0,0.0,0.0,0.1,0.0,0.0,--
2026/1/1 9:25,20.2,59,-2.1,60,-8.8,-2.1,4.3,4.3,109,951.1,1019.8,38.5,0,0.0,0.0,0.0,0.1,0.0,0.0,--
2026/1/1 9:26,20.2,59,-1.8,59,-8.8,-1.8,0.0,2.5,36,950.9,1019.6,37.9,0,0.0,0.0,0.0,0.1,0.0,0.0,--
2026/1/1 9:27,20.1,59,-1.6,58,-8.8,-1.6,3.2,4.0,80,951.0,1019.7,45.5,0,0.0,0.0,0.0,0.1,0.0,0.0,--
2026/1/1 9:28,20.2,59,-1.4,58,-8.6,-1.4,2.2,3.6,78,950.9,1019.6,57.5,0,0.0,0.0,0.0,0.1,0.0,0.0,--
2026/1/1 9:29,20.1,59,-1.2,58,-8.4,-1.2,2.2,3.2,50,950.9,1019.6,62.7,0,0.0,0.0,0.0,0.1,0.0,0.0,--
2026/1/1 9:30,20.1,59,-1.1,58,-8.3,-1.1,4.0,4.0,62,950.8,1019.5,80.6,0,0.0,0.0,0.0,0.1,0.0,0.0,--
2026/1/1 9:31,20.1,59,-0.8,58,-8.1,-0.8,4.7,4.7,60,951.0,1019.7,102.4,0,0.0,0.0,0.0,0.1,0.0,0.0,--
2026/1/1 9:32,20.1,59,-0.6,57,-8.1,-0.6,1.8,3.6,93,950.9,1019.6,89.3,0,0.0,0.0,0.0,0.1,0.0,0.0,--
2026/1/1 9:33,20.1,59,-0.3,56,-8.0,-0.3,3.6,4.0,60,950.9,1019.6,101.5,0,0.0,0.0,0.0,0.1,0.0,0.0,--
2026/1/1 9:34,20.1,58,-0.1,55,-8.1,-2.1,5.8,5.8,79,951.1,1019.8,160.0,1,0.0,0.0,0.0,0.1,0.0,0.0,--
2026/1/1 9:35,20.1,59,0.2,54,-8.0,-1.5,5.4,6.5,97,950.9,1019.6,177.9,1,0.0,0.0,0.0,0.1,0.0,0.0,--
2026/1/1 9:36,20.1,59,0.5,53,-8.0,0.5,4.7,6.5,55,951.0,1019.7,149.3,1,0.0,0.0,0.0,0.1,0.0,0.0,--
2026/1/1 9:37,20.1,59,0.8,54,-7.5,0.8,2.9,3.6,75,951.0,1019.7,93.7,0,0.0,0.0,0.0,0.1,0.0,0.0,--
2026/1/1 9:38,20.1,59,0.8,54,-7.5,0.8,3.2,4.3,84,951.2,1019.9,61.8,0,0.0,0.0,0.0,0.1,0.0,0.0,--
2026/1/1 9:39,20.1,58,0.7,54,-7.6,0.7,3.6,4.7,60,951.1,1019.8,82.0,0,0.0,0.0,0.0,0.1,0.0,0.0,--
2026/1/1 9:40,20.1,58,0.6,54,-7.7,0.6,3.2,4.3,76,951.1,1019.8,146.0,1,0.0,0.0,0.0,0.1,0.0,0.0,--
2026/1/1 9:41,20.1,58,0.5,54,-7.7,0.5,3.2,3.6,52,951.1,1019.8,181.6,1,0.0,0.0,0.0,0.1,0.0,0.0,--
2026/1/1 9:42,20.1,58,0.6,52,-8.1,0.6,3.6,3.6,65,951.0,1019.7,190.6,1,0.0,0.0,0.0,0.1,0.0,0.0,--
2026/1/1 9:43,20.0,58,0.7,52,-8.0,0.7,3.2,5.8,55,951.1,1019.8,192.1,1,0.0,0.0,0.0,0.1,0.0,0.0,--
2026/1/1 9:44,20.0,58,0.8,52,-8.0,0.8,3.2,3.6,94,951.1,1019.8,193.9,1,0.0,0.0,0.0,0.1,0.0,0.0,--
2026/1/1 9:45,20.0,58,1.0,51,-8.0,1.0,2.2,2.5,105,951.2,1019.9,194.7,1,0.0,0.0,0.0,0.1,0.0,0.0,--
2026/1/1 9:46,20.0,58,1.3,51,-7.7,1.3,1.8,2.2,47,951.0,1019.7,197.0,1,0.0,0.0,0.0,0.1,0.0,0.0,--
2026/1/1 9:47,20.0,58,1.7,51,-7.4,1.7,2.5,2.5,78,951.2,1019.9,198.4,1,0.0,0.0,0.0,0.1,0.0,0.0,--
2026/1/1 9:48,20.0,58,2.3,49,-7.3,2.3,2.5,2.9,84,951.0,1019.7,202.0,1,0.0,0.0,0.0,0.1,0.0,0.0,--
2026/1/1 9:49,20.0,58,2.7,46,-7.8,2.7,2.2,2.5,98,951.2,1019.9,210.7,1,0.0,0.0,0.0,0.1,0.0,0.0,--
2026/1/1 9:50,20.0,58,3.1,48,-6.9,3.1,2.5,2.5,101,951.0,1019.7,232.5,2,0.0,0.0,0.0,0.1,0.0,0.0,--
2026/1/1 9:51,20.0,59,3.4,47,-6.9,3.4,0.0,2.5,55,951.0,1019.7,304.1,2,0.0,0.0,0.0,0.1,0.0,0.0,--
2026/1/1 9:52,20.0,59,3.5,46,-7.0,3.5,2.2,3.6,89,950.9,1019.6,277.4,2,0.0,0.0,0.0,0.1,0.0,0.0,--
2026/1/1 9:53,20.0,58,3.6,46,-7.0,3.6,2.9,3.2,65,951.0,1019.7,261.2,2,0.0,0.0,0.0,0.1,0.0,0.0,--
2026/1/1 9:54,20.0,58,3.6,47,-6.7,3.6,2.9,2.9,47,950.8,1019.5,252.0,2,0.0,0.0,0.0,0.1,0.0,0.0,--
2026/1/1 9:55,20.0,59,3.5,48,-6.5,3.5,4.3,4.3,31,950.9,1019.6,242.6,2,0.0,0.0,0.0,0.1,0.0,0.0,--
2026/1/1 9:56,20.0,59,3.4,44,-7.7,3.4,4.7,4.7,52,950.9,1019.6,234.4,2,0.0,0.0,0.0,0.1,0.0,0.0,--
2026/1/1 9:57,20.0,59,3.2,45,-7.6,3.2,2.2,4.3,39,950.9,1019.6,229.2,2,0.0,0.0,0.0,0.1,0.0,0.0,--
2026/1/1 9:58,20.0,58,3.0,47,-7.2,3.0,3.2,3.2,39,950.9,1019.6,230.3,2,0.0,0.0,0.0,0.1,0.0,0.0,--
2026/1/1 9:59,20.0,59,2.7,50,-6.7,2.7,1.8,5.0,16,950.8,1019.5,232.8,2,0.0,0.0,0.0,0.1,0.0,0.0,--
2026/1/1 10:00,20.0,58,2.3,51,-6.8,2.3,1.8,2.9,40,951.0,1019.7,235.7,2,0.0,0.0,0.0,0.1,0.0,0.0,--
2026/1/1 10:01,20.0,59,2.1,54,-6.3,2.1,0.0,1.8,56,951.2,1019.9,238.3,2,0.0,0.0,0.0,0.1,0.0,0.0,--
2026/1/1 10:02,20.0,59,1.9,54,-6.4,1.9,2.2,2.2,71,951.2,1019.9,242.7,2,0.0,0.0,0.0,0.1,0.0,0.0,--
2026/1/1 10:03,20.0,59,1.8,55,-6.3,1.8,0.0,1.8,51,950.9,1019.6,245.9,2,0.0,0.0,0.0,0.1,0.0,0.0,--
2026/1/1 10:04,20.0,59,1.8,54,-6.5,1.8,0.0,2.9,62,950.9,1019.6,250.2,2,0.0,0.0,0.0,0.1,0.0,0.0,--
2026/1/1 10:05,20.0,59,1.9,51,-7.2,1.9,2.2,2.9,92,951.0,1019.7,252.9,2,0.0,0.0,0.0,0.1,0.0,0.0,--
2026/1/1 10:06,20.0,59,2.2,50,-7.2,2.2,2.5,4.0,80,950.9,1019.6,255.0,2,0.0,0.0,0.0,0.1,0.0,0.0,--
2026/1/1 10:07,20.1,59,2.6,47,-7.6,2.6,2.5,3.6,66,951.0,1019.7,256.8,2,0.0,0.0,0.0,0.1,0.0,0.0,--
2026/1/1 10:08,20.1,58,3.0,47,-7.2,3.0,2.5,3.6,79,951.0,1019.7,256.4,2,0.0,0.0,0.0,0.1,0.0,0.0,--
2026/1/1 10:09,20.1,58,3.3,46,-7.2,3.3,2.2,3.2,54,950.9,1019.6,258.8,2,0.0,0.0,0.0,0.1,0.0,0.0,--
2026/1/1 10:10,20.1,58,3.6,45,-7.2,3.6,2.5,3.2,41,951.0,1019.7,258.9,2,0.0,0.0,0.0,0.1,0.0,0.0,--
2026/1/1 10:11,20.1,58,3.7,45,-7.1,3.7,2.5,2.5,55,950.9,1019.6,261.4,2,0.0,0.0,0.0,0.1,0.0,0.0,--
2026/1/1 10:12,20.1,58,3.9,44,-7.3,3.9,2.9,3.2,57,950.9,1019.6,262.4,2,0.0,0.0,0.0,0.1,0.0,0.0,--
2026/1/1 10:13,20.1,58,4.1,43,-7.4,4.1,3.2,3.6,81,950.9,1019.6,264.2,2,0.0,0.0,0.0,0.1,0.0,0.0,--
2026/1/1 10:14,20.1,58,4.3,43,-7.2,4.3,3.6,3.6,81,951.2,1019.9,265.6,2,0.0,0.0,0.0,0.1,0.0,0.0,--
2026/1/1 10:15,20.1,58,4.5,43,-7.0,4.5,2.9,3.6,72,951.1,1019.8,268.3,2,0.0,0.0,0.0,0.1,0.0,0.0,--
2026/1/1 10:16,20.1,58,4.6,42,-7.2,4.6,4.0,4.3,87,950.8,1019.5,270.0,2,0.0,0.0,0.0,0.1,0.0,0.0,--
2026/1/1 10:17,20.1,58,4.7,41,-7.4,4.7,2.5,3.2,87,951.1,1019.8,271.4,2,0.0,0.0,0.0,0.1,0.0,0.0,--
2026/1/1 10:18,20.1,58,4.8,41,-7.4,4.8,3.2,3.2,68,951.0,1019.7,273.5,2,0.0,0.0,0.0,0.1,0.0,0.0,--
2026/1/1 10:19,20.1,58,4.9,40,-7.6,4.9,2.9,3.2,55,950.9,1019.6,274.0,2,0.0,0.0,0.0,0.1,0.0,0.0,--
2026/1/1 10:20,20.1,58,5.1,41,-7.1,5.1,2.2,2.5,64,951.0,1019.7,275.6,2,0.0,0.0,0.0,0.1,0.0,0.0,--
2026/1/1 10:21,20.1,58,5.2,39,-7.6,5.2,3.2,3.2,73,950.9,1019.6,277.5,2,0.0,0.0,0.0,0.1,0.0,0.0,--
2026/1/1 10:22,20.1,58,5.3,38,-7.9,5.3,2.2,2.5,89,951.0,1019.7,277.5,2,0.0,0.0,0.0,0.1,0.0,0.0,--
2026/1/1 10:23,20.1,58,5.4,38,-7.8,5.4,2.2,2.5,55,950.8,1019.5,279.7,2,0.0,0.0,0.0,0.1,0.0,0.0,--
2026/1/1 10:24,20.1,58,5.5,43,-6.1,5.5,3.6,4.7,46,950.9,1019.6,281.6,2,0.0,0.0,0.0,0.1,0.0,0.0,--
2026/1/1 10:25,20.1,58,5.3,41,-6.9,5.3,3.6,4.7,31,950.9,1019.6,283.3,2,0.0,0.0,0.0,0.1,0.0,0.0,--
2026/1/1 10:26,20.0,58,5.1,40,-7.4,5.1,2.2,2.5,74,951.0,1019.7,284.6,2,0.0,0.0,0.0,0.1,0.0,0.0,--
2026/1/1 10:27,20.0,58,5.0,40,-7.5,5.0,2.9,3.2,54,950.9,1019.6,286.6,2,0.0,0.0,0.0,0.1,0.0,0.0,--
2026/1/1 10:28,20.0,58,5.0,40,-7.5,5.0,1.8,2.2,70,950.8,1019.5,288.0,2,0.0,0.0,0.0,0.1,0.0,0.0,--
2026/1/1 10:29,20.0,58,5.1,38,-8.1,5.1,2.5,2.9,47,950.9,1019.6,290.0,2,0.0,0.0,0.0,0.1,0.0,0.0,--
2026/1/1 10:30,20.0,58,5.1,37,-8.4,5.1,2.5,4.0,38,950.9,1019.6,291.8,2,0.0,0.0,0.0,0.1,0.0,0.0,--
2026/1/1 10:31,20.0,58,5.1,36,-8.8,5.1,1.8,2.5,44,951.0,1019.7,293.3,2,0.0,0.0,0.0,0.1,0.0,0.0,--
2026/1/1 10:32,20.0,58,5.2,37,-8.3,5.2,2.2,2.5,59,950.7,1019.4,295.4,2,0.0,0.0,0.0,0.1,0.0,0.0,--
2026/1/1 10:33,20.0,57,5.3,38,-7.9,5.3,1.8,4.3,28,950.9,1019.6,297.1,2,0.0,0.0,0.0,0.1,0.0,0.0,--
2026/1/1 10:34,20.0,58,5.4,38,-7.8,5.4,0.0,1.8,260,950.9,1019.6,298.8,2,0.0,0.0,0.0,0.1,0.0,0.0,--
2026/1/1 10:35,20.0,57,5.4,36,-8.5,5.4,0.0,0.0,320,951.0,1019.7,300.5,2,0.0,0.0,0.0,0.1,0.0,0.0,--
2026/1/1 10:36,20.0,57,5.4,36,-8.5,5.4,0.0,1.8,60,950.9,1019.6,301.8,2,0.0,0.0,0.0,0.1,0.0,0.0,--
2026/1/1 10:37,20.0,57,5.4,39,-7.5,5.4,2.5,2.9,138,950.9,1019.6,303.5,2,0.0,0.0,0.0,0.1,0.0,0.0,--
2026/1/1 10:38,20.0,57,5.4,40,-7.1,5.4,2.5,3.2,359,950.6,1019.3,304.9,2,0.0,0.0,0.0,0.1,0.0,0.0,--
2026/1/1 10:39,20.0,57,5.5,41,-6.7,5.5,0.0,2.2,25,950.9,1019.6,306.7,2,0.0,0.0,0.0,0.1,0.0,0.0,--
2026/1/1 10:40,20.0,57,5.4,39,-7.5,5.4,1.8,2.2,234,950.8,1019.5,307.3,2,0.0,0.0,0.0,0.1,0.0,0.0,--
2026/1/1 10:41,20.0,57,5.4,38,-7.8,5.4,2.2,2.9,229,950.9,1019.6,309.2,2,0.0,0.0,0.0,0.1,0.0,0.0,--
2026/1/1 10:42,20.0,57,5.3,41,-6.9,4.3,5.4,5.4,268,950.9,1019.6,310.5,2,0.0,0.0,0.0,0.1,0.0,0.0,--
2026/1/1 10:43,20.0,57,5.3,38,-7.9,4.4,5.0,7.2,239,950.7,1019.4,311.3,2,0.0,0.0,0.0,0.1,0.0,0.0,--
2026/1/1 10:44,20.0,57,5.1,38,-8.1,4.1,5.4,5.8,312,951.0,1019.7,312.4,2,0.0,0.0,0.0,0.1,0.0,0.0,--
2026/1/1 10:45,20.0,57,4.9,40,-7.6,4.0,5.0,5.0,339,950.7,1019.4,314.2,2,0.0,0.0,0.0,0.1,0.0,0.0,--
2026/1/1 10:46,20.0,57,4.8,39,-8.0,4.8,4.0,5.4,277,950.8,1019.5,315.3,2,0.0,0.0,0.0,0.1,0.0,0.0,--
2026/1/1 10:47,20.0,57,4.7,40,-7.8,4.7,4.0,4.7,233,950.7,1019.4,317.2,2,0.0,0.0,0.0,0.1,0.0,0.0,--
2026/1/1 10:48,20.0,57,4.7,39,-8.1,4.7,2.5,4.3,284,950.7,1019.4,317.6,2,0.0,0.0,0.0,0.1,0.0,0.0,--
2026/1/1 10:49,20.0,57,4.7,40,-7.8,4.7,1.8,2.5,27,950.7,1019.4,319.8,2,0.0,0.0,0.0,0.1,0.0,0.0,--
2026/1/1 10:50,20.0,57,4.7,40,-7.8,4.7,2.9,2.9,255,950.8,1019.5,322.5,2,0.0,0.0,0.0,0.1,0.0,0.0,--
2026/1/1 10:51,20.0,57,4.7,40,-7.8,4.7,3.6,4.3,216,950.8,1019.5,322.9,3,0.0,0.0,0.0,0.1,0.0,0.0,--
2026/1/1 10:52,20.0,57,4.8,39,-8.0,4.8,2.5,3.2,135,950.6,1019.3,323.8,3,0.0,0.0,0.0,0.1,0.0,0.0,--
2026/1/1 10:53,20.0,57,4.8,39,-8.0,4.8,2.2,3.6,157,950.8,1019.5,323.7,3,0.0,0.0,0.0,0.1,0.0,0.0,--
2026/1/1 10:54,20.0,57,4.9,40,-7.6,4.0,5.0,5.0,225,950.8,1019.5,323.7,3,0.0,0.0,0.0,0.1,0.0,0.0,--
2026/1/1 10:55,20.0,57,4.9,38,-8.2,4.9,0.0,2.5,187,950.8,1019.5,323.7,3,0.0,0.0,0.0,0.1,0.0,0.0,--
2026/1/1 10:56,20.0,57,4.9,40,-7.6,4.9,0.0,1.8,193,950.7,1019.4,327.2,3,0.0,0.0,0.0,0.1,0.0,0.0,--
2026/1/1 10:57,20.0,57,5.0,42,-6.8,3.7,6.1,6.1,134,950.6,1019.3,328.9,3,0.0,0.0,0.0,0.1,0.0,0.0,--
2026/1/1 10:58,19.9,57,5.1,42,-6.8,5.1,4.0,5.4,86,950.7,1019.4,331.2,3,0.0,0.0,0.0,0.1,0.0,0.0,--
2026/1/1 10:59,19.9,57,5.3,40,-7.2,3.9,6.5,7.2,111,950.6,1019.3,332.4,3,0.0,0.0,0.0,0.1,0.0,0.0,--
2026/1/1 11:00,19.9,57,5.5,40,-7.0,4.3,6.1,6.1,119,950.9,1019.6,335.2,3,0.0,0.0,0.0,0.1,0.0,0.0,--
2026/1/1 11:01,20.0,57,5.6,39,-7.3,5.6,4.0,5.0,105,950.8,1019.5,336.3,3,0.0,0.0,0.0,0.1,0.0,0.0,--
2026/1/1 11:02,19.9,57,5.8,39,-7.1,5.8,4.7,4.7,97,950.7,1019.4,337.4,3,0.0,0.0,0.0,0.1,0.0,0.0,--
2026/1/1 11:03,19.9,57,5.8,36,-8.1,5.8,2.5,4.3,133,950.9,1019.6,337.0,3,0.0,0.0,0.0,0.1,0.0,0.0,--
2026/1/1 11:04,19.9,57,5.9,38,-7.3,5.9,0.0,3.2,36,950.8,1019.5,338.0,3,0.0,0.0,0.0,0.1,0.0,0.0,--
2026/1/1 11:05,20.0,57,5.9,38,-7.3,5.9,3.6,5.0,93,950.8,1019.5,340.1,3,0.0,0.0,0.0,0.1,0.0,0.0,--
2026/1/1 11:06,19.9,57,6.0,37,-7.6,6.0,3.2,4.7,101,950.9,1019.6,340.8,3,0.0,0.0,0.0,0.1,0.0,0.0,--
2026/1/1 11:07,19.9,57,6.1,36,-7.9,6.1,2.2,4.0,86,950.9,1019.6,342.6,3,0.0,0.0,0.0,0.1,0.0,0.0,--
2026/1/1 11:08,19.9,57,6.2,36,-7.8,6.2,4.3,6.8,96,950.8,1019.5,344.1,3,0.0,0.0,0.0,0.1,0.0,0.0,--
2026/1/1 11:09,20.0,57,6.2,35,-8.1,5.3,5.4,7.2,106,950.8,1019.5,345.8,3,0.0,0.0,0.0,0.1,0.0,0.0,--
2026/1/1 11:10,19.9,57,6.2,36,-7.8,4.8,6.8,7.6,128,950.8,1019.5,347.2,3,0.0,0.0,0.0,0.1,0.0,0.0,--
2026/1/1 11:11,19.9,57,6.2,36,-7.8,5.3,5.4,5.4,117,950.9,1019.6,348.6,3,0.0,0.0,0.0,0.1,0.0,0.0,--
2026/1/1 11:12,20.0,57,6.1,36,-7.9,5.2,5.4,5.8,84,951.1,1019.8,348.8,3,0.0,0.0,0.0,0.1,0.0,0.0,--
2026/1/1 11:13,20.0,57,6.1,35,-8.2,5.3,5.0,6.5,126,950.9,1019.6,349.9,3,0.0,0.0,0.0,0.1,0.0,0.0,--
2026/1/1 11:14,19.9,57,6.0,34,-8.7,4.9,6.1,8.3,118,951.0,1019.7,349.6,3,0.0,0.0,0.0,0.1,0.0,0.0,--
2026/1/1 11:15,19.9,57,5.9,36,-8.0,5.0,5.4,5.8,106,951.0,1019.7,351.4,3,0.0,0.0,0.0,0.1,0.0,0.0,--
2026/1/1 11:16,19.9,57,5.9,35,-8.4,4.3,7.6,8.3,135,950.9,1019.6,352.1,3,0.0,0.0,0.0,0.1,0.0,0.0,--
2026/1/1 11:17,19.9,57,5.8,37,-7.8,5.8,2.2,3.2,40,951.0,1019.7,353.4,3,0.0,0.0,0.0,0.1,0.0,0.0,--
2026/1/1 11:18,19.9,57,5.8,38,-7.4,5.8,0.0,2.5,28,951.0,1019.7,353.4,3,0.0,0.0,0.0,0.1,0.0,0.0,--
2026/1/1 11:19,19.9,57,5.9,37,-7.7,5.9,2.9,4.7,103,951.0,1019.7,355.4,3,0.0,0.0,0.0,0.1,0.0,0.0,--
2026/1/1 11:20,19.9,57,6.0,37,-7.6,6.0,0.0,2.2,108,950.8,1019.5,355.6,3,0.0,0.0,0.0,0.1,0.0,0.0,--
2026/1/1 11:21,19.9,57,6.2,35,-8.1,6.2,1.8,4.3,102,951.1,1019.8,357.1,3,0.0,0.0,0.0,0.1,0.0,0.0,--
2026/1/1 11:22,19.9,57,6.5,35,-7.9,6.5,4.3,5.8,121,951.0,1019.7,357.9,3,0.0,0.0,0.0,0.1,0.0,0.0,--
2026/1/1 11:23,19.9,57,6.6,34,-8.1,5.3,6.8,6.8,117,951.0,1019.7,358.8,3,0.0,0.0,0.0,0.1,0.0,0.0,--
2026/1/1 11:24,19.9,57,6.6,34,-8.1,6.6,4.7,6.1,98,951.0,1019.7,359.5,3,0.0,0.0,0.0,0.1,0.0,0.0,--
2026/1/1 11:25,19.9,57,6.6,34,-8.1,5.9,5.0,5.4,89,951.0,1019.7,359.9,3,0.0,0.0,0.0,0.1,0.0,0.0,--
2026/1/1 11:26,19.9,57,6.5,34,-8.2,5.0,7.6,8.6,103,950.8,1019.5,360.1,3,0.0,0.0,0.0,0.1,0.0,0.0,--
2026/1/1 11:27,19.9,57,6.4,34,-8.3,6.4,3.6,5.4,94,951.0,1019.7,361.3,3,0.0,0.0,0.0,0.1,0.0,0.0,--
2026/1/1 11:28,19.9,57,6.4,35,-8.0,6.4,3.2,3.6,98,950.8,1019.5,362.6,3,0.0,0.0,0.0,0.1,0.0,0.0,--
2026/1/1 11:29,19.9,57,6.4,36,-7.6,6.4,2.5,3.2,66,950.7,1019.4,362.4,3,0.0,0.0,0.0,0.1,0.0,0.0,--
2026/1/1 11:30,19.9,57,6.5,35,-7.9,6.5,2.9,3.2,31,950.7,1019.4,362.5,3,0.0,0.0,0.0,0.1,0.0,0.0,--
2026/1/1 11:31,19.9,57,6.6,34,-8.1,6.6,2.5,5.0,89,950.9,1019.6,363.3,3,0.0,0.0,0.0,0.1,0.0,0.0,--
2026/1/1 11:32,19.9,57,6.7,34,-8.1,6.7,4.7,6.1,98,951.0,1019.7,363.8,3,0.0,0.0,0.0,0.1,0.0,0.0,--
2026/1/1 11:33,19.9,57,6.8,34,-8.0,6.8,4.7,5.4,93,950.8,1019.5,364.6,3,0.0,0.0,0.0,0.1,0.0,0.0,--
2026/1/1 11:34,19.9,57,6.8,34,-8.0,6.8,4.7,5.0,104,950.8,1019.5,365.5,3,0.0,0.0,0.0,0.1,0.0,0.0,--
2026/1/1 11:35,19.9,57,6.7,34,-8.1,6.7,4.7,4.7,66,950.8,1019.5,366.2,3,0.0,0.0,0.0,0.1,0.0,0.0,--
2026/1/1 11:36,19.9,57,6.6,35,-7.8,6.6,3.6,4.0,70,950.8,1019.5,366.8,3,0.0,0.0,0.0,0.1,0.0,0.0,--
2026/1/1 11:37,19.9,57,6.5,35,-7.9,6.5,1.8,4.0,60,950.7,1019.4,366.7,3,0.0,0.0,0.0,0.1,0.0,0.0,--
2026/1/1 11:38,19.9,57,6.5,34,-8.2,6.5,3.6,4.0,81,950.7,1019.4,367.6,3,0.0,0.0,0.0,0.1,0.0,0.0,--
2026/1/1 11:39,19.9,57,6.6,34,-8.1,6.6,1.8,2.5,62,950.7,1019.4,368.1,3,0.0,0.0,0.0,0.1,0.0,0.0,--
2026/1/1 11:40,19.9,57,6.6,34,-8.1,6.6,2.9,3.2,125,950.6,1019.3,368.5,3,0.0,0.0,0.0,0.1,0.0,0.0,--
2026/1/1 11:41,19.9,57,6.7,34,-8.1,6.7,0.0,2.5,52,950.4,1019.1,367.6,3,0.0,0.0,0.0,0.1,0.0,0.0,--
2026/1/1 11:42,19.9,57,6.8,34,-8.0,6.8,2.2,2.5,45,950.6,1019.3,369.0,3,0.0,0.0,0.0,0.1,0.0,0.0,--
2026/1/1 11:43,19.9,57,6.8,34,-8.0,6.8,0.0,2.5,290,950.6,1019.3,369.4,3,0.0,0.0,0.0,0.1,0.0,0.0,--
2026/1/1 11:44,19.8,57,6.7,34,-8.1,6.7,0.0,0.0,208,950.5,1019.2,370.6,3,0.0,0.0,0.0,0.1,0.0,0.0,--
2026/1/1 11:45,19.9,57,6.6,35,-7.8,6.6,0.0,3.6,226,950.4,1019.1,370.8,3,0.0,0.0,0.0,0.1,0.0,0.0,--
2026/1/1 11:46,19.9,57,6.5,36,-7.5,6.5,0.0,1.8,162,950.5,1019.2,371.5,3,0.0,0.0,0.0,0.1,0.0,0.0,--
2026/1/1 11:47,19.9,57,6.4,37,-7.2,6.4,0.0,2.9,126,950.6,1019.3,370.7,3,0.0,0.0,0.0,0.1,0.0,0.0,--
2026/1/1 11:48,19.8,57,6.3,36,-7.7,6.3,2.9,2.9,197,950.6,1019.3,372.4,3,0.0,0.0,0.0,0.1,0.0,0.0,--
2026/1/1 11:49,19.9,57,6.2,36,-7.8,6.2,2.5,2.5,216,950.5,1019.2,372.2,3,0.0,0.0,0.0,0.1,0.0,0.0,--
2026/1/1 11:50,19.9,57,6.2,35,-8.1,6.2,2.9,3.2,238,950.6,1019.3,372.3,3,0.0,0.0,0.0,0.1,0.0,0.0,--
2026/1/1 11:51,19.9,57,6.1,35,-8.2,6.1,4.0,4.0,218,950.2,1018.9,371.9,3,0.0,0.0,0.0,0.1,0.0,0.0,--
2026/1/1 11:52,19.8,57,6.0,36,-7.9,6.0,0.0,0.0,212,950.4,1019.1,371.5,3,0.0,0.0,0.0,0.1,0.0,0.0,--
2026/1/1 11:53,19.8,57,6.0,36,-7.9,6.0,1.8,4.0,13,950.6,1019.3,370.2,3,0.0,0.0,0.0,0.1,0.0,0.0,--
2026/1/1 11:54,19.8,57,6.1,36,-7.9,6.1,2.5,3.6,263,950.5,1019.2,371.1,3,0.0,0.0,0.0,0.1,0.0,0.0,--
2026/1/1 11:55,19.8,57,6.1,38,-7.2,6.1,1.8,2.5,269,950.5,1019.2,371.3,3,0.0,0.0,0.0,0.1,0.0,0.0,--
2026/1/1 11:56,19.8,57,6.2,36,-7.8,6.2,2.9,3.2,173,950.5,1019.2,372.2,3,0.0,0.0,0.0,0.1,0.0,0.0,--
2026/1/1 11:57,19.8,57,6.2,38,-7.1,5.1,6.1,6.1,258,950.6,1019.3,372.2,3,0.0,0.0,0.0,0.1,0.0,0.0,--
2026/1/1 11:58,19.8,57,6.1,38,-7.2,6.1,3.2,5.0,279,950.6,1019.3,369.9,3,0.0,0.0,0.0,0.1,0.0,0.0,--
2026/1/1 11:59,19.8,57,6.1,39,-6.8,6.1,2.2,2.5,268,950.4,1019.1,370.7,3,0.0,0.0,0.0,0.1,0.0,0.0,--
2026/1/1 12:00,19.8,57,6.1,39,-6.8,6.1,0.0,2.2,117,950.5,1019.2,373.2,3,0.0,0.0,0.0,0.1,0.0,0.0,--
2026/1/1 12:01,19.9,57,6.2,38,-7.1,6.2,3.6,4.3,40,950.3,1019.0,372.0,3,0.0,0.0,0.0,0.1,0.0,0.0,--
2026/1/1 12:02,19.9,57,6.4,37,-7.2,6.4,3.6,4.7,112,950.5,1019.2,376.2,3,0.0,0.0,0.0,0.1,0.0,0.0,--
2026/1/1 12:03,19.9,57,6.6,38,-6.7,6.6,0.0,5.0,129,950.5,1019.2,376.2,3,0.0,0.0,0.0,0.1,0.0,0.0,--
2026/1/1 12:04,19.8,57,6.7,38,-6.6,6.7,4.7,6.5,115,950.5,1019.2,375.9,3,0.0,0.0,0.0,0.1,0.0,0.0,--
2026/1/1 12:05,19.8,57,6.8,37,-6.9,5.4,7.2,7.2,104,950.4,1019.1,375.2,3,0.0,0.0,0.0,0.1,0.0,0.0,--
2026/1/1 12:06,19.8,57,6.9,36,-7.1,5.5,7.6,11.5,100,950.6,1019.3,375.3,3,0.0,0.0,0.0,0.1,0.0,0.0,--
2026/1/1 12:07,19.8,57,6.7,37,-7.0,5.0,8.6,9.0,118,950.4,1019.1,375.4,3,0.0,0.0,0.0,0.1,0.0,0.0,--
2026/1/1 12:08,19.8,57,6.5,38,-6.8,5.6,5.4,9.0,114,950.3,1019.0,375.2,3,0.0,0.0,0.0,0.1,0.0,0.0,--
2026/1/1 12:09,19.8,57,6.4,38,-6.9,6.4,4.3,6.5,113,950.4,1019.1,375.6,3,0.0,0.0,0.0,0.1,0.0,0.0,--
2026/1/1 12:10,19.8,57,6.4,38,-6.9,6.4,4.3,6.8,88,950.3,1019.0,375.8,3,0.0,0.0,0.0,0.1,0.0,0.0,--
2026/1/1 12:11,19.8,58,6.4,38,-6.9,6.4,2.9,4.7,119,950.3,1019.0,375.1,3,0.0,0.0,0.0,0.1,0.0,0.0,--
2026/1/1 12:12,19.8,58,6.5,39,-6.5,5.6,5.4,6.1,77,950.3,1019.0,375.7,3,0.0,0.0,0.0,0.1,0.0,0.0,--
2026/1/1 12:13,19.8,58,6.6,37,-7.1,5.1,7.6,7.9,100,950.3,1019.0,376.1,3,0.0,0.0,0.0,0.1,0.0,0.0,--
2026/1/1 12:14,19.8,58,6.6,37,-7.1,5.6,5.8,7.9,112,950.2,1018.9,375.8,3,0.0,0.0,0.0,0.1,0.0,0.0,--
2026/1/1 12:15,19.8,59,6.6,38,-6.7,6.6,4.7,5.4,99,950.4,1019.1,375.9,3,0.0,0.0,0.0,0.1,0.0,0.0,--
2026/1/1 12:16,19.8,59,6.7,39,-6.3,6.7,2.2,2.9,355,950.2,1018.9,375.6,3,0.0,0.0,0.0,0.1,0.0,0.0,--
2026/1/1 12:17,19.8,60,6.7,37,-7.0,6.0,5.0,7.2,109,950.2,1018.9,375.9,3,0.0,0.0,0.0,0.1,0.0,0.0,--
2026/1/1 12:18,19.9,60,6.7,37,-7.0,5.5,6.5,6.8,101,950.1,1018.8,375.6,3,0.0,0.0,0.0,0.1,0.0,0.0,--
2026/1/1 12:19,19.9,60,6.7,36,-7.3,5.9,5.4,6.5,115,950.2,1018.9,376.0,3,0.0,0.0,0.0,0.1,0.0,0.0,--
2026/1/1 12:20,19.8,60,6.6,37,-7.1,6.6,4.7,6.1,111,950.1,1018.8,376.1,3,0.0,0.0,0.0,0.1,0.0,0.0,--
2026/1/1 12:21,19.9,61,6.7,37,-7.0,6.7,4.3,5.0,104,950.0,1018.7,375.8,3,0.0,0.0,0.0,0.1,0.0,0.0,--
2026/1/1 12:22,19.9,61,6.7,37,-7.0,6.0,5.0,5.8,110,950.1,1018.8,375.3,3,0.0,0.0,0.0,0.1,0.0,0.0,--
2026/1/1 12:23,19.9,62,6.8,37,-6.9,6.8,3.6,4.3,73,950.0,1018.7,374.9,3,0.0,0.0,0.0,0.1,0.0,0.0,--
2026/1/1 12:24,20.0,62,6.9,38,-6.4,6.9,0.0,2.9,40,950.2,1018.9,375.2,3,0.0,0.0,0.0,0.1,0.0,0.0,--
2026/1/1 12:25,20.0,62,7.0,37,-6.7,7.0,2.2,2.9,70,950.1,1018.8,374.4,3,0.0,0.0,0.0,0.1,0.0,0.0,--
2026/1/1 12:26,20.0,62,7.0,37,-6.7,7.0,2.5,2.5,48,950.2,1018.9,373.2,3,0.0,0.0,0.0,0.1,0.0,0.0,--
2026/1/1 12:27,20.0,62,7.1,38,-6.3,7.1,3.6,5.0,69,950.2,1018.9,373.7,3,0.0,0.0,0.0,0.1,0.0,0.0,--
2026/1/1 12:28,20.0,62,7.1,35,-7.3,7.1,2.5,3.6,81,950.2,1018.9,373.7,3,0.0,0.0,0.0,0.1,0.0,0.0,--
2026/1/1 12:29,20.0,62,7.3,36,-6.8,7.3,2.2,4.0,72,950.1,1018.8,373.3,3,0.0,0.0,0.0,0.1,0.0,0.0,--
2026/1/1 12:30,20.0,62,7.4,35,-7.1,6.7,5.4,6.5,104,950.0,1018.7,373.7,3,0.0,0.0,0.0,0.1,0.0,0.0,--
2026/1/1 12:31,20.0,62,7.4,35,-7.1,7.4,2.9,3.2,57,949.9,1018.6,372.7,3,0.0,0.0,0.0,0.1,0.0,0.0,--
2026/1/1 12:32,20.0,62,7.4,35,-7.1,7.4,4.3,5.0,78,950.0,1018.7,372.4,3,0.0,0.0,0.0,0.1,0.0,0.0,--
2026/1/1 12:33,20.0,63,7.3,35,-7.2,7.3,4.0,5.0,111,950.0,1018.7,372.5,3,0.0,0.0,0.0,0.1,0.0,0.0,--
2026/1/1 12:34,20.0,63,7.3,35,-7.2,7.3,2.5,2.5,91,950.0,1018.7,372.3,3,0.0,0.0,0.0,0.1,0.0,0.0,--
2026/1/1 12:35,20.0,62,7.4,34,-7.4,7.4,0.0,0.0,99,949.9,1018.6,371.9,3,0.0,0.0,0.0,0.1,0.0,0.0,--
2026/1/1 12:36,19.9,62,7.5,34,-7.3,7.5,2.2,2.2,115,950.0,1018.7,371.9,3,0.0,0.0,0.0,0.1,0.0,0.0,--
2026/1/1 12:37,19.9,62,7.6,34,-7.3,7.6,0.0,0.0,89,949.9,1018.6,371.3,3,0.0,0.0,0.0,0.1,0.0,0.0,--
2026/1/1 12:38,19.9,62,7.6,34,-7.3,7.6,0.0,1.8,77,949.8,1018.5,371.1,3,0.0,0.0,0.0,0.1,0.0,0.0,--
2026/1/1 12:39,19.9,62,7.7,34,-7.2,7.7,2.5,2.5,113,949.8,1018.5,362.9,3,0.0,0.0,0.0,0.1,0.0,0.0,--
2026/1/1 12:40,19.9,62,7.9,33,-7.4,7.9,0.0,1.8,135,949.9,1018.6,370.3,3,0.0,0.0,0.0,0.1,0.0,0.0,--
2026/1/1 12:41,19.9,62,8.0,33,-7.3,8.0,0.0,2.2,107,949.8,1018.5,369.3,3,0.0,0.0,0.0,0.1,0.0,0.0,--
2026/1/1 12:42,19.8,62,8.1,33,-7.2,7.3,5.8,7.2,122,949.8,1018.5,367.5,3,0.0,0.0,0.0,0.1,0.0,0.0,--
2026/1/1 12:43,19.8,62,8.2,33,-7.1,8.2,0.0,1.8,64,949.8,1018.5,368.1,3,0.0,0.0,0.0,0.1,0.0,0.0,--
2026/1/1 12:44,19.8,62,8.3,34,-6.6,8.3,1.8,3.2,99,949.8,1018.5,367.7,3,0.0,0.0,0.0,0.1,0.0,0.0,--
2026/1/1 12:45,19.8,62,8.4,34,-6.6,8.4,3.2,3.2,97,949.6,1018.3,366.2,3,0.0,0.0,0.0,0.1,0.0,0.0,--
2026/1/1 12:46,19.9,62,8.4,34,-6.6,8.4,2.5,5.8,143,949.8,1018.5,365.7,3,0.0,0.0,0.0,0.1,0.0,0.0,--
2026/1/1 12:47,19.9,62,8.4,35,-6.2,8.4,0.0,3.2,234,949.8,1018.5,364.4,3,0.0,0.0,0.0,0.1,0.0,0.0,--
2026/1/1 12:48,19.9,62,8.2,34,-6.7,8.2,0.0,3.6,278,949.9,1018.6,364.2,3,0.0,0.0,0.0,0.1,0.0,0.0,--
2026/1/1 12:49,19.9,62,8.0,34,-6.9,8.0,4.7,5.4,76,949.8,1018.5,363.2,3,0.0,0.0,0.0,0.1,0.0,0.0,--
2026/1/1 12:50,19.9,62,7.9,36,-6.3,7.9,1.8,2.5,33,949.8,1018.5,364.2,3,0.0,0.0,0.0,0.1,0.0,0.0,--
2026/1/1 12:51,19.9,61,7.9,36,-6.3,7.4,5.0,6.1,94,949.9,1018.6,363.7,3,0.0,0.0,0.0,0.1,0.0,0.0,--
2026/1/1 12:52,19.9,61,8.0,36,-6.2,8.0,4.3,5.4,88,949.7,1018.4,363.2,3,0.0,0.0,0.0,0.1,0.0,0.0,--
2026/1/1 12:53,19.8,61,8.0,37,-5.8,8.0,3.6,6.5,107,949.6,1018.3,363.3,3,0.0,0.0,0.0,0.1,0.0,0.0,--
2026/1/1 12:54,19.8,61,8.1,36,-6.1,8.1,4.3,6.8,86,949.6,1018.3,362.8,3,0.0,0.0,0.0,0.1,0.0,0.0,--
2026/1/1 12:55,19.8,62,8.1,37,-5.7,8.1,1.8,2.5,65,949.8,1018.5,361.7,3,0.0,0.0,0.0,0.1,0.0,0.0,--
2026/1/1 12:56,19.8,62,8.1,37,-5.7,8.1,4.0,8.3,116,949.9,1018.6,347.2,3,0.0,0.0,0.0,0.1,0.0,0.0,--
2026/1/1 12:57,19.9,62,8.0,37,-5.8,8.0,4.3,6.1,22,949.7,1018.4,219.8,2,0.0,0.0,0.0,0.1,0.0,0.0,--
2026/1/1 12:58,19.9,62,7.8,37,-6.0,7.3,5.0,6.1,112,949.8,1018.5,73.1,0,0.0,0.0,0.0,0.1,0.0,0.0,--
2026/1/1 12:59,19.8,62,7.5,37,-6.3,7.5,2.9,4.0,59,949.8,1018.5,53.9,0,0.0,0.0,0.0,0.1,0.0,0.0,--
2026/1/1 13:00,19.8,62,7.4,39,-5.7,6.5,6.1,6.1,3,949.8,1018.5,53.7,0,0.0,0.0,0.0,0.1,0.0,0.0,--
2026/1/1 13:01,19.8,62,7.3,38,-6.1,6.7,5.0,7.2,72,949.7,1018.4,53.9,0,0.0,0.0,0.0,0.1,0.0,0.0,--
2026/1/1 13:02,19.8,62,7.1,38,-6.3,5.9,6.8,7.9,53,949.9,1018.6,53.8,0,0.0,0.0,0.0,0.1,0.0,0.0,--
2026/1/1 13:03,19.9,62,7.0,39,-6.0,7.0,0.0,1.8,238,949.8,1018.5,53.8,0,0.0,0.0,0.0,0.1,0.0,0.0,--
2026/1/1 13:04,19.8,61,6.8,39,-6.2,6.8,1.8,5.0,26,949.8,1018.5,53.8,0,0.0,0.0,0.0,0.1,0.0,0.0,--
2026/1/1 13:05,19.8,61,6.7,40,-6.0,6.7,4.3,4.7,293,949.8,1018.5,53.7,0,0.0,0.0,0.0,0.1,0.0,0.0,--
2026/1/1 13:06,19.9,61,6.6,40,-6.0,5.3,6.8,8.6,103,949.7,1018.4,53.7,0,0.0,0.0,0.0,0.1,0.0,0.0,--
2026/1/1 13:07,19.8,61,6.6,40,-6.0,4.8,9.0,9.7,102,949.7,1018.4,53.9,0,0.0,0.0,0.0,0.1,0.0,0.0,--
2026/1/1 13:08,19.9,61,6.6,39,-6.4,6.6,2.2,5.4,350,949.8,1018.5,53.9,0,0.0,0.0,0.0,0.1,0.0,0.0,--
2026/1/1 13:09,19.8,61,6.5,39,-6.5,6.5,4.7,9.4,127,949.8,1018.5,53.9,0,0.0,0.0,0.0,0.1,0.0,0.0,--
2026/1/1 13:10,19.8,61,6.4,41,-5.9,6.4,2.2,2.9,92,949.9,1018.6,54.1,0,0.0,0.0,0.0,0.1,0.0,0.0,--
2026/1/1 13:11,19.8,61,6.4,40,-6.2,5.7,5.0,8.3,105,949.7,1018.4,53.9,0,0.0,0.0,0.0,0.1,0.0,0.0,--
2026/1/1 13:12,19.8,60,6.4,40,-6.2,5.3,6.1,6.1,84,949.7,1018.4,54.1,0,0.0,0.0,0.0,0.1,0.0,0.0,--
2026/1/1 13:13,19.8,60,6.4,41,-5.9,6.4,2.9,3.6,67,949.9,1018.6,54.0,0,0.0,0.0,0.0,0.1,0.0,0.0,--
2026/1/1 13:14,19.9,60,6.4,41,-5.9,6.4,4.0,5.4,38,949.7,1018.4,54.1,0,0.0,0.0,0.0,0.1,0.0,0.0,--
2026/1/1 13:15,19.9,60,6.4,41,-5.9,6.4,1.8,4.0,4,949.9,1018.6,54.0,0,0.0,0.0,0.0,0.1,0.0,0.0,--
2026/1/1 13:16,19.9,60,6.3,41,-6.0,6.3,4.0,4.0,236,949.8,1018.5,54.1,0,0.0,0.0,0.0,0.1,0.0,0.0,--
2026/1/1 13:17,19.9,60,6.2,41,-6.1,4.8,6.8,9.0,107,949.8,1018.5,54.0,0,0.0,0.0,0.0,0.1,0.0,0.0,--
2026/1/1 13:18,19.9,60,6.2,41,-6.1,4.9,6.5,7.2,117,949.6,1018.3,53.9,0,0.0,0.0,0.0,0.1,0.0,0.0,--
2026/1/1 13:19,19.9,59,6.1,40,-6.5,6.1,4.0,4.7,103,949.8,1018.5,53.9,0,0.0,0.0,0.0,0.1,0.0,0.0,--
2026/1/1 13:20,19.9,60,6.0,41,-6.3,6.0,4.3,6.1,113,949.7,1018.4,53.9,0,0.0,0.0,0.0,0.1,0.0,0.0,--
2026/1/1 13:21,19.9,60,6.0,41,-6.3,4.9,6.1,9.7,114,949.6,1018.3,53.8,0,0.0,0.0,0.0,0.1,0.0,0.0,--
2026/1/1 13:22,19.9,60,6.0,42,-5.9,6.0,0.0,3.2,52,949.5,1018.2,53.9,0,0.0,0.0,0.0,0.1,0.0,0.0,--
2026/1/1 13:23,19.9,60,6.0,42,-5.9,6.0,0.0,0.0,29,949.6,1018.3,53.9,0,0.0,0.0,0.0,0.1,0.0,0.0,--
2026/1/1 13:24,19.8,60,6.0,43,-5.6,6.0,2.2,3.2,107,949.6,1018.3,53.8,0,0.0,0.0,0.0,0.1,0.0,0.0,--
2026/1/1 13:25,19.9,60,6.0,41,-6.3,6.0,0.0,2.2,136,949.7,1018.4,53.8,0,0.0,0.0,0.0,0.1,0.0,0.0,--
2026/1/1 13:26,19.9,59,5.9,42,-6.0,5.9,2.5,2.5,118,949.7,1018.4,53.5,0,0.0,0.0,0.0,0.1,0.0,0.0,--
2026/1/1 13:27,19.9,59,5.9,42,-6.0,5.9,1.8,3.2,246,949.7,1018.4,53.5,0,0.0,0.0,0.0,0.1,0.0,0.0,--
2026/1/1 13:28,19.9,59,5.9,42,-6.0,5.9,0.0,0.0,249,949.8,1018.5,53.5,0,0.0,0.0,0.0,0.1,0.0,0.0,--
2026/1/1 13:29,19.9,59,5.9,42,-6.0,4.5,6.8,7.2,108,949.7,1018.4,53.5,0,0.0,0.0,0.0,0.1,0.0,0.0,--
2026/1/1 13:30,19.9,59,5.9,41,-6.4,5.9,2.5,4.7,120,949.6,1018.3,53.5,0,0.0,0.0,0.0,0.1,0.0,0.0,--
2026/1/1 13:31,19.9,59,5.9,41,-6.4,5.9,3.2,3.2,101,949.6,1018.3,53.6,0,0.0,0.0,0.0,0.1,0.0,0.0,--
2026/1/1 13:32,19.9,59,5.9,41,-6.4,5.9,0.0,2.2,89,949.5,1018.2,53.9,0,0.0,0.0,0.0,0.1,0.0,0.0,--
2026/1/1 13:33,19.9,59,5.9,41,-6.4,5.9,1.8,1.8,132,949.5,1018.2,54.0,0,0.0,0.0,0.0,0.1,0.0,0.0,--
2026/1/1 13:34,19.9,59,5.9,42,-6.0,5.9,2.9,3.6,321,949.5,1018.2,52.9,0,0.0,0.0,0.0,0.1,0.0,0.0,--
2026/1/1 13:35,19.9,59,5.9,41,-6.4,5.9,0.0,3.2,320,949.4,1018.1,56.1,0,0.0,0.0,0.0,0.1,0.0,0.0,--
2026/1/1 13:36,19.9,59,5.9,41,-6.4,5.9,0.0,0.0,118,949.5,1018.2,59.2,0,0.0,0.0,0.0,0.1,0.0,0.0,--
2026/1/1 13:37,19.9,59,5.9,43,-5.7,5.9,0.0,0.0,161,949.6,1018.3,59.8,0,0.0,0.0,0.0,0.1,0.0,0.0,--
2026/1/1 13:38,19.9,59,5.9,41,-6.4,5.9,0.0,1.8,141,949.5,1018.2,60.2,0,0.0,0.0,0.0,0.1,0.0,0.0,--
2026/1/1 13:39,19.9,59,5.8,42,-6.1,5.8,2.2,2.2,234,949.6,1018.3,65.4,0,0.0,0.0,0.0,0.1,0.0,0.0,--
2026/1/1 13:40,19.9,59,5.8,42,-6.1,5.8,0.0,1.8,177,949.6,1018.3,65.7,0,0.0,0.0,0.0,0.1,0.0,0.0,--
2026/1/1 13:41,19.9,59,5.8,42,-6.1,5.8,0.0,2.9,146,949.4,1018.1,65.6,0,0.0,0.0,0.0,0.1,0.0,0.0,--
2026/1/1 13:42,19.8,59,5.8,42,-6.1,5.8,1.8,1.8,254,949.4,1018.1,69.9,0,0.0,0.0,0.0,0.1,0.0,0.0,--
2026/1/1 13:43,19.9,59,5.8,42,-6.1,5.8,0.0,2.2,103,949.4,1018.1,73.0,0,0.0,0.0,0.0,0.1,0.0,0.0,--
2026/1/1 13:44,19.8,59,5.8,42,-6.1,5.8,1.8,2.5,153,949.5,1018.2,72.2,0,0.0,0.0,0.0,0.1,0.0,0.0,--
2026/1/1 13:45,19.9,59,5.8,42,-6.1,5.8,2.2,2.5,151,949.5,1018.2,71.5,0,0.0,0.0,0.0,0.1,0.0,0.0,--
2026/1/1 13:46,19.8,58,5.8,42,-6.1,5.8,0.0,1.8,199,949.4,1018.1,73.5,0,0.0,0.0,0.0,0.1,0.0,0.0,--
2026/1/1 13:47,19.8,58,5.8,42,-6.1,5.8,0.0,3.6,135,949.6,1018.3,77.7,0,0.0,0.0,0.0,0.1,0.0,0.0,--
2026/1/1 13:48,19.8,58,5.8,42,-6.1,5.8,3.6,3.6,111,949.4,1018.1,83.8,0,0.0,0.0,0.0,0.1,0.0,0.0,--
2026/1/1 13:49,19.9,58,5.8,42,-6.1,5.8,1.8,3.2,52,949.5,1018.2,94.9,0,0.0,0.0,0.0,0.1,0.0,0.0,--
2026/1/1 13:50,19.9,58,5.9,41,-6.4,5.9,0.0,0.0,336,949.4,1018.1,104.3,0,0.0,0.0,0.0,0.1,0.0,0.0,--
2026/1/1 13:51,19.9,58,5.9,41,-6.4,5.9,2.5,3.2,57,949.4,1018.1,109.5,1,0.0,0.0,0.0,0.1,0.0,0.0,--
2026/1/1 13:52,19.9,58,6.0,41,-6.3,6.0,2.2,3.2,119,949.7,1018.4,105.7,0,0.0,0.0,0.0,0.1,0.0,0.0,--
2026/1/1 13:53,19.9,58,6.0,41,-6.3,6.0,3.2,3.6,64,949.3,1018.0,94.3,0,0.0,0.0,0.0,0.1,0.0,0.0,--
2026/1/1 13:54,19.9,58,6.1,41,-6.2,6.1,0.0,2.2,131,949.5,1018.2,87.1,0,0.0,0.0,0.0,0.1,0.0,0.0,--
2026/1/1 13:55,19.9,58,6.1,41,-6.2,6.1,0.0,0.0,159,949.4,1018.1,90.6,0,0.0,0.0,0.0,0.1,0.0,0.0,--
2026/1/1 13:56,19.9,58,6.1,42,-5.9,6.1,1.8,2.2,218,949.4,1018.1,100.0,0,0.0,0.0,0.0,0.1,0.0,0.0,--
2026/1/1 13:57,19.9,58,6.1,42,-5.9,6.1,3.2,3.2,223,949.2,1017.9,107.8,1,0.0,0.0,0.0,0.1,0.0,0.0,--
2026/1/1 13:58,19.9,58,6.1,42,-5.9,6.1,2.5,2.5,243,949.3,1018.0,109.7,1,0.0,0.0,0.0,0.1,0.0,0.0,--
2026/1/1 13:59,19.9,58,6.1,43,-5.5,6.1,0.0,2.9,117,949.3,1018.0,112.8,1,0.0,0.0,0.0,0.1,0.0,0.0,--
2026/1/1 14:00,19.8,58,6.1,43,-5.5,6.1,4.0,4.3,61,949.4,1018.1,122.5,1,0.0,0.0,0.0,0.1,0.0,0.0,--
2026/1/1 14:01,19.8,58,6.1,43,-5.5,6.1,1.8,2.2,196,949.4,1018.1,139.0,1,0.0,0.0,0.0,0.1,0.0,0.0,--
2026/1/1 14:02,19.9,58,6.1,44,-5.2,6.1,0.0,2.5,209,949.3,1018.0,150.1,1,0.0,0.0,0.0,0.1,0.0,0.0,--
2026/1/1 14:03,19.9,58,6.1,43,-5.5,4.1,9.4,9.4,121,949.5,1018.2,157.3,1,0.0,0.0,0.0,0.1,0.0,0.0,--
2026/1/1 14:04,19.9,58,6.2,44,-5.2,6.2,2.9,5.0,269,949.4,1018.1,161.9,1,0.0,0.0,0.0,0.1,0.0,0.0,--
2026/1/1 14:05,19.9,58,6.3,45,-4.8,6.3,2.5,4.0,287,949.5,1018.2,155.8,1,0.0,0.0,0.0,0.1,0.0,0.0,--
2026/1/1 14:06,19.9,58,6.4,43,-5.3,6.4,2.9,4.0,278,949.4,1018.1,145.2,1,0.0,0.0,0.0,0.1,0.0,0.0,--
2026/1/1 14:07,19.9,58,6.5,43,-5.2,6.5,0.0,0.0,56,949.5,1018.2,136.5,1,0.0,0.0,0.0,0.1,0.0,0.0,--
2026/1/1 14:08,19.9,58,6.5,43,-5.2,6.5,1.8,1.8,140,949.4,1018.1,127.7,1,0.0,0.0,0.0,0.1,0.0,0.0,--
2026/1/1 14:09,19.9,58,6.5,43,-5.2,6.5,2.5,2.9,252,949.4,1018.1,121.8,1,0.0,0.0,0.0,0.1,0.0,0.0,--
2026/1/1 14:10,19.9,58,6.5,43,-5.2,6.5,0.0,3.6,16,949.4,1018.1,119.0,1,0.0,0.0,0.0,0.1,0.0,0.0,--
2026/1/1 14:11,19.9,58,6.4,43,-5.3,6.4,2.5,2.5,109,949.5,1018.2,120.6,1,0.0,0.0,0.0,0.1,0.0,0.0,--
2026/1/1 14:12,19.9,58,6.4,43,-5.3,6.4,1.8,2.2,93,949.4,1018.1,122.9,1,0.0,0.0,0.0,0.1,0.0,0.0,--
2026/1/1 14:13,19.9,58,6.4,43,-5.3,5.4,5.8,6.5,108,949.5,1018.2,123.0,1,0.0,0.0,0.0,0.1,0.0,0.0,--
2026/1/1 14:14,19.9,58,6.5,42,-5.5,5.3,6.5,6.8,102,949.5,1018.2,126.3,1,0.0,0.0,0.0,0.1,0.0,0.0,--
2026/1/1 14:15,19.8,58,6.4,43,-5.3,6.4,3.2,3.2,266,949.6,1018.3,129.0,1,0.0,0.0,0.0,0.1,0.0,0.0,--
2026/1/1 14:16,19.8,58,6.4,41,-5.9,6.4,1.8,2.5,86,949.6,1018.3,124.4,1,0.0,0.0,0.0,0.1,0.0,0.0,--
2026/1/1 14:17,19.8,58,6.4,42,-5.6,6.4,3.2,5.4,324,949.5,1018.2,121.7,1,0.0,0.0,0.0,0.1,0.0,0.0,--
2026/1/1 14:18,19.8,58,6.3,42,-5.7,6.3,0.0,3.2,173,949.4,1018.1,121.3,1,0.0,0.0,0.0,0.1,0.0,0.0,--
2026/1/1 14:19,19.8,58,6.2,42,-5.8,6.2,3.6,5.4,254,949.6,1018.3,117.3,1,0.0,0.0,0.0,0.1,0.0,0.0,--
2026/1/1 14:20,19.9,58,6.1,42,-5.9,4.8,6.5,6.5,99,949.6,1018.3,117.3,1,0.0,0.0,0.0,0.1,0.0,0.0,--
2026/1/1 14:21,19.9,58,6.1,42,-5.9,6.1,4.7,5.0,9,949.6,1018.3,115.0,1,0.0,0.0,0.0,0.1,0.0,0.0,--
2026/1/1 14:22,19.8,58,6.0,42,-5.9,6.0,1.8,3.2,53,949.6,1018.3,119.4,1,0.0,0.0,0.0,0.1,0.0,0.0,--
2026/1/1 14:23,19.9,58,6.0,43,-5.6,6.0,1.8,2.9,117,949.6,1018.3,119.4,1,0.0,0.0,0.0,0.1,0.0,0.0,--
2026/1/1 14:24,19.8,58,5.9,43,-5.7,5.9,0.0,2.2,96,949.7,1018.4,121.4,1,0.0,0.0,0.0,0.1,0.0,0.0,--
2026/1/1 14:25,19.9,58,5.9,44,-5.4,5.9,2.2,2.9,197,949.7,1018.4,121.7,1,0.0,0.0,0.0,0.1,0.0,0.0,--
2026/1/1 14:26,19.8,58,5.9,44,-5.4,5.9,3.2,3.6,260,949.5,1018.2,120.2,1,0.0,0.0,0.0,0.1,0.0,0.0,--
2026/1/1 14:27,19.9,58,5.9,43,-5.7,5.9,0.0,0.0,240,949.7,1018.4,124.1,1,0.0,0.0,0.0,0.1,0.0,0.0,--
2026/1/1 14:28,19.9,58,5.8,43,-5.8,5.8,0.0,1.8,141,949.5,1018.2,124.3,1,0.0,0.0,0.0,0.1,0.0,0.0,--
2026/1/1 14:29,19.8,58,5.8,43,-5.8,5.8,4.7,4.7,316,949.4,1018.1,122.6,1,0.0,0.0,0.0,0.1,0.0,0.0,--
2026/1/1 14:30,19.9,58,5.8,43,-5.8,5.8,3.6,5.8,280,949.6,1018.3,125.5,1,0.0,0.0,0.0,0.1,0.0,0.0,--
2026/1/1 14:31,19.9,58,5.7,44,-5.6,5.7,0.0,2.5,52,949.5,1018.2,128.6,1,0.0,0.0,0.0,0.1,0.0,0.0,--
2026/1/1 14:32,19.9,58,5.7,44,-5.6,5.7,1.8,4.3,222,949.6,1018.3,132.7,1,0.0,0.0,0.0,0.1,0.0,0.0,--
2026/1/1 14:33,19.9,58,5.7,44,-5.6,5.7,2.2,4.7,301,949.5,1018.2,137.4,1,0.0,0.0,0.0,0.1,0.0,0.0,--
2026/1/1 14:34,19.9,58,5.7,44,-5.6,4.9,5.0,5.4,52,949.7,1018.4,134.3,1,0.0,0.0,0.0,0.1,0.0,0.0,--
2026/1/1 14:35,19.9,58,5.7,44,-5.6,5.7,2.2,3.2,255,949.7,1018.4,123.3,1,0.0,0.0,0.0,0.1,0.0,0.0,--
2026/1/1 14:36,19.9,58,5.6,44,-5.7,5.6,0.0,3.2,7,949.5,1018.2,118.7,1,0.0,0.0,0.0,0.1,0.0,0.0,--
2026/1/1 14:37,19.9,58,5.6,44,-5.7,5.6,3.6,6.1,314,949.5,1018.2,119.1,1,0.0,0.0,0.0,0.1,0.0,0.0,--
2026/1/1 14:38,19.9,58,5.6,43,-6.0,5.6,3.6,5.0,337,949.5,1018.2,117.1,1,0.0,0.0,0.0,0.1,0.0,0.0,--
2026/1/1 14:39,19.9,58,5.5,43,-6.1,5.5,2.5,5.0,18,949.5,1018.2,114.6,1,0.0,0.0,0.0,0.1,0.0,0.0,--
2026/1/1 14:40,19.9,58,5.5,43,-6.1,5.5,4.0,4.3,359,949.6,1018.3,115.0,1,0.0,0.0,0.0,0.1,0.0,0.0,--
2026/1/1 14:41,19.9,58,5.4,44,-5.9,5.4,0.0,0.0,135,949.5,1018.2,112.4,1,0.0,0.0,0.0,0.1,0.0,0.0,--
2026/1/1 14:42,19.9,58,5.4,43,-6.2,5.4,0.0,1.8,66,949.6,1018.3,109.0,1,0.0,0.0,0.0,0.1,0.0,0.0,--
2026/1/1 14:43,19.9,58,5.4,44,-5.9,5.4,2.5,3.2,65,949.6,1018.3,111.2,1,0.0,0.0,0.0,0.1,0.0,0.0,--
2026/1/1 14:44,19.8,58,5.4,44,-5.9,5.4,0.0,1.8,60,949.5,1018.2,111.3,1,0.0,0.0,0.0,0.1,0.0,0.0,--
2026/1/1 14:45,19.9,58,5.4,45,-5.6,5.4,4.0,4.0,97,949.4,1018.1,110.1,1,0.0,0.0,0.0,0.1,0.0,0.0,--
2026/1/1 14:46,19.9,58,5.5,44,-5.8,4.4,5.8,6.5,100,949.5,1018.2,107.1,0,0.0,0.0,0.0,0.1,0.0,0.0,--
2026/1/1 14:47,19.9,58,5.5,45,-5.5,4.4,5.8,7.2,107,949.5,1018.2,99.2,0,0.0,0.0,0.0,0.1,0.0,0.0,--
2026/1/1 14:48,19.9,58,5.5,44,-5.8,3.9,7.2,7.6,100,949.7,1018.4,98.1,0,0.0,0.0,0.0,0.1,0.0,0.0,--
2026/1/1 14:49,19.9,58,5.5,44,-5.8,4.6,5.0,7.2,107,949.8,1018.5,106.7,0,0.0,0.0,0.0,0.1,0.0,0.0,--
2026/1/1 14:50,19.9,58,5.4,45,-5.6,5.4,4.0,5.0,106,949.5,1018.2,106.8,0,0.0,0.0,0.0,0.1,0.0,0.0,--
2026/1/1 14:51,19.8,58,5.4,45,-5.6,5.4,4.0,4.7,96,949.6,1018.3,92.6,0,0.0,0.0,0.0,0.1,0.0,0.0,--
2026/1/1 14:52,19.8,58,5.4,44,-5.9,4.2,6.1,6.1,101,949.5,1018.2,76.3,0,0.0,0.0,0.0,0.1,0.0,0.0,--
2026/1/1 14:53,19.9,58,5.4,43,-6.2,4.4,5.4,6.8,101,949.8,1018.5,67.2,0,0.0,0.0,0.0,0.1,0.0,0.0,--
2026/1/1 14:54,19.9,58,5.4,43,-6.2,5.4,4.7,5.8,94,949.6,1018.3,63.7,0,0.0,0.0,0.0,0.1,0.0,0.0,--
2026/1/1 14:55,19.9,58,5.4,44,-5.9,5.4,2.2,2.5,0,949.7,1018.4,64.9,0,0.0,0.0,0.0,0.1,0.0,0.0,--
2026/1/1 14:56,19.9,58,5.4,44,-5.9,5.4,3.2,4.3,52,949.6,1018.3,67.2,0,0.0,0.0,0.0,0.1,0.0,0.0,--
2026/1/1 14:57,19.9,58,5.3,44,-6.0,5.3,2.5,3.2,65,949.7,1018.4,70.3,0,0.0,0.0,0.0,0.1,0.0,0.0,--
2026/1/1 14:58,19.9,58,5.3,44,-6.0,5.3,0.0,2.2,349,949.8,1018.5,74.2,0,0.0,0.0,0.0,0.1,0.0,0.0,--
2026/1/1 14:59,19.9,58,5.3,44,-6.0,5.3,2.9,2.9,329,949.7,1018.4,84.3,0,0.0,0.0,0.0,0.1,0.0,0.0,--
2026/1/1 15:00,19.9,58,5.3,45,-5.7,5.3,1.8,3.2,339,949.5,1018.2,102.2,0,0.0,0.0,0.0,0.1,0.0,0.0,--
2026/1/1 15:01,19.9,58,5.3,44,-6.0,5.3,0.0,2.2,308,949.8,1018.5,109.3,1,0.0,0.0,0.0,0.1,0.0,0.0,--
2026/1/1 15:02,19.9,59,5.3,44,-6.0,5.3,0.0,0.0,9,949.5,1018.2,100.3,0,0.0,0.0,0.0,0.1,0.0,0.0,--
2026/1/1 15:03,19.9,59,5.3,44,-6.0,4.4,5.0,5.4,305,949.5,1018.2,85.1,0,0.0,0.0,0.0,0.1,0.0,0.0,--
2026/1/1 15:04,19.9,59,5.3,43,-6.3,5.3,0.0,0.0,255,949.8,1018.5,73.0,0,0.0,0.0,0.0,0.1,0.0,0.0,--
2026/1/1 15:05,19.9,59,5.3,44,-6.0,5.3,2.2,3.2,52,949.5,1018.2,70.6,0,0.0,0.0,0.0,0.1,0.0,0.0,--
2026/1/1 15:06,19.9,59,5.3,44,-6.0,5.3,2.5,2.9,51,949.7,1018.4,72.7,0,0.0,0.0,0.0,0.1,0.0,0.0,--
2026/1/1 15:07,19.9,59,5.3,43,-6.3,5.3,0.0,2.9,32,949.5,1018.2,72.6,0,0.0,0.0,0.0,0.1,0.0,0.0,--
2026/1/1 15:08,19.9,59,5.2,44,-6.1,5.2,0.0,1.8,76,949.5,1018.2,70.0,0,0.0,0.0,0.0,0.1,0.0,0.0,--
2026/1/1 15:09,19.9,59,5.2,43,-6.4,5.2,0.0,1.8,293,949.6,1018.3,67.3,0,0.0,0.0,0.0,0.1,0.0,0.0,--
2026/1/1 15:10,19.9,60,5.2,44,-6.1,5.2,2.2,2.5,310,949.7,1018.4,67.7,0,0.0,0.0,0.0,0.1,0.0,0.0,--
2026/1/1 15:11,19.9,60,5.2,45,-5.8,5.2,0.0,1.8,124,949.5,1018.2,70.7,0,0.0,0.0,0.0,0.1,0.0,0.0,--
2026/1/1 15:12,19.9,60,5.2,44,-6.1,5.2,0.0,1.8,105,949.6,1018.3,73.0,0,0.0,0.0,0.0,0.1,0.0,0.0,--
2026/1/1 15:13,19.8,60,5.2,44,-6.1,5.2,2.9,3.2,339,949.5,1018.2,71.2,0,0.0,0.0,0.0,0.1,0.0,0.0,--
2026/1/1 15:14,19.8,61,5.2,43,-6.4,5.2,2.2,2.2,56,949.7,1018.4,68.1,0,0.0,0.0,0.0,0.1,0.0,0.0,--
2026/1/1 15:15,19.8,61,5.1,43,-6.5,5.1,0.0,3.6,213,949.5,1018.2,61.8,0,0.0,0.0,0.0,0.1,0.0,0.0,--
2026/1/1 15:16,19.8,61,5.1,43,-6.5,5.1,3.6,5.0,278,949.6,1018.3,55.4,0,0.0,0.0,0.0,0.1,0.0,0.0,--
2026/1/1 15:17,19.8,62,5.0,43,-6.5,5.0,1.8,2.5,344,949.7,1018.4,53.3,0,0.0,0.0,0.0,0.1,0.0,0.0,--
2026/1/1 15:18,19.8,62,5.0,43,-6.5,5.0,1.8,2.9,5,949.5,1018.2,55.5,0,0.0,0.0,0.0,0.1,0.0,0.0,--
2026/1/1 15:19,19.8,62,5.0,44,-6.2,5.0,0.0,0.0,269,949.7,1018.4,59.1,0,0.0,0.0,0.0,0.1,0.0,0.0,--
2026/1/1 15:20,19.8,63,4.9,44,-6.3,4.9,1.8,1.8,8,949.7,1018.4,61.0,0,0.0,0.0,0.0,0.1,0.0,0.0,--
2026/1/1 15:21,19.8,63,4.9,45,-6.0,4.9,1.8,2.9,343,949.7,1018.4,60.1,0,0.0,0.0,0.0,0.1,0.0,0.0,--
2026/1/1 15:22,19.8,62,4.9,44,-6.3,4.9,0.0,2.2,324,949.7,1018.4,57.3,0,0.0,0.0,0.0,0.1,0.0,0.0,--
2026/1/1 15:23,19.8,62,4.9,44,-6.3,4.9,1.8,3.2,19,949.7,1018.4,53.8,0,0.0,0.0,0.0,0.1,0.0,0.0,--
2026/1/1 15:24,19.8,62,4.9,44,-6.3,4.9,4.0,4.3,20,949.9,1018.6,49.4,0,0.0,0.0,0.0,0.1,0.0,0.0,--
2026/1/1 15:25,19.8,62,4.9,44,-6.3,4.9,2.9,2.9,40,949.7,1018.4,46.1,0,0.0,0.0,0.0,0.1,0.0,0.0,--
2026/1/1 15:26,19.9,61,4.9,43,-6.6,4.9,3.2,4.0,14,949.8,1018.5,43.2,0,0.0,0.0,0.0,0.1,0.0,0.0,--
2026/1/1 15:27,19.9,61,4.9,43,-6.6,4.9,0.0,2.5,3,949.7,1018.4,40.3,0,0.0,0.0,0.0,0.1,0.0,0.0,--
2026/1/1 15:28,19.9,61,4.9,43,-6.6,4.9,2.5,3.2,347,949.7,1018.4,39.3,0,0.0,0.0,0.0,0.1,0.0,0.0,--
2026/1/1 15:29,19.9,61,4.9,44,-6.3,4.9,0.0,0.0,304,949.6,1018.3,39.4,0,0.0,0.0,0.0,0.1,0.0,0.0,--
2026/1/1 15:30,19.9,61,4.9,43,-6.6,4.9,2.2,2.2,38,949.7,1018.4,38.9,0,0.0,0.0,0.0,0.1,0.0,0.0,--
2026/1/1 15:31,19.9,61,4.8,42,-7.0,4.8,1.8,3.6,83,949.7,1018.4,38.5,0,0.0,0.0,0.0,0.1,0.0,0.0,--
2026/1/1 15:32,19.9,61,4.8,42,-7.0,4.8,0.0,2.2,79,949.9,1018.6,39.3,0,0.0,0.0,0.0,0.1,0.0,0.0,--
2026/1/1 15:33,19.9,60,4.8,44,-6.4,4.8,2.5,2.9,45,949.7,1018.4,40.2,0,0.0,0.0,0.0,0.1,0.0,0.0,--
2026/1/1 15:34,19.9,60,4.8,44,-6.4,4.8,2.5,3.2,11,949.6,1018.3,38.8,0,0.0,0.0,0.0,0.1,0.0,0.0,--
2026/1/1 15:35,19.9,60,4.8,45,-6.1,4.8,2.2,2.9,34,949.7,1018.4,34.2,0,0.0,0.0,0.0,0.1,0.0,0.0,--
2026/1/1 15:36,19.8,60,4.8,44,-6.4,4.8,0.0,2.2,51,949.7,1018.4,30.8,0,0.0,0.0,0.0,0.1,0.0,0.0,--
2026/1/1 15:37,19.9,60,4.8,44,-6.4,4.8,0.0,3.2,82,949.6,1018.3,29.6,0,0.0,0.0,0.0,0.1,0.0,0.0,--
2026/1/1 15:38,19.9,60,4.8,44,-6.4,4.8,2.2,2.5,61,949.5,1018.2,28.8,0,0.0,0.0,0.0,0.1,0.0,0.0,--
2026/1/1 15:39,19.8,60,4.8,44,-6.4,4.8,0.0,0.0,69,949.7,1018.4,26.8,0,0.0,0.0,0.0,0.1,0.0,0.0,--
2026/1/1 15:40,19.8,60,4.8,44,-6.4,4.8,1.8,1.8,69,949.7,1018.4,24.3,0,0.0,0.0,0.0,0.1,0.0,0.0,--
2026/1/1 15:41,19.9,60,4.8,46,-5.9,4.8,2.2,2.5,37,949.6,1018.3,22.2,0,0.0,0.0,0.0,0.1,0.0,0.0,--
2026/1/1 15:42,19.9,60,4.8,45,-6.1,4.8,0.0,0.0,44,949.5,1018.2,21.3,0,0.0,0.0,0.0,0.1,0.0,0.0,--
2026/1/1 15:43,19.9,60,4.7,46,-5.9,4.7,0.0,0.0,315,949.5,1018.2,21.1,0,0.0,0.0,0.0,0.1,0.0,0.0,--
2026/1/1 15:44,19.8,60,4.7,47,-5.7,4.7,0.0,0.0,315,949.4,1018.1,21.3,0,0.0,0.0,0.0,0.1,0.0,0.0,--
2026/1/1 15:45,19.8,60,4.7,45,-6.2,4.7,0.0,0.0,135,949.7,1018.4,20.7,0,0.0,0.0,0.0,0.1,0.0,0.0,--
2026/1/1 15:46,19.9,60,4.7,44,-6.5,4.7,0.0,1.8,150,949.6,1018.3,19.1,0,0.0,0.0,0.0,0.1,0.0,0.0,--
2026/1/1 15:47,19.9,60,4.6,43,-6.9,4.6,0.0,2.2,116,949.6,1018.3,17.6,0,0.0,0.0,0.0,0.1,0.0,0.0,--
2026/1/1 15:48,19.9,60,4.6,43,-6.9,4.6,1.8,2.2,95,949.6,1018.3,17.3,0,0.0,0.0,0.0,0.1,0.0,0.0,--
2026/1/1 15:49,19.9,60,4.6,43,-6.9,4.6,0.0,0.0,135,949.6,1018.3,17.7,0,0.0,0.0,0.0,0.1,0.0,0.0,--
2026/1/1 15:50,19.9,60,4.6,43,-6.9,4.6,0.0,1.8,89,949.6,1018.3,18.0,0,0.0,0.0,0.0,0.1,0.0,0.0,--
2026/1/1 15:51,19.9,60,4.6,43,-6.9,4.6,0.0,0.0,76,949.5,1018.2,17.2,0,0.0,0.0,0.0,0.1,0.0,0.0,--
2026/1/1 15:52,19.9,60,4.6,44,-6.6,4.6,0.0,0.0,44,949.7,1018.4,15.4,0,0.0,0.0,0.0,0.1,0.0,0.0,--
2026/1/1 15:53,19.8,60,4.6,44,-6.6,4.6,0.0,0.0,29,949.7,1018.4,13.5,0,0.0,0.0,0.0,0.1,0.0,0.0,--
2026/1/1 15:54,19.8,60,4.6,44,-6.6,4.6,0.0,1.8,26,949.6,1018.3,12.5,0,0.0,0.0,0.0,0.1,0.0,0.0,--
2026/1/1 15:55,19.8,60,4.6,45,-6.3,4.6,2.9,2.9,55,949.8,1018.5,12.2,0,0.0,0.0,0.0,0.1,0.0,0.0,--
2026/1/1 15:56,19.8,60,4.6,45,-6.3,4.6,0.0,2.2,81,949.7,1018.4,12.7,0,0.0,0.0,0.0,0.1,0.0,0.0,--
2026/1/1 15:57,19.8,60,4.6,47,-5.8,4.6,2.2,2.2,97,949.6,1018.3,13.4,0,0.0,0.0,0.0,0.1,0.0,0.0,--
2026/1/1 15:58,19.8,59,4.5,45,-6.4,4.5,2.2,2.2,96,949.5,1018.2,13.6,0,0.0,0.0,0.0,0.1,0.0,0.0,--
2026/1/1 15:59,19.9,59,4.5,46,-6.1,4.5,0.0,0.0,113,949.5,1018.2,12.9,0,0.0,0.0,0.0,0.1,0.0,0.0,--
2026/1/1 16:00,19.9,59,4.5,47,-5.9,4.5,0.0,0.0,113,949.6,1018.3,11.9,0,0.0,0.0,0.0,0.1,0.0,0.0,--
2026/1/1 16:01,19.8,59,4.5,47,-5.9,4.5,0.0,0.0,135,949.6,1018.3,11.9,0,0.0,0.0,0.0,0.1,0.0,0.0,--
2026/1/1 16:02,19.8,59,4.4,46,-6.2,4.4,0.0,0.0,135,949.8,1018.5,12.7,0,0.0,0.0,0.0,0.1,0.0,0.0,--
2026/1/1 16:03,19.8,59,4.4,46,-6.2,4.4,0.0,1.8,95,949.6,1018.3,13.1,0,0.0,0.0,0.0,0.1,0.0,0.0,--
2026/1/1 16:04,19.8,59,4.4,46,-6.2,4.4,0.0,2.2,70,949.7,1018.4,12.6,0,0.0,0.0,0.0,0.1,0.0,0.0,--
2026/1/1 16:05,19.9,59,4.4,46,-6.2,4.4,1.8,1.8,82,949.7,1018.4,11.9,0,0.0,0.0,0.0,0.1,0.0,0.0,--
2026/1/1 16:06,19.8,59,4.4,47,-6.0,4.4,0.0,2.2,89,949.6,1018.3,12.0,0,0.0,0.0,0.0,0.1,0.0,0.0,--
2026/1/1 16:07,19.9,59,4.3,47,-6.0,4.3,0.0,1.8,45,949.5,1018.2,12.5,0,0.0,0.0,0.0,0.1,0.0,0.0,--
2026/1/1 16:08,19.8,59,4.3,48,-5.7,4.3,0.0,2.2,37,949.6,1018.3,12.7,0,0.0,0.0,0.0,0.1,0.0,0.0,--
2026/1/1 16:09,19.8,59,4.3,51,-4.9,4.3,0.0,0.0,140,949.5,1018.2,12.4,0,0.0,0.0,0.0,0.1,0.0,0.0,--
2026/1/1 16:10,19.8,59,4.3,49,-5.5,4.3,0.0,0.0,140,949.6,1018.3,11.7,0,0.0,0.0,0.0,0.1,0.0,0.0,--
2026/1/1 16:11,19.8,59,4.2,50,-5.3,4.2,0.0,0.0,147,949.6,1018.3,10.8,0,0.0,0.0,0.0,0.1,0.0,0.0,--
2026/1/1 16:12,19.8,59,4.2,49,-5.6,4.2,0.0,0.0,60,949.7,1018.4,10.4,0,0.0,0.0,0.0,0.1,0.0,0.0,--
2026/1/1 16:13,19.8,59,4.2,50,-5.3,4.2,0.0,0.0,57,949.9,1018.6,10.6,0,0.0,0.0,0.0,0.1,0.0,0.0,--
2026/1/1 16:14,19.8,59,4.2,46,-6.4,4.2,0.0,2.2,23,949.8,1018.5,11.0,0,0.0,0.0,0.0,0.1,0.0,0.0,--
2026/1/1 16:15,19.8,59,4.2,44,-7.0,4.2,0.0,0.0,38,949.7,1018.4,10.9,0,0.0,0.0,0.0,0.1,0.0,0.0,--
2026/1/1 16:16,19.8,59,4.2,45,-6.7,4.2,0.0,1.8,32,949.8,1018.5,10.1,0,0.0,0.0,0.0,0.1,0.0,0.0,--
2026/1/1 16:17,19.8,59,4.2,44,-7.0,4.2,2.2,2.5,344,949.7,1018.4,9.0,0,0.0,0.0,0.0,0.1,0.0,0.0,--
2026/1/1 16:18,19.8,59,4.2,43,-7.3,4.2,2.5,2.9,61,949.8,1018.5,8.2,0,0.0,0.0,0.0,0.1,0.0,0.0,--
2026/1/1 16:19,19.8,59,4.2,44,-7.0,4.2,0.0,1.8,22,949.5,1018.2,7.8,0,0.0,0.0,0.0,0.1,0.0,0.0,--
2026/1/1 16:20,19.8,59,4.2,45,-6.7,4.2,0.0,0.0,23,949.8,1018.5,7.4,0,0.0,0.0,0.0,0.1,0.0,0.0,--
2026/1/1 16:21,19.8,59,4.2,43,-7.3,4.2,0.0,1.8,35,949.8,1018.5,6.7,0,0.0,0.0,0.0,0.1,0.0,0.0,--
2026/1/1 16:22,19.8,59,4.2,43,-7.3,4.2,0.0,2.2,44,949.7,1018.4,5.9,0,0.0,0.0,0.0,0.1,0.0,0.0,--
2026/1/1 16:23,19.8,59,4.2,43,-7.3,4.2,2.2,2.5,19,949.7,1018.4,5.5,0,0.0,0.0,0.0,0.1,0.0,0.0,--
2026/1/1 16:24,19.8,59,4.2,44,-7.0,4.2,0.0,2.5,356,949.8,1018.5,5.3,0,0.0,0.0,0.0,0.1,0.0,0.0,--
2026/1/1 16:25,19.7,59,4.2,44,-7.0,4.2,2.2,2.2,20,949.7,1018.4,5.6,0,0.0,0.0,0.0,0.1,0.0,0.0,--
2026/1/1 16:26,19.8,59,4.2,46,-6.4,4.2,3.2,3.2,31,949.8,1018.5,6.4,0,0.0,0.0,0.0,0.1,0.0,0.0,--
2026/1/1 16:27,19.8,59,4.2,47,-6.1,4.2,3.6,4.3,27,949.7,1018.4,7.6,0,0.0,0.0,0.0,0.1,0.0,0.0,--
2026/1/1 16:28,19.8,59,4.1,47,-6.2,4.1,2.2,3.2,20,949.7,1018.4,7.9,0,0.0,0.0,0.0,0.1,0.0,0.0,--
2026/1/1 16:29,19.8,59,4.1,47,-6.2,4.1,0.0,1.8,32,949.6,1018.3,7.1,0,0.0,0.0,0.0,0.1,0.0,0.0,--
2026/1/1 16:30,19.8,59,4.1,46,-6.5,4.1,1.8,2.9,56,949.5,1018.2,6.0,0,0.0,0.0,0.0,0.1,0.0,0.0,--
2026/1/1 16:31,19.8,59,4.0,46,-6.6,4.0,0.0,1.8,49,949.6,1018.3,5.2,0,0.0,0.0,0.0,0.1,0.0,0.0,--
2026/1/1 16:32,19.8,59,4.0,46,-6.6,4.0,1.8,2.5,55,949.6,1018.3,4.8,0,0.0,0.0,0.0,0.1,0.0,0.0,--
2026/1/1 16:33,19.8,59,4.0,46,-6.6,4.0,0.0,0.0,22,949.6,1018.3,4.5,0,0.0,0.0,0.0,0.1,0.0,0.0,--
2026/1/1 16:34,19.8,59,4.0,48,-6.0,4.0,0.0,0.0,22,949.7,1018.4,4.0,0,0.0,0.0,0.0,0.1,0.0,0.0,--
2026/1/1 16:35,19.8,59,4.0,47,-6.3,4.0,0.0,0.0,124,949.8,1018.5,3.3,0,0.0,0.0,0.0,0.1,0.0,0.0,--
2026/1/1 16:36,19.8,58,3.9,48,-6.1,3.9,0.0,0.0,135,949.5,1018.2,2.8,0,0.0,0.0,0.0,0.1,0.0,0.0,--
2026/1/1 16:37,19.8,58,3.9,47,-6.4,3.9,0.0,0.0,135,949.6,1018.3,2.5,0,0.0,0.0,0.0,0.1,0.0,0.0,--
2026/1/1 16:38,19.8,58,3.9,48,-6.1,3.9,0.0,0.0,135,949.8,1018.5,2.2,0,0.0,0.0,0.0,0.1,0.0,0.0,--
2026/1/1 16:39,19.8,58,3.8,47,-6.5,3.8,0.0,0.0,135,949.6,1018.3,2.2,0,0.0,0.0,0.0,0.1,0.0,0.0,--
2026/1/1 16:40,19.8,58,3.8,48,-6.2,3.8,0.0,0.0,98,949.8,1018.5,2.1,0,0.0,0.0,0.0,0.1,0.0,0.0,--
2026/1/1 16:41,19.8,58,3.8,47,-6.5,3.8,0.0,0.0,110,949.7,1018.4,1.9,0,0.0,0.0,0.0,0.1,0.0,0.0,--
2026/1/1 16:42,19.8,58,3.7,48,-6.3,3.7,0.0,2.2,65,949.7,1018.4,1.8,0,0.0,0.0,0.0,0.1,0.0,0.0,--
2026/1/1 16:43,19.7,58,3.7,48,-6.3,3.7,1.8,2.5,54,949.9,1018.6,1.8,0,0.0,0.0,0.0,0.1,0.0,0.0,--
2026/1/1 16:44,19.8,58,3.7,49,-6.0,3.7,2.2,2.5,68,949.9,1018.6,1.7,0,0.0,0.0,0.0,0.1,0.0,0.0,--
2026/1/1 16:45,19.8,58,3.7,48,-6.3,3.7,0.0,1.8,77,949.7,1018.4,1.5,0,0.0,0.0,0.0,0.1,0.0,0.0,--
2026/1/1 16:46,19.8,58,3.7,49,-6.0,3.7,0.0,2.2,65,949.6,1018.3,1.3,0,0.0,0.0,0.0,0.1,0.0,0.0,--
2026/1/1 16:47,19.8,58,3.7,53,-5.0,3.7,0.0,0.0,69,949.6,1018.3,1.1,0,0.0,0.0,0.0,0.1,0.0,0.0,--
2026/1/1 16:48,19.8,58,3.6,53,-5.1,3.6,0.0,0.0,110,949.8,1018.5,0.9,0,0.0,0.0,0.0,0.1,0.0,0.0,--
2026/1/1 16:49,19.8,58,3.6,54,-4.9,3.6,0.0,0.0,94,949.5,1018.2,0.8,0,0.0,0.0,0.0,0.1,0.0,0.0,--
2026/1/1 16:50,19.8,58,3.5,54,-4.9,3.5,0.0,0.0,66,949.7,1018.4,0.8,0,0.0,0.0,0.0,0.1,0.0,0.0,--
2026/1/1 16:51,19.8,58,3.5,56,-4.5,3.5,2.2,2.5,41,949.7,1018.4,0.8,0,0.0,0.0,0.0,0.1,0.0,0.0,--
2026/1/1 16:52,19.8,58,3.5,54,-4.9,3.5,1.8,2.5,48,949.7,1018.4,0.8,0,0.0,0.0,0.0,0.1,0.0,0.0,--
2026/1/1 16:53,19.8,58,3.4,55,-4.8,3.4,3.2,3.2,46,949.8,1018.5,0.7,0,0.0,0.0,0.0,0.1,0.0,0.0,--
2026/1/1 16:54,19.8,58,3.4,55,-4.8,3.4,2.5,3.2,37,949.7,1018.4,0.6,0,0.0,0.0,0.0,0.1,0.0,0.0,--
2026/1/1 16:55,19.8,58,3.3,55,-4.9,3.3,0.0,1.8,45,949.7,1018.4,0.4,0,0.0,0.0,0.0,0.1,0.0,0.0,--
2026/1/1 16:56,19.8,58,3.3,56,-4.6,3.3,0.0,2.2,84,949.7,1018.4,0.3,0,0.0,0.0,0.0,0.1,0.0,0.0,--
2026/1/1 16:57,19.8,58,3.2,57,-4.5,3.2,0.0,0.0,113,949.8,1018.5,0.3,0,0.0,0.0,0.0,0.1,0.0,0.0,--
2026/1/1 16:58,19.8,58,3.2,55,-5.0,3.2,0.0,0.0,122,949.8,1018.5,0.2,0,0.0,0.0,0.0,0.1,0.0,0.0,--
2026/1/1 16:59,19.7,58,3.1,54,-5.3,3.1,0.0,0.0,125,949.7,1018.4,0.2,0,0.0,0.0,0.0,0.1,0.0,0.0,--
2026/1/1 17:00,19.7,58,3.1,53,-5.6,3.1,0.0,1.8,57,949.8,1018.5,0.1,0,0.0,0.0,0.0,0.1,0.0,0.0,--
2026/1/1 17:01,19.7,58,3.1,53,-5.6,3.1,2.2,2.2,70,949.8,1018.5,0.1,0,0.0,0.0,0.0,0.1,0.0,0.0,--
2026/1/1 17:02,19.7,58,3.1,55,-5.1,3.1,2.2,2.5,86,949.8,1018.5,0.0,0,0.0,0.0,0.0,0.1,0.0,0.0,--
2026/1/1 17:03,19.7,58,3.0,57,-4.7,3.0,0.0,2.2,53,950.0,1018.7,0.0,0,0.0,0.0,0.0,0.1,0.0,0.0,--
2026/1/1 17:04,19.7,58,3.0,57,-4.7,3.0,1.8,1.8,46,949.8,1018.5,0.0,0,0.0,0.0,0.0,0.1,0.0,0.0,--
2026/1/1 17:05,19.7,58,3.0,57,-4.7,3.0,2.5,2.9,53,949.7,1018.4,0.0,0,0.0,0.0,0.0,0.1,0.0,0.0,--
2026/1/1 17:06,19.7,58,3.0,53,-5.7,3.0,0.0,1.8,89,949.9,1018.6,0.0,0,0.0,0.0,0.0,0.1,0.0,0.0,--
2026/1/1 17:07,19.7,58,3.0,56,-4.9,3.0,0.0,1.8,101,949.8,1018.5,0.0,0,0.0,0.0,0.0,0.1,0.0,0.0,--
2026/1/1 17:08,19.7,58,3.0,55,-5.2,3.0,0.0,0.0,102,949.7,1018.4,0.0,0,0.0,0.0,0.0,0.1,0.0,0.0,--
2026/1/1 17:09,19.7,58,2.9,56,-5.0,2.9,0.0,1.8,114,949.8,1018.5,0.0,0,0.0,0.0,0.0,0.1,0.0,0.0,--
2026/1/1 17:10,19.7,58,2.9,55,-5.3,2.9,0.0,0.0,107,949.8,1018.5,0.0,0,0.0,0.0,0.0,0.1,0.0,0.0,--
2026/1/1 17:11,19.7,58,2.9,53,-5.7,2.9,0.0,0.0,107,949.8,1018.5,0.0,0,0.0,0.0,0.0,0.1,0.0,0.0,--
2026/1/1 17:12,19.7,58,2.9,52,-6.0,2.9,0.0,0.0,107,949.8,1018.5,0.0,0,0.0,0.0,0.0,0.1,0.0,0.0,--
2026/1/1 17:13,19.7,58,3.0,51,-6.1,3.0,0.0,1.8,236,949.5,1018.2,0.0,0,0.0,0.0,0.0,0.1,0.0,0.0,--
2026/1/1 17:14,19.8,58,3.0,52,-5.9,3.0,0.0,1.8,222,949.9,1018.6,0.0,0,0.0,0.0,0.0,0.1,0.0,0.0,--
2026/1/1 17:15,19.7,58,3.1,48,-6.9,3.1,0.0,0.0,212,949.8,1018.5,0.0,0,0.0,0.0,0.0,0.1,0.0,0.0,--
2026/1/1 17:16,19.7,58,3.2,49,-6.5,3.2,2.2,2.5,39,949.8,1018.5,0.0,0,0.0,0.0,0.0,0.1,0.0,0.0,--
2026/1/1 17:17,19.8,58,3.2,53,-5.5,3.2,3.6,4.0,91,949.9,1018.6,0.0,0,0.0,0.0,0.0,0.1,0.0,0.0,--
2026/1/1 17:18,19.7,58,3.3,49,-6.4,3.3,3.2,4.0,139,949.8,1018.5,0.0,0,0.0,0.0,0.0,0.1,0.0,0.0,--
2026/1/1 17:19,19.7,58,3.3,46,-7.2,3.3,2.5,2.5,225,949.9,1018.6,0.0,0,0.0,0.0,0.0,0.1,0.0,0.0,--
2026/1/1 17:20,19.7,58,3.5,48,-6.5,3.5,3.6,4.3,96,949.8,1018.5,0.0,0,0.0,0.0,0.0,0.1,0.0,0.0,--
2026/1/1 17:21,19.7,58,3.6,48,-6.4,3.6,0.0,2.2,25,950.0,1018.7,0.0,0,0.0,0.0,0.0,0.1,0.0,0.0,--
2026/1/1 17:22,19.7,58,3.6,46,-7.0,3.6,1.8,2.2,89,949.9,1018.6,0.0,0,0.0,0.0,0.0,0.1,0.0,0.0,--
2026/1/1 17:23,19.7,58,3.7,46,-6.9,3.7,2.2,3.6,86,949.8,1018.5,0.0,0,0.0,0.0,0.0,0.1,0.0,0.0,--
2026/1/1 17:24,19.7,58,3.7,47,-6.6,3.7,2.2,2.5,110,950.0,1018.7,0.0,0,0.0,0.0,0.0,0.1,0.0,0.0,--
2026/1/1 17:25,19.7,58,3.7,48,-6.3,3.7,2.5,2.9,108,949.8,1018.5,0.0,0,0.0,0.0,0.0,0.1,0.0,0.0,--
2026/1/1 17:26,19.7,58,3.7,47,-6.6,3.7,2.5,2.9,118,949.8,1018.5,0.0,0,0.0,0.0,0.0,0.1,0.0,0.0,--
2026/1/1 17:27,19.7,58,3.7,47,-6.6,3.7,2.2,2.5,112,950.0,1018.7,0.0,0,0.0,0.0,0.0,0.1,0.0,0.0,--
2026/1/1 17:28,19.7,58,3.7,49,-6.0,3.7,1.8,3.6,83,949.9,1018.6,0.0,0,0.0,0.0,0.0,0.1,0.0,0.0,--
2026/1/1 17:29,19.7,58,3.7,49,-6.0,3.7,3.6,4.0,104,950.0,1018.7,0.0,0,0.0,0.0,0.0,0.1,0.0,0.0,--
2026/1/1 17:30,19.7,58,3.7,49,-6.0,3.7,3.6,4.7,116,949.7,1018.4,0.0,0,0.0,0.0,0.0,0.1,0.0,0.0,--
2026/1/1 17:31,19.7,58,3.7,50,-5.8,3.7,3.6,3.6,107,949.9,1018.6,0.0,0,0.0,0.0,0.0,0.1,0.0,0.0,--
2026/1/1 17:32,19.7,58,3.6,50,-5.9,3.6,1.8,2.2,101,949.8,1018.5,0.0,0,0.0,0.0,0.0,0.1,0.0,0.0,--
2026/1/1 17:33,19.7,58,3.6,50,-5.9,3.6,2.5,3.2,84,949.9,1018.6,0.0,0,0.0,0.0,0.0,0.1,0.0,0.0,--
2026/1/1 17:34,19.7,58,3.6,50,-5.9,3.6,4.3,4.3,117,949.9,1018.6,0.0,0,0.0,0.0,0.0,0.1,0.0,0.0,--
2026/1/1 17:35,19.7,58,3.6,51,-5.6,3.6,2.5,3.6,92,949.8,1018.5,0.0,0,0.0,0.0,0.0,0.1,0.0,0.0,--
2026/1/1 17:36,19.7,58,3.6,51,-5.6,3.6,0.0,2.2,73,949.8,1018.5,0.0,0,0.0,0.0,0.0,0.1,0.0,0.0,--
2026/1/1 17:37,19.7,59,3.6,51,-5.6,3.6,2.9,3.6,100,949.9,1018.6,0.0,0,0.0,0.0,0.0,0.1,0.0,0.0,--
2026/1/1 17:38,19.7,59,3.5,51,-5.7,3.5,1.8,2.2,108,949.9,1018.6,0.0,0,0.0,0.0,0.0,0.1,0.0,0.0,--
2026/1/1 17:39,19.7,59,3.5,50,-6.0,3.5,0.0,0.0,72,949.7,1018.4,0.0,0,0.0,0.0,0.0,0.1,0.0,0.0,--
2026/1/1 17:40,19.7,59,3.5,51,-5.7,3.5,4.7,5.4,89,949.8,1018.5,0.0,0,0.0,0.0,0.0,0.1,0.0,0.0,--
2026/1/1 17:41,19.7,59,3.5,49,-6.2,3.5,2.2,2.5,61,949.9,1018.6,0.0,0,0.0,0.0,0.0,0.1,0.0,0.0,--
2026/1/1 17:42,19.7,59,3.5,51,-5.7,3.5,4.0,4.0,93,949.8,1018.5,0.0,0,0.0,0.0,0.0,0.1,0.0,0.0,--
2026/1/1 17:43,19.7,59,3.5,50,-6.0,3.5,3.2,3.6,96,949.8,1018.5,0.0,0,0.0,0.0,0.0,0.1,0.0,0.0,--
2026/1/1 17:44,19.7,59,3.5,51,-5.7,3.5,4.7,5.0,97,949.8,1018.5,0.0,0,0.0,0.0,0.0,0.1,0.0,0.0,--
2026/1/1 17:45,19.7,59,3.5,51,-5.7,3.5,2.9,4.0,88,950.0,1018.7,0.0,0,0.0,0.0,0.0,0.1,0.0,0.0,--
2026/1/1 17:46,19.7,59,3.5,52,-5.4,3.5,2.5,4.0,95,949.9,1018.6,0.0,0,0.0,0.0,0.0,0.1,0.0,0.0,--
2026/1/1 17:47,19.7,59,3.5,52,-5.4,3.5,2.5,2.9,80,949.9,1018.6,0.0,0,0.0,0.0,0.0,0.1,0.0,0.0,--
2026/1/1 17:48,19.7,59,3.5,51,-5.7,3.5,2.5,2.5,73,949.9,1018.6,0.0,0,0.0,0.0,0.0,0.1,0.0,0.0,--
2026/1/1 17:49,19.7,59,3.5,51,-5.7,3.5,2.5,3.2,81,950.2,1018.9,0.0,0,0.0,0.0,0.0,0.1,0.0,0.0,--
2026/1/1 17:50,19.7,59,3.5,50,-6.0,3.5,2.2,3.2,86,949.9,1018.6,0.0,0,0.0,0.0,0.0,0.1,0.0,0.0,--
2026/1/1 17:51,19.7,59,3.5,51,-5.7,3.5,2.2,2.5,91,950.1,1018.8,0.0,0,0.0,0.0,0.0,0.1,0.0,0.0,--
2026/1/1 17:52,19.7,59,3.5,50,-6.0,3.5,2.5,3.2,53,950.0,1018.7,0.0,0,0.0,0.0,0.0,0.1,0.0,0.0,--
2026/1/1 17:53,19.7,59,3.4,51,-5.8,3.4,1.8,2.5,79,950.0,1018.7,0.0,0,0.0,0.0,0.0,0.1,0.0,0.0,--
2026/1/1 17:54,19.7,59,3.4,51,-5.8,3.4,1.8,1.8,80,949.9,1018.6,0.0,0,0.0,0.0,0.0,0.1,0.0,0.0,--
2026/1/1 17:55,19.7,60,3.4,53,-5.3,3.4,0.0,2.2,94,949.9,1018.6,0.0,0,0.0,0.0,0.0,0.1,0.0,0.0,--
2026/1/1 17:56,19.7,60,3.4,54,-5.0,3.4,0.0,0.0,119,950.1,1018.8,0.0,0,0.0,0.0,0.0,0.1,0.0,0.0,--
2026/1/1 17:57,19.7,60,3.4,54,-5.0,3.4,0.0,0.0,110,950.0,1018.7,0.0,0,0.0,0.0,0.0,0.1,0.0,0.0,--
2026/1/1 17:58,19.7,60,3.3,54,-5.1,3.3,0.0,0.0,124,949.9,1018.6,0.0,0,0.0,0.0,0.0,0.1,0.0,0.0,--
2026/1/1 17:59,19.7,60,3.3,56,-4.6,3.3,0.0,0.0,124,950.0,1018.7,0.0,0,0.0,0.0,0.0,0.1,0.0,0.0,--
2026/1/1 18:00,19.7,60,3.2,57,-4.5,3.2,1.8,2.2,49,950.1,1018.8,0.0,0,0.0,0.0,0.0,0.1,0.0,0.0,--
2026/1/1 18:01,19.7,61,3.2,58,-4.3,3.2,2.2,2.2,41,950.2,1018.9,0.0,0,0.0,0.0,0.0,0.1,0.0,0.0,--
2026/1/1 18:02,19.7,61,3.1,59,-4.1,3.1,0.0,0.0,55,949.9,1018.6,0.0,0,0.0,0.0,0.0,0.1,0.0,0.0,--
2026/1/1 18:03,19.7,61,3.0,59,-4.2,3.0,0.0,1.8,77,950.0,1018.7,0.0,0,0.0,0.0,0.0,0.1,0.0,0.0,--
2026/1/1 18:04,19.7,61,3.0,58,-4.5,3.0,0.0,0.0,103,950.0,1018.7,0.0,0,0.0,0.0,0.0,0.1,0.0,0.0,--
2026/1/1 18:05,19.7,60,2.9,58,-4.6,2.9,0.0,1.8,94,950.1,1018.8,0.0,0,0.0,0.0,0.0,0.1,0.0,0.0,--
2026/1/1 18:06,19.7,60,2.9,57,-4.8,2.9,0.0,0.0,135,950.1,1018.8,0.0,0,0.0,0.0,0.0,0.1,0.0,0.0,--
2026/1/1 18:07,19.7,60,2.9,57,-4.8,2.9,0.0,0.0,119,950.0,1018.7,0.0,0,0.0,0.0,0.0,0.1,0.0,0.0,--
2026/1/1 18:08,19.7,60,2.9,56,-5.0,2.9,0.0,0.0,119,950.1,1018.8,0.0,0,0.0,0.0,0.0,0.1,0.0,0.0,--
2026/1/1 18:09,19.7,60,2.9,54,-5.5,2.9,0.0,0.0,119,950.0,1018.7,0.0,0,0.0,0.0,0.0,0.1,0.0,0.0,--
2026/1/1 18:10,19.7,60,2.9,54,-5.5,2.9,1.8,2.2,116,950.1,1018.8,0.0,0,0.0,0.0,0.0,0.1,0.0,0.0,--
2026/1/1 18:11,19.7,60,2.9,53,-5.7,2.9,2.2,2.9,113,950.1,1018.8,0.0,0,0.0,0.0,0.0,0.1,0.0,0.0,--
2026/1/1 18:12,19.7,60,3.0,55,-5.2,3.0,1.8,2.2,92,950.1,1018.8,0.0,0,0.0,0.0,0.0,0.1,0.0,0.0,--
2026/1/1 18:13,19.8,60,3.0,54,-5.4,3.0,2.5,2.5,85,950.1,1018.8,0.0,0,0.0,0.0,0.0,0.1,0.0,0.0,--
2026/1/1 18:14,19.8,60,3.0,53,-5.7,3.0,1.8,2.9,67,950.2,1018.9,0.0,0,0.0,0.0,0.0,0.1,0.0,0.0,--
2026/1/1 18:15,19.8,60,3.0,52,-5.9,3.0,2.2,2.5,49,950.0,1018.7,0.0,0,0.0,0.0,0.0,0.1,0.0,0.0,--
2026/1/1 18:16,19.8,60,3.1,53,-5.6,3.1,3.2,3.2,33,950.0,1018.7,0.0,0,0.0,0.0,0.0,0.1,0.0,0.0,--
2026/1/1 18:17,19.8,60,3.1,55,-5.1,3.1,2.2,2.9,34,950.0,1018.7,0.0,0,0.0,0.0,0.0,0.1,0.0,0.0,--
2026/1/1 18:18,19.7,60,3.1,57,-4.6,3.1,2.5,3.6,20,950.0,1018.7,0.0,0,0.0,0.0,0.0,0.1,0.0,0.0,--
2026/1/1 18:19,19.8,60,3.1,57,-4.6,3.1,2.9,4.0,53,950.0,1018.7,0.0,0,0.0,0.0,0.0,0.1,0.0,0.0,--
2026/1/1 18:20,19.8,60,3.1,59,-4.1,3.1,2.2,2.5,47,950.1,1018.8,0.0,0,0.0,0.0,0.0,0.1,0.0,0.0,--
2026/1/1 18:21,19.7,60,3.0,59,-4.2,3.0,0.0,1.8,95,950.2,1018.9,0.0,0,0.0,0.0,0.0,0.1,0.0,0.0,--
2026/1/1 18:22,19.7,60,3.0,59,-4.2,3.0,0.0,1.8,143,950.0,1018.7,0.0,0,0.0,0.0,0.0,0.1,0.0,0.0,--
2026/1/1 18:23,19.7,60,2.9,57,-4.8,2.9,2.2,2.2,147,950.1,1018.8,0.0,0,0.0,0.0,0.0,0.1,0.0,0.0,--
2026/1/1 18:24,19.7,60,2.9,56,-5.0,2.9,2.5,2.5,104,950.1,1018.8,0.0,0,0.0,0.0,0.0,0.1,0.0,0.0,--
2026/1/1 18:25,19.8,60,2.9,54,-5.5,2.9,2.5,3.2,123,950.1,1018.8,0.0,0,0.0,0.0,0.0,0.1,0.0,0.0,--
2026/1/1 18:26,19.8,60,3.0,55,-5.2,3.0,3.6,4.0,107,950.1,1018.8,0.0,0,0.0,0.0,0.0,0.1,0.0,0.0,--
2026/1/1 18:27,19.8,60,3.0,55,-5.2,3.0,2.9,3.6,115,950.0,1018.7,0.0,0,0.0,0.0,0.0,0.1,0.0,0.0,--
2026/1/1 18:28,19.8,60,3.1,53,-5.6,3.1,0.0,1.8,160,950.0,1018.7,0.0,0,0.0,0.0,0.0,0.1,0.0,0.0,--
2026/1/1 18:29,19.8,60,3.1,51,-6.1,3.1,1.8,2.2,61,950.1,1018.8,0.0,0,0.0,0.0,0.0,0.1,0.0,0.0,--
2026/1/1 18:30,19.8,60,3.1,55,-5.1,1.8,5.4,5.8,104,950.2,1018.9,0.0,0,0.0,0.0,0.0,0.1,0.0,0.0,--
2026/1/1 18:31,19.8,60,3.1,54,-5.3,3.1,3.2,5.0,124,950.0,1018.7,0.0,0,0.0,0.0,0.0,0.1,0.0,0.0,--
2026/1/1 18:32,19.8,60,3.2,51,-6.0,1.9,5.4,8.3,124,950.1,1018.8,0.0,0,0.0,0.0,0.0,0.1,0.0,0.0,--
2026/1/1 18:33,19.8,60,3.3,50,-6.1,3.3,2.5,3.6,162,950.1,1018.8,0.0,0,0.0,0.0,0.0,0.1,0.0,0.0,--
2026/1/1 18:34,19.8,60,3.5,49,-6.2,3.5,0.0,2.5,169,950.0,1018.7,0.0,0,0.0,0.0,0.0,0.1,0.0,0.0,--
2026/1/1 18:35,19.8,60,3.6,48,-6.4,3.6,2.9,2.9,104,950.0,1018.7,0.0,0,0.0,0.0,0.0,0.1,0.0,0.0,--
2026/1/1 18:36,19.8,60,3.7,51,-5.5,3.7,3.2,3.2,110,949.9,1018.6,0.0,0,0.0,0.0,0.0,0.1,0.0,0.0,--
2026/1/1 18:37,19.7,60,3.7,49,-6.0,3.7,2.5,3.6,117,950.0,1018.7,0.0,0,0.0,0.0,0.0,0.1,0.0,0.0,--
2026/1/1 18:38,19.8,60,3.7,48,-6.3,3.7,1.8,1.8,178,950.0,1018.7,0.0,0,0.0,0.0,0.0,0.1,0.0,0.0,--
2026/1/1 18:39,19.8,59,3.7,47,-6.6,3.7,2.9,4.0,141,950.1,1018.8,0.0,0,0.0,0.0,0.0,0.1,0.0,0.0,--
2026/1/1 18:40,19.8,59,3.8,46,-6.8,3.8,2.2,2.2,79,950.1,1018.8,0.0,0,0.0,0.0,0.0,0.1,0.0,0.0,--
2026/1/1 18:41,19.9,59,3.8,49,-5.9,3.8,2.2,2.9,99,950.1,1018.8,0.0,0,0.0,0.0,0.0,0.1,0.0,0.0,--
2026/1/1 18:42,19.9,59,3.8,49,-5.9,3.8,1.8,1.8,101,950.0,1018.7,0.0,0,0.0,0.0,0.0,0.1,0.0,0.0,--
2026/1/1 18:43,19.9,59,3.8,47,-6.5,3.8,0.0,0.0,89,949.8,1018.5,0.0,0,0.0,0.0,0.0,0.1,0.0,0.0,--
2026/1/1 18:44,19.9,59,3.8,47,-6.5,3.8,1.8,2.2,113,949.9,1018.6,0.0,0,0.0,0.0,0.0,0.1,0.0,0.0,--
2026/1/1 18:45,19.9,59,3.7,51,-5.5,3.7,0.0,0.0,113,950.1,1018.8,0.0,0,0.0,0.0,0.0,0.1,0.0,0.0,--
2026/1/1 18:46,19.9,59,3.7,49,-6.0,3.7,0.0,0.0,124,949.8,1018.5,0.0,0,0.0,0.0,0.0,0.1,0.0,0.0,--
2026/1/1 18:47,20.0,59,3.7,48,-6.3,3.7,0.0,0.0,124,949.9,1018.6,0.0,0,0.0,0.0,0.0,0.1,0.0,0.0,--
2026/1/1 18:48,19.9,59,3.7,48,-6.3,3.7,0.0,0.0,124,950.0,1018.7,0.0,0,0.0,0.0,0.0,0.1,0.0,0.0,--
2026/1/1 18:49,19.9,59,3.7,48,-6.3,3.7,0.0,0.0,124,950.0,1018.7,0.0,0,0.0,0.0,0.0,0.1,0.0,0.0,--
2026/1/1 18:50,20.0,59,3.7,47,-6.6,3.7,4.0,4.3,5,950.1,1018.8,0.0,0,0.0,0.0,0.0,0.1,0.0,0.0,--
2026/1/1 18:51,20.0,59,3.7,47,-6.6,3.7,0.0,0.0,17,949.9,1018.6,0.0,0,0.0,0.0,0.0,0.1,0.0,0.0,--
2026/1/1 18:52,20.0,59,3.8,48,-6.2,3.8,0.0,2.2,188,950.0,1018.7,0.0,0,0.0,0.0,0.0,0.1,0.0,0.0,--
2026/1/1 18:53,20.0,59,3.8,49,-5.9,3.8,0.0,0.0,136,949.9,1018.6,0.0,0,0.0,0.0,0.0,0.1,0.0,0.0,--
2026/1/1 18:54,20.0,59,3.9,49,-5.8,3.9,0.0,0.0,185,950.1,1018.8,0.0,0,0.0,0.0,0.0,0.1,0.0,0.0,--
2026/1/1 18:55,20.0,59,3.9,49,-5.8,3.9,0.0,0.0,44,949.9,1018.6,0.0,0,0.0,0.0,0.0,0.1,0.0,0.0,--
2026/1/1 18:56,20.0,59,3.9,49,-5.8,3.9,0.0,1.8,129,949.9,1018.6,0.0,0,0.0,0.0,0.0,0.1,0.0,0.0,--
2026/1/1 18:57,20.0,59,3.8,50,-5.7,3.8,0.0,1.8,108,950.1,1018.8,0.0,0,0.0,0.0,0.0,0.1,0.0,0.0,--
2026/1/1 18:58,20.0,59,3.8,49,-5.9,3.8,3.6,3.6,142,949.9,1018.6,0.0,0,0.0,0.0,0.0,0.1,0.0,0.0,--
2026/1/1 18:59,19.9,59,3.8,50,-5.7,3.8,1.8,2.5,107,949.9,1018.6,0.0,0,0.0,0.0,0.0,0.1,0.0,0.0,--
2026/1/1 19:00,19.9,59,3.8,49,-5.9,3.8,0.0,0.0,110,950.0,1018.7,0.0,0,0.0,0.0,0.0,0.1,0.0,0.0,--
2026/1/1 19:01,19.9,59,3.8,50,-5.7,3.8,0.0,1.8,130,950.0,1018.7,0.0,0,0.0,0.0,0.0,0.1,0.0,0.0,--
2026/1/1 19:02,19.9,59,3.8,50,-5.7,3.8,0.0,0.0,113,950.0,1018.7,0.0,0,0.0,0.0,0.0,0.1,0.0,0.0,--
2026/1/1 19:03,19.9,59,3.8,50,-5.7,3.8,0.0,0.0,113,949.9,1018.6,0.0,0,0.0,0.0,0.0,0.1,0.0,0.0,--
2026/1/1 19:04,19.9,59,3.9,50,-5.6,3.9,0.0,1.8,150,950.0,1018.7,0.0,0,0.0,0.0,0.0,0.1,0.0,0.0,--
2026/1/1 19:05,19.9,59,3.9,50,-5.6,3.9,1.8,1.8,131,950.2,1018.9,0.0,0,0.0,0.0,0.0,0.1,0.0,0.0,--
2026/1/1 19:06,19.9,59,3.9,51,-5.3,3.9,2.2,3.2,83,949.9,1018.6,0.0,0,0.0,0.0,0.0,0.1,0.0,0.0,--
2026/1/1 19:07,19.9,59,3.9,52,-5.1,3.9,2.5,3.6,115,950.1,1018.8,0.0,0,0.0,0.0,0.0,0.1,0.0,0.0,--
2026/1/1 19:08,19.9,59,3.9,51,-5.3,3.9,2.2,3.6,105,950.0,1018.7,0.0,0,0.0,0.0,0.0,0.1,0.0,0.0,--
2026/1/1 19:09,19.9,59,3.9,52,-5.1,3.9,2.9,4.3,91,950.1,1018.8,0.0,0,0.0,0.0,0.0,0.1,0.0,0.0,--
2026/1/1 19:10,19.9,59,3.8,52,-5.2,3.8,2.2,2.2,114,950.2,1018.9,0.0,0,0.0,0.0,0.0,0.1,0.0,0.0,--
2026/1/1 19:11,19.9,59,3.8,52,-5.2,3.8,3.2,3.6,115,950.2,1018.9,0.0,0,0.0,0.0,0.0,0.1,0.0,0.0,--
2026/1/1 19:12,19.8,59,3.8,48,-6.2,3.8,3.2,3.2,91,950.0,1018.7,0.0,0,0.0,0.0,0.0,0.1,0.0,0.0,--
2026/1/1 19:13,19.9,59,3.8,49,-5.9,3.8,2.2,3.2,98,950.0,1018.7,0.0,0,0.0,0.0,0.0,0.1,0.0,0.0,--
2026/1/1 19:14,19.9,59,3.8,50,-5.7,3.8,0.0,1.8,77,950.0,1018.7,0.0,0,0.0,0.0,0.0,0.1,0.0,0.0,--
2026/1/1 19:15,19.9,59,3.8,50,-5.7,3.8,0.0,0.0,150,950.1,1018.8,0.0,0,0.0,0.0,0.0,0.1,0.0,0.0,--
2026/1/1 19:16,19.9,59,3.8,50,-5.7,3.8,0.0,0.0,157,950.1,1018.8,0.0,0,0.0,0.0,0.0,0.1,0.0,0.0,--
2026/1/1 19:17,19.9,59,3.8,50,-5.7,3.8,1.8,1.8,70,950.0,1018.7,0.0,0,0.0,0.0,0.0,0.1,0.0,0.0,--
2026/1/1 19:18,19.9,59,3.8,51,-5.4,3.8,2.5,2.9,95,950.0,1018.7,0.0,0,0.0,0.0,0.0,0.1,0.0,0.0,--
2026/1/1 19:19,19.9,59,3.8,51,-5.4,3.8,0.0,2.5,72,950.2,1018.9,0.0,0,0.0,0.0,0.0,0.1,0.0,0.0,--
2026/1/1 19:20,19.9,59,3.7,50,-5.8,3.7,0.0,0.0,89,950.1,1018.8,0.0,0,0.0,0.0,0.0,0.1,0.0,0.0,--
2026/1/1 19:21,19.9,58,3.7,52,-5.3,3.7,0.0,0.0,103,950.2,1018.9,0.0,0,0.0,0.0,0.0,0.1,0.0,0.0,--
2026/1/1 19:22,19.9,58,3.7,52,-5.3,3.7,0.0,0.0,116,950.2,1018.9,0.0,0,0.0,0.0,0.0,0.1,0.0,0.0,--
2026/1/1 19:23,19.9,58,3.6,52,-5.3,3.6,0.0,1.8,72,950.3,1019.0,0.0,0,0.0,0.0,0.0,0.1,0.0,0.0,--
2026/1/1 19:24,19.9,58,3.6,53,-5.1,3.6,2.2,2.9,46,950.2,1018.9,0.0,0,0.0,0.0,0.0,0.1,0.0,0.0,--
2026/1/1 19:25,19.9,58,3.6,55,-4.6,3.6,2.9,2.9,41,950.2,1018.9,0.0,0,0.0,0.0,0.0,0.1,0.0,0.0,--
2026/1/1 19:26,19.9,58,3.5,53,-5.2,3.5,0.0,1.8,55,950.2,1018.9,0.0,0,0.0,0.0,0.0,0.1,0.0,0.0,--
2026/1/1 19:27,19.9,58,3.4,54,-5.0,3.4,0.0,1.8,64,950.1,1018.8,0.0,0,0.0,0.0,0.0,0.1,0.0,0.0,--
2026/1/1 19:28,19.9,58,3.4,54,-5.0,3.4,2.2,2.2,42,950.2,1018.9,0.0,0,0.0,0.0,0.0,0.1,0.0,0.0,--
2026/1/1 19:29,19.9,58,3.4,54,-5.0,3.4,2.9,3.2,48,950.2,1018.9,0.0,0,0.0,0.0,0.0,0.1,0.0,0.0,--
2026/1/1 19:30,19.9,58,3.3,56,-4.6,3.3,2.5,2.5,67,950.1,1018.8,0.0,0,0.0,0.0,0.0,0.1,0.0,0.0,--
2026/1/1 19:31,19.9,58,3.3,55,-4.9,3.3,2.2,2.2,89,950.0,1018.7,0.0,0,0.0,0.0,0.0,0.1,0.0,0.0,--
2026/1/1 19:32,19.9,58,3.3,54,-5.1,3.3,0.0,2.2,108,950.2,1018.9,0.0,0,0.0,0.0,0.0,0.1,0.0,0.0,--
2026/1/1 19:33,19.9,58,3.3,57,-4.4,3.3,0.0,0.0,160,950.0,1018.7,0.0,0,0.0,0.0,0.0,0.1,0.0,0.0,--
2026/1/1 19:34,19.9,58,3.2,55,-5.0,3.2,0.0,0.0,117,950.3,1019.0,0.0,0,0.0,0.0,0.0,0.1,0.0,0.0,--
2026/1/1 19:35,19.9,58,3.2,56,-4.7,3.2,2.5,2.5,108,950.1,1018.8,0.0,0,0.0,0.0,0.0,0.1,0.0,0.0,--
2026/1/1 19:36,19.9,58,3.2,55,-5.0,3.2,2.9,3.2,104,950.4,1019.1,0.0,0,0.0,0.0,0.0,0.1,0.0,0.0,--
2026/1/1 19:37,19.9,58,3.1,55,-5.1,3.1,2.2,2.9,104,950.2,1018.9,0.0,0,0.0,0.0,0.0,0.1,0.0,0.0,--
2026/1/1 19:38,19.9,58,3.1,57,-4.6,3.1,0.0,1.8,122,950.1,1018.8,0.0,0,0.0,0.0,0.0,0.1,0.0,0.0,--
2026/1/1 19:39,19.9,58,3.2,56,-4.7,3.2,0.0,0.0,116,950.1,1018.8,0.0,0,0.0,0.0,0.0,0.1,0.0,0.0,--
2026/1/1 19:40,19.9,58,3.1,55,-5.1,3.1,0.0,0.0,116,950.2,1018.9,0.0,0,0.0,0.0,0.0,0.1,0.0,0.0,--
2026/1/1 19:41,19.9,58,3.1,54,-5.3,3.1,1.8,1.8,82,950.3,1019.0,0.0,0,0.0,0.0,0.0,0.1,0.0,0.0,--
2026/1/1 19:42,19.9,58,3.1,57,-4.6,3.1,0.0,0.0,66,950.4,1019.1,0.0,0,0.0,0.0,0.0,0.1,0.0,0.0,--
2026/1/1 19:43,19.9,58,3.1,59,-4.1,3.1,2.9,2.9,49,950.4,1019.1,0.0,0,0.0,0.0,0.0,0.1,0.0,0.0,--
2026/1/1 19:44,19.9,58,3.1,59,-4.1,3.1,3.6,4.3,27,950.3,1019.0,0.0,0,0.0,0.0,0.0,0.1,0.0,0.0,--
2026/1/1 19:45,19.9,58,3.1,60,-3.9,3.1,2.2,2.5,11,950.3,1019.0,0.0,0,0.0,0.0,0.0,0.1,0.0,0.0,--
2026/1/1 19:46,19.9,58,3.0,61,-3.8,3.0,0.0,2.2,36,950.3,1019.0,0.0,0,0.0,0.0,0.0,0.1,0.0,0.0,--
2026/1/1 19:47,19.9,58,3.0,61,-3.8,3.0,2.5,2.5,39,950.3,1019.0,0.0,0,0.0,0.0,0.0,0.1,0.0,0.0,--
2026/1/1 19:48,19.9,58,3.0,58,-4.5,3.0,1.8,2.5,14,950.0,1018.7,0.0,0,0.0,0.0,0.0,0.1,0.0,0.0,--
2026/1/1 19:49,19.9,58,2.9,59,-4.3,2.9,2.5,2.5,9,950.2,1018.9,0.0,0,0.0,0.0,0.0,0.1,0.0,0.0,--
2026/1/1 19:50,19.9,57,3.0,59,-4.2,3.0,2.5,3.2,4,950.2,1018.9,0.0,0,0.0,0.0,0.0,0.1,0.0,0.0,--
2026/1/1 19:51,19.9,57,3.0,60,-4.0,3.0,2.2,2.5,343,950.1,1018.8,0.0,0,0.0,0.0,0.0,0.1,0.0,0.0,--
2026/1/1 19:52,19.9,58,3.0,60,-4.0,3.0,0.0,0.0,304,950.0,1018.7,0.0,0,0.0,0.0,0.0,0.1,0.0,0.0,--
2026/1/1 19:53,19.9,58,3.0,61,-3.8,3.0,2.9,2.9,14,950.2,1018.9,0.0,0,0.0,0.0,0.0,0.1,0.0,0.0,--
2026/1/1 19:54,19.9,57,3.0,60,-4.0,3.0,3.2,3.6,17,950.2,1018.9,0.0,0,0.0,0.0,0.0,0.1,0.0,0.0,--
2026/1/1 19:55,19.9,57,3.0,61,-3.8,3.0,1.8,2.9,359,950.0,1018.7,0.0,0,0.0,0.0,0.0,0.1,0.0,0.0,--
2026/1/1 19:56,19.9,57,3.0,61,-3.8,3.0,2.9,3.6,0,950.3,1019.0,0.0,0,0.0,0.0,0.0,0.1,0.0,0.0,--
2026/1/1 19:57,19.9,57,3.0,60,-4.0,3.0,1.8,2.2,324,950.0,1018.7,0.0,0,0.0,0.0,0.0,0.1,0.0,0.0,--
2026/1/1 19:58,19.9,57,3.0,59,-4.2,3.0,2.9,2.9,295,950.0,1018.7,0.0,0,0.0,0.0,0.0,0.1,0.0,0.0,--
2026/1/1 19:59,19.9,57,3.2,59,-4.1,3.2,4.0,4.3,261,950.1,1018.8,0.0,0,0.0,0.0,0.0,0.1,0.0,0.0,--
2026/1/1 20:00,19.9,57,3.3,59,-4.0,3.3,2.9,3.2,308,950.2,1018.9,0.0,0,0.0,0.0,0.0,0.1,0.0,0.0,--
2026/1/1 20:01,19.9,57,3.4,57,-4.3,3.4,1.8,4.3,293,950.1,1018.8,0.0,0,0.0,0.0,0.0,0.1,0.0,0.0,--
2026/1/1 20:02,19.9,57,3.6,57,-4.1,3.6,1.8,3.2,326,950.2,1018.9,0.0,0,0.0,0.0,0.0,0.1,0.0,0.0,--
2026/1/1 20:03,19.9,57,3.8,55,-4.4,3.8,0.0,2.9,275,950.2,1018.9,0.0,0,0.0,0.0,0.0,0.1,0.0,0.0,--
2026/1/1 20:04,19.9,57,3.9,55,-4.3,3.9,2.2,2.9,317,950.1,1018.8,0.0,0,0.0,0.0,0.0,0.1,0.0,0.0,--
2026/1/1 20:05,19.9,57,3.9,55,-4.3,3.9,2.5,2.9,234,950.1,1018.8,0.0,0,0.0,0.0,0.0,0.1,0.0,0.0,--
2026/1/1 20:06,19.9,57,4.0,54,-4.5,4.0,2.2,3.2,238,950.1,1018.8,0.0,0,0.0,0.0,0.0,0.1,0.0,0.0,--
2026/1/1 20:07,19.9,57,4.1,53,-4.6,4.1,0.0,1.8,315,950.0,1018.7,0.0,0,0.0,0.0,0.0,0.1,0.0,0.0,--
2026/1/1 20:08,19.9,57,4.1,53,-4.6,4.1,0.0,1.8,191,949.9,1018.6,0.0,0,0.0,0.0,0.0,0.1,0.0,0.0,--
2026/1/1 20:09,19.9,57,4.1,54,-4.4,4.1,1.8,2.2,51,949.9,1018.6,0.0,0,0.0,0.0,0.0,0.1,0.0,0.0,--
2026/1/1 20:10,19.9,57,4.1,53,-4.6,4.1,0.0,2.2,359,949.9,1018.6,0.0,0,0.0,0.0,0.0,0.1,0.0,0.0,--
2026/1/1 20:11,19.9,57,4.1,54,-4.4,4.1,2.2,2.5,22,950.0,1018.7,0.0,0,0.0,0.0,0.0,0.1,0.0,0.0,--
2026/1/1 20:12,19.9,57,4.1,54,-4.4,4.1,0.0,0.0,32,949.8,1018.5,0.0,0,0.0,0.0,0.0,0.1,0.0,0.0,--
2026/1/1 20:13,19.9,57,4.1,54,-4.4,4.1,0.0,0.0,55,950.0,1018.7,0.0,0,0.0,0.0,0.0,0.1,0.0,0.0,--
2026/1/1 20:14,19.9,57,4.1,54,-4.4,4.1,0.0,0.0,22,950.0,1018.7,0.0,0,0.0,0.0,0.0,0.1,0.0,0.0,--
2026/1/1 20:15,19.9,57,4.1,54,-4.4,4.1,0.0,0.0,209,949.9,1018.6,0.0,0,0.0,0.0,0.0,0.1,0.0,0.0,--
2026/1/1 20:16,19.9,57,4.0,54,-4.5,4.0,1.8,2.2,157,950.1,1018.8,0.0,0,0.0,0.0,0.0,0.1,0.0,0.0,--
2026/1/1 20:17,19.9,57,4.0,53,-4.7,4.0,2.2,2.5,110,950.1,1018.8,0.0,0,0.0,0.0,0.0,0.1,0.0,0.0,--
2026/1/1 20:18,19.8,57,4.0,54,-4.5,4.0,0.0,2.2,97,950.0,1018.7,0.0,0,0.0,0.0,0.0,0.1,0.0,0.0,--
2026/1/1 20:19,19.9,57,4.0,56,-4.0,4.0,2.2,2.5,80,950.0,1018.7,0.0,0,0.0,0.0,0.0,0.1,0.0,0.0,--
2026/1/1 20:20,19.9,57,3.9,55,-4.3,3.9,2.5,3.2,58,950.0,1018.7,0.0,0,0.0,0.0,0.0,0.1,0.0,0.0,--
2026/1/1 20:21,19.9,57,3.9,55,-4.3,3.9,0.0,2.2,7,949.9,1018.6,0.0,0,0.0,0.0,0.0,0.1,0.0,0.0,--
2026/1/1 20:22,19.9,57,3.9,56,-4.1,3.9,0.0,0.0,343,949.9,1018.6,0.0,0,0.0,0.0,0.0,0.1,0.0,0.0,--
2026/1/1 20:23,19.9,57,3.9,59,-3.4,3.9,2.2,3.6,85,949.9,1018.6,0.0,0,0.0,0.0,0.0,0.1,0.0,0.0,--
2026/1/1 20:24,19.9,57,3.8,57,-3.9,2.7,5.0,5.4,124,949.9,1018.6,0.0,0,0.0,0.0,0.0,0.1,0.0,0.0,--
2026/1/1 20:25,19.9,57,3.8,59,-3.5,3.8,0.0,2.9,69,949.9,1018.6,0.0,0,0.0,0.0,0.0,0.1,0.0,0.0,--
2026/1/1 20:26,19.9,57,3.7,59,-3.6,3.7,4.3,4.3,92,950.0,1018.7,0.0,0,0.0,0.0,0.0,0.1,0.0,0.0,--
2026/1/1 20:27,19.8,57,3.6,59,-3.7,3.6,2.5,5.4,94,950.0,1018.7,0.0,0,0.0,0.0,0.0,0.1,0.0,0.0,--
2026/1/1 20:28,19.8,57,3.6,60,-3.5,3.6,0.0,2.9,78,949.9,1018.6,0.0,0,0.0,0.0,0.0,0.1,0.0,0.0,--
2026/1/1 20:29,19.8,57,3.6,59,-3.7,3.6,2.2,3.2,354,949.9,1018.6,0.0,0,0.0,0.0,0.0,0.1,0.0,0.0,--
2026/1/1 20:30,19.8,57,3.6,57,-4.1,3.6,0.0,0.0,336,950.0,1018.7,0.0,0,0.0,0.0,0.0,0.1,0.0,0.0,--
2026/1/1 20:31,19.8,57,3.6,59,-3.7,3.6,0.0,0.0,8,949.9,1018.6,0.0,0,0.0,0.0,0.0,0.1,0.0,0.0,--
2026/1/1 20:32,19.8,57,3.7,58,-3.8,3.7,2.2,2.5,357,949.8,1018.5,0.0,0,0.0,0.0,0.0,0.1,0.0,0.0,--
2026/1/1 20:33,19.8,57,3.7,58,-3.8,3.7,2.9,2.9,314,949.8,1018.5,0.0,0,0.0,0.0,0.0,0.1,0.0,0.0,--
2026/1/1 20:34,19.8,57,3.7,58,-3.8,3.7,0.0,1.8,11,949.9,1018.6,0.0,0,0.0,0.0,0.0,0.1,0.0,0.0,--
2026/1/1 20:35,19.8,57,3.8,59,-3.5,3.8,1.8,2.2,298,949.8,1018.5,0.0,0,0.0,0.0,0.0,0.1,0.0,0.0,--
2026/1/1 20:36,19.8,57,3.8,58,-3.7,3.8,2.2,3.6,255,949.9,1018.6,0.0,0,0.0,0.0,0.0,0.1,0.0,0.0,--
2026/1/1 20:37,19.8,57,3.9,58,-3.6,3.9,0.0,2.9,228,949.8,1018.5,0.0,0,0.0,0.0,0.0,0.1,0.0,0.0,--
2026/1/1 20:38,19.8,57,3.9,58,-3.6,3.9,0.0,2.2,55,949.6,1018.3,0.0,0,0.0,0.0,0.0,0.1,0.0,0.0,--
2026/1/1 20:39,19.8,57,3.9,60,-3.2,3.9,3.2,3.2,14,949.6,1018.3,0.0,0,0.0,0.0,0.0,0.1,0.0,0.0,--
2026/1/1 20:40,19.8,57,3.9,61,-2.9,3.9,0.0,0.0,44,949.6,1018.3,0.0,0,0.0,0.0,0.0,0.1,0.0,0.0,--
2026/1/1 20:41,19.9,57,4.0,60,-3.1,4.0,3.2,3.2,123,949.5,1018.2,0.0,0,0.0,0.0,0.0,0.1,0.0,0.0,--
2026/1/1 20:42,19.8,55,4.0,60,-3.1,4.0,0.0,1.8,116,949.3,1018.0,0.0,0,0.0,0.0,0.0,0.1,0.0,0.0,--
2026/1/1 20:43,19.8,55,4.0,60,-3.1,4.0,3.2,4.3,110,949.6,1018.3,0.0,0,0.0,0.0,0.0,0.1,0.0,0.0,--
2026/1/1 20:44,19.7,56,3.9,60,-3.2,3.9,3.2,3.2,96,949.5,1018.2,0.0,0,0.0,0.0,0.0,0.1,0.0,0.0,--
2026/1/1 20:45,19.8,56,3.9,60,-3.2,3.9,4.0,4.0,99,949.4,1018.1,0.0,0,0.0,0.0,0.0,0.1,0.0,0.0,--
2026/1/1 20:46,19.8,56,3.9,60,-3.2,3.9,3.6,3.6,115,949.4,1018.1,0.0,0,0.0,0.0,0.0,0.1,0.0,0.0,--
2026/1/1 20:47,19.8,56,3.9,60,-3.2,3.9,4.0,5.0,113,949.5,1018.2,0.0,0,0.0,0.0,0.0,0.1,0.0,0.0,--
2026/1/1 20:48,19.7,56,3.9,61,-2.9,3.9,0.0,0.0,29,949.2,1017.9,0.0,0,0.0,0.0,0.0,0.1,0.0,0.0,--
2026/1/1 20:49,19.8,56,3.9,62,-2.7,3.9,0.0,0.0,66,949.5,1018.2,0.0,0,0.0,0.0,0.0,0.1,0.0,0.0,--
2026/1/1 20:50,19.8,56,3.9,62,-2.7,3.9,0.0,0.0,32,949.4,1018.1,0.0,0,0.0,0.0,0.0,0.1,0.0,0.0,--
2026/1/1 20:51,19.8,56,3.8,63,-2.6,3.8,1.8,2.2,314,949.2,1017.9,0.0,0,0.0,0.0,0.0,0.1,0.0,0.0,--
2026/1/1 20:52,19.8,56,3.9,64,-2.3,3.9,0.0,0.0,269,949.4,1018.1,0.0,0,0.0,0.0,0.0,0.1,0.0,0.0,--
2026/1/1 20:53,19.8,56,4.0,65,-2.0,4.0,0.0,0.0,49,949.5,1018.2,0.0,0,0.0,0.0,0.0,0.1,0.0,0.0,--
2026/1/1 20:54,19.8,56,4.1,65,-1.9,4.1,2.9,3.6,279,949.5,1018.2,0.0,0,0.0,0.0,0.0,0.1,0.0,0.0,--
2026/1/1 20:55,19.8,56,4.3,64,-1.9,4.3,1.8,5.0,287,949.3,1018.0,0.0,0,0.0,0.0,0.0,0.1,0.0,0.0,--
2026/1/1 20:56,19.8,56,4.5,64,-1.7,4.5,2.5,3.2,33,949.4,1018.1,0.0,0,0.0,0.0,0.0,0.1,0.0,0.0,--
2026/1/1 20:57,19.8,56,4.7,63,-1.8,4.7,3.2,3.6,335,949.3,1018.0,0.0,0,0.0,0.0,0.0,0.1,0.0,0.0,--
2026/1/1 20:58,19.8,56,4.8,63,-1.7,3.9,5.0,5.0,330,949.3,1018.0,0.0,0,0.0,0.0,0.0,0.1,0.0,0.0,--
2026/1/1 20:59,19.8,57,5.0,62,-1.7,3.0,8.6,9.0,321,949.0,1017.7,0.0,0,0.0,0.0,0.0,0.1,0.0,0.0,--
2026/1/1 21:00,19.7,57,5.1,62,-1.6,3.1,8.6,9.4,327,949.1,1017.8,0.0,0,0.0,0.0,0.0,0.1,0.0,0.0,--
2026/1/1 21:01,19.8,57,5.2,62,-1.5,3.9,6.1,7.9,319,949.1,1017.8,0.0,0,0.0,0.0,0.0,0.1,0.0,0.0,--
2026/1/1 21:02,19.8,57,5.2,62,-1.5,5.2,2.5,6.8,301,949.1,1017.8,0.0,0,0.0,0.0,0.0,0.1,0.0,0.0,--
2026/1/1 21:03,19.7,57,5.3,62,-1.4,5.3,0.0,5.0,317,949.0,1017.7,0.0,0,0.0,0.0,0.0,0.1,0.0,0.0,--
2026/1/1 21:04,19.7,57,5.3,62,-1.4,5.3,3.6,5.8,327,949.0,1017.7,0.0,0,0.0,0.0,0.0,0.1,0.0,0.0,--
2026/1/1 21:05,19.7,57,5.3,63,-1.2,5.3,2.5,4.0,89,949.1,1017.8,0.0,0,0.0,0.0,0.0,0.1,0.0,0.0,--
2026/1/1 21:06,19.7,57,5.3,63,-1.2,5.3,0.0,2.2,105,949.0,1017.7,0.0,0,0.0,0.0,0.0,0.1,0.0,0.0,--
2026/1/1 21:07,19.7,57,5.3,60,-1.8,3.6,7.6,8.6,112,949.1,1017.8,0.0,0,0.0,0.0,0.0,0.1,0.0,0.0,--
2026/1/1 21:08,19.7,57,5.2,55,-3.1,3.3,8.3,9.0,117,949.2,1017.9,0.0,0,0.0,0.0,0.0,0.1,0.0,0.0,--
2026/1/1 21:09,19.7,57,5.1,52,-4.0,3.6,6.5,7.9,122,949.1,1017.8,0.0,0,0.0,0.0,0.0,0.1,0.0,0.0,--
2026/1/1 21:10,19.7,57,4.9,51,-4.4,3.0,7.9,11.5,131,949.0,1017.7,0.0,0,0.0,0.0,0.0,0.1,0.0,0.0,--
2026/1/1 21:11,19.7,57,4.8,52,-4.2,4.8,4.0,7.2,82,949.0,1017.7,0.0,0,0.0,0.0,0.0,0.1,0.0,0.0,--
2026/1/1 21:12,19.7,57,4.7,53,-4.1,4.7,2.9,2.9,106,949.1,1017.8,0.0,0,0.0,0.0,0.0,0.1,0.0,0.0,--
2026/1/1 21:13,19.7,57,4.6,53,-4.2,4.6,2.9,2.9,107,949.0,1017.7,0.0,0,0.0,0.0,0.0,0.1,0.0,0.0,--
2026/1/1 21:14,19.7,57,4.5,54,-4.0,4.5,2.5,3.2,95,949.0,1017.7,0.0,0,0.0,0.0,0.0,0.1,0.0,0.0,--
2026/1/1 21:15,19.7,57,4.5,54,-4.0,4.5,4.3,4.7,107,949.0,1017.7,0.0,0,0.0,0.0,0.0,0.1,0.0,0.0,--
2026/1/1 21:16,19.7,57,4.5,55,-3.8,4.5,3.6,4.3,105,949.2,1017.9,0.0,0,0.0,0.0,0.0,0.1,0.0,0.0,--
2026/1/1 21:17,19.7,57,4.4,56,-3.6,4.4,2.2,2.5,92,949.1,1017.8,0.0,0,0.0,0.0,0.0,0.1,0.0,0.0,--
2026/1/1 21:18,19.7,57,4.4,56,-3.6,4.4,3.2,3.2,110,949.1,1017.8,0.0,0,0.0,0.0,0.0,0.1,0.0,0.0,--
2026/1/1 21:19,19.8,57,4.4,57,-3.4,2.8,6.5,6.5,121,949.1,1017.8,0.0,0,0.0,0.0,0.0,0.1,0.0,0.0,--
2026/1/1 21:20,19.7,57,4.4,58,-3.2,4.4,3.6,5.0,53,949.1,1017.8,0.0,0,0.0,0.0,0.0,0.1,0.0,0.0,--
2026/1/1 21:21,19.7,57,4.4,55,-3.9,4.4,4.3,6.5,88,949.0,1017.7,0.0,0,0.0,0.0,0.0,0.1,0.0,0.0,--
2026/1/1 21:22,19.7,57,4.3,54,-4.2,4.3,4.3,5.4,103,949.0,1017.7,0.0,0,0.0,0.0,0.0,0.1,0.0,0.0,--
2026/1/1 21:23,19.7,57,4.3,54,-4.2,4.3,4.0,5.0,82,949.1,1017.8,0.0,0,0.0,0.0,0.0,0.1,0.0,0.0,--
2026/1/1 21:24,19.7,58,4.2,53,-4.5,3.0,5.4,5.8,104,949.2,1017.9,0.0,0,0.0,0.0,0.0,0.1,0.0,0.0,--
2026/1/1 21:25,19.7,58,4.2,53,-4.5,4.2,4.3,4.7,319,949.1,1017.8,0.0,0,0.0,0.0,0.0,0.1,0.0,0.0,--
2026/1/1 21:26,19.6,58,4.2,50,-5.3,4.2,4.7,7.6,127,949.0,1017.7,0.0,0,0.0,0.0,0.0,0.1,0.0,0.0,--
2026/1/1 21:27,19.6,58,4.2,50,-5.3,2.5,6.8,7.9,123,949.2,1017.9,0.0,0,0.0,0.0,0.0,0.1,0.0,0.0,--
2026/1/1 21:28,19.7,58,4.2,50,-5.3,2.9,5.8,9.0,115,949.0,1017.7,0.0,0,0.0,0.0,0.0,0.1,0.0,0.0,--
2026/1/1 21:29,19.6,58,4.1,49,-5.7,2.7,6.1,7.6,118,949.0,1017.7,0.0,0,0.0,0.0,0.0,0.1,0.0,0.0,--
2026/1/1 21:30,19.6,58,4.1,49,-5.7,2.3,7.2,10.1,113,949.1,1017.8,0.0,0,0.0,0.0,0.0,0.1,0.0,0.0,--
2026/1/1 21:31,19.6,58,4.0,49,-5.8,1.3,10.4,10.4,121,949.2,1017.9,0.0,0,0.0,0.0,0.0,0.1,0.0,0.0,--
2026/1/1 21:32,19.6,58,4.0,50,-5.5,2.1,7.6,7.6,118,949.2,1017.9,0.0,0,0.0,0.0,0.0,0.1,0.0,0.0,--
2026/1/1 21:33,19.6,58,4.0,50,-5.5,4.0,4.0,6.1,107,949.1,1017.8,0.0,0,0.0,0.0,0.0,0.1,0.0,0.0,--
2026/1/1 21:34,19.6,58,3.9,51,-5.3,3.9,2.5,4.7,109,949.2,1017.9,0.0,0,0.0,0.0,0.0,0.1,0.0,0.0,--
2026/1/1 21:35,19.6,58,3.9,50,-5.6,3.9,3.6,5.0,88,949.3,1018.0,0.0,0,0.0,0.0,0.0,0.1,0.0,0.0,--
2026/1/1 21:36,19.6,58,3.9,50,-5.6,2.7,5.4,5.4,97,949.3,1018.0,0.0,0,0.0,0.0,0.0,0.1,0.0,0.0,--
2026/1/1 21:37,19.6,58,3.8,50,-5.7,2.0,6.8,7.2,113,949.4,1018.1,0.0,0,0.0,0.0,0.0,0.1,0.0,0.0,--
2026/1/1 21:38,19.6,58,3.8,50,-5.7,2.3,6.1,6.1,101,949.2,1017.9,0.0,0,0.0,0.0,0.0,0.1,0.0,0.0,--
2026/1/1 21:39,19.6,58,3.8,50,-5.7,3.8,2.9,4.0,93,949.2,1017.9,0.0,0,0.0,0.0,0.0,0.1,0.0,0.0,--
2026/1/1 21:40,19.6,58,3.8,50,-5.7,3.8,0.0,0.0,77,949.1,1017.8,0.0,0,0.0,0.0,0.0,0.1,0.0,0.0,--
2026/1/1 21:41,19.6,58,3.8,50,-5.7,3.8,0.0,0.0,157,949.1,1017.8,0.0,0,0.0,0.0,0.0,0.1,0.0,0.0,--
2026/1/1 21:42,19.6,58,3.8,50,-5.7,3.8,0.0,1.8,165,949.1,1017.8,0.0,0,0.0,0.0,0.0,0.1,0.0,0.0,--
2026/1/1 21:43,19.6,58,3.8,51,-5.4,3.8,0.0,1.8,179,949.2,1017.9,0.0,0,0.0,0.0,0.0,0.1,0.0,0.0,--
2026/1/1 21:44,19.6,58,3.8,54,-4.7,3.8,0.0,1.8,185,949.3,1018.0,0.0,0,0.0,0.0,0.0,0.1,0.0,0.0,--
2026/1/1 21:45,19.6,58,3.7,54,-4.8,3.7,0.0,1.8,200,949.2,1017.9,0.0,0,0.0,0.0,0.0,0.1,0.0,0.0,--
2026/1/1 21:46,19.6,58,3.7,52,-5.3,3.7,0.0,0.0,229,949.5,1018.2,0.0,0,0.0,0.0,0.0,0.1,0.0,0.0,--
2026/1/1 21:47,19.6,58,3.7,49,-6.0,3.7,2.2,2.5,336,949.2,1017.9,0.0,0,0.0,0.0,0.0,0.1,0.0,0.0,--
2026/1/1 21:48,19.6,58,3.7,50,-5.8,3.7,1.8,1.8,21,949.1,1017.8,0.0,0,0.0,0.0,0.0,0.1,0.0,0.0,--
2026/1/1 21:49,19.6,58,3.7,51,-5.5,3.7,2.9,2.9,22,949.1,1017.8,0.0,0,0.0,0.0,0.0,0.1,0.0,0.0,--
2026/1/1 21:50,19.6,58,3.7,52,-5.3,3.7,4.0,4.7,19,949.1,1017.8,0.0,0,0.0,0.0,0.0,0.1,0.0,0.0,--
2026/1/1 21:51,19.6,58,3.7,54,-4.8,3.7,2.9,4.3,15,949.1,1017.8,0.0,0,0.0,0.0,0.0,0.1,0.0,0.0,--
2026/1/1 21:52,19.6,58,3.7,54,-4.8,3.7,0.0,1.8,359,949.0,1017.7,0.0,0,0.0,0.0,0.0,0.1,0.0,0.0,--
2026/1/1 21:53,19.6,59,3.6,52,-5.3,3.6,0.0,1.8,281,949.2,1017.9,0.0,0,0.0,0.0,0.0,0.1,0.0,0.0,--
2026/1/1 21:54,19.6,59,3.6,52,-5.3,3.6,2.2,2.9,236,949.1,1017.8,0.0,0,0.0,0.0,0.0,0.1,0.0,0.0,--
2026/1/1 21:55,19.6,59,3.6,51,-5.6,3.6,2.5,2.5,181,949.2,1017.9,0.0,0,0.0,0.0,0.0,0.1,0.0,0.0,--
2026/1/1 21:56,19.6,59,3.6,52,-5.3,3.6,0.0,0.0,156,949.0,1017.7,0.0,0,0.0,0.0,0.0,0.1,0.0,0.0,--
2026/1/1 21:57,19.6,59,3.7,52,-5.3,3.7,0.0,0.0,156,949.3,1018.0,0.0,0,0.0,0.0,0.0,0.1,0.0,0.0,--
2026/1/1 21:58,19.6,59,3.7,51,-5.5,3.7,0.0,2.5,28,949.1,1017.8,0.0,0,0.0,0.0,0.0,0.1,0.0,0.0,--
2026/1/1 21:59,19.6,59,3.7,51,-5.5,3.7,2.9,2.9,22,949.2,1017.9,0.0,0,0.0,0.0,0.0,0.1,0.0,0.0,--
2026/1/1 22:00,19.7,59,3.7,51,-5.5,3.7,2.5,4.0,8,949.1,1017.8,0.0,0,0.0,0.0,0.0,0.1,0.0,0.0,--
2026/1/1 22:01,19.6,59,3.8,50,-5.7,3.8,0.0,1.8,32,949.2,1017.9,0.0,0,0.0,0.0,0.0,0.1,0.0,0.0,--
2026/1/1 22:02,19.6,59,3.8,51,-5.4,3.8,1.8,2.5,14,949.1,1017.8,0.0,0,0.0,0.0,0.0,0.1,0.0,0.0,--
2026/1/1 22:03,19.6,59,3.9,51,-5.3,3.9,0.0,0.0,22,949.0,1017.7,0.0,0,0.0,0.0,0.0,0.1,0.0,0.0,--
2026/1/1 22:04,19.6,59,3.9,51,-5.3,3.9,0.0,0.0,29,949.1,1017.8,0.0,0,0.0,0.0,0.0,0.1,0.0,0.0,--
2026/1/1 22:05,19.6,59,3.9,51,-5.3,3.9,0.0,1.8,176,949.1,1017.8,0.0,0,0.0,0.0,0.0,0.1,0.0,0.0,--
2026/1/1 22:06,19.6,59,3.9,52,-5.1,3.9,0.0,0.0,198,949.3,1018.0,0.0,0,0.0,0.0,0.0,0.1,0.0,0.0,--
2026/1/1 22:07,19.6,59,3.9,51,-5.3,3.9,1.8,1.8,274,949.1,1017.8,0.0,0,0.0,0.0,0.0,0.1,0.0,0.0,--
2026/1/1 22:08,19.6,59,3.9,52,-5.1,3.9,0.0,1.8,326,949.1,1017.8,0.0,0,0.0,0.0,0.0,0.1,0.0,0.0,--
2026/1/1 22:09,19.6,60,4.0,53,-4.7,4.0,1.8,2.5,38,949.1,1017.8,0.0,0,0.0,0.0,0.0,0.1,0.0,0.0,--
2026/1/1 22:10,19.6,60,4.0,53,-4.7,4.0,4.0,4.7,17,949.2,1017.9,0.0,0,0.0,0.0,0.0,0.1,0.0,0.0,--
2026/1/1 22:11,19.6,60,4.0,54,-4.5,4.0,2.5,4.0,27,949.2,1017.9,0.0,0,0.0,0.0,0.0,0.1,0.0,0.0,--
2026/1/1 22:12,19.7,60,4.0,55,-4.2,4.0,0.0,2.2,77,949.0,1017.7,0.0,0,0.0,0.0,0.0,0.1,0.0,0.0,--
2026/1/1 22:13,19.8,60,3.9,55,-4.3,3.9,2.9,2.9,63,949.0,1017.7,0.0,0,0.0,0.0,0.0,0.1,0.0,0.0,--
2026/1/1 22:14,19.8,60,3.9,54,-4.6,3.9,0.0,1.8,14,949.2,1017.9,0.0,0,0.0,0.0,0.0,0.1,0.0,0.0,--
2026/1/1 22:15,19.8,60,3.9,54,-4.6,3.9,0.0,0.0,61,949.1,1017.8,0.0,0,0.0,0.0,0.0,0.1,0.0,0.0,--
2026/1/1 22:16,19.8,60,3.8,54,-4.7,3.8,0.0,0.0,157,949.0,1017.7,0.0,0,0.0,0.0,0.0,0.1,0.0,0.0,--
2026/1/1 22:17,19.8,60,3.8,54,-4.7,3.8,0.0,1.8,159,949.0,1017.7,0.0,0,0.0,0.0,0.0,0.1,0.0,0.0,--
2026/1/1 22:18,19.8,60,3.8,53,-4.9,3.8,0.0,0.0,159,948.9,1017.6,0.0,0,0.0,0.0,0.0,0.1,0.0,0.0,--
2026/1/1 22:19,19.8,60,3.8,53,-4.9,3.8,0.0,0.0,44,949.0,1017.7,0.0,0,0.0,0.0,0.0,0.1,0.0,0.0,--
2026/1/1 22:20,19.8,60,3.8,54,-4.7,3.8,1.8,2.2,22,949.1,1017.8,0.0,0,0.0,0.0,0.0,0.1,0.0,0.0,--
2026/1/1 22:21,19.8,60,3.8,55,-4.4,3.8,2.5,3.6,29,948.8,1017.5,0.0,0,0.0,0.0,0.0,0.1,0.0,0.0,--
2026/1/1 22:22,19.8,60,3.8,56,-4.2,3.8,3.2,4.0,42,949.0,1017.7,0.0,0,0.0,0.0,0.0,0.1,0.0,0.0,--
2026/1/1 22:23,19.8,60,3.8,58,-3.7,3.8,1.8,1.8,43,948.8,1017.5,0.0,0,0.0,0.0,0.0,0.1,0.0,0.0,--
2026/1/1 22:24,19.8,60,3.8,59,-3.5,3.8,0.0,3.2,11,948.8,1017.5,0.0,0,0.0,0.0,0.0,0.1,0.0,0.0,--
2026/1/1 22:25,19.8,60,3.7,60,-3.4,3.7,0.0,1.8,6,948.9,1017.6,0.0,0,0.0,0.0,0.0,0.1,0.0,0.0,--
2026/1/1 22:26,19.8,60,3.6,60,-3.5,3.6,0.0,0.0,315,948.9,1017.6,0.0,0,0.0,0.0,0.0,0.1,0.0,0.0,--
2026/1/1 22:27,19.8,60,3.6,58,-3.9,3.6,0.0,0.0,249,948.9,1017.6,0.0,0,0.0,0.0,0.0,0.1,0.0,0.0,--
2026/1/1 22:28,19.8,60,3.6,57,-4.1,3.6,0.0,0.0,206,948.8,1017.5,0.0,0,0.0,0.0,0.0,0.1,0.0,0.0,--
2026/1/1 22:29,19.8,60,3.6,57,-4.1,3.6,0.0,0.0,202,948.8,1017.5,0.0,0,0.0,0.0,0.0,0.1,0.0,0.0,--
2026/1/1 22:30,19.8,60,3.6,57,-4.1,3.6,0.0,0.0,202,948.8,1017.5,0.0,0,0.0,0.0,0.0,0.1,0.0,0.0,--
2026/1/1 22:31,19.8,60,3.6,57,-4.1,3.6,0.0,0.0,41,948.6,1017.3,0.0,0,0.0,0.0,0.0,0.1,0.0,0.0,--
2026/1/1 22:32,19.8,60,3.6,57,-4.1,3.6,0.0,0.0,29,948.7,1017.4,0.0,0,0.0,0.0,0.0,0.1,0.0,0.0,--
2026/1/1 22:33,19.8,60,3.7,57,-4.0,3.7,0.0,2.2,21,948.6,1017.3,0.0,0,0.0,0.0,0.0,0.1,0.0,0.0,--
2026/1/1 22:34,19.8,60,3.7,56,-4.3,3.7,0.0,2.2,44,948.7,1017.4,0.0,0,0.0,0.0,0.0,0.1,0.0,0.0,--
2026/1/1 22:35,19.8,60,3.7,58,-3.8,3.7,1.8,2.5,60,948.6,1017.3,0.0,0,0.0,0.0,0.0,0.1,0.0,0.0,--
2026/1/1 22:36,19.8,60,3.8,58,-3.7,3.8,2.9,3.2,63,948.6,1017.3,0.0,0,0.0,0.0,0.0,0.1,0.0,0.0,--
2026/1/1 22:37,19.8,60,3.8,59,-3.5,3.8,2.2,3.2,68,948.6,1017.3,0.0,0,0.0,0.0,0.0,0.1,0.0,0.0,--
2026/1/1 22:38,19.8,60,3.8,60,-3.3,3.8,1.8,1.8,77,948.7,1017.4,0.0,0,0.0,0.0,0.0,0.1,0.0,0.0,--
2026/1/1 22:39,19.8,60,3.8,60,-3.3,3.8,2.2,2.5,78,948.6,1017.3,0.0,0,0.0,0.0,0.0,0.1,0.0,0.0,--
2026/1/1 22:40,19.8,60,3.8,61,-3.0,3.8,2.2,2.2,108,948.5,1017.2,0.0,0,0.0,0.0,0.0,0.1,0.0,0.0,--
2026/1/1 22:41,19.8,60,3.8,61,-3.0,3.8,2.2,2.2,105,948.6,1017.3,0.0,0,0.0,0.0,0.0,0.1,0.0,0.0,--
2026/1/1 22:42,19.8,60,3.8,61,-3.0,3.8,2.2,2.2,94,948.5,1017.2,0.0,0,0.0,0.0,0.0,0.1,0.0,0.0,--
2026/1/1 22:43,19.7,60,3.8,61,-3.0,3.8,0.0,0.0,124,948.7,1017.4,0.0,0,0.0,0.0,0.0,0.1,0.0,0.0,--
2026/1/1 22:44,19.7,60,3.7,61,-3.1,3.7,0.0,0.0,104,948.5,1017.2,0.0,0,0.0,0.0,0.0,0.1,0.0,0.0,--
2026/1/1 22:45,19.8,60,3.7,61,-3.1,3.7,0.0,0.0,135,948.5,1017.2,0.0,0,0.0,0.0,0.0,0.1,0.0,0.0,--
2026/1/1 22:46,19.8,60,3.7,61,-3.1,3.7,0.0,0.0,103,948.5,1017.2,0.0,0,0.0,0.0,0.0,0.1,0.0,0.0,--
2026/1/1 22:47,19.8,60,3.7,61,-3.1,3.7,2.2,2.5,27,948.4,1017.1,0.0,0,0.0,0.0,0.0,0.1,0.0,0.0,--
2026/1/1 22:48,19.8,60,3.7,63,-2.7,3.7,2.2,2.9,55,948.4,1017.1,0.0,0,0.0,0.0,0.0,0.1,0.0,0.0,--
2026/1/1 22:49,19.8,60,3.7,64,-2.5,3.7,0.0,1.8,126,948.5,1017.2,0.0,0,0.0,0.0,0.0,0.1,0.0,0.0,--
2026/1/1 22:50,19.8,60,3.7,64,-2.5,3.7,0.0,0.0,42,948.6,1017.3,0.0,0,0.0,0.0,0.0,0.1,0.0,0.0,--
2026/1/1 22:51,19.8,60,3.6,64,-2.6,3.6,0.0,0.0,44,948.5,1017.2,0.0,0,0.0,0.0,0.0,0.1,0.0,0.0,--
2026/1/1 22:52,19.8,60,3.7,64,-2.5,3.7,1.8,1.8,49,948.4,1017.1,0.0,0,0.0,0.0,0.0,0.1,0.0,0.0,--
2026/1/1 22:53,19.8,60,3.7,64,-2.5,3.7,0.0,0.0,32,948.4,1017.1,0.0,0,0.0,0.0,0.0,0.1,0.0,0.0,--
2026/1/1 22:54,19.8,60,3.7,65,-2.3,3.7,0.0,0.0,32,948.3,1017.0,0.0,0,0.0,0.0,0.0,0.1,0.0,0.0,--
2026/1/1 22:55,19.8,60,3.7,67,-1.9,3.7,0.0,0.0,55,948.6,1017.3,0.0,0,0.0,0.0,0.0,0.1,0.0,0.0,--
2026/1/1 22:56,19.8,60,3.7,68,-1.7,3.7,0.0,0.0,60,948.5,1017.2,0.0,0,0.0,0.0,0.0,0.1,0.0,0.0,--
2026/1/1 22:57,19.8,60,3.7,68,-1.7,3.7,0.0,0.0,131,948.3,1017.0,0.0,0,0.0,0.0,0.0,0.1,0.0,0.0,--
2026/1/1 22:58,19.8,60,3.8,69,-1.4,3.8,0.0,1.8,126,948.4,1017.1,0.0,0,0.0,0.0,0.0,0.1,0.0,0.0,--
2026/1/1 22:59,19.8,60,3.8,70,-1.2,3.8,0.0,1.8,120,948.3,1017.0,0.0,0,0.0,0.0,0.0,0.1,0.0,0.0,--
2026/1/1 23:00,19.8,60,3.9,70,-1.1,3.9,1.8,2.5,84,948.3,1017.0,0.0,0,0.0,0.0,0.0,0.1,0.0,0.0,--
2026/1/1 23:01,19.8,60,3.9,70,-1.1,3.9,2.2,2.2,85,948.3,1017.0,0.0,0,0.0,0.0,0.0,0.1,0.0,0.0,--
2026/1/1 23:02,19.8,60,3.9,71,-0.9,3.9,1.8,1.8,109,948.4,1017.1,0.0,0,0.0,0.0,0.0,0.1,0.0,0.0,--
2026/1/1 23:03,19.8,60,3.9,72,-0.7,3.9,0.0,1.8,95,948.4,1017.1,0.0,0,0.0,0.0,0.0,0.1,0.0,0.0,--
2026/1/1 23:04,19.8,60,4.0,73,-0.4,4.0,0.0,1.8,68,948.5,1017.2,0.0,0,0.0,0.0,0.0,0.1,0.0,0.0,--
2026/1/1 23:05,19.8,60,4.0,72,-0.6,4.0,3.6,3.6,20,948.3,1017.0,0.0,0,0.0,0.0,0.0,0.1,0.0,0.0,--
2026/1/1 23:06,19.8,60,4.1,74,-0.1,4.1,0.0,0.0,107,948.4,1017.1,0.0,0,0.0,0.0,0.0,0.1,0.0,0.0,--
2026/1/1 23:07,19.8,60,4.1,75,0.1,4.1,1.8,2.2,64,948.4,1017.1,0.0,0,0.0,0.0,0.0,0.1,0.0,0.0,--
2026/1/1 23:08,19.8,60,4.1,75,0.1,4.1,0.0,1.8,69,948.3,1017.0,0.0,0,0.0,0.0,0.0,0.1,0.0,0.0,--
2026/1/1 23:09,19.8,60,4.1,75,0.1,4.1,0.0,0.0,130,948.4,1017.1,0.0,0,0.0,0.0,0.0,0.1,0.0,0.0,--
2026/1/1 23:10,19.7,60,4.1,76,0.2,4.1,0.0,0.0,130,948.1,1016.8,0.0,0,0.0,0.0,0.0,0.1,0.0,0.0,--
2026/1/1 23:11,19.8,60,4.1,76,0.2,4.1,0.0,0.0,88,948.2,1016.9,0.0,0,0.0,0.0,0.0,0.1,0.0,0.0,--
2026/1/1 23:12,19.8,60,4.2,77,0.5,4.2,0.0,0.0,69,948.2,1016.9,0.0,0,0.0,0.0,0.0,0.1,0.0,0.0,--
2026/1/1 23:13,19.7,60,4.2,77,0.5,4.2,0.0,2.2,144,948.2,1016.9,0.0,0,0.0,0.0,0.0,0.1,0.0,0.0,--
2026/1/1 23:14,19.8,60,4.3,77,0.6,4.3,0.0,1.8,144,948.2,1016.9,0.0,0,0.0,0.0,0.0,0.1,0.0,0.0,--
2026/1/1 23:15,19.7,60,4.4,77,0.7,4.4,0.0,1.8,191,948.2,1016.9,0.0,0,0.0,0.0,0.0,0.1,0.0,0.0,--
2026/1/1 23:16,19.7,60,4.5,76,0.6,4.5,0.0,0.0,141,948.2,1016.9,0.0,0,0.0,0.0,0.0,0.1,0.0,0.0,--
2026/1/1 23:17,19.7,60,4.6,76,0.7,4.6,1.8,1.8,302,948.1,1016.8,0.0,0,0.0,0.0,0.0,0.1,0.0,0.0,--
2026/1/1 23:18,19.8,60,4.7,75,0.6,4.7,0.0,0.0,290,948.2,1016.9,0.0,0,0.0,0.0,0.0,0.1,0.0,0.0,--
2026/1/1 23:19,19.8,60,4.9,75,0.8,4.9,0.0,0.0,290,948.0,1016.7,0.0,0,0.0,0.0,0.0,0.1,0.0,0.0,--
2026/1/1 23:20,19.8,60,4.9,75,0.8,4.9,0.0,0.0,252,947.9,1016.6,0.0,0,0.0,0.0,0.0,0.1,0.0,0.0,--
2026/1/1 23:21,19.8,60,4.9,75,0.8,4.9,1.8,1.8,197,947.9,1016.6,0.0,0,0.0,0.0,0.0,0.1,0.0,0.0,--
2026/1/1 23:22,19.8,60,5.0,75,0.9,5.0,2.9,3.2,140,948.0,1016.7,0.0,0,0.0,0.0,0.0,0.1,0.0,0.0,--
2026/1/1 23:23,19.7,60,5.0,75,0.9,5.0,3.2,4.3,243,947.8,1016.5,0.0,0,0.0,0.0,0.0,0.1,0.0,0.0,--
2026/1/1 23:24,19.8,60,5.2,74,0.9,5.2,2.2,3.6,265,948.1,1016.8,0.0,0,0.0,0.0,0.0,0.1,0.0,0.0,--
2026/1/1 23:25,19.7,60,5.3,73,0.9,5.3,3.2,4.0,334,948.0,1016.7,0.0,0,0.0,0.0,0.0,0.1,0.0,0.0,--
2026/1/1 23:26,19.8,60,5.5,73,1.1,5.5,2.5,2.9,284,947.8,1016.5,0.0,0,0.0,0.0,0.0,0.1,0.0,0.0,--
2026/1/1 23:27,19.7,60,5.5,73,1.1,5.5,4.7,5.8,330,947.9,1016.6,0.0,0,0.0,0.0,0.0,0.1,0.0,0.0,--
2026/1/1 23:28,19.8,60,5.7,73,1.3,5.7,2.9,2.9,4,947.8,1016.5,0.0,0,0.0,0.0,0.0,0.1,0.0,0.0,--
2026/1/1 23:29,19.7,60,5.8,72,1.1,5.8,0.0,2.2,355,947.7,1016.4,0.0,0,0.0,0.0,0.0,0.1,0.0,0.0,--
2026/1/1 23:30,19.8,60,5.8,72,1.1,5.8,0.0,1.8,191,947.8,1016.5,0.0,0,0.0,0.0,0.0,0.1,0.0,0.0,--
2026/1/1 23:31,19.8,61,5.8,72,1.1,5.8,0.0,1.8,240,947.8,1016.5,0.0,0,0.0,0.0,0.0,0.1,0.0,0.0,--
2026/1/1 23:32,19.8,60,5.9,72,1.2,5.9,1.8,2.2,71,947.6,1016.3,0.0,0,0.0,0.0,0.0,0.1,0.0,0.0,--
2026/1/1 23:33,19.7,60,5.8,72,1.1,5.8,0.0,0.0,73,947.7,1016.4,0.0,0,0.0,0.0,0.0,0.1,0.0,0.0,--
2026/1/1 23:34,19.7,60,5.8,72,1.1,5.8,0.0,0.0,73,947.8,1016.5,0.0,0,0.0,0.0,0.0,0.1,0.0,0.0,--
2026/1/1 23:35,19.8,61,5.8,73,1.4,5.8,1.8,1.8,123,947.6,1016.3,0.0,0,0.0,0.0,0.0,0.1,0.0,0.0,--
2026/1/1 23:36,19.8,61,5.8,73,1.4,5.8,1.8,1.8,116,947.8,1016.5,0.0,0,0.0,0.0,0.0,0.1,0.0,0.0,--
2026/1/1 23:37,19.8,60,5.8,73,1.4,5.8,0.0,1.8,110,947.6,1016.3,0.0,0,0.0,0.0,0.0,0.1,0.0,0.0,--
2026/1/1 23:38,19.7,60,5.8,74,1.5,5.8,0.0,0.0,160,947.7,1016.4,0.0,0,0.0,0.0,0.0,0.1,0.0,0.0,--
2026/1/1 23:39,19.7,60,5.8,75,1.7,5.8,0.0,0.0,160,947.7,1016.4,0.0,0,0.0,0.0,0.0,0.1,0.0,0.0,--
2026/1/1 23:40,19.7,60,5.7,78,2.2,5.7,0.0,1.8,111,947.6,1016.3,0.0,0,0.1,0.1,0.1,0.2,0.1,0.1,--
2026/1/1 23:41,19.8,61,5.6,79,2.2,4.6,5.4,5.4,116,947.7,1016.4,0.0,0,0.1,0.1,0.1,0.2,0.1,0.1,--
2026/1/1 23:42,19.8,61,5.5,79,2.1,5.5,2.2,5.4,97,947.8,1016.5,0.0,0,0.1,0.1,0.1,0.2,0.1,0.1,--
2026/1/1 23:43,19.8,60,5.4,74,1.1,4.2,5.8,5.8,126,947.7,1016.4,0.0,0,0.1,0.1,0.1,0.2,0.1,0.1,--
2026/1/1 23:44,19.8,60,5.1,71,0.3,5.1,3.2,4.3,82,947.7,1016.4,0.0,0,0.2,0.2,0.2,0.3,0.2,0.2,--
2026/1/1 23:45,19.8,60,4.9,69,-0.3,3.0,7.9,8.3,107,947.7,1016.4,0.0,0,0.2,0.2,0.2,0.3,0.2,0.2,--
2026/1/1 23:46,19.8,60,4.5,68,-0.9,4.5,3.6,7.2,110,947.8,1016.5,0.0,0,0.2,0.2,0.2,0.3,0.2,0.2,--
2026/1/1 23:47,19.7,60,4.1,70,-0.9,2.9,5.4,6.8,121,947.8,1016.5,0.0,0,0.2,0.2,0.2,0.3,0.2,0.2,--
2026/1/1 23:48,19.8,60,3.7,70,-1.3,1.6,8.3,8.6,126,947.8,1016.5,0.0,0,0.2,0.2,0.2,0.3,0.2,0.2,--
2026/1/1 23:49,19.8,61,3.4,71,-1.4,1.7,6.5,6.8,115,947.8,1016.5,0.0,0,0.3,0.3,0.3,0.4,0.3,0.3,--
2026/1/1 23:50,19.8,60,3.1,71,-1.7,3.1,4.0,6.8,116,947.7,1016.4,0.0,0,0.3,0.3,0.3,0.4,0.3,0.3,--
2026/1/1 23:51,19.8,60,3.0,73,-1.4,1.0,7.2,8.3,111,947.6,1016.3,0.0,0,0.3,0.3,0.3,0.4,0.3,0.3,--
2026/1/1 23:52,19.8,61,2.8,73,-1.6,2.8,4.0,7.9,115,947.6,1016.3,0.0,0,0.3,0.3,0.3,0.4,0.3,0.3,--
2026/1/1 23:53,19.8,60,2.7,75,-1.3,2.7,4.3,6.1,122,947.6,1016.3,0.0,0,0.4,0.4,0.4,0.5,0.4,0.4,--
2026/1/1 23:54,19.8,60,2.6,75,-1.4,2.6,2.9,4.3,100,947.5,1016.2,0.0,0,0.4,0.4,0.4,0.5,0.4,0.4,--
2026/1/1 23:55,19.8,60,2.5,77,-1.1,2.5,4.0,4.7,39,947.6,1016.3,0.0,0,0.4,0.4,0.4,0.5,0.4,0.4,--
2026/1/1 23:56,19.8,60,2.4,77,-1.2,2.4,4.0,4.7,103,947.6,1016.3,0.0,0,0.4,0.4,0.4,0.5,0.4,0.4,--
2026/1/1 23:57,19.8,60,2.4,77,-1.2,1.1,5.0,5.4,115,947.6,1016.3,0.0,0,0.4,0.4,0.4,0.5,0.4,0.4,--
2026/1/1 23:58,19.8,60,2.3,78,-1.2,2.3,4.7,5.4,103,947.5,1016.2,0.0,0,0.4,0.4,0.4,0.5,0.4,0.4,--
2026/1/1 23:59,19.8,60,2.2,79,-1.1,0.9,5.0,5.4,107,947.5,1016.2,0.0,0,0.4,0.4,0.4,0.5,0.4,0.4,--
2026/1/2 0:00,19.8,60,2.2,81,-0.7,0.9,5.0,6.5,116,947.4,1016.1,0.0,0,0.4,0.4,0.0,0.5,0.4,0.4,--
2026/1/2 0:01,19.8,60,2.1,83,-0.5,2.1,2.2,2.5,101,947.4,1016.1,0.0,0,0.4,0.4,0.0,0.5,0.4,0.4,--
2026/1/2 0:02,19.8,60,2.1,84,-0.3,2.1,2.2,2.5,110,947.4,1016.1,0.0,0,0.5,0.5,0.1,0.6,0.5,0.5,--
2026/1/2 0:03,19.8,60,2.1,85,-0.2,2.1,0.0,1.8,110,947.5,1016.2,0.0,0,0.5,0.5,0.1,0.6,0.5,0.5,--
2026/1/2 0:04,19.8,60,2.0,85,-0.3,2.0,0.0,0.0,76,947.4,1016.1,0.0,0,0.5,0.5,0.1,0.6,0.5,0.5,--
2026/1/2 0:05,19.8,60,2.0,85,-0.3,2.0,1.8,1.8,123,947.3,1016.0,0.0,0,0.5,0.5,0.1,0.6,0.5,0.5,--
2026/1/2 0:06,19.8,60,2.0,85,-0.3,2.0,1.8,2.2,147,947.4,1016.1,0.0,0,0.5,0.5,0.1,0.6,0.5,0.5,--
2026/1/2 0:07,19.8,60,2.0,85,-0.3,2.0,2.2,2.9,103,947.5,1016.2,0.0,0,0.5,0.5,0.1,0.6,0.5,0.5,--
2026/1/2 0:08,19.8,60,2.0,87,0.0,2.0,2.9,3.6,108,947.2,1015.9,0.0,0,0.5,0.5,0.1,0.6,0.5,0.5,--
2026/1/2 0:09,19.8,60,2.1,87,0.1,2.1,3.6,4.7,103,947.5,1016.2,0.0,0,0.5,0.5,0.1,0.6,0.5,0.5,--
2026/1/2 0:10,19.8,60,2.1,88,0.2,2.1,0.0,2.5,73,947.2,1015.9,0.0,0,0.6,0.6,0.2,0.7,0.6,0.6,--
2026/1/2 0:11,19.8,60,2.1,89,0.4,2.1,2.9,2.9,82,947.2,1015.9,0.0,0,0.6,0.6,0.2,0.7,0.6,0.6,--
2026/1/2 0:12,19.8,60,2.2,89,0.5,2.2,3.6,4.0,65,947.4,1016.1,0.0,0,0.7,0.7,0.3,0.8,0.7,0.7,--
2026/1/2 0:13,19.8,60,2.2,90,0.7,2.2,3.2,4.0,36,947.2,1015.9,0.0,0,0.7,0.7,0.3,0.8,0.7,0.7,--
2026/1/2 0:14,19.8,60,2.2,90,0.7,2.2,0.0,0.0,23,947.4,1016.1,0.0,0,0.7,0.7,0.3,0.8,0.7,0.7,--
2026/1/2 0:15,19.8,60,2.2,91,0.9,2.2,0.0,0.0,237,947.3,1016.0,0.0,0,0.7,0.7,0.3,0.8,0.7,0.7,--
2026/1/2 0:16,19.8,60,2.3,91,1.0,2.3,0.0,0.0,293,947.3,1016.0,0.0,0,0.8,0.8,0.4,0.9,0.8,0.8,--
2026/1/2 0:17,19.8,60,2.3,92,1.1,2.3,0.0,0.0,293,947.2,1015.9,0.0,0,0.8,0.8,0.4,0.9,0.8,0.8,--
2026/1/2 0:18,19.8,60,2.3,92,1.1,2.3,1.8,2.5,69,947.2,1015.9,0.0,0,0.9,0.9,0.5,1.0,0.9,0.9,--
2026/1/2 0:19,19.8,60,2.3,92,1.1,2.3,2.5,2.9,130,947.1,1015.8,0.0,0,0.9,0.9,0.5,1.0,0.9,0.9,--
2026/1/2 0:20,19.8,60,2.4,93,1.3,2.4,0.0,1.8,224,947.1,1015.8,0.0,0,1.0,1.0,0.6,1.1,1.0,1.0,--
2026/1/2 0:21,19.8,60,2.4,93,1.3,2.4,0.0,1.8,246,947.3,1016.0,0.0,0,1.0,1.0,0.6,1.1,1.0,1.0,--
2026/1/2 0:22,19.8,60,2.5,93,1.4,2.5,0.0,1.8,202,947.1,1015.8,0.0,0,1.1,1.1,0.7,1.2,1.1,1.1,--
2026/1/2 0:23,19.8,60,2.6,94,1.6,2.6,1.8,2.2,256,947.2,1015.9,0.0,0,1.1,1.1,0.7,1.2,1.1,1.1,--
2026/1/2 0:24,19.8,60,2.7,94,1.7,2.7,2.2,2.5,245,947.2,1015.9,0.0,0,1.1,1.1,0.7,1.2,1.1,1.1,--
2026/1/2 0:25,19.8,60,2.9,94,1.9,2.9,1.8,3.6,208,947.2,1015.9,0.0,0,1.1,1.1,0.7,1.2,1.1,1.1,--
2026/1/2 0:26,19.8,60,3.1,95,2.3,3.1,0.0,0.0,304,947.1,1015.8,0.0,0,1.2,1.2,0.8,1.3,1.2,1.2,--
2026/1/2 0:27,19.8,60,3.2,95,2.4,3.2,3.2,3.6,75,947.3,1016.0,0.0,0,1.2,1.2,0.8,1.3,1.2,1.2,--
2026/1/2 0:28,19.8,60,3.3,95,2.5,3.3,2.2,2.5,31,947.1,1015.8,0.0,0,1.2,1.2,0.8,1.3,1.2,1.2,--
2026/1/2 0:29,19.8,61,3.3,95,2.5,3.3,2.9,3.6,78,947.1,1015.8,0.0,0,1.3,1.3,0.9,1.4,1.3,1.3,--
2026/1/2 0:30,19.8,60,3.3,94,2.3,3.3,0.0,2.2,29,947.1,1015.8,0.0,0,1.4,1.4,1.0,1.5,1.4,1.4,--
2026/1/2 0:31,19.8,60,3.4,94,2.4,3.4,0.0,0.0,202,947.1,1015.8,0.0,0,1.4,1.4,1.0,1.5,1.4,1.4,--
2026/1/2 0:32,19.8,61,3.4,95,2.6,3.4,1.8,1.8,280,947.0,1015.7,0.0,0,1.4,1.4,1.0,1.5,1.4,1.4,--
2026/1/2 0:33,19.8,60,3.4,95,2.6,3.4,0.0,0.0,43,947.2,1015.9,0.0,0,1.5,1.5,1.1,1.6,1.5,1.5,--
2026/1/2 0:34,19.8,60,3.4,95,2.6,3.4,2.5,3.2,79,947.1,1015.8,0.0,0,1.5,1.5,1.1,1.6,1.5,1.5,--
2026/1/2 0:35,19.8,60,3.4,95,2.6,3.4,0.0,1.8,109,946.9,1015.6,0.0,0,1.6,1.6,1.2,1.7,1.6,1.6,--
2026/1/2 0:36,19.9,60,3.4,95,2.6,3.4,1.8,2.2,63,947.0,1015.7,0.0,0,1.6,1.6,1.2,1.7,1.6,1.6,--
2026/1/2 0:37,19.8,60,3.4,94,2.4,3.4,3.6,3.6,75,946.8,1015.5,0.0,0,1.7,1.7,1.3,1.8,1.7,1.7,--
2026/1/2 0:38,19.9,60,3.4,94,2.4,3.4,2.9,3.2,77,947.0,1015.7,0.0,0,1.6,1.7,1.3,1.8,1.7,1.7,--
2026/1/2 0:39,19.9,60,3.4,95,2.6,3.4,1.8,2.5,63,947.0,1015.7,0.0,0,1.7,1.8,1.4,1.9,1.8,1.8,--
2026/1/2 0:40,19.9,60,3.4,95,2.6,3.4,2.5,2.5,120,946.9,1015.6,0.0,0,1.7,1.8,1.4,1.9,1.8,1.8,--
2026/1/2 0:41,19.8,60,3.4,95,2.6,3.4,2.5,3.2,122,946.8,1015.5,0.0,0,1.7,1.8,1.4,1.9,1.8,1.8,--
2026/1/2 0:42,19.8,60,3.4,95,2.6,3.4,2.2,2.9,114,946.9,1015.6,0.0,0,1.8,1.9,1.5,2.0,1.9,1.9,--
2026/1/2 0:43,19.9,60,3.4,95,2.6,3.4,0.0,1.8,59,947.0,1015.7,0.0,0,1.8,2.0,1.6,2.1,2.0,2.0,--
2026/1/2 0:44,19.8,60,3.4,95,2.6,3.4,0.0,2.2,114,947.0,1015.7,0.0,0,1.8,2.0,1.6,2.1,2.0,2.0,--
2026/1/2 0:45,19.8,60,3.4,95,2.6,3.4,0.0,0.0,188,947.0,1015.7,0.0,0,1.8,2.0,1.6,2.1,2.0,2.0,--
2026/1/2 0:46,19.8,60,3.4,95,2.6,3.4,0.0,1.8,131,947.0,1015.7,0.0,0,1.8,2.0,1.6,2.1,2.0,2.0,--
2026/1/2 0:47,19.8,60,3.4,95,2.6,3.4,2.9,2.9,80,947.1,1015.8,0.0,0,1.9,2.1,1.7,2.2,2.1,2.1,--
2026/1/2 0:48,19.8,60,3.5,96,3.0,3.5,3.6,3.6,92,946.9,1015.6,0.0,0,1.8,2.1,1.7,2.2,2.1,2.1,--
2026/1/2 0:49,19.8,61,3.5,96,3.0,3.5,3.2,3.6,102,947.1,1015.8,0.0,0,1.9,2.2,1.8,2.3,2.2,2.2,--
2026/1/2 0:50,19.8,60,3.5,96,3.0,3.5,2.9,3.2,105,947.2,1015.9,0.0,0,1.9,2.2,1.8,2.3,2.2,2.2,--
2026/1/2 0:51,19.8,60,3.5,96,3.0,3.5,1.8,2.9,86,947.1,1015.8,0.0,0,2.0,2.3,1.9,2.4,2.3,2.3,--
2026/1/2 0:52,19.8,60,3.6,96,3.1,3.6,0.0,1.8,49,947.1,1015.8,0.0,0,2.0,2.3,1.9,2.4,2.3,2.3,--
2026/1/2 0:53,19.8,60,3.5,96,3.0,3.5,0.0,1.8,15,946.9,1015.6,0.0,0,2.0,2.4,2.0,2.5,2.4,2.4,--
2026/1/2 0:54,19.8,60,3.5,96,3.0,3.5,2.2,2.2,30,946.9,1015.6,0.0,0,2.0,2.4,2.0,2.5,2.4,2.4,--
2026/1/2 0:55,19.9,60,3.5,96,3.0,3.5,0.0,2.2,20,946.9,1015.6,0.0,0,2.0,2.4,2.0,2.5,2.4,2.4,--
2026/1/2 0:56,19.8,60,3.5,96,3.0,3.5,0.0,0.0,29,946.9,1015.6,0.0,0,2.1,2.5,2.1,2.6,2.5,2.5,--
2026/1/2 0:57,19.8,60,3.5,96,3.0,3.5,0.0,1.8,134,946.8,1015.5,0.0,0,2.1,2.5,2.1,2.6,2.5,2.5,--
2026/1/2 0:58,19.8,60,3.5,96,3.0,3.5,0.0,0.0,116,946.7,1015.4,0.0,0,2.1,2.6,2.2,2.7,2.6,2.6,--
2026/1/2 0:59,19.9,60,3.5,96,3.0,3.5,0.0,0.0,130,946.9,1015.6,0.0,0,2.1,2.6,2.2,2.7,2.6,2.6,--
2026/1/2 1:00,19.8,60,3.5,96,3.0,3.5,0.0,0.0,130,946.6,1015.3,0.0,0,2.2,2.7,2.3,2.8,2.7,2.7,--
2026/1/2 1:01,19.8,60,3.5,96,3.0,3.5,0.0,0.0,130,946.8,1015.5,0.0,0,2.2,2.7,2.3,2.8,2.7,2.7,--
2026/1/2 1:02,19.8,60,3.5,97,3.1,3.5,0.0,1.8,73,946.7,1015.4,0.0,0,2.2,2.7,2.3,2.8,2.7,2.7,--
2026/1/2 1:03,19.9,60,3.5,97,3.1,3.5,0.0,2.2,118,946.8,1015.5,0.0,0,2.2,2.7,2.3,2.8,2.7,2.7,--
2026/1/2 1:04,19.9,60,3.5,97,3.1,3.5,0.0,0.0,38,946.6,1015.3,0.0,0,2.3,2.8,2.4,2.9,2.8,2.8,--
2026/1/2 1:05,19.9,60,3.5,97,3.1,3.5,2.2,2.5,33,946.7,1015.4,0.0,0,2.4,2.9,2.5,3.0,2.9,2.9,--
2026/1/2 1:06,19.9,60,3.5,97,3.1,3.5,1.8,2.9,30,946.5,1015.2,0.0,0,2.4,2.9,2.5,3.0,2.9,2.9,--
2026/1/2 1:07,19.8,60,3.5,97,3.1,3.5,0.0,0.0,32,946.6,1015.3,0.0,0,2.4,2.9,2.5,3.0,2.9,2.9,--
2026/1/2 1:08,19.9,60,3.5,97,3.1,3.5,0.0,0.0,77,946.4,1015.1,0.0,0,2.2,2.9,2.5,3.0,2.9,2.9,--
2026/1/2 1:09,19.9,60,3.5,97,3.1,3.5,0.0,2.2,49,946.5,1015.2,0.0,0,2.2,2.9,2.5,3.0,2.9,2.9,--
2026/1/2 1:10,19.9,60,3.5,97,3.1,3.5,0.0,0.0,135,946.6,1015.3,0.0,0,2.3,3.0,2.6,3.1,3.0,3.0,--
2026/1/2 1:11,19.9,60,3.5,97,3.1,3.5,0.0,0.0,39,946.5,1015.2,0.0,0,2.3,3.0,2.6,3.1,3.0,3.0,--
2026/1/2 1:12,19.9,60,3.5,97,3.1,3.5,0.0,0.0,136,946.5,1015.2,0.0,0,2.3,3.0,2.6,3.1,3.0,3.0,--
2026/1/2 1:13,19.9,60,3.5,97,3.1,3.5,0.0,0.0,126,946.4,1015.1,0.0,0,2.2,3.0,2.6,3.1,3.0,3.0,--
2026/1/2 1:14,19.9,60,3.5,97,3.1,3.5,0.0,0.0,119,946.4,1015.1,0.0,0,2.2,3.0,2.6,3.1,3.0,3.0,--
2026/1/2 1:15,19.9,60,3.5,97,3.1,3.5,0.0,0.0,141,946.3,1015.0,0.0,0,2.2,3.0,2.6,3.1,3.0,3.0,--
2026/1/2 1:16,19.9,60,3.6,97,3.2,3.6,2.5,2.5,172,946.2,1014.9,0.0,0,2.3,3.1,2.7,3.2,3.1,3.1,--
2026/1/2 1:17,19.8,60,3.7,98,3.4,3.7,1.8,2.5,227,946.3,1015.0,0.0,0,2.3,3.1,2.7,3.2,3.1,3.1,--
2026/1/2 1:18,19.8,60,3.8,98,3.5,3.8,0.0,2.2,269,946.3,1015.0,0.0,0,2.0,3.1,2.7,3.2,3.1,3.1,--
2026/1/2 1:19,19.9,60,3.9,98,3.6,3.9,0.0,0.0,244,946.3,1015.0,0.0,0,2.0,3.1,2.7,3.2,3.1,3.1,--
2026/1/2 1:20,19.8,60,4.0,98,3.7,4.0,1.8,1.8,118,946.3,1015.0,0.0,0,2.0,3.1,2.7,3.2,3.1,3.1,--
2026/1/2 1:21,19.9,60,4.0,98,3.7,4.0,0.0,2.2,117,946.3,1015.0,0.0,0,2.0,3.1,2.7,3.2,3.1,3.1,--
2026/1/2 1:22,19.8,60,4.1,98,3.8,4.1,1.8,2.5,107,946.3,1015.0,0.0,0,2.1,3.2,2.8,3.3,3.2,3.2,--
2026/1/2 1:23,19.8,60,4.1,98,3.8,4.1,2.9,2.9,231,946.3,1015.0,0.0,0,2.0,3.2,2.8,3.3,3.2,3.2,--
2026/1/2 1:24,19.8,60,4.2,98,3.9,4.2,3.2,3.2,267,946.2,1014.9,0.0,0,2.0,3.2,2.8,3.3,3.2,3.2,--
2026/1/2 1:25,19.8,60,4.3,98,4.0,4.3,0.0,3.2,77,946.4,1015.1,0.0,0,2.0,3.2,2.8,3.3,3.2,3.2,--
2026/1/2 1:26,19.8,60,4.4,98,4.1,4.4,2.5,2.5,66,946.1,1014.8,0.0,0,2.1,3.3,2.9,3.4,3.3,3.3,--
2026/1/2 1:27,19.8,60,4.5,98,4.2,4.5,0.0,0.0,52,946.2,1014.9,0.0,0,2.2,3.4,3.0,3.5,3.4,3.4,--
2026/1/2 1:28,19.8,61,4.6,98,4.3,4.6,2.5,2.5,253,946.1,1014.8,0.0,0,2.0,3.4,3.0,3.5,3.4,3.4,--
2026/1/2 1:29,19.8,61,4.7,98,4.4,4.7,0.0,0.0,29,946.1,1014.8,0.0,0,2.0,3.4,3.0,3.5,3.4,3.4,--
2026/1/2 1:30,19.8,60,4.7,98,4.4,4.7,0.0,0.0,154,945.9,1014.6,0.0,0,2.1,3.5,3.1,3.6,3.5,3.5,--
2026/1/2 1:31,19.8,61,4.8,97,4.4,4.8,0.0,0.0,229,946.2,1014.9,0.0,0,2.1,3.5,3.1,3.6,3.5,3.5,--
2026/1/2 1:32,19.8,60,4.8,97,4.4,4.8,2.2,2.9,76,946.0,1014.7,0.0,0,2.1,3.5,3.1,3.6,3.5,3.5,--
2026/1/2 1:33,19.8,60,4.9,97,4.5,4.9,0.0,1.8,299,946.0,1014.7,0.0,0,1.8,3.5,3.1,3.6,3.5,3.5,--
2026/1/2 1:34,19.8,60,4.9,97,4.5,4.9,3.2,3.2,282,946.1,1014.8,0.0,0,1.8,3.5,3.1,3.6,3.5,3.5,--
2026/1/2 1:35,19.8,61,5.0,97,4.6,5.0,0.0,1.8,40,946.1,1014.8,0.0,0,1.8,3.5,3.1,3.6,3.5,3.5,--
2026/1/2 1:36,19.8,61,5.0,96,4.5,5.0,0.0,2.5,249,945.9,1014.6,0.0,0,1.8,3.5,3.1,3.6,3.5,3.5,--
2026/1/2 1:37,19.8,60,5.0,96,4.5,5.0,0.0,4.0,313,946.0,1014.7,0.0,0,1.8,3.5,3.1,3.6,3.5,3.5,--
2026/1/2 1:38,19.8,61,5.1,96,4.6,5.1,4.3,6.1,294,946.0,1014.7,0.0,0,1.7,3.6,3.2,3.7,3.6,3.6,--
2026/1/2 1:39,19.9,60,5.2,95,4.4,5.2,3.6,3.6,40,946.0,1014.7,0.0,0,1.7,3.6,3.2,3.7,3.6,3.6,--
2026/1/2 1:40,19.8,60,5.2,95,4.4,4.3,5.0,5.4,251,945.9,1014.6,0.0,0,1.8,3.7,3.3,3.8,3.7,3.7,--
2026/1/2 1:41,19.9,60,5.3,94,4.3,5.3,0.0,4.3,50,946.1,1014.8,0.0,0,1.8,3.7,3.3,3.8,3.7,3.7,--
2026/1/2 1:42,19.8,60,5.3,94,4.3,5.3,2.5,2.5,132,946.1,1014.8,0.0,0,1.8,3.7,3.3,3.8,3.7,3.7,--
2026/1/2 1:43,19.8,60,5.3,93,4.2,5.3,2.9,4.0,102,946.3,1015.0,0.0,0,1.7,3.8,3.4,3.9,3.8,3.8,--
2026/1/2 1:44,19.9,61,5.3,93,4.2,5.3,4.0,5.8,101,946.2,1014.9,0.0,0,1.7,3.8,3.4,3.9,3.8,3.8,--
2026/1/2 1:45,19.9,60,5.2,93,4.1,5.2,2.5,3.2,22,946.3,1015.0,0.0,0,1.8,3.9,3.5,4.0,3.9,3.9,--
2026/1/2 1:46,19.9,60,5.1,93,4.0,5.1,0.0,1.8,160,946.4,1015.1,0.0,0,1.8,3.9,3.5,4.0,3.9,3.9,--
2026/1/2 1:47,19.9,60,5.0,93,3.9,5.0,2.5,3.2,97,946.3,1015.0,0.0,0,1.8,3.9,3.5,4.0,3.9,3.9,--
2026/1/2 1:48,19.9,60,4.9,93,3.8,4.9,4.7,4.7,83,946.2,1014.9,0.0,0,1.7,4.0,3.6,4.1,4.0,4.0,--
2026/1/2 1:49,19.8,60,4.9,93,3.8,4.9,2.2,2.9,84,946.1,1014.8,0.0,0,1.8,4.1,3.7,4.2,4.1,4.1,--
2026/1/2 1:50,19.9,60,4.8,94,3.8,4.8,2.2,4.3,231,946.3,1015.0,0.0,0,1.8,4.1,3.7,4.2,4.1,4.1,--
2026/1/2 1:51,19.9,60,4.7,93,3.6,4.7,1.8,3.2,259,946.3,1015.0,0.0,0,1.8,4.1,3.7,4.2,4.1,4.1,--
2026/1/2 1:52,19.9,61,4.7,93,3.6,3.6,5.4,6.5,119,946.3,1015.0,0.0,0,1.9,4.2,3.8,4.3,4.2,4.2,--
2026/1/2 1:53,19.9,61,4.5,94,3.5,4.5,2.5,4.0,74,946.2,1014.9,0.0,0,1.7,4.2,3.8,4.3,4.2,4.2,--
2026/1/2 1:54,19.9,60,4.4,93,3.3,3.4,5.0,5.8,114,946.2,1014.9,0.0,0,1.8,4.3,3.9,4.4,4.3,4.3,--
2026/1/2 1:55,19.9,60,4.3,93,3.2,4.3,0.0,2.2,97,946.3,1015.0,0.0,0,1.8,4.3,3.9,4.4,4.3,4.3,--
2026/1/2 1:56,19.9,60,4.2,93,3.1,4.2,2.5,2.9,107,946.3,1015.0,0.0,0,1.9,4.4,4.0,4.5,4.4,4.4,--
2026/1/2 1:57,19.9,60,4.1,94,3.1,4.1,3.2,5.8,109,946.2,1014.9,0.0,0,1.9,4.4,4.0,4.5,4.4,4.4,--
2026/1/2 1:58,19.9,60,4.0,94,3.0,4.0,0.0,2.5,44,946.0,1014.7,0.0,0,1.7,4.4,4.0,4.5,4.4,4.4,--
2026/1/2 1:59,19.9,60,3.9,94,2.9,3.9,2.5,2.9,92,946.1,1014.8,0.0,0,1.8,4.5,4.1,4.6,4.5,4.5,--
2026/1/2 2:00,19.9,60,3.9,94,2.9,3.9,3.2,3.6,101,946.0,1014.7,0.0,0,1.8,4.5,4.1,4.6,4.5,4.5,--
2026/1/2 2:01,19.9,60,3.9,95,3.1,3.9,2.5,4.0,105,946.0,1014.7,0.0,0,1.8,4.5,4.1,4.6,4.5,4.5,--
2026/1/2 2:02,19.9,61,3.9,95,3.1,3.9,2.9,3.2,117,945.9,1014.6,0.0,0,1.8,4.5,4.1,4.6,4.5,4.5,--
2026/1/2 2:03,19.9,60,3.8,95,3.0,3.8,0.0,0.0,65,946.0,1014.7,0.0,0,1.6,4.5,4.1,4.6,4.5,4.5,--
2026/1/2 2:04,19.9,60,3.8,95,3.0,3.8,0.0,0.0,108,945.9,1014.6,0.0,0,1.6,4.5,4.1,4.6,4.5,4.5,--
2026/1/2 2:05,19.9,60,3.8,96,3.3,3.8,0.0,0.0,212,945.8,1014.5,0.0,0,1.6,4.5,4.1,4.6,4.5,4.5,--
2026/1/2 2:06,19.9,60,3.8,96,3.3,2.7,5.0,5.0,120,945.8,1014.5,0.0,0,1.6,4.5,4.1,4.6,4.5,4.5,--
2026/1/2 2:07,19.9,60,3.8,96,3.3,3.8,1.8,2.9,99,945.9,1014.6,0.0,0,1.6,4.5,4.1,4.6,4.5,4.5,--
2026/1/2 2:08,19.9,60,3.8,96,3.3,3.8,0.0,0.0,60,946.0,1014.7,0.0,0,1.6,4.6,4.2,4.7,4.6,4.6,--
2026/1/2 2:09,19.9,60,3.8,96,3.3,3.8,0.0,0.0,60,945.8,1014.5,0.0,0,1.6,4.6,4.2,4.7,4.6,4.6,--
2026/1/2 2:10,19.9,60,3.8,96,3.3,3.8,0.0,1.8,44,945.8,1014.5,0.0,0,1.6,4.6,4.2,4.7,4.6,4.6,--
2026/1/2 2:11,19.9,60,3.8,96,3.3,3.8,2.5,3.2,252,945.7,1014.4,0.0,0,1.6,4.6,4.2,4.7,4.6,4.6,--
2026/1/2 2:12,19.9,60,3.8,97,3.4,3.8,2.2,3.2,333,945.7,1014.4,0.0,0,1.6,4.6,4.2,4.7,4.6,4.6,--
2026/1/2 2:13,19.9,60,3.8,97,3.4,3.8,0.0,3.2,253,945.8,1014.5,0.0,0,1.5,4.6,4.2,4.7,4.6,4.6,--
2026/1/2 2:14,19.9,60,3.9,97,3.5,3.9,0.0,0.0,246,945.8,1014.5,0.0,0,1.6,4.7,4.3,4.8,4.7,4.7,--
2026/1/2 2:15,19.9,60,4.0,97,3.6,4.0,2.9,2.9,43,945.8,1014.5,0.0,0,1.6,4.7,4.3,4.8,4.7,4.7,--
2026/1/2 2:16,19.9,60,4.0,97,3.6,4.0,0.0,2.2,48,945.7,1014.4,0.0,0,1.6,4.7,4.3,4.8,4.7,4.7,--
2026/1/2 2:17,19.9,60,4.1,97,3.7,4.1,0.0,0.0,65,945.9,1014.6,0.0,0,1.6,4.7,4.3,4.8,4.7,4.7,--
2026/1/2 2:18,19.9,60,4.1,97,3.7,4.1,0.0,2.2,119,945.9,1014.6,0.0,0,1.5,4.7,4.3,4.8,4.7,4.7,--
2026/1/2 2:19,19.9,60,4.1,97,3.7,4.1,3.6,3.6,116,945.9,1014.6,0.0,0,1.5,4.7,4.3,4.8,4.7,4.7,--
2026/1/2 2:20,19.9,60,4.1,97,3.7,4.1,3.6,4.7,112,945.8,1014.5,0.0,0,1.6,4.8,4.4,4.9,4.8,4.8,--
2026/1/2 2:21,19.9,60,4.1,97,3.7,4.1,1.8,2.5,182,945.9,1014.6,0.0,0,1.6,4.8,4.4,4.9,4.8,4.8,--
2026/1/2 2:22,19.8,60,4.2,98,3.9,4.2,1.8,1.8,156,945.9,1014.6,0.0,0,1.6,4.8,4.4,4.9,4.8,4.8,--
2026/1/2 2:23,19.9,60,4.3,98,4.0,4.3,1.8,5.0,244,946.0,1014.7,0.0,0,1.5,4.9,4.5,5.0,4.9,4.9,--
2026/1/2 2:24,19.9,60,4.4,98,4.1,4.4,0.0,2.2,240,945.9,1014.6,0.0,0,1.5,4.9,4.5,5.0,4.9,4.9,--
2026/1/2 2:25,19.8,60,4.5,97,4.1,4.5,1.8,2.5,102,945.9,1014.6,0.0,0,1.5,4.9,4.5,5.0,4.9,4.9,--
2026/1/2 2:26,19.9,60,4.5,97,4.1,3.5,5.0,5.8,107,945.9,1014.6,0.0,0,1.5,4.9,4.5,5.0,4.9,4.9,--
2026/1/2 2:27,19.9,60,4.5,97,4.1,4.5,3.2,4.3,108,946.0,1014.7,0.0,0,1.5,4.9,4.5,5.0,4.9,4.9,--
2026/1/2 2:28,19.9,60,4.4,97,4.0,4.4,2.9,4.0,95,945.8,1014.5,0.0,0,1.4,4.9,4.5,5.0,4.9,4.9,--
2026/1/2 2:29,19.9,60,4.3,97,3.9,4.3,3.2,3.2,89,945.8,1014.5,0.0,0,1.5,5.0,4.6,5.1,5.0,5.0,--
2026/1/2 2:30,19.9,60,4.3,97,3.9,4.3,2.5,2.9,71,945.8,1014.5,0.0,0,1.5,5.0,4.6,5.1,5.0,5.0,--
2026/1/2 2:31,19.9,60,4.2,97,3.8,4.2,1.8,2.5,68,945.6,1014.3,0.0,0,1.5,5.0,4.6,5.1,5.0,5.0,--
2026/1/2 2:32,19.9,60,4.2,97,3.8,4.2,1.8,2.5,97,945.7,1014.4,0.0,0,1.5,5.0,4.6,5.1,5.0,5.0,--
2026/1/2 2:33,19.9,61,4.2,97,3.8,4.2,0.0,0.0,147,945.8,1014.5,0.0,0,1.5,5.0,4.6,5.1,5.0,5.0,--
2026/1/2 2:34,19.9,60,4.2,97,3.8,4.2,0.0,2.5,296,945.6,1014.3,0.0,0,1.5,5.0,4.6,5.1,5.0,5.0,--
2026/1/2 2:35,19.9,61,4.2,97,3.8,4.2,0.0,0.0,49,945.6,1014.3,0.0,0,1.5,5.0,4.6,5.1,5.0,5.0,--
2026/1/2 2:36,19.9,61,4.3,97,3.9,4.3,0.0,1.8,101,945.7,1014.4,0.0,0,1.5,5.0,4.6,5.1,5.0,5.0,--
2026/1/2 2:37,19.9,61,4.3,97,3.9,4.3,1.8,2.2,121,945.6,1014.3,0.0,0,1.5,5.0,4.6,5.1,5.0,5.0,--
2026/1/2 2:38,19.9,60,4.3,97,3.9,4.3,1.8,2.9,149,945.6,1014.3,0.0,0,1.3,5.0,4.6,5.1,5.0,5.0,--
2026/1/2 2:39,19.9,61,4.3,97,3.9,4.3,0.0,2.2,83,945.5,1014.2,0.0,0,1.3,5.0,4.6,5.1,5.0,5.0,--
2026/1/2 2:40,19.8,60,4.3,97,3.9,4.3,4.3,4.3,113,945.7,1014.4,0.0,0,1.3,5.0,4.6,5.1,5.0,5.0,--
2026/1/2 2:41,19.9,61,4.3,97,3.9,4.3,2.9,2.9,103,945.5,1014.2,0.0,0,1.3,5.0,4.6,5.1,5.0,5.0,--
2026/1/2 2:42,19.9,60,4.3,97,3.9,4.3,2.9,2.9,103,945.6,1014.3,0.0,0,1.3,5.0,4.6,5.1,5.0,5.0,--
2026/1/2 2:43,19.9,60,4.3,97,3.9,4.3,2.5,3.2,99,945.7,1014.4,0.0,0,1.1,5.0,4.6,5.1,5.0,5.0,--
2026/1/2 2:44,19.9,61,4.3,97,3.9,4.3,4.3,4.3,105,945.8,1014.5,0.0,0,1.1,5.0,4.6,5.1,5.0,5.0,--
2026/1/2 2:45,19.9,60,4.3,97,3.9,4.3,3.2,3.6,106,945.6,1014.3,0.0,0,1.1,5.0,4.6,5.1,5.0,5.0,--
2026/1/2 2:46,19.9,60,4.3,97,3.9,4.3,2.9,3.6,105,945.6,1014.3,0.0,0,1.1,5.0,4.6,5.1,5.0,5.0,--
2026/1/2 2:47,19.9,60,4.3,97,3.9,4.3,4.0,4.3,101,945.6,1014.3,0.0,0,1.1,5.0,4.6,5.1,5.0,5.0,--
2026/1/2 2:48,19.9,60,4.3,97,3.9,4.3,3.2,3.6,119,945.6,1014.3,0.0,0,0.8,5.0,4.6,5.1,5.0,5.0,--
2026/1/2 2:49,19.8,61,4.3,98,4.0,4.3,2.2,5.4,143,945.7,1014.4,0.0,0,0.8,5.0,4.6,5.1,5.0,5.0,--
2026/1/2 2:50,19.9,61,4.4,98,4.1,4.4,3.6,4.7,114,945.6,1014.3,0.0,0,0.8,5.0,4.6,5.1,5.0,5.0,--
2026/1/2 2:51,19.9,61,4.4,98,4.1,4.4,2.2,2.5,172,945.5,1014.2,0.0,0,0.8,5.0,4.6,5.1,5.0,5.0,--
2026/1/2 2:52,19.9,61,4.4,98,4.1,4.4,0.0,2.5,162,945.6,1014.3,0.0,0,0.8,5.0,4.6,5.1,5.0,5.0,--
2026/1/2 2:53,19.9,61,4.4,98,4.1,4.4,1.8,1.8,143,945.5,1014.2,0.0,0,0.6,5.0,4.6,5.1,5.0,5.0,--
2026/1/2 2:54,19.9,61,4.4,98,4.1,4.4,3.2,3.2,79,945.6,1014.3,0.0,0,0.6,5.0,4.6,5.1,5.0,5.0,--
2026/1/2 2:55,19.9,60,4.4,98,4.1,4.4,2.5,2.9,74,945.4,1014.1,0.0,0,0.6,5.0,4.6,5.1,5.0,5.0,--
2026/1/2 2:56,19.9,61,4.4,98,4.1,4.4,2.2,3.2,76,945.4,1014.1,0.0,0,0.6,5.0,4.6,5.1,5.0,5.0,--
2026/1/2 2:57,19.9,61,4.5,98,4.2,4.5,1.8,2.5,109,945.6,1014.3,0.0,0,0.6,5.0,4.6,5.1,5.0,5.0,--
2026/1/2 2:58,19.9,61,4.5,98,4.2,4.5,2.2,2.5,105,945.3,1014.0,0.0,0,0.5,5.0,4.6,5.1,5.0,5.0,--
2026/1/2 2:59,19.9,61,4.5,98,4.2,4.5,2.9,2.9,56,945.4,1014.1,0.0,0,0.5,5.0,4.6,5.1,5.0,5.0,--
2026/1/2 3:00,19.9,61,4.5,98,4.2,4.5,3.6,3.6,34,945.5,1014.2,0.0,0,0.5,5.0,4.6,5.1,5.0,5.0,--
2026/1/2 3:01,19.9,61,4.5,98,4.2,4.5,1.8,3.2,40,945.6,1014.3,0.0,0,0.5,5.0,4.6,5.1,5.0,5.0,--
2026/1/2 3:02,19.9,61,4.5,98,4.2,4.5,0.0,2.2,114,945.4,1014.1,0.0,0,0.5,5.0,4.6,5.1,5.0,5.0,--
2026/1/2 3:03,19.9,61,4.5,98,4.2,4.5,2.9,3.2,289,945.5,1014.2,0.0,0,0.5,5.0,4.6,5.1,5.0,5.0,--
2026/1/2 3:04,19.9,61,4.5,98,4.2,4.5,2.5,2.9,118,945.4,1014.1,0.0,0,0.5,5.0,4.6,5.1,5.0,5.0,--
2026/1/2 3:05,19.9,61,4.5,98,4.2,4.5,1.8,2.5,114,945.5,1014.2,0.0,0,0.5,5.0,4.6,5.1,5.0,5.0,--
2026/1/2 3:06,19.9,61,4.5,98,4.2,4.5,0.0,0.0,140,945.4,1014.1,0.0,0,0.5,5.0,4.6,5.1,5.0,5.0,--
2026/1/2 3:07,19.9,61,4.5,98,4.2,4.5,0.0,2.2,321,945.4,1014.1,0.0,0,0.5,5.0,4.6,5.1,5.0,5.0,--
2026/1/2 3:08,19.9,61,4.6,98,4.3,4.6,4.7,5.8,95,945.3,1014.0,0.0,0,0.4,5.0,4.6,5.1,5.0,5.0,--
2026/1/2 3:09,19.9,61,4.6,98,4.3,4.6,3.2,5.0,105,945.3,1014.0,0.0,0,0.4,5.0,4.6,5.1,5.0,5.0,--
2026/1/2 3:10,19.9,61,4.7,98,4.4,4.7,3.2,3.2,95,945.2,1013.9,0.0,0,0.4,5.0,4.6,5.1,5.0,5.0,--
2026/1/2 3:11,19.9,61,4.8,98,4.5,4.8,3.2,4.0,147,945.2,1013.9,0.0,0,0.5,5.1,4.7,5.2,5.1,5.1,--
2026/1/2 3:12,19.9,61,4.9,98,4.6,3.7,5.8,5.8,129,945.4,1014.1,0.0,0,0.5,5.1,4.7,5.2,5.1,5.1,--
2026/1/2 3:13,19.9,61,5.0,98,4.7,5.0,0.0,4.0,154,945.4,1014.1,0.0,0,0.4,5.1,4.7,5.2,5.1,5.1,--
2026/1/2 3:14,19.9,60,5.1,98,4.8,5.1,1.8,2.9,145,945.4,1014.1,0.0,0,0.4,5.1,4.7,5.2,5.1,5.1,--
2026/1/2 3:15,19.9,61,5.2,97,4.8,5.2,0.0,3.6,109,945.5,1014.2,0.0,0,0.4,5.1,4.7,5.2,5.1,5.1,--
2026/1/2 3:16,19.9,61,5.3,97,4.9,3.0,10.1,12.6,131,945.5,1014.2,0.0,0,0.4,5.1,4.7,5.2,5.1,5.1,--
2026/1/2 3:17,19.9,61,5.3,97,4.9,5.3,2.5,5.4,56,945.3,1014.0,0.0,0,0.5,5.2,4.8,5.3,5.2,5.2,--
2026/1/2 3:18,19.9,61,5.4,96,4.9,5.4,3.6,5.0,43,945.4,1014.1,0.0,0,0.4,5.2,4.8,5.3,5.2,5.2,--
2026/1/2 3:19,19.9,60,5.4,96,4.9,5.4,4.0,4.3,99,945.2,1013.9,0.0,0,0.4,5.2,4.8,5.3,5.2,5.2,--
2026/1/2 3:20,19.9,60,5.4,95,4.6,5.4,3.2,3.6,92,945.2,1013.9,0.0,0,0.4,5.2,4.8,5.3,5.2,5.2,--
2026/1/2 3:21,19.9,60,5.4,95,4.6,5.4,2.2,2.9,126,945.3,1014.0,0.0,0,0.4,5.2,4.8,5.3,5.2,5.2,--
2026/1/2 3:22,19.9,60,5.4,95,4.6,5.4,1.8,1.8,167,945.2,1013.9,0.0,0,0.5,5.3,4.9,5.4,5.3,5.3,--
2026/1/2 3:23,19.9,60,5.4,95,4.6,5.4,1.8,2.2,271,945.3,1014.0,0.0,0,0.4,5.3,4.9,5.4,5.3,5.3,--
2026/1/2 3:24,19.9,60,5.4,95,4.6,5.4,4.3,4.7,250,945.2,1013.9,0.0,0,0.4,5.3,4.9,5.4,5.3,5.3,--
2026/1/2 3:25,19.9,61,5.4,95,4.6,5.4,4.0,6.1,287,945.3,1014.0,0.0,0,0.4,5.3,4.9,5.4,5.3,5.3,--
2026/1/2 3:26,19.9,60,5.4,95,4.6,5.4,2.9,5.4,241,945.2,1013.9,0.0,0,0.4,5.3,4.9,5.4,5.3,5.3,--
2026/1/2 3:27,19.9,60,5.5,94,4.5,5.5,2.2,2.5,88,945.3,1014.0,0.0,0,0.4,5.3,4.9,5.4,5.3,5.3,--
2026/1/2 3:28,19.9,60,5.5,94,4.5,5.5,1.8,2.2,73,945.3,1014.0,0.0,0,0.3,5.3,4.9,5.4,5.3,5.3,--
2026/1/2 3:29,19.9,60,5.5,94,4.5,5.5,2.2,2.2,89,945.3,1014.0,0.0,0,0.3,5.3,4.9,5.4,5.3,5.3,--
2026/1/2 3:30,19.9,60,5.5,94,4.5,5.5,3.2,3.2,110,945.2,1013.9,0.0,0,0.3,5.3,4.9,5.4,5.3,5.3,--
2026/1/2 3:31,19.9,60,5.5,94,4.5,5.5,2.2,3.2,160,945.2,1013.9,0.0,0,0.3,5.3,4.9,5.4,5.3,5.3,--
2026/1/2 3:32,19.9,60,5.4,94,4.4,5.4,1.8,1.8,103,945.5,1014.2,0.0,0,0.3,5.3,4.9,5.4,5.3,5.3,--
2026/1/2 3:33,19.9,60,5.4,94,4.4,5.4,1.8,2.2,168,945.4,1014.1,0.0,0,0.4,5.4,5.0,5.5,5.4,5.4,--
2026/1/2 3:34,19.9,60,5.4,94,4.4,5.4,2.5,3.2,197,945.3,1014.0,0.0,0,0.4,5.4,5.0,5.5,5.4,5.4,--
2026/1/2 3:35,19.9,60,5.4,94,4.4,4.4,5.4,5.4,112,945.3,1014.0,0.0,0,0.4,5.4,5.0,5.5,5.4,5.4,--
2026/1/2 3:36,19.9,60,5.5,94,4.5,5.5,3.2,4.3,111,945.6,1014.3,0.0,0,0.5,5.5,5.1,5.6,5.5,5.5,--
2026/1/2 3:37,19.9,60,5.4,94,4.4,5.4,2.9,3.6,230,945.6,1014.3,0.0,0,0.5,5.5,5.1,5.6,5.5,5.5,--
2026/1/2 3:38,19.9,60,5.4,95,4.6,5.4,4.0,6.5,255,945.7,1014.4,0.0,0,0.5,5.5,5.1,5.6,5.5,5.5,--
2026/1/2 3:39,19.9,60,5.3,95,4.5,3.8,6.8,6.8,105,945.6,1014.3,0.0,0,0.5,5.5,5.1,5.6,5.5,5.5,--
2026/1/2 3:40,19.9,60,5.2,94,4.2,5.2,2.9,4.3,78,945.6,1014.3,0.0,0,0.6,5.6,5.2,5.7,5.6,5.6,--
2026/1/2 3:41,19.9,60,5.1,94,4.1,5.1,0.0,1.8,58,945.6,1014.3,0.0,0,0.6,5.6,5.2,5.7,5.6,5.6,--
2026/1/2 3:42,19.9,60,5.0,95,4.2,5.0,2.9,4.3,23,945.7,1014.4,0.0,0,0.7,5.7,5.3,5.8,5.7,5.7,--
2026/1/2 3:43,19.9,60,4.9,95,4.1,4.9,4.7,5.0,343,945.6,1014.3,0.0,0,0.7,5.7,5.3,5.8,5.7,5.7,--
2026/1/2 3:44,19.9,60,4.9,95,4.1,4.9,4.3,6.8,17,945.5,1014.2,0.0,0,0.7,5.7,5.3,5.8,5.7,5.7,--
2026/1/2 3:45,19.9,60,4.8,95,4.0,4.8,3.6,5.8,28,945.4,1014.1,0.0,0,0.8,5.8,5.4,5.9,5.8,5.8,--
2026/1/2 3:46,19.9,60,4.7,95,3.9,4.7,2.5,2.5,15,945.4,1014.1,0.0,0,0.8,5.8,5.4,5.9,5.8,5.8,--
2026/1/2 3:47,19.9,61,4.7,96,4.2,4.7,2.2,3.6,310,945.6,1014.3,0.0,0,0.8,5.8,5.4,5.9,5.8,5.8,--
2026/1/2 3:48,19.9,61,4.6,96,4.1,4.6,3.2,4.0,290,945.4,1014.1,0.0,0,0.8,5.8,5.4,5.9,5.8,5.8,--
2026/1/2 3:49,19.9,61,4.6,96,4.1,4.6,2.5,4.3,271,945.2,1013.9,0.0,0,0.8,5.8,5.4,5.9,5.8,5.8,--
2026/1/2 3:50,19.9,60,4.6,96,4.1,4.6,4.7,4.7,268,945.3,1014.0,0.0,0,0.8,5.8,5.4,5.9,5.8,5.8,--
2026/1/2 3:51,19.9,61,4.6,97,4.2,4.6,3.2,5.0,275,945.2,1013.9,0.0,0,0.9,5.9,5.5,6.0,5.9,5.9,--
2026/1/2 3:52,19.9,60,4.6,97,4.2,4.6,0.0,2.9,9,945.1,1013.8,0.0,0,0.9,5.9,5.5,6.0,5.9,5.9,--
2026/1/2 3:53,19.9,61,4.6,97,4.2,4.6,2.2,7.2,11,945.2,1013.9,0.0,0,0.9,5.9,5.5,6.0,5.9,5.9,--
2026/1/2 3:54,19.9,61,4.6,97,4.2,3.1,6.5,6.5,288,945.0,1013.7,0.0,0,0.9,5.9,5.5,6.0,5.9,5.9,--
2026/1/2 3:55,19.9,61,4.6,97,4.2,4.6,2.5,2.5,212,945.1,1013.8,0.0,0,0.9,5.9,5.5,6.0,5.9,5.9,--
2026/1/2 3:56,19.9,61,4.6,97,4.2,4.6,0.0,1.8,184,945.0,1013.7,0.0,0,0.9,5.9,5.5,6.0,5.9,5.9,--
2026/1/2 3:57,19.9,61,4.7,97,4.3,4.7,0.0,2.5,141,945.1,1013.8,0.0,0,0.9,5.9,5.5,6.0,5.9,5.9,--
2026/1/2 3:58,19.9,61,4.7,97,4.3,4.7,0.0,2.9,121,945.0,1013.7,0.0,0,0.9,5.9,5.5,6.0,5.9,5.9,--
2026/1/2 3:59,19.9,60,4.7,97,4.3,4.7,2.5,2.5,237,944.9,1013.6,0.0,0,0.9,5.9,5.5,6.0,5.9,5.9,--
2026/1/2 4:00,19.9,60,4.7,97,4.3,4.7,0.0,3.2,310,945.0,1013.7,0.0,0,0.9,5.9,5.5,6.0,5.9,5.9,--
2026/1/2 4:01,19.9,61,4.8,97,4.4,4.8,4.3,5.0,243,945.0,1013.7,0.0,0,0.9,5.9,5.5,6.0,5.9,5.9,--
2026/1/2 4:02,19.9,60,4.8,97,4.4,4.8,3.2,4.3,241,945.0,1013.7,0.0,0,0.9,5.9,5.5,6.0,5.9,5.9,--
2026/1/2 4:03,19.9,61,4.8,97,4.4,4.8,2.5,4.0,213,945.1,1013.8,0.0,0,0.9,5.9,5.5,6.0,5.9,5.9,--
2026/1/2 4:04,19.9,61,4.8,97,4.4,4.8,0.0,2.5,264,945.0,1013.7,0.0,0,0.9,5.9,5.5,6.0,5.9,5.9,--
2026/1/2 4:05,19.9,61,4.8,97,4.4,4.8,0.0,0.0,304,945.1,1013.8,0.0,0,0.9,5.9,5.5,6.0,5.9,5.9,--
2026/1/2 4:06,19.9,60,4.8,97,4.4,4.8,2.9,3.2,98,945.0,1013.7,0.0,0,0.9,5.9,5.5,6.0,5.9,5.9,--
2026/1/2 4:07,19.9,61,4.8,97,4.4,4.8,2.9,4.0,76,944.8,1013.5,0.0,0,0.9,5.9,5.5,6.0,5.9,5.9,--
2026/1/2 4:08,19.9,60,4.8,97,4.4,4.8,0.0,2.2,44,944.9,1013.6,0.0,0,0.8,5.9,5.5,6.0,5.9,5.9,--
2026/1/2 4:09,19.9,61,4.8,97,4.4,4.8,0.0,0.0,198,944.9,1013.6,0.0,0,0.8,5.9,5.5,6.0,5.9,5.9,--
2026/1/2 4:10,19.9,60,4.8,97,4.4,4.8,2.5,2.9,191,945.0,1013.7,0.0,0,0.8,5.9,5.5,6.0,5.9,5.9,--
2026/1/2 4:11,19.9,60,4.8,97,4.4,4.8,2.2,2.5,144,945.1,1013.8,0.0,0,0.8,5.9,5.5,6.0,5.9,5.9,--
2026/1/2 4:12,19.9,60,4.8,97,4.4,4.8,4.3,4.7,103,945.2,1013.9,0.0,0,0.8,5.9,5.5,6.0,5.9,5.9,--
2026/1/2 4:13,19.9,60,4.8,97,4.4,4.8,3.6,4.3,71,945.2,1013.9,0.0,0,0.7,5.9,5.5,6.0,5.9,5.9,--
2026/1/2 4:14,19.9,60,4.8,97,4.4,4.8,2.5,4.0,55,945.3,1014.0,0.0,0,0.7,5.9,5.5,6.0,5.9,5.9,--
2026/1/2 4:15,19.9,60,4.8,97,4.4,4.8,2.9,3.6,302,945.3,1014.0,0.0,0,0.7,5.9,5.5,6.0,5.9,5.9,--
2026/1/2 4:16,19.9,61,4.8,97,4.4,4.8,2.5,4.0,343,944.9,1013.6,0.0,0,0.8,6.0,5.6,6.1,6.0,6.0,--
2026/1/2 4:17,19.9,60,4.9,98,4.6,4.9,2.2,4.3,138,945.0,1013.7,0.0,0,0.8,6.0,5.6,6.1,6.0,6.0,--
2026/1/2 4:18,19.9,60,4.9,97,4.5,4.9,3.6,5.4,358,944.9,1013.6,0.0,0,0.7,6.0,5.6,6.1,6.0,6.0,--
2026/1/2 4:19,19.9,60,5.0,97,4.6,5.0,0.0,2.9,67,945.0,1013.7,0.0,0,0.7,6.0,5.6,6.1,6.0,6.0,--
2026/1/2 4:20,19.9,60,5.0,97,4.6,5.0,0.0,3.6,25,945.0,1013.7,0.0,0,0.7,6.0,5.6,6.1,6.0,6.0,--
2026/1/2 4:21,19.9,60,4.9,97,4.5,4.9,2.2,2.5,16,944.9,1013.6,0.0,0,0.7,6.0,5.6,6.1,6.0,6.0,--
2026/1/2 4:22,19.9,60,4.9,97,4.5,4.9,2.2,2.5,275,944.9,1013.6,0.0,0,0.7,6.0,5.6,6.1,6.0,6.0,--
2026/1/2 4:23,19.9,60,4.9,97,4.5,4.9,2.5,4.0,14,944.8,1013.5,0.0,0,0.7,6.0,5.6,6.1,6.0,6.0,--
2026/1/2 4:24,19.9,60,4.9,97,4.5,4.9,3.2,4.7,15,944.7,1013.4,0.0,0,0.7,6.0,5.6,6.1,6.0,6.0,--
2026/1/2 4:25,19.9,60,4.8,97,4.4,4.8,3.2,3.6,19,945.0,1013.7,0.0,0,0.7,6.0,5.6,6.1,6.0,6.0,--
2026/1/2 4:26,19.9,60,4.8,97,4.4,4.8,0.0,2.5,40,944.8,1013.5,0.0,0,0.7,6.0,5.6,6.1,6.0,6.0,--
2026/1/2 4:27,19.9,60,4.8,97,4.4,4.8,1.8,2.5,50,944.5,1013.2,0.0,0,0.7,6.0,5.6,6.1,6.0,6.0,--
2026/1/2 4:28,19.9,60,4.7,97,4.3,4.7,0.0,1.8,14,944.6,1013.3,0.0,0,0.7,6.0,5.6,6.1,6.0,6.0,--
2026/1/2 4:29,19.9,60,4.7,97,4.3,4.7,0.0,1.8,63,944.6,1013.3,0.0,0,0.7,6.0,5.6,6.1,6.0,6.0,--
2026/1/2 4:30,19.9,60,4.7,97,4.3,4.7,1.8,2.2,111,944.5,1013.2,0.0,0,0.7,6.0,5.6,6.1,6.0,6.0,--
2026/1/2 4:31,19.9,60,4.7,97,4.3,4.7,1.8,2.9,129,944.5,1013.2,0.0,0,0.7,6.0,5.6,6.1,6.0,6.0,--
2026/1/2 4:32,19.9,60,4.7,97,4.3,4.7,2.2,2.2,126,944.7,1013.4,0.0,0,0.7,6.0,5.6,6.1,6.0,6.0,--
2026/1/2 4:33,19.9,61,4.7,97,4.3,4.7,0.0,0.0,120,944.6,1013.3,0.0,0,0.5,6.0,5.6,6.1,6.0,6.0,--
2026/1/2 4:34,19.9,60,4.7,97,4.3,4.7,4.3,4.7,112,944.4,1013.1,0.0,0,0.5,6.0,5.6,6.1,6.0,6.0,--
2026/1/2 4:35,19.9,60,4.6,97,4.2,3.6,5.0,6.5,114,944.5,1013.2,0.0,0,0.5,6.0,5.6,6.1,6.0,6.0,--
2026/1/2 4:36,19.9,60,4.6,97,4.2,3.1,6.5,6.8,110,944.3,1013.0,0.0,0,0.5,6.0,5.6,6.1,6.0,6.0,--
2026/1/2 4:37,19.9,60,4.6,97,4.2,3.2,6.1,7.2,116,944.4,1013.1,0.0,0,0.5,6.0,5.6,6.1,6.0,6.0,--
2026/1/2 4:38,19.9,60,4.6,97,4.2,4.6,4.7,5.8,109,944.3,1013.0,0.0,0,0.3,6.0,5.6,6.1,6.0,6.0,--
2026/1/2 4:39,19.9,60,4.6,97,4.2,4.6,4.7,4.7,113,944.2,1012.9,0.0,0,0.3,6.0,5.6,6.1,6.0,6.0,--
2026/1/2 4:40,19.9,60,4.5,97,4.1,4.5,4.0,4.3,107,944.3,1013.0,0.0,0,0.3,6.0,5.6,6.1,6.0,6.0,--
2026/1/2 4:41,19.9,60,4.5,97,4.1,4.5,0.0,4.3,183,944.3,1013.0,0.0,0,0.3,6.0,5.6,6.1,6.0,6.0,--
2026/1/2 4:42,19.9,60,4.5,97,4.1,4.5,3.2,4.7,122,944.3,1013.0,0.0,0,0.3,6.0,5.6,6.1,6.0,6.0,--
2026/1/2 4:43,19.9,60,4.5,98,4.2,4.5,1.8,3.6,117,944.2,1012.9,0.0,0,0.2,6.0,5.6,6.1,6.0,6.0,--
2026/1/2 4:44,19.9,60,4.5,98,4.2,4.5,2.2,2.5,127,944.4,1013.1,0.0,0,0.2,6.0,5.6,6.1,6.0,6.0,--
2026/1/2 4:45,19.9,60,4.5,98,4.2,4.5,2.2,3.2,98,944.2,1012.9,0.0,0,0.2,6.0,5.6,6.1,6.0,6.0,--
2026/1/2 4:46,19.9,60,4.6,98,4.3,4.6,0.0,3.2,15,944.1,1012.8,0.0,0,0.2,6.0,5.6,6.1,6.0,6.0,--
2026/1/2 4:47,19.9,60,4.6,98,4.3,4.6,0.0,0.0,60,944.1,1012.8,0.0,0,0.2,6.0,5.6,6.1,6.0,6.0,--
2026/1/2 4:48,19.9,60,4.5,98,4.2,4.5,0.0,0.0,72,944.0,1012.7,0.0,0,0.1,6.0,5.6,6.1,6.0,6.0,--
2026/1/2 4:49,19.9,60,4.5,98,4.2,4.5,0.0,2.2,41,943.9,1012.6,0.0,0,0.1,6.0,5.6,6.1,6.0,6.0,--
2026/1/2 4:50,19.9,60,4.4,98,4.1,4.4,1.8,2.2,84,943.9,1012.6,0.0,0,0.1,6.0,5.6,6.1,6.0,6.0,--
2026/1/2 4:51,19.9,60,4.4,98,4.1,4.4,0.0,0.0,349,944.1,1012.8,0.0,0,0.1,6.0,5.6,6.1,6.0,6.0,--
2026/1/2 4:52,19.9,60,4.4,98,4.1,4.4,1.8,2.2,70,944.1,1012.8,0.0,0,0.1,6.0,5.6,6.1,6.0,6.0,--
2026/1/2 4:53,19.9,60,4.4,98,4.1,4.4,3.2,3.6,108,943.9,1012.6,0.0,0,0.1,6.0,5.6,6.1,6.0,6.0,--
2026/1/2 4:54,19.9,60,4.4,98,4.1,4.4,4.0,4.0,108,944.1,1012.8,0.0,0,0.1,6.0,5.6,6.1,6.0,6.0,--
2026/1/2 4:55,19.9,60,4.4,98,4.1,4.4,1.8,3.6,120,944.0,1012.7,0.0,0,0.1,6.0,5.6,6.1,6.0,6.0,--
2026/1/2 4:56,19.9,60,4.4,98,4.1,4.4,2.5,2.5,119,944.1,1012.8,0.0,0,0.1,6.0,5.6,6.1,6.0,6.0,--
2026/1/2 4:57,19.9,60,4.4,98,4.1,4.4,2.2,2.9,102,944.1,1012.8,0.0,0,0.1,6.0,5.6,6.1,6.0,6.0,--
2026/1/2 4:58,19.9,60,4.4,98,4.1,4.4,2.2,3.2,137,944.0,1012.7,0.0,0,0.1,6.0,5.6,6.1,6.0,6.0,--
2026/1/2 4:59,19.9,60,4.4,98,4.1,4.4,3.2,3.2,126,943.9,1012.6,0.0,0,0.1,6.0,5.6,6.1,6.0,6.0,--
2026/1/2 5:00,19.9,60,4.4,98,4.1,4.4,2.5,2.9,104,943.9,1012.6,0.0,0,0.1,6.0,5.6,6.1,6.0,6.0,--
2026/1/2 5:01,19.9,60,4.4,98,4.1,4.4,0.0,2.9,103,944.0,1012.7,0.0,0,0.1,6.0,5.6,6.1,6.0,6.0,--
2026/1/2 5:02,19.9,60,4.4,98,4.1,4.4,2.9,2.9,118,944.0,1012.7,0.0,0,0.1,6.0,5.6,6.1,6.0,6.0,--
2026/1/2 5:03,19.9,60,4.3,98,4.0,4.3,0.0,2.2,81,944.1,1012.8,0.0,0,0.1,6.0,5.6,6.1,6.0,6.0,--
2026/1/2 5:04,19.9,60,4.3,98,4.0,4.3,2.9,3.2,87,943.9,1012.6,0.0,0,0.1,6.0,5.6,6.1,6.0,6.0,--
2026/1/2 5:05,19.9,60,4.3,98,4.0,4.3,2.2,2.5,120,943.9,1012.6,0.0,0,0.1,6.0,5.6,6.1,6.0,6.0,--
2026/1/2 5:06,19.9,60,4.3,98,4.0,4.3,0.0,0.0,59,944.0,1012.7,0.0,0,0.1,6.0,5.6,6.1,6.0,6.0,--
2026/1/2 5:07,19.9,60,4.3,98,4.0,4.3,4.0,4.0,38,944.0,1012.7,0.0,0,0.1,6.0,5.6,6.1,6.0,6.0,--
2026/1/2 5:08,19.9,60,4.4,98,4.1,1.8,10.8,11.2,106,944.0,1012.7,0.0,0,0.1,6.0,5.6,6.1,6.0,6.0,--
2026/1/2 5:09,19.9,60,4.4,98,4.1,2.4,8.3,10.4,128,944.1,1012.8,0.0,0,0.1,6.0,5.6,6.1,6.0,6.0,--
2026/1/2 5:10,19.9,60,4.4,98,4.1,1.3,13.0,15.8,110,944.0,1012.7,0.0,0,0.1,6.0,5.6,6.1,6.0,6.0,--
2026/1/2 5:11,19.9,61,4.4,98,4.1,4.4,4.0,13.0,107,944.2,1012.9,0.0,0,0.1,6.0,5.6,6.1,6.0,6.0,--
2026/1/2 5:12,19.9,60,4.3,98,4.0,3.0,5.8,8.6,110,944.4,1013.1,0.0,0,0.1,6.0,5.6,6.1,6.0,6.0,--
2026/1/2 5:13,19.9,60,4.2,98,3.9,2.2,7.9,10.4,113,944.1,1012.8,0.0,0,0.0,6.0,5.6,6.1,6.0,6.0,--
2026/1/2 5:14,19.9,60,4.2,98,3.9,1.6,10.4,10.4,124,944.2,1012.9,0.0,0,0.1,6.1,5.7,6.2,6.1,6.1,--
2026/1/2 5:15,19.9,60,4.2,99,4.0,2.1,8.3,8.3,88,944.5,1013.2,0.0,0,0.1,6.1,5.7,6.2,6.1,6.1,--
2026/1/2 5:16,19.9,60,4.2,98,3.9,3.2,5.0,7.2,114,944.5,1013.2,0.0,0,0.1,6.1,5.7,6.2,6.1,6.1,--
2026/1/2 5:17,19.9,60,4.1,99,3.9,2.3,7.2,8.6,110,944.5,1013.2,0.0,0,0.1,6.1,5.7,6.2,6.1,6.1,--
2026/1/2 5:18,20.0,60,4.1,99,3.9,2.7,5.8,6.8,115,944.5,1013.2,0.0,0,0.1,6.1,5.7,6.2,6.1,6.1,--
2026/1/2 5:19,19.9,60,4.1,99,3.9,2.4,6.8,6.8,82,944.5,1013.2,0.0,0,0.1,6.1,5.7,6.2,6.1,6.1,--
2026/1/2 5:20,20.0,60,4.1,99,3.9,4.1,4.7,5.4,91,944.5,1013.2,0.0,0,0.1,6.1,5.7,6.2,6.1,6.1,--
2026/1/2 5:21,19.9,60,4.1,99,3.9,4.1,4.0,5.0,100,944.5,1013.2,0.0,0,0.1,6.1,5.7,6.2,6.1,6.1,--
2026/1/2 5:22,19.9,60,4.1,99,3.9,4.1,4.7,5.4,92,944.4,1013.1,0.0,0,0.1,6.1,5.7,6.2,6.1,6.1,--
2026/1/2 5:23,19.9,60,4.1,99,3.9,4.1,3.2,5.4,86,944.3,1013.0,0.0,0,0.2,6.2,5.8,6.3,6.2,6.2,--
2026/1/2 5:24,19.9,60,4.0,99,3.8,4.0,4.0,4.3,58,944.3,1013.0,0.0,0,0.2,6.2,5.8,6.3,6.2,6.2,--
2026/1/2 5:25,19.9,60,4.1,99,3.9,4.1,4.3,4.7,20,944.4,1013.1,0.0,0,0.2,6.2,5.8,6.3,6.2,6.2,--
2026/1/2 5:26,19.9,60,4.0,99,3.8,4.0,3.6,4.0,29,944.4,1013.1,0.0,0,0.2,6.2,5.8,6.3,6.2,6.2,--
2026/1/2 5:27,19.9,60,4.1,99,3.9,4.1,2.9,4.3,69,944.4,1013.1,0.0,0,0.2,6.2,5.8,6.3,6.2,6.2,--
2026/1/2 5:28,19.9,60,4.1,99,3.9,4.1,2.9,4.7,28,944.3,1013.0,0.0,0,0.2,6.2,5.8,6.3,6.2,6.2,--
2026/1/2 5:29,19.9,60,4.1,99,3.9,4.1,2.2,2.9,85,944.4,1013.1,0.0,0,0.2,6.2,5.8,6.3,6.2,6.2,--
2026/1/2 5:30,19.9,60,4.1,99,3.9,4.1,0.0,0.0,71,944.4,1013.1,0.0,0,0.3,6.3,5.9,6.4,6.3,6.3,--
2026/1/2 5:31,19.9,60,4.0,99,3.8,4.0,0.0,2.2,269,944.3,1013.0,0.0,0,0.3,6.3,5.9,6.4,6.3,6.3,--
2026/1/2 5:32,19.9,60,4.1,99,3.9,4.1,0.0,1.8,296,944.4,1013.1,0.0,0,0.3,6.3,5.9,6.4,6.3,6.3,--
2026/1/2 5:33,19.9,60,4.1,99,3.9,4.1,0.0,1.8,252,944.3,1013.0,0.0,0,0.3,6.3,5.9,6.4,6.3,6.3,--
2026/1/2 5:34,20.0,60,4.1,99,3.9,4.1,1.8,2.2,252,944.3,1013.0,0.0,0,0.3,6.3,5.9,6.4,6.3,6.3,--
2026/1/2 5:35,19.9,60,4.1,99,3.9,4.1,0.0,1.8,269,944.4,1013.1,0.0,0,0.3,6.3,5.9,6.4,6.3,6.3,--
2026/1/2 5:36,19.9,60,4.1,99,3.9,4.1,0.0,3.6,294,944.2,1012.9,0.0,0,0.3,6.3,5.9,6.4,6.3,6.3,--
2026/1/2 5:37,19.9,60,4.1,99,3.9,4.1,2.2,2.2,311,944.2,1012.9,0.0,0,0.3,6.3,5.9,6.4,6.3,6.3,--
2026/1/2 5:38,19.9,60,4.1,99,3.9,4.1,3.2,5.0,302,944.4,1013.1,0.0,0,0.3,6.3,5.9,6.4,6.3,6.3,--
2026/1/2 5:39,19.9,61,4.1,99,3.9,4.1,2.9,4.0,246,944.2,1012.9,0.0,0,0.3,6.3,5.9,6.4,6.3,6.3,--
2026/1/2 5:40,20.0,61,4.1,99,3.9,4.1,3.2,3.6,266,944.1,1012.8,0.0,0,0.3,6.3,5.9,6.4,6.3,6.3,--
2026/1/2 5:41,19.9,61,4.1,99,3.9,4.1,1.8,2.5,264,944.0,1012.7,0.0,0,0.3,6.3,5.9,6.4,6.3,6.3,--
2026/1/2 5:42,19.9,61,4.2,99,4.0,4.2,3.2,4.3,235,943.9,1012.6,0.0,0,0.3,6.3,5.9,6.4,6.3,6.3,--
2026/1/2 5:43,19.9,61,4.2,99,4.0,4.2,2.5,3.6,267,943.9,1012.6,0.0,0,0.3,6.3,5.9,6.4,6.3,6.3,--
2026/1/2 5:44,19.9,61,4.2,99,4.0,4.2,2.9,3.6,264,943.9,1012.6,0.0,0,0.3,6.3,5.9,6.4,6.3,6.3,--
2026/1/2 5:45,19.9,61,4.2,99,4.0,4.2,3.6,5.0,280,944.0,1012.7,0.0,0,0.4,6.4,6.0,6.5,6.4,6.4,--
2026/1/2 5:46,19.9,61,4.2,99,4.0,4.2,0.0,4.3,295,943.8,1012.5,0.0,0,0.4,6.4,6.0,6.5,6.4,6.4,--
2026/1/2 5:47,19.9,61,4.2,99,4.0,4.2,1.8,2.2,100,943.9,1012.6,0.0,0,0.4,6.4,6.0,6.5,6.4,6.4,--
2026/1/2 5:48,19.9,61,4.2,99,4.0,4.2,1.8,3.2,221,944.1,1012.8,0.0,0,0.4,6.4,6.0,6.5,6.4,6.4,--
2026/1/2 5:49,19.9,61,4.3,99,4.1,4.3,0.0,2.2,205,943.8,1012.5,0.0,0,0.4,6.4,6.0,6.5,6.4,6.4,--
2026/1/2 5:50,19.9,61,4.3,99,4.1,4.3,1.8,3.2,197,944.1,1012.8,0.0,0,0.4,6.4,6.0,6.5,6.4,6.4,--
2026/1/2 5:51,20.0,61,4.3,99,4.1,4.3,0.0,3.6,157,944.1,1012.8,0.0,0,0.4,6.4,6.0,6.5,6.4,6.4,--
2026/1/2 5:52,20.0,61,4.3,99,4.1,4.3,3.6,4.7,238,944.1,1012.8,0.0,0,0.4,6.4,6.0,6.5,6.4,6.4,--
2026/1/2 5:53,20.0,60,4.4,99,4.2,4.4,2.5,2.9,93,944.2,1012.9,0.0,0,0.4,6.4,6.0,6.5,6.4,6.4,--
2026/1/2 5:54,20.0,61,4.4,99,4.2,4.4,2.5,3.2,97,944.2,1012.9,0.0,0,0.4,6.4,6.0,6.5,6.4,6.4,--
2026/1/2 5:55,20.0,61,4.4,99,4.2,4.4,2.9,4.3,76,944.2,1012.9,0.0,0,0.5,6.5,6.1,6.6,6.5,6.5,--
2026/1/2 5:56,20.0,60,4.4,99,4.2,4.4,3.6,4.0,80,944.3,1013.0,0.0,0,0.5,6.5,6.1,6.6,6.5,6.5,--
2026/1/2 5:57,20.0,61,4.4,99,4.2,4.4,4.0,5.0,59,943.9,1012.6,0.0,0,0.5,6.5,6.1,6.6,6.5,6.5,--
2026/1/2 5:58,19.9,61,4.4,99,4.2,4.4,2.9,4.0,30,944.1,1012.8,0.0,0,0.5,6.5,6.1,6.6,6.5,6.5,--
2026/1/2 5:59,20.0,61,4.4,99,4.2,4.4,2.5,3.2,22,944.1,1012.8,0.0,0,0.5,6.5,6.1,6.6,6.5,6.5,--
2026/1/2 6:00,20.0,61,4.4,99,4.2,4.4,0.0,2.2,353,943.8,1012.5,0.0,0,0.5,6.5,6.1,6.6,6.5,6.5,--
2026/1/2 6:01,20.0,60,4.3,99,4.1,4.3,0.0,0.0,72,943.9,1012.6,0.0,0,0.6,6.6,6.2,6.7,6.6,6.6,--
2026/1/2 6:02,20.0,61,4.3,99,4.1,4.3,0.0,2.5,215,943.8,1012.5,0.0,0,0.6,6.6,6.2,6.7,6.6,6.6,--
2026/1/2 6:03,20.0,61,4.3,99,4.1,4.3,1.8,2.2,195,943.9,1012.6,0.0,0,0.6,6.6,6.2,6.7,6.6,6.6,--
2026/1/2 6:04,20.0,61,4.3,99,4.1,4.3,0.0,1.8,198,943.8,1012.5,0.0,0,0.6,6.6,6.2,6.7,6.6,6.6,--
2026/1/2 6:05,20.0,60,4.3,99,4.1,4.3,0.0,1.8,202,943.9,1012.6,0.0,0,0.6,6.6,6.2,6.7,6.6,6.6,--
2026/1/2 6:06,20.0,61,4.3,99,4.1,4.3,0.0,0.0,257,943.9,1012.6,0.0,0,0.6,6.6,6.2,6.7,6.6,6.6,--
2026/1/2 6:07,20.0,61,4.3,99,4.1,4.3,0.0,0.0,315,944.0,1012.7,0.0,0,0.6,6.6,6.2,6.7,6.6,6.6,--
2026/1/2 6:08,20.0,61,4.3,99,4.1,4.3,1.8,1.8,65,943.7,1012.4,0.0,0,0.6,6.6,6.2,6.7,6.6,6.6,--
2026/1/2 6:09,20.0,61,4.2,99,4.0,4.2,2.9,3.6,47,943.8,1012.5,0.0,0,0.6,6.6,6.2,6.7,6.6,6.6,--
2026/1/2 6:10,19.9,61,4.2,99,4.0,4.2,2.2,3.2,62,943.8,1012.5,0.0,0,0.6,6.6,6.2,6.7,6.6,6.6,--
2026/1/2 6:11,20.0,61,4.2,99,4.0,4.2,0.0,2.2,96,943.9,1012.6,0.0,0,0.6,6.6,6.2,6.7,6.6,6.6,--
2026/1/2 6:12,20.0,61,4.2,99,4.0,4.2,0.0,2.5,45,943.9,1012.6,0.0,0,0.6,6.6,6.2,6.7,6.6,6.6,--
2026/1/2 6:13,19.9,61,4.2,99,4.0,4.2,0.0,2.5,37,943.9,1012.6,0.0,0,0.5,6.6,6.2,6.7,6.6,6.6,--
2026/1/2 6:14,20.0,61,4.2,99,4.0,4.2,1.8,2.5,35,944.0,1012.7,0.0,0,0.5,6.6,6.2,6.7,6.6,6.6,--
2026/1/2 6:15,19.9,61,4.2,99,4.0,4.2,2.9,3.6,28,943.7,1012.4,0.0,0,0.5,6.6,6.2,6.7,6.6,6.6,--
2026/1/2 6:16,20.0,61,4.2,99,4.0,4.2,4.0,4.3,40,943.9,1012.6,0.0,0,0.5,6.6,6.2,6.7,6.6,6.6,--
2026/1/2 6:17,20.0,60,4.2,99,4.0,4.2,2.5,4.0,22,943.7,1012.4,0.0,0,0.5,6.6,6.2,6.7,6.6,6.6,--
2026/1/2 6:18,20.0,60,4.2,99,4.0,4.2,3.6,4.0,27,944.0,1012.7,0.0,0,0.5,6.6,6.2,6.7,6.6,6.6,--
2026/1/2 6:19,20.0,60,4.3,99,4.1,4.3,2.9,5.0,38,944.0,1012.7,0.0,0,0.5,6.6,6.2,6.7,6.6,6.6,--
2026/1/2 6:20,20.0,60,4.3,99,4.1,4.3,1.8,2.9,70,944.0,1012.7,0.0,0,0.5,6.6,6.2,6.7,6.6,6.6,--
2026/1/2 6:21,19.9,60,4.3,99,4.1,4.3,3.2,3.2,85,944.0,1012.7,0.0,0,0.5,6.6,6.2,6.7,6.6,6.6,--
2026/1/2 6:22,19.9,60,4.3,99,4.1,4.3,2.5,2.5,51,944.0,1012.7,0.0,0,0.5,6.6,6.2,6.7,6.6,6.6,--
2026/1/2 6:23,19.9,61,4.3,99,4.1,4.3,1.8,2.9,71,944.0,1012.7,0.0,0,0.4,6.6,6.2,6.7,6.6,6.6,--
2026/1/2 6:24,19.9,60,4.3,99,4.1,4.3,1.8,2.2,82,943.9,1012.6,0.0,0,0.4,6.6,6.2,6.7,6.6,6.6,--
2026/1/2 6:25,20.0,61,4.3,99,4.1,4.3,0.0,1.8,89,944.1,1012.8,0.0,0,0.4,6.6,6.2,6.7,6.6,6.6,--
2026/1/2 6:26,20.0,60,4.2,99,4.0,4.2,0.0,0.0,269,944.0,1012.7,0.0,0,0.4,6.6,6.2,6.7,6.6,6.6,--
2026/1/2 6:27,20.0,60,4.2,99,4.0,4.2,0.0,0.0,202,944.1,1012.8,0.0,0,0.4,6.6,6.2,6.7,6.6,6.6,--
2026/1/2 6:28,20.0,60,4.2,99,4.0,4.2,0.0,0.0,123,944.0,1012.7,0.0,0,0.3,6.6,6.2,6.7,6.6,6.6,--
2026/1/2 6:29,20.0,60,4.2,99,4.0,4.2,2.5,2.9,27,943.9,1012.6,0.0,0,0.3,6.6,6.2,6.7,6.6,6.6,--
2026/1/2 6:30,20.0,60,4.2,99,4.0,4.2,0.0,1.8,32,944.0,1012.7,0.0,0,0.3,6.6,6.2,6.7,6.6,6.6,--
2026/1/2 6:31,20.0,60,4.2,99,4.0,4.2,0.0,1.8,203,944.1,1012.8,0.0,0,0.3,6.6,6.2,6.7,6.6,6.6,--
2026/1/2 6:32,19.9,60,4.2,99,4.0,4.2,2.9,3.2,246,943.9,1012.6,0.0,0,0.3,6.6,6.2,6.7,6.6,6.6,--
2026/1/2 6:33,19.9,61,4.2,99,4.0,4.2,0.0,2.5,275,944.2,1012.9,0.0,0,0.3,6.6,6.2,6.7,6.6,6.6,--
2026/1/2 6:34,19.9,61,4.2,99,4.0,4.2,0.0,0.0,269,944.1,1012.8,0.0,0,0.3,6.6,6.2,6.7,6.6,6.6,--
2026/1/2 6:35,20.0,60,4.3,99,4.1,4.3,4.3,5.0,59,944.0,1012.7,0.0,0,0.3,6.6,6.2,6.7,6.6,6.6,--
2026/1/2 6:36,20.0,60,4.3,99,4.1,4.3,3.2,4.7,66,944.1,1012.8,0.0,0,0.3,6.6,6.2,6.7,6.6,6.6,--
2026/1/2 6:37,20.0,60,4.3,99,4.1,4.3,2.9,3.6,76,943.8,1012.5,0.0,0,0.3,6.6,6.2,6.7,6.6,6.6,--
2026/1/2 6:38,20.0,60,4.3,99,4.1,4.3,2.5,3.2,58,944.0,1012.7,0.0,0,0.3,6.6,6.2,6.7,6.6,6.6,--
2026/1/2 6:39,20.0,60,4.2,99,4.0,4.2,1.8,1.8,68,943.8,1012.5,0.0,0,0.3,6.6,6.2,6.7,6.6,6.6,--
2026/1/2 6:40,20.0,60,4.2,99,4.0,4.2,0.0,0.0,55,943.8,1012.5,0.0,0,0.3,6.6,6.2,6.7,6.6,6.6,--
2026/1/2 6:41,20.0,60,4.1,99,3.9,4.1,3.2,3.2,212,943.8,1012.5,0.0,0,0.3,6.6,6.2,6.7,6.6,6.6,--
2026/1/2 6:42,20.0,60,4.2,99,4.0,4.2,0.0,0.0,164,943.8,1012.5,0.0,0,0.3,6.6,6.2,6.7,6.6,6.6,--
2026/1/2 6:43,20.0,60,4.2,99,4.0,4.2,0.0,2.2,138,943.8,1012.5,0.0,0,0.2,6.6,6.2,6.7,6.6,6.6,--
2026/1/2 6:44,20.0,60,4.3,99,4.1,4.3,1.8,2.2,133,943.6,1012.3,0.0,0,0.2,6.6,6.2,6.7,6.6,6.6,--
2026/1/2 6:45,20.0,60,4.3,99,4.1,4.3,2.2,2.5,79,943.8,1012.5,0.0,0,0.2,6.6,6.2,6.7,6.6,6.6,--
2026/1/2 6:46,20.0,60,4.2,99,4.0,4.2,0.0,1.8,50,943.8,1012.5,0.0,0,0.2,6.6,6.2,6.7,6.6,6.6,--
2026/1/2 6:47,20.0,60,4.2,99,4.0,4.2,0.0,0.0,66,943.5,1012.2,0.0,0,0.2,6.6,6.2,6.7,6.6,6.6,--
2026/1/2 6:48,20.0,60,4.1,99,3.9,4.1,0.0,2.2,99,943.8,1012.5,0.0,0,0.2,6.6,6.2,6.7,6.6,6.6,--
2026/1/2 6:49,20.0,60,4.0,99,3.8,4.0,3.6,4.3,106,943.8,1012.5,0.0,0,0.2,6.6,6.2,6.7,6.6,6.6,--
2026/1/2 6:50,20.0,60,4.0,99,3.8,4.0,3.6,4.3,107,943.7,1012.4,0.0,0,0.2,6.6,6.2,6.7,6.6,6.6,--
2026/1/2 6:51,20.0,60,3.9,99,3.7,3.9,3.6,4.0,114,943.7,1012.4,0.0,0,0.2,6.6,6.2,6.7,6.6,6.6,--
2026/1/2 6:52,20.0,60,4.0,99,3.8,4.0,0.0,2.5,89,943.8,1012.5,0.0,0,0.2,6.6,6.2,6.7,6.6,6.6,--
2026/1/2 6:53,20.0,60,4.0,99,3.8,4.0,2.5,3.2,78,943.8,1012.5,0.0,0,0.1,6.6,6.2,6.7,6.6,6.6,--
2026/1/2 6:54,20.0,60,3.9,99,3.7,3.9,0.0,1.8,11,943.7,1012.4,0.0,0,0.1,6.6,6.2,6.7,6.6,6.6,--
2026/1/2 6:55,20.0,60,3.9,99,3.7,3.9,0.0,0.0,11,943.6,1012.3,0.0,0,0.1,6.6,6.2,6.7,6.6,6.6,--
2026/1/2 6:56,20.0,60,3.8,99,3.6,3.8,0.0,1.8,85,943.7,1012.4,0.0,0,0.1,6.6,6.2,6.7,6.6,6.6,--
2026/1/2 6:57,20.0,60,3.8,99,3.6,3.8,0.0,0.0,27,943.6,1012.3,0.0,0,0.1,6.6,6.2,6.7,6.6,6.6,--
2026/1/2 6:58,20.0,60,3.7,99,3.5,3.7,0.0,1.8,32,943.7,1012.4,0.0,0,0.0,6.6,6.2,6.7,6.6,6.6,--
2026/1/2 6:59,20.0,60,3.6,99,3.4,3.6,0.0,2.2,44,943.8,1012.5,0.0,0,0.0,6.6,6.2,6.7,6.6,6.6,--
2026/1/2 7:00,20.0,60,3.6,99,3.4,3.6,2.2,2.2,66,943.7,1012.4,0.0,0,0.0,6.6,6.2,6.7,6.6,6.6,--
2026/1/2 7:01,20.0,60,3.6,99,3.4,3.6,2.2,2.2,61,943.7,1012.4,0.0,0,0.0,6.6,6.2,6.7,6.6,6.6,--
2026/1/2 7:02,20.0,60,3.5,99,3.3,3.5,0.0,1.8,132,943.8,1012.5,0.0,0,0.0,6.6,6.2,6.7,6.6,6.6,--
2026/1/2 7:03,20.0,60,3.5,99,3.3,3.5,0.0,0.0,180,943.7,1012.4,0.0,0,0.0,6.6,6.2,6.7,6.6,6.6,--
2026/1/2 7:04,20.0,60,3.5,99,3.3,3.5,0.0,0.0,156,943.6,1012.3,0.0,0,0.0,6.6,6.2,6.7,6.6,6.6,--
2026/1/2 7:05,20.0,60,3.5,99,3.3,3.5,0.0,0.0,269,943.8,1012.5,0.0,0,0.0,6.6,6.2,6.7,6.6,6.6,--
2026/1/2 7:06,20.0,60,3.5,99,3.3,3.5,0.0,1.8,66,943.9,1012.6,0.0,0,0.0,6.6,6.2,6.7,6.6,6.6,--
2026/1/2 7:07,20.0,60,3.6,99,3.4,3.6,0.0,0.0,110,943.8,1012.5,0.0,0,0.0,6.6,6.2,6.7,6.6,6.6,--
2026/1/2 7:08,20.0,60,3.6,99,3.4,3.6,3.2,3.2,114,943.8,1012.5,0.0,0,0.0,6.6,6.2,6.7,6.6,6.6,--
2026/1/2 7:09,19.9,60,3.6,99,3.4,3.6,0.0,2.2,116,943.8,1012.5,0.0,0,0.0,6.6,6.2,6.7,6.6,6.6,--
2026/1/2 7:10,20.0,60,3.7,99,3.5,3.7,0.0,2.2,139,943.7,1012.4,0.0,0,0.0,6.6,6.2,6.7,6.6,6.6,--
2026/1/2 7:11,20.0,60,3.7,99,3.5,3.7,0.0,1.8,144,943.9,1012.6,0.0,0,0.0,6.6,6.2,6.7,6.6,6.6,--
2026/1/2 7:12,19.9,60,3.8,99,3.6,3.8,0.0,1.8,107,943.9,1012.6,0.0,0,0.0,6.6,6.2,6.7,6.6,6.6,--
2026/1/2 7:13,20.0,60,3.8,99,3.6,3.8,3.2,3.2,82,944.0,1012.7,0.0,0,0.0,6.6,6.2,6.7,6.6,6.6,--
2026/1/2 7:14,20.0,60,3.9,99,3.7,3.9,2.5,2.9,62,943.8,1012.5,0.0,0,0.0,6.6,6.2,6.7,6.6,6.6,--
2026/1/2 7:15,20.0,60,3.9,99,3.7,3.9,2.2,2.9,78,944.0,1012.7,0.0,0,0.0,6.6,6.2,6.7,6.6,6.6,--
2026/1/2 7:16,20.0,60,4.0,99,3.8,4.0,1.8,2.5,62,943.9,1012.6,0.0,0,0.0,6.6,6.2,6.7,6.6,6.6,--
2026/1/2 7:17,20.0,60,4.1,99,3.9,4.1,0.0,2.2,63,943.8,1012.5,0.0,0,0.0,6.6,6.2,6.7,6.6,6.6,--
2026/1/2 7:18,19.9,60,4.1,99,3.9,4.1,0.0,1.8,76,943.9,1012.6,0.0,0,0.0,6.6,6.2,6.7,6.6,6.6,--
2026/1/2 7:19,19.9,60,4.1,99,3.9,4.1,0.0,0.0,141,943.9,1012.6,0.0,0,0.0,6.6,6.2,6.7,6.6,6.6,--
2026/1/2 7:20,19.9,60,4.0,99,3.8,4.0,0.0,2.2,124,944.0,1012.7,0.0,0,0.0,6.6,6.2,6.7,6.6,6.6,--
2026/1/2 7:21,20.0,60,4.0,99,3.8,4.0,0.0,1.8,98,944.0,1012.7,0.0,0,0.0,6.6,6.2,6.7,6.6,6.6,--
2026/1/2 7:22,20.0,60,4.1,99,3.9,4.1,0.0,1.8,99,943.9,1012.6,0.0,0,0.0,6.6,6.2,6.7,6.6,6.6,--
2026/1/2 7:23,20.0,60,4.1,99,3.9,4.1,0.0,1.8,107,943.9,1012.6,0.0,0,0.0,6.6,6.2,6.7,6.6,6.6,--
2026/1/2 7:24,20.0,60,4.1,99,3.9,4.1,0.0,0.0,89,944.1,1012.8,0.0,0,0.0,6.6,6.2,6.7,6.6,6.6,--
2026/1/2 7:25,20.0,60,4.1,99,3.9,4.1,0.0,0.0,89,944.1,1012.8,0.0,0,0.0,6.6,6.2,6.7,6.6,6.6,--
2026/1/2 7:26,20.0,60,4.2,99,4.0,4.2,2.2,2.5,67,943.9,1012.6,0.1,0,0.0,6.6,6.2,6.7,6.6,6.6,--
2026/1/2 7:27,20.0,60,4.2,99,4.0,4.2,0.0,2.2,65,944.1,1012.8,0.1,0,0.0,6.6,6.2,6.7,6.6,6.6,--
2026/1/2 7:28,20.0,60,4.2,99,4.0,4.2,0.0,2.2,101,944.2,1012.9,0.1,0,0.1,6.7,6.3,6.8,6.7,6.7,--
2026/1/2 7:29,20.0,60,4.2,99,4.0,4.2,0.0,0.0,145,944.3,1013.0,0.2,0,0.1,6.7,6.3,6.8,6.7,6.7,--
2026/1/2 7:30,20.0,60,4.2,99,4.0,4.2,0.0,0.0,63,944.3,1013.0,0.2,0,0.1,6.7,6.3,6.8,6.7,6.7,--
2026/1/2 7:31,20.0,60,4.2,99,4.0,4.2,2.2,3.2,321,944.2,1012.9,0.2,0,0.1,6.7,6.3,6.8,6.7,6.7,--
2026/1/2 7:32,20.0,60,4.2,99,4.0,4.2,2.5,2.5,248,944.4,1013.1,0.2,0,0.1,6.7,6.3,6.8,6.7,6.7,--
2026/1/2 7:33,20.0,60,4.3,99,4.1,4.3,1.8,1.8,272,944.3,1013.0,0.2,0,0.1,6.7,6.3,6.8,6.7,6.7,--
2026/1/2 7:34,20.0,60,4.3,99,4.1,4.3,0.0,1.8,345,944.3,1013.0,0.3,0,0.1,6.7,6.3,6.8,6.7,6.7,--
2026/1/2 7:35,20.0,60,4.4,99,4.2,4.4,0.0,1.8,21,944.3,1013.0,0.6,0,0.1,6.7,6.3,6.8,6.7,6.7,--
2026/1/2 7:36,19.9,60,4.4,99,4.2,4.4,3.2,4.7,52,944.3,1013.0,1.0,0,0.1,6.7,6.3,6.8,6.7,6.7,--
2026/1/2 7:37,19.9,60,4.4,99,4.2,4.4,4.3,4.3,63,944.3,1013.0,1.4,0,0.1,6.7,6.3,6.8,6.7,6.7,--
2026/1/2 7:38,19.9,61,4.4,99,4.2,4.4,2.9,3.2,71,944.5,1013.2,1.8,0,0.1,6.7,6.3,6.8,6.7,6.7,--
2026/1/2 7:39,19.9,60,4.4,99,4.2,4.4,3.2,4.0,75,944.2,1012.9,2.2,0,0.1,6.7,6.3,6.8,6.7,6.7,--
2026/1/2 7:40,19.9,60,4.4,99,4.2,4.4,3.6,4.3,101,944.1,1012.8,2.5,0,0.1,6.7,6.3,6.8,6.7,6.7,--
2026/1/2 7:41,19.9,60,4.4,99,4.2,4.4,2.9,3.2,103,944.3,1013.0,2.7,0,0.1,6.7,6.3,6.8,6.7,6.7,--
2026/1/2 7:42,20.0,60,4.5,99,4.3,4.5,0.0,2.5,110,944.1,1012.8,3.0,0,0.1,6.7,6.3,6.8,6.7,6.7,--
2026/1/2 7:43,19.9,60,4.5,99,4.3,4.5,2.2,2.9,91,944.4,1013.1,3.5,0,0.1,6.7,6.3,6.8,6.7,6.7,--
2026/1/2 7:44,19.9,60,4.5,99,4.3,4.5,2.9,3.6,48,944.2,1012.9,4.1,0,0.1,6.7,6.3,6.8,6.7,6.7,--
2026/1/2 7:45,19.9,60,4.5,99,4.3,4.5,0.0,2.2,135,944.0,1012.7,4.4,0,0.1,6.7,6.3,6.8,6.7,6.7,--
2026/1/2 7:46,20.0,60,4.6,99,4.4,4.6,2.9,4.0,100,944.1,1012.8,4.6,0,0.1,6.7,6.3,6.8,6.7,6.7,--
2026/1/2 7:47,20.0,60,4.6,99,4.4,4.6,4.0,4.3,104,944.3,1013.0,4.5,0,0.1,6.7,6.3,6.8,6.7,6.7,--
2026/1/2 7:48,19.9,60,4.6,99,4.4,4.6,3.2,4.3,104,944.2,1012.9,4.7,0,0.1,6.7,6.3,6.8,6.7,6.7,--
2026/1/2 7:49,19.9,60,4.7,99,4.5,4.7,2.5,3.6,106,944.3,1013.0,5.1,0,0.1,6.7,6.3,6.8,6.7,6.7,--
2026/1/2 7:50,19.9,60,4.7,99,4.5,4.7,3.2,4.0,110,944.1,1012.8,5.6,0,0.1,6.7,6.3,6.8,6.7,6.7,--
2026/1/2 7:51,19.9,60,4.7,99,4.5,4.7,2.9,3.2,107,944.1,1012.8,6.2,0,0.1,6.7,6.3,6.8,6.7,6.7,--
2026/1/2 7:52,19.9,60,4.7,99,4.5,4.7,2.9,4.3,105,944.1,1012.8,7.1,0,0.1,6.7,6.3,6.8,6.7,6.7,--
2026/1/2 7:53,19.9,60,4.7,99,4.5,4.7,2.5,3.6,95,944.1,1012.8,8.0,0,0.1,6.7,6.3,6.8,6.7,6.7,--
2026/1/2 7:54,19.9,60,4.7,99,4.5,4.7,3.2,3.6,107,944.0,1012.7,8.6,0,0.1,6.7,6.3,6.8,6.7,6.7,--
2026/1/2 7:55,19.9,60,4.7,99,4.5,4.7,0.0,2.2,75,944.0,1012.7,8.8,0,0.1,6.7,6.3,6.8,6.7,6.7,--
2026/1/2 7:56,19.9,60,4.7,99,4.5,4.7,1.8,1.8,116,944.1,1012.8,8.6,0,0.1,6.7,6.3,6.8,6.7,6.7,--
2026/1/2 7:57,19.9,60,4.6,99,4.4,4.6,0.0,0.0,115,943.9,1012.6,8.5,0,0.1,6.7,6.3,6.8,6.7,6.7,--
2026/1/2 7:58,19.9,60,4.6,99,4.4,4.6,0.0,2.2,46,944.1,1012.8,8.7,0,0.1,6.7,6.3,6.8,6.7,6.7,--
2026/1/2 7:59,19.9,60,4.6,99,4.4,4.6,1.8,2.2,32,944.1,1012.8,9.4,0,0.1,6.7,6.3,6.8,6.7,6.7,--
2026/1/2 8:00,19.9,60,4.5,99,4.3,4.5,0.0,2.5,334,943.9,1012.6,10.8,0,0.1,6.7,6.3,6.8,6.7,6.7,--
2026/1/2 8:01,19.9,60,4.5,99,4.3,4.5,2.5,3.2,260,943.9,1012.6,13.5,0,0.1,6.7,6.3,6.8,6.7,6.7,--
2026/1/2 8:02,19.9,60,4.5,99,4.3,4.5,0.0,1.8,345,944.0,1012.7,15.6,0,0.1,6.7,6.3,6.8,6.7,6.7,--
2026/1/2 8:03,19.9,60,4.5,99,4.3,4.5,1.8,3.2,27,944.0,1012.7,14.9,0,0.1,6.7,6.3,6.8,6.7,6.7,--
2026/1/2 8:04,19.9,60,4.5,99,4.3,4.5,0.0,1.8,0,944.2,1012.9,13.3,0,0.1,6.7,6.3,6.8,6.7,6.7,--
2026/1/2 8:05,19.9,60,4.5,99,4.3,4.5,1.8,3.6,35,944.2,1012.9,12.6,0,0.1,6.7,6.3,6.8,6.7,6.7,--
2026/1/2 8:06,19.9,60,4.5,99,4.3,4.5,2.5,2.9,37,944.2,1012.9,13.4,0,0.1,6.7,6.3,6.8,6.7,6.7,--
2026/1/2 8:07,19.9,60,4.5,99,4.3,4.5,2.5,3.2,28,944.1,1012.8,13.8,0,0.1,6.7,6.3,6.8,6.7,6.7,--
2026/1/2 8:08,19.9,60,4.5,99,4.3,4.5,0.0,1.8,48,944.2,1012.9,14.1,0,0.1,6.7,6.3,6.8,6.7,6.7,--
2026/1/2 8:09,19.9,60,4.5,99,4.3,4.5,0.0,0.0,343,944.0,1012.7,14.6,0,0.1,6.7,6.3,6.8,6.7,6.7,--
2026/1/2 8:10,19.9,60,4.4,99,4.2,4.4,0.0,0.0,212,944.1,1012.8,16.3,0,0.1,6.7,6.3,6.8,6.7,6.7,--
2026/1/2 8:11,19.8,60,4.5,99,4.3,4.5,0.0,1.8,238,944.0,1012.7,17.6,0,0.1,6.7,6.3,6.8,6.7,6.7,--
2026/1/2 8:12,19.8,61,4.5,99,4.3,4.5,0.0,0.0,269,944.0,1012.7,17.0,0,0.1,6.7,6.3,6.8,6.7,6.7,--
2026/1/2 8:13,19.8,61,4.5,99,4.3,4.5,0.0,0.0,157,944.1,1012.8,16.2,0,0.1,6.7,6.3,6.8,6.7,6.7,--
2026/1/2 8:14,19.8,61,4.5,99,4.3,4.5,0.0,1.8,51,944.1,1012.8,16.1,0,0.1,6.7,6.3,6.8,6.7,6.7,--
2026/1/2 8:15,19.8,61,4.5,99,4.3,4.5,1.8,2.2,62,944.0,1012.7,16.1,0,0.1,6.7,6.3,6.8,6.7,6.7,--
2026/1/2 8:16,19.8,61,4.5,99,4.3,4.5,0.0,2.2,60,943.9,1012.6,15.4,0,0.1,6.7,6.3,6.8,6.7,6.7,--
2026/1/2 8:17,19.8,61,4.5,99,4.3,4.5,2.2,2.9,70,944.0,1012.7,16.1,0,0.1,6.7,6.3,6.8,6.7,6.7,--
2026/1/2 8:18,19.8,61,4.5,99,4.3,4.5,0.0,1.8,116,944.0,1012.7,15.7,0,0.1,6.7,6.3,6.8,6.7,6.7,--
2026/1/2 8:19,19.8,61,4.5,99,4.3,4.5,0.0,2.2,95,944.1,1012.8,12.3,0,0.1,6.7,6.3,6.8,6.7,6.7,--
2026/1/2 8:20,19.8,61,4.6,99,4.4,4.6,0.0,1.8,127,944.2,1012.9,11.0,0,0.1,6.7,6.3,6.8,6.7,6.7,--
2026/1/2 8:21,19.8,61,4.6,99,4.4,4.6,0.0,1.8,157,943.9,1012.6,10.5,0,0.1,6.7,6.3,6.8,6.7,6.7,--
2026/1/2 8:22,19.8,61,4.6,99,4.4,4.6,2.2,2.2,93,944.1,1012.8,8.9,0,0.1,6.7,6.3,6.8,6.7,6.7,--
2026/1/2 8:23,19.8,61,4.7,99,4.5,4.7,2.5,2.9,109,944.1,1012.8,8.4,0,0.1,6.7,6.3,6.8,6.7,6.7,--
2026/1/2 8:24,19.8,61,4.7,99,4.5,4.7,0.0,2.9,34,944.2,1012.9,8.2,0,0.1,6.7,6.3,6.8,6.7,6.7,--
2026/1/2 8:25,19.8,61,4.7,99,4.5,4.7,1.8,2.2,93,944.2,1012.9,8.7,0,0.1,6.7,6.3,6.8,6.7,6.7,--
2026/1/2 8:26,19.8,61,4.7,99,4.5,4.7,3.6,4.3,82,944.4,1013.1,9.1,0,0.1,6.7,6.3,6.8,6.7,6.7,--
2026/1/2 8:27,19.8,61,4.7,99,4.5,4.7,2.2,2.9,71,944.3,1013.0,9.2,0,0.1,6.7,6.3,6.8,6.7,6.7,--
2026/1/2 8:28,19.8,61,4.7,99,4.5,4.7,0.0,1.8,117,944.3,1013.0,9.8,0,0.0,6.7,6.3,6.8,6.7,6.7,--
2026/1/2 8:29,19.8,61,4.7,99,4.5,4.7,0.0,1.8,57,944.2,1012.9,10.2,0,0.0,6.7,6.3,6.8,6.7,6.7,--
2026/1/2 8:30,19.8,61,4.8,99,4.6,4.8,0.0,0.0,116,944.2,1012.9,10.8,0,0.1,6.8,6.4,6.9,6.8,6.8,--
2026/1/2 8:31,19.8,61,4.8,99,4.6,4.8,0.0,0.0,84,944.2,1012.9,11.3,0,0.1,6.8,6.4,6.9,6.8,6.8,--
2026/1/2 8:32,19.8,61,4.8,99,4.6,4.8,0.0,1.8,105,944.2,1012.9,11.6,0,0.1,6.8,6.4,6.9,6.8,6.8,--
2026/1/2 8:33,19.8,61,4.7,99,4.5,4.7,0.0,2.2,116,944.4,1013.1,11.9,0,0.1,6.8,6.4,6.9,6.8,6.8,--
2026/1/2 8:34,19.8,61,4.7,99,4.5,4.7,1.8,2.2,67,944.3,1013.0,12.7,0,0.1,6.8,6.4,6.9,6.8,6.8,--
2026/1/2 8:35,19.8,61,4.7,99,4.5,4.7,2.2,2.5,77,944.3,1013.0,13.3,0,0.1,6.8,6.4,6.9,6.8,6.8,--
2026/1/2 8:36,19.7,61,4.7,99,4.5,4.7,1.8,2.5,12,944.5,1013.2,14.9,0,0.1,6.8,6.4,6.9,6.8,6.8,--
2026/1/2 8:37,19.8,61,4.8,99,4.6,4.8,0.0,0.0,204,944.3,1013.0,16.9,0,0.1,6.8,6.4,6.9,6.8,6.8,--
2026/1/2 8:38,19.8,61,4.8,99,4.6,4.8,2.2,2.9,123,944.3,1013.0,18.3,0,0.1,6.8,6.4,6.9,6.8,6.8,--
2026/1/2 8:39,19.8,61,4.8,99,4.6,4.8,0.0,3.6,143,944.3,1013.0,16.8,0,0.1,6.8,6.4,6.9,6.8,6.8,--
2026/1/2 8:40,19.8,61,4.8,99,4.6,3.3,6.5,6.5,117,944.3,1013.0,15.3,0,0.1,6.8,6.4,6.9,6.8,6.8,--
2026/1/2 8:41,19.7,61,4.8,99,4.6,3.1,7.2,7.9,109,944.3,1013.0,14.1,0,0.2,6.9,6.5,7.0,6.9,6.9,--
2026/1/2 8:42,19.7,61,4.7,99,4.5,3.4,6.1,7.9,113,944.5,1013.2,15.7,0,0.2,6.9,6.5,7.0,6.9,6.9,--
2026/1/2 8:43,19.7,61,4.7,99,4.5,4.7,4.7,6.1,101,944.5,1013.2,17.6,0,0.2,6.9,6.5,7.0,6.9,6.9,--
2026/1/2 8:44,19.8,61,4.7,99,4.5,4.7,3.6,4.7,105,944.5,1013.2,18.8,0,0.2,6.9,6.5,7.0,6.9,6.9,--
2026/1/2 8:45,19.8,61,4.7,99,4.5,4.7,3.2,3.6,91,944.5,1013.2,20.6,0,0.2,6.9,6.5,7.0,6.9,6.9,--
2026/1/2 8:46,19.8,61,4.6,99,4.4,4.6,2.9,4.3,109,944.4,1013.1,25.7,0,0.2,6.9,6.5,7.0,6.9,6.9,--
2026/1/2 8:47,19.8,61,4.6,99,4.4,4.6,4.7,5.0,105,944.4,1013.1,32.3,0,0.2,6.9,6.5,7.0,6.9,6.9,--
2026/1/2 8:48,19.8,61,4.6,99,4.4,4.6,3.6,4.7,121,944.5,1013.2,43.2,0,0.2,6.9,6.5,7.0,6.9,6.9,--
2026/1/2 8:49,19.7,61,4.6,99,4.4,4.6,3.6,4.7,118,944.5,1013.2,54.5,0,0.2,6.9,6.5,7.0,6.9,6.9,--
2026/1/2 8:50,19.7,61,4.6,99,4.4,4.6,3.6,3.6,122,944.5,1013.2,61.5,0,0.2,6.9,6.5,7.0,6.9,6.9,--
2026/1/2 8:51,19.7,61,4.6,99,4.4,4.6,2.5,3.2,106,944.5,1013.2,65.7,0,0.2,6.9,6.5,7.0,6.9,6.9,--
2026/1/2 8:52,19.8,61,4.6,99,4.4,4.6,2.2,2.5,118,944.5,1013.2,62.1,0,0.2,6.9,6.5,7.0,6.9,6.9,--
2026/1/2 8:53,19.8,61,4.7,99,4.5,4.7,0.0,2.5,145,944.4,1013.1,58.1,0,0.2,6.9,6.5,7.0,6.9,6.9,--
2026/1/2 8:54,19.8,61,4.7,99,4.5,4.7,3.2,3.6,104,944.6,1013.3,57.3,0,0.2,6.9,6.5,7.0,6.9,6.9,--
2026/1/2 8:55,19.7,61,4.7,99,4.5,4.7,3.2,3.6,104,944.4,1013.1,52.0,0,0.2,6.9,6.5,7.0,6.9,6.9,--
2026/1/2 8:56,19.7,61,4.8,99,4.6,4.8,2.2,2.9,111,944.4,1013.1,40.3,0,0.2,6.9,6.5,7.0,6.9,6.9,--
2026/1/2 8:57,19.7,61,4.8,99,4.6,4.8,2.9,3.6,98,944.5,1013.2,34.2,0,0.2,6.9,6.5,7.0,6.9,6.9,--
2026/1/2 8:58,19.7,61,4.8,99,4.6,4.8,3.6,4.0,99,944.6,1013.3,32.5,0,0.2,6.9,6.5,7.0,6.9,6.9,--
2026/1/2 8:59,19.7,61,4.8,99,4.6,4.8,2.5,3.2,107,944.6,1013.3,29.5,0,0.2,6.9,6.5,7.0,6.9,6.9,--
2026/1/2 9:00,19.7,61,4.8,99,4.6,4.8,2.9,4.3,111,944.5,1013.2,29.5,0,0.2,6.9,6.5,7.0,6.9,6.9,--
2026/1/2 9:01,19.7,61,4.8,99,4.6,4.8,2.2,2.9,91,944.6,1013.3,28.4,0,0.2,6.9,6.5,7.0,6.9,6.9,--
2026/1/2 9:02,19.7,61,4.8,99,4.6,4.8,2.2,3.6,108,944.6,1013.3,27.5,0,0.3,7.0,6.6,7.1,7.0,7.0,--
2026/1/2 9:03,19.7,61,4.8,99,4.6,4.8,1.8,2.2,63,944.5,1013.2,31.9,0,0.3,7.0,6.6,7.1,7.0,7.0,--
2026/1/2 9:04,19.7,61,4.8,99,4.6,4.8,0.0,2.5,67,944.6,1013.3,35.2,0,0.3,7.0,6.6,7.1,7.0,7.0,--
2026/1/2 9:05,19.7,61,4.8,99,4.6,4.8,3.2,3.2,65,944.4,1013.1,35.3,0,0.3,7.0,6.6,7.1,7.0,7.0,--
2026/1/2 9:06,19.7,61,4.8,99,4.6,4.8,2.5,3.2,38,944.5,1013.2,33.7,0,0.3,7.0,6.6,7.1,7.0,7.0,--
2026/1/2 9:07,19.7,61,4.9,99,4.7,4.9,0.0,2.5,38,944.3,1013.0,33.0,0,0.3,7.0,6.6,7.1,7.0,7.0,--
2026/1/2 9:08,19.7,61,4.9,99,4.7,4.9,0.0,0.0,302,944.4,1013.1,35.6,0,0.3,7.0,6.6,7.1,7.0,7.0,--
2026/1/2 9:09,19.7,61,4.9,99,4.7,4.9,2.2,2.2,298,944.4,1013.1,41.1,0,0.3,7.0,6.6,7.1,7.0,7.0,--
2026/1/2 9:10,19.8,61,5.0,99,4.8,5.0,0.0,0.0,240,944.5,1013.2,44.1,0,0.3,7.0,6.6,7.1,7.0,7.0,--
2026/1/2 9:11,19.8,61,5.0,99,4.8,5.0,2.5,2.5,257,944.3,1013.0,46.9,0,0.3,7.0,6.6,7.1,7.0,7.0,--
2026/1/2 9:12,19.8,61,5.0,99,4.8,5.0,0.0,2.2,306,944.2,1012.9,51.3,0,0.4,7.1,6.7,7.2,7.1,7.1,--
2026/1/2 9:13,19.8,61,5.0,99,4.8,5.0,2.2,2.2,309,944.3,1013.0,52.7,0,0.4,7.1,6.7,7.2,7.1,7.1,--
2026/1/2 9:14,19.8,61,5.1,99,4.9,5.1,1.8,2.5,291,944.4,1013.1,49.0,0,0.4,7.1,6.7,7.2,7.1,7.1,--
2026/1/2 9:15,19.8,62,5.1,99,4.9,5.1,0.0,2.2,283,944.3,1013.0,44.7,0,0.4,7.1,6.7,7.2,7.1,7.1,--
2026/1/2 9:16,19.8,62,5.1,99,4.9,5.1,1.8,2.9,259,944.3,1013.0,45.5,0,0.4,7.1,6.7,7.2,7.1,7.1,--
2026/1/2 9:17,19.8,62,5.2,99,5.0,5.2,1.8,2.9,265,944.2,1012.9,48.3,0,0.4,7.1,6.7,7.2,7.1,7.1,--
2026/1/2 9:18,19.8,62,5.2,99,5.0,5.2,0.0,2.2,222,944.3,1013.0,49.4,0,0.4,7.1,6.7,7.2,7.1,7.1,--
2026/1/2 9:19,19.8,62,5.3,99,5.1,5.3,1.8,2.9,174,944.4,1013.1,49.3,0,0.4,7.1,6.7,7.2,7.1,7.1,--
2026/1/2 9:20,19.8,62,5.3,99,5.1,5.3,0.0,0.0,160,944.5,1013.2,52.7,0,0.4,7.1,6.7,7.2,7.1,7.1,--
2026/1/2 9:21,19.8,62,5.4,99,5.2,5.4,0.0,1.8,302,944.4,1013.1,62.8,0,0.4,7.1,6.7,7.2,7.1,7.1,--
2026/1/2 9:22,19.8,61,5.4,99,5.2,5.4,0.0,1.8,22,944.3,1013.0,73.5,0,0.4,7.1,6.7,7.2,7.1,7.1,--
2026/1/2 9:23,19.8,61,5.5,99,5.3,5.5,0.0,0.0,256,944.3,1013.0,81.1,0,0.4,7.1,6.7,7.2,7.1,7.1,--
2026/1/2 9:24,19.8,61,5.5,99,5.3,5.5,0.0,2.5,336,944.4,1013.1,83.6,0,0.4,7.1,6.7,7.2,7.1,7.1,--
2026/1/2 9:25,19.8,61,5.6,99,5.4,5.6,0.0,3.2,296,944.2,1012.9,81.6,0,0.4,7.1,6.7,7.2,7.1,7.1,--
2026/1/2 9:26,19.8,61,5.6,99,5.4,5.6,1.8,3.2,152,944.4,1013.1,76.4,0,0.4,7.1,6.7,7.2,7.1,7.1,--
2026/1/2 9:27,19.8,61,5.7,99,5.5,5.7,2.5,4.0,114,944.3,1013.0,68.4,0,0.4,7.1,6.7,7.2,7.1,7.1,--
2026/1/2 9:28,19.8,61,5.7,99,5.5,5.7,4.0,4.0,116,944.4,1013.1,65.9,0,0.3,7.1,6.7,7.2,7.1,7.1,--
2026/1/2 9:29,19.8,61,5.7,99,5.5,4.9,5.0,5.4,113,944.3,1013.0,63.4,0,0.3,7.1,6.7,7.2,7.1,7.1,--
2026/1/2 9:30,19.8,61,5.7,99,5.5,5.7,4.0,5.0,100,944.4,1013.1,59.8,0,0.3,7.1,6.7,7.2,7.1,7.1,--
2026/1/2 9:31,19.8,61,5.8,99,5.6,5.8,2.5,3.6,107,944.3,1013.0,61.0,0,0.3,7.1,6.7,7.2,7.1,7.1,--
2026/1/2 9:32,19.8,60,5.8,99,5.6,5.8,2.9,2.9,104,944.3,1013.0,60.4,0,0.3,7.1,6.7,7.2,7.1,7.1,--
2026/1/2 9:33,19.8,60,5.8,99,5.6,5.8,0.0,2.2,105,944.3,1013.0,59.1,0,0.3,7.1,6.7,7.2,7.1,7.1,--
2026/1/2 9:34,19.7,60,5.8,99,5.6,5.8,2.5,3.2,103,944.2,1012.9,58.2,0,0.3,7.1,6.7,7.2,7.1,7.1,--
2026/1/2 9:35,19.8,60,5.8,99,5.6,5.8,2.2,4.0,109,944.2,1012.9,55.0,0,0.4,7.2,6.8,7.3,7.2,7.2,--
2026/1/2 9:36,19.8,60,5.8,99,5.6,5.8,2.2,2.5,100,944.4,1013.1,50.5,0,0.4,7.2,6.8,7.3,7.2,7.2,--
2026/1/2 9:37,19.7,60,5.8,99,5.6,5.8,2.5,4.0,95,944.3,1013.0,49.4,0,0.4,7.2,6.8,7.3,7.2,7.2,--
2026/1/2 9:38,19.7,60,5.8,99,5.6,5.8,2.5,3.6,89,944.3,1013.0,46.3,0,0.3,7.2,6.8,7.3,7.2,7.2,--
2026/1/2 9:39,19.7,60,5.9,99,5.7,5.9,0.0,2.5,78,944.2,1012.9,44.6,0,0.3,7.2,6.8,7.3,7.2,7.2,--
2026/1/2 9:40,19.7,60,5.9,99,5.7,5.9,2.5,2.9,107,944.3,1013.0,42.8,0,0.3,7.2,6.8,7.3,7.2,7.2,--
2026/1/2 9:41,19.7,60,5.9,99,5.7,5.9,3.2,4.0,113,944.2,1012.9,44.5,0,0.3,7.2,6.8,7.3,7.2,7.2,--
2026/1/2 9:42,19.7,60,5.9,99,5.7,5.9,3.6,4.0,93,944.2,1012.9,58.1,0,0.3,7.2,6.8,7.3,7.2,7.2,--
2026/1/2 9:43,19.7,60,5.9,99,5.7,5.9,3.6,3.6,102,944.2,1012.9,71.9,0,0.3,7.2,6.8,7.3,7.2,7.2,--
2026/1/2 9:44,19.7,60,5.9,99,5.7,5.9,2.5,2.9,91,944.2,1012.9,83.2,0,0.3,7.2,6.8,7.3,7.2,7.2,--
2026/1/2 9:45,19.7,60,5.9,99,5.7,5.9,0.0,2.2,105,944.1,1012.8,92.8,0,0.3,7.2,6.8,7.3,7.2,7.2,--
2026/1/2 9:46,19.7,60,5.9,99,5.7,5.9,2.2,2.5,58,944.2,1012.9,95.8,0,0.3,7.2,6.8,7.3,7.2,7.2,--
2026/1/2 9:47,19.7,60,5.9,99,5.7,5.9,2.5,4.0,86,944.1,1012.8,89.1,0,0.3,7.2,6.8,7.3,7.2,7.2,--
2026/1/2 9:48,19.7,60,6.0,99,5.8,6.0,1.8,2.9,73,944.2,1012.9,87.4,0,0.3,7.2,6.8,7.3,7.2,7.2,--
2026/1/2 9:49,19.6,60,6.0,99,5.8,6.0,0.0,2.2,77,944.1,1012.8,77.7,0,0.3,7.2,6.8,7.3,7.2,7.2,--
2026/1/2 9:50,19.6,60,6.0,99,5.8,6.0,2.5,2.9,94,944.1,1012.8,72.9,0,0.3,7.2,6.8,7.3,7.2,7.2,--
2026/1/2 9:51,19.6,60,6.1,99,5.9,6.1,0.0,2.2,101,944.1,1012.8,77.5,0,0.3,7.2,6.8,7.3,7.2,7.2,--
2026/1/2 9:52,19.6,60,6.1,99,5.9,6.1,0.0,2.5,60,944.1,1012.8,81.4,0,0.3,7.2,6.8,7.3,7.2,7.2,--
2026/1/2 9:53,19.6,60,6.1,99,5.9,6.1,1.8,2.5,125,944.1,1012.8,80.2,0,0.3,7.2,6.8,7.3,7.2,7.2,--
2026/1/2 9:54,19.6,59,6.1,99,5.9,6.1,0.0,4.3,243,944.2,1012.9,69.6,0,0.3,7.2,6.8,7.3,7.2,7.2,--
2026/1/2 9:55,19.6,59,6.1,99,5.9,6.1,0.0,3.2,63,944.4,1013.1,55.6,0,0.3,7.2,6.8,7.3,7.2,7.2,--
2026/1/2 9:56,19.6,59,6.2,99,6.0,6.2,0.0,2.2,314,944.2,1012.9,49.4,0,0.3,7.2,6.8,7.3,7.2,7.2,--
2026/1/2 9:57,19.6,59,6.2,99,6.0,6.2,0.0,3.2,254,944.2,1012.9,51.9,0,0.3,7.2,6.8,7.3,7.2,7.2,--
2026/1/2 9:58,19.6,59,6.2,99,6.0,6.2,0.0,0.0,249,944.2,1012.9,51.4,0,0.2,7.2,6.8,7.3,7.2,7.2,--
2026/1/2 9:59,19.6,59,6.2,99,6.0,6.2,2.5,3.6,91,944.2,1012.9,52.4,0,0.2,7.2,6.8,7.3,7.2,7.2,--
2026/1/2 10:00,19.6,59,6.2,99,6.0,6.2,3.2,4.3,121,944.3,1013.0,54.6,0,0.2,7.2,6.8,7.3,7.2,7.2,--
2026/1/2 10:01,19.6,59,6.2,99,6.0,6.2,4.3,4.3,115,944.2,1012.9,52.4,0,0.2,7.2,6.8,7.3,7.2,7.2,--
2026/1/2 10:02,19.6,59,6.2,99,6.0,6.2,2.2,4.3,125,944.3,1013.0,54.9,0,0.2,7.2,6.8,7.3,7.2,7.2,--
2026/1/2 10:03,19.5,59,6.2,99,6.0,6.2,3.6,4.3,109,944.4,1013.1,58.2,0,0.2,7.2,6.8,7.3,7.2,7.2,--
2026/1/2 10:04,19.6,59,6.2,99,6.0,6.2,3.6,6.1,115,944.3,1013.0,60.0,0,0.2,7.2,6.8,7.3,7.2,7.2,--
2026/1/2 10:05,19.5,59,6.2,99,6.0,5.2,5.8,5.8,103,944.2,1012.9,62.6,0,0.2,7.2,6.8,7.3,7.2,7.2,--
2026/1/2 10:06,19.6,59,6.2,99,6.0,6.2,3.6,4.3,100,944.3,1013.0,64.7,0,0.2,7.2,6.8,7.3,7.2,7.2,--
2026/1/2 10:07,19.5,59,6.2,99,6.0,6.2,4.3,5.0,88,944.4,1013.1,64.0,0,0.2,7.2,6.8,7.3,7.2,7.2,--
2026/1/2 10:08,19.6,59,6.1,99,5.9,6.1,4.3,4.7,106,944.2,1012.9,59.1,0,0.1,7.2,6.8,7.3,7.2,7.2,--
2026/1/2 10:09,19.5,59,6.1,99,5.9,6.1,4.3,4.7,108,944.3,1013.0,50.7,0,0.1,7.2,6.8,7.3,7.2,7.2,--
2026/1/2 10:10,19.6,59,6.2,99,6.0,6.2,1.8,4.3,75,944.5,1013.2,40.8,0,0.1,7.2,6.8,7.3,7.2,7.2,--
2026/1/2 10:11,19.6,59,6.1,99,5.9,6.1,3.6,4.0,82,944.3,1013.0,38.6,0,0.1,7.2,6.8,7.3,7.2,7.2,--
2026/1/2 10:12,19.5,59,6.1,99,5.9,6.1,2.2,3.2,63,944.3,1013.0,44.9,0,0.2,7.3,6.9,7.4,7.3,7.3,--
2026/1/2 10:13,19.6,59,6.1,99,5.9,6.1,2.5,4.0,87,944.3,1013.0,52.3,0,0.2,7.3,6.9,7.4,7.3,7.3,--
2026/1/2 10:14,19.6,59,6.1,99,5.9,6.1,3.2,4.7,98,944.4,1013.1,55.0,0,0.2,7.3,6.9,7.4,7.3,7.3,--
2026/1/2 10:15,19.6,59,6.1,99,5.9,6.1,3.6,4.0,99,944.4,1013.1,57.4,0,0.2,7.3,6.9,7.4,7.3,7.3,--
2026/1/2 10:16,19.6,59,6.1,99,5.9,6.1,3.6,4.3,100,944.3,1013.0,56.3,0,0.2,7.3,6.9,7.4,7.3,7.3,--
2026/1/2 10:17,19.5,59,6.1,99,5.9,6.1,1.8,3.6,100,944.3,1013.0,59.5,0,0.2,7.3,6.9,7.4,7.3,7.3,--
2026/1/2 10:18,19.5,59,6.1,99,5.9,6.1,2.5,3.6,113,944.3,1013.0,62.6,0,0.2,7.3,6.9,7.4,7.3,7.3,--
2026/1/2 10:19,19.5,59,6.1,99,5.9,5.2,5.4,7.6,109,944.3,1013.0,58.4,0,0.2,7.3,6.9,7.4,7.3,7.3,--
2026/1/2 10:20,19.5,59,6.1,99,5.9,6.1,4.0,4.7,110,944.3,1013.0,54.9,0,0.3,7.4,7.0,7.5,7.4,7.4,--
2026/1/2 10:21,19.5,59,6.1,99,5.9,6.1,4.3,4.7,93,944.4,1013.1,59.1,0,0.3,7.4,7.0,7.5,7.4,7.4,--
2026/1/2 10:22,19.5,59,6.1,99,5.9,6.1,3.6,4.7,98,944.5,1013.2,62.3,0,0.3,7.4,7.0,7.5,7.4,7.4,--
2026/1/2 10:23,19.5,59,6.1,99,5.9,6.1,2.9,3.2,95,944.5,1013.2,61.9,0,0.3,7.4,7.0,7.5,7.4,7.4,--
2026/1/2 10:24,19.5,59,6.1,98,5.8,6.1,2.5,4.3,104,944.3,1013.0,58.0,0,0.3,7.4,7.0,7.5,7.4,7.4,--
2026/1/2 10:25,19.5,59,6.1,98,5.8,6.1,4.7,4.7,123,944.6,1013.3,53.9,0,0.3,7.4,7.0,7.5,7.4,7.4,--
2026/1/2 10:26,19.5,59,6.1,98,5.8,5.2,5.4,5.8,101,944.4,1013.1,51.7,0,0.3,7.4,7.0,7.5,7.4,7.4,--
2026/1/2 10:27,19.5,59,6.0,98,5.7,6.0,1.8,2.9,119,944.3,1013.0,52.5,0,0.3,7.4,7.0,7.5,7.4,7.4,--
2026/1/2 10:28,19.5,59,6.1,98,5.8,6.1,4.3,4.7,109,944.5,1013.2,51.4,0,0.3,7.4,7.0,7.5,7.4,7.4,--
2026/1/2 10:29,19.5,59,6.0,98,5.7,6.0,2.2,4.7,110,944.4,1013.1,47.6,0,0.3,7.4,7.0,7.5,7.4,7.4,--
2026/1/2 10:30,19.5,59,6.0,98,5.7,6.0,3.2,4.0,114,944.5,1013.2,45.2,0,0.4,7.5,7.1,7.6,7.5,7.5,--
2026/1/2 10:31,19.5,59,6.0,98,5.7,6.0,0.0,2.5,58,944.4,1013.1,46.8,0,0.4,7.5,7.1,7.6,7.5,7.5,--
2026/1/2 10:32,19.5,59,6.0,98,5.7,6.0,2.5,3.2,111,944.3,1013.0,54.3,0,0.4,7.5,7.1,7.6,7.5,7.5,--
2026/1/2 10:33,19.5,59,6.0,98,5.7,6.0,3.6,3.6,116,944.3,1013.0,57.6,0,0.3,7.5,7.1,7.6,7.5,7.5,--
2026/1/2 10:34,19.5,59,6.0,98,5.7,6.0,3.2,4.7,102,944.3,1013.0,53.1,0,0.3,7.5,7.1,7.6,7.5,7.5,--
2026/1/2 10:35,19.5,59,6.0,98,5.7,6.0,2.5,3.6,95,944.3,1013.0,50.7,0,0.4,7.6,7.2,7.7,7.6,7.6,--
2026/1/2 10:36,19.5,59,6.0,98,5.7,6.0,2.5,3.2,92,944.5,1013.2,54.7,0,0.4,7.6,7.2,7.7,7.6,7.6,--
2026/1/2 10:37,19.5,59,6.0,98,5.7,6.0,3.2,4.0,95,944.2,1012.9,63.0,0,0.4,7.6,7.2,7.7,7.6,7.6,--
2026/1/2 10:38,19.5,59,6.1,98,5.8,6.1,4.7,5.4,71,944.2,1012.9,70.4,0,0.4,7.6,7.2,7.7,7.6,7.6,--
2026/1/2 10:39,19.5,59,6.1,98,5.8,6.1,2.9,2.9,109,944.2,1012.9,77.1,0,0.4,7.6,7.2,7.7,7.6,7.6,--
2026/1/2 10:40,19.5,59,6.1,99,5.9,6.1,2.5,3.2,94,944.2,1012.9,77.4,0,0.4,7.6,7.2,7.7,7.6,7.6,--
2026/1/2 10:41,19.5,59,6.1,99,5.9,6.1,2.2,4.0,97,944.0,1012.7,70.0,0,0.4,7.6,7.2,7.7,7.6,7.6,--
2026/1/2 10:42,19.5,59,6.1,99,5.9,6.1,4.0,4.7,126,944.0,1012.7,66.1,0,0.4,7.6,7.2,7.7,7.6,7.6,--
2026/1/2 10:43,19.5,59,6.1,99,5.9,6.1,3.6,6.1,151,944.2,1012.9,68.2,0,0.4,7.6,7.2,7.7,7.6,7.6,--
2026/1/2 10:44,19.5,59,6.1,99,5.9,6.1,1.8,2.5,158,944.2,1012.9,70.6,0,0.4,7.6,7.2,7.7,7.6,7.6,--
2026/1/2 10:45,19.5,59,6.1,98,5.8,6.1,2.9,5.8,140,944.3,1013.0,72.6,0,0.4,7.6,7.2,7.7,7.6,7.6,--
2026/1/2 10:46,19.5,59,6.1,98,5.8,6.1,2.2,2.2,179,944.2,1012.9,76.0,0,0.4,7.6,7.2,7.7,7.6,7.6,--
2026/1/2 10:47,19.5,59,6.2,98,5.9,6.2,0.0,2.2,143,944.0,1012.7,78.4,0,0.4,7.6,7.2,7.7,7.6,7.6,--
2026/1/2 10:48,19.4,59,6.2,98,5.9,6.2,2.9,2.9,139,944.1,1012.8,76.7,0,0.4,7.6,7.2,7.7,7.6,7.6,--
2026/1/2 10:49,19.5,59,6.2,98,5.9,6.2,0.0,0.0,55,944.3,1013.0,77.1,0,0.4,7.6,7.2,7.7,7.6,7.6,--
2026/1/2 10:50,19.4,59,6.3,98,6.0,6.3,2.5,3.6,12,944.3,1013.0,81.6,0,0.4,7.6,7.2,7.7,7.6,7.6,--
2026/1/2 10:51,19.5,59,6.3,98,6.0,6.3,0.0,2.2,34,944.3,1013.0,87.6,0,0.4,7.6,7.2,7.7,7.6,7.6,--
2026/1/2 10:52,19.4,59,6.3,98,6.0,6.3,2.5,3.6,49,944.1,1012.8,93.9,0,0.4,7.6,7.2,7.7,7.6,7.6,--
2026/1/2 10:53,19.4,59,6.4,98,6.1,6.4,2.2,2.2,70,944.1,1012.8,91.5,0,0.4,7.6,7.2,7.7,7.6,7.6,--
2026/1/2 10:54,19.4,59,6.4,98,6.1,6.4,2.5,3.2,84,944.1,1012.8,88.8,0,0.4,7.6,7.2,7.7,7.6,7.6,--
2026/1/2 10:55,19.4,59,6.5,97,6.1,6.5,2.5,3.2,84,944.0,1012.7,90.6,0,0.4,7.6,7.2,7.7,7.6,7.6,--
2026/1/2 10:56,19.4,59,6.5,97,6.1,6.5,2.2,3.2,75,944.1,1012.8,90.5,0,0.4,7.6,7.2,7.7,7.6,7.6,--
2026/1/2 10:57,19.4,59,6.5,97,6.1,6.5,1.8,2.2,87,944.2,1012.9,89.3,0,0.4,7.6,7.2,7.7,7.6,7.6,--
2026/1/2 10:58,19.4,59,6.5,97,6.1,6.5,2.9,3.2,92,944.1,1012.8,91.3,0,0.4,7.6,7.2,7.7,7.6,7.6,--
2026/1/2 10:59,19.4,59,6.5,97,6.1,6.5,2.5,3.2,96,944.2,1012.9,99.8,0,0.4,7.6,7.2,7.7,7.6,7.6,--
2026/1/2 11:00,19.5,59,6.5,97,6.1,6.5,0.0,1.8,122,944.0,1012.7,110.1,1,0.4,7.6,7.2,7.7,7.6,7.6,--
2026/1/2 11:01,19.4,59,6.6,97,6.2,6.6,1.8,1.8,241,943.9,1012.6,114.2,1,0.4,7.6,7.2,7.7,7.6,7.6,--
2026/1/2 11:02,19.4,59,6.6,96,6.1,6.6,0.0,0.0,49,943.9,1012.6,121.3,1,0.4,7.6,7.2,7.7,7.6,7.6,--
2026/1/2 11:03,19.4,59,6.6,96,6.1,6.6,2.9,4.0,115,943.9,1012.6,139.1,1,0.4,7.6,7.2,7.7,7.6,7.6,--
2026/1/2 11:04,19.4,59,6.7,96,6.2,6.7,0.0,2.2,121,943.8,1012.5,130.3,1,0.4,7.6,7.2,7.7,7.6,7.6,--
2026/1/2 11:05,19.4,59,6.7,96,6.2,6.7,3.6,4.3,104,943.7,1012.4,129.8,1,0.4,7.6,7.2,7.7,7.6,7.6,--
2026/1/2 11:06,19.4,59,6.8,96,6.3,6.8,3.6,3.6,93,943.8,1012.5,132.7,1,0.4,7.6,7.2,7.7,7.6,7.6,--
2026/1/2 11:07,19.4,59,6.8,96,6.3,6.8,0.0,2.5,60,943.8,1012.5,146.6,1,0.4,7.6,7.2,7.7,7.6,7.6,--
2026/1/2 11:08,19.4,59,6.8,96,6.3,6.8,2.5,3.2,94,943.8,1012.5,168.7,1,0.3,7.6,7.2,7.7,7.6,7.6,--
2026/1/2 11:09,19.4,59,6.9,96,6.4,6.9,1.8,2.5,54,943.7,1012.4,197.3,1,0.3,7.6,7.2,7.7,7.6,7.6,--
2026/1/2 11:10,19.4,59,6.9,96,6.4,6.9,0.0,0.0,65,943.7,1012.4,209.7,1,0.3,7.6,7.2,7.7,7.6,7.6,--
2026/1/2 11:11,19.4,59,7.0,96,6.5,7.0,0.0,2.2,61,943.9,1012.6,215.2,2,0.3,7.6,7.2,7.7,7.6,7.6,--
2026/1/2 11:12,19.4,59,7.0,95,6.2,7.0,0.0,1.8,185,943.8,1012.5,276.6,2,0.3,7.6,7.2,7.7,7.6,7.6,--
2026/1/2 11:13,19.4,59,7.1,95,6.3,7.1,1.8,2.2,131,943.8,1012.5,274.7,2,0.3,7.6,7.2,7.7,7.6,7.6,--
2026/1/2 11:14,19.4,59,7.2,95,6.4,7.2,0.0,0.0,183,943.8,1012.5,234.4,2,0.3,7.6,7.2,7.7,7.6,7.6,--
2026/1/2 11:15,19.4,59,7.4,95,6.6,7.4,2.5,2.5,46,943.9,1012.6,449.0,4,0.3,7.6,7.2,7.7,7.6,7.6,--
2026/1/2 11:16,19.4,59,7.6,94,6.6,7.6,4.7,5.0,105,943.9,1012.6,232.6,2,0.3,7.6,7.2,7.7,7.6,7.6,--
2026/1/2 11:17,19.4,59,7.8,93,6.7,7.3,5.0,5.4,97,943.7,1012.4,203.8,1,0.3,7.6,7.2,7.7,7.6,7.6,--
2026/1/2 11:18,19.4,59,7.9,92,6.7,6.9,6.5,6.8,122,943.8,1012.5,191.3,1,0.2,7.6,7.2,7.7,7.6,7.6,--
2026/1/2 11:19,19.4,59,7.9,91,6.6,7.9,2.9,5.0,56,943.8,1012.5,171.6,1,0.2,7.6,7.2,7.7,7.6,7.6,--
2026/1/2 11:20,19.4,59,7.9,91,6.6,7.1,5.8,6.1,110,943.7,1012.4,149.4,1,0.2,7.6,7.2,7.7,7.6,7.6,--
2026/1/2 11:21,19.4,59,7.9,91,6.6,7.9,3.6,7.2,104,943.8,1012.5,145.6,1,0.2,7.6,7.2,7.7,7.6,7.6,--
2026/1/2 11:22,19.4,59,7.8,91,6.5,7.1,5.4,7.9,101,943.8,1012.5,129.8,1,0.2,7.6,7.2,7.7,7.6,7.6,--
2026/1/2 11:23,19.4,59,7.7,92,6.5,6.9,5.8,5.8,110,943.7,1012.4,131.5,1,0.2,7.6,7.2,7.7,7.6,7.6,--
2026/1/2 11:24,19.4,59,7.5,93,6.4,6.9,5.0,5.8,70,943.8,1012.5,132.3,1,0.2,7.6,7.2,7.7,7.6,7.6,--
2026/1/2 11:25,19.4,59,7.4,93,6.3,7.4,3.2,3.6,82,943.8,1012.5,131.3,1,0.2,7.6,7.2,7.7,7.6,7.6,--
2026/1/2 11:26,19.4,59,7.3,93,6.2,7.3,3.6,5.8,118,943.7,1012.4,150.1,1,0.2,7.6,7.2,7.7,7.6,7.6,--
2026/1/2 11:27,19.4,59,7.2,93,6.1,7.2,4.0,5.0,117,943.7,1012.4,147.5,1,0.2,7.6,7.2,7.7,7.6,7.6,--
2026/1/2 11:28,19.4,59,7.1,94,6.1,7.1,4.0,4.7,97,943.7,1012.4,140.0,1,0.1,7.6,7.2,7.7,7.6,7.6,--
2026/1/2 11:29,19.4,59,7.0,94,6.0,7.0,3.6,4.7,96,943.5,1012.2,142.1,1,0.1,7.6,7.2,7.7,7.6,7.6,--
2026/1/2 11:30,19.4,59,7.0,95,6.2,7.0,0.0,1.8,60,943.6,1012.3,166.2,1,0.1,7.6,7.2,7.7,7.6,7.6,--
2026/1/2 11:31,19.4,59,6.9,95,6.1,6.9,0.0,1.8,85,943.6,1012.3,170.9,1,0.1,7.6,7.2,7.7,7.6,7.6,--
2026/1/2 11:32,19.4,59,6.9,96,6.4,6.9,0.0,2.2,126,943.6,1012.3,154.6,1,0.1,7.6,7.2,7.7,7.6,7.6,--
2026/1/2 11:33,19.4,59,6.9,96,6.4,6.9,1.8,2.2,207,943.5,1012.2,125.6,1,0.0,7.6,7.2,7.7,7.6,7.6,--
2026/1/2 11:34,19.4,59,6.9,96,6.4,6.9,0.0,1.8,252,943.5,1012.2,98.6,0,0.0,7.6,7.2,7.7,7.6,7.6,--
2026/1/2 11:35,19.4,59,6.9,96,6.4,6.9,0.0,0.0,353,943.5,1012.2,90.0,0,0.0,7.6,7.2,7.7,7.6,7.6,--
2026/1/2 11:36,19.4,59,6.9,96,6.4,6.9,2.2,2.9,341,943.5,1012.2,97.7,0,0.0,7.6,7.2,7.7,7.6,7.6,--
2026/1/2 11:37,19.4,59,6.9,96,6.4,6.9,0.0,1.8,4,943.4,1012.1,115.4,1,0.0,7.6,7.2,7.7,7.6,7.6,--
2026/1/2 11:38,19.4,59,6.9,96,6.4,6.9,2.5,2.5,47,943.5,1012.2,125.0,1,0.0,7.6,7.2,7.7,7.6,7.6,--
2026/1/2 11:39,19.4,59,6.9,96,6.4,6.9,0.0,0.0,26,943.4,1012.1,128.8,1,0.0,7.6,7.2,7.7,7.6,7.6,--
2026/1/2 11:40,19.3,59,6.9,97,6.5,6.9,0.0,1.8,0,943.3,1012.0,126.8,1,0.0,7.6,7.2,7.7,7.6,7.6,--
2026/1/2 11:41,19.3,59,7.0,97,6.6,7.0,2.5,2.5,9,943.4,1012.1,139.8,1,0.0,7.6,7.2,7.7,7.6,7.6,--
2026/1/2 11:42,19.4,59,7.0,97,6.6,7.0,0.0,2.9,32,943.3,1012.0,153.5,1,0.0,7.6,7.2,7.7,7.6,7.6,--
2026/1/2 11:43,19.4,59,7.0,97,6.6,7.0,0.0,2.2,28,943.4,1012.1,146.5,1,0.0,7.6,7.2,7.7,7.6,7.6,--
2026/1/2 11:44,19.3,59,7.0,96,6.5,7.0,2.2,2.2,43,943.3,1012.0,128.0,1,0.0,7.6,7.2,7.7,7.6,7.6,--
2026/1/2 11:45,19.4,59,7.1,96,6.6,7.1,0.0,2.9,89,943.2,1011.9,110.2,1,0.0,7.6,7.2,7.7,7.6,7.6,--
2026/1/2 11:46,19.3,59,7.1,96,6.6,7.1,0.0,0.0,89,943.3,1012.0,93.8,0,0.0,7.6,7.2,7.7,7.6,7.6,--
2026/1/2 11:47,19.3,59,7.1,96,6.6,7.1,0.0,0.0,156,943.2,1011.9,82.2,0,0.0,7.6,7.2,7.7,7.6,7.6,--
2026/1/2 11:48,19.3,59,7.2,95,6.4,7.2,2.5,2.5,116,943.3,1012.0,78.6,0,0.0,7.6,7.2,7.7,7.6,7.6,--
2026/1/2 11:49,19.3,59,7.2,94,6.2,7.2,0.0,2.2,141,943.3,1012.0,80.6,0,0.0,7.6,7.2,7.7,7.6,7.6,--
2026/1/2 11:50,19.3,59,7.2,93,6.1,7.2,0.0,1.8,145,943.3,1012.0,79.7,0,0.0,7.6,7.2,7.7,7.6,7.6,--
2026/1/2 11:51,19.3,59,7.2,93,6.1,7.2,0.0,0.0,145,943.3,1012.0,76.0,0,0.0,7.6,7.2,7.7,7.6,7.6,--
2026/1/2 11:52,19.3,59,7.3,93,6.2,7.3,1.8,1.8,95,943.3,1012.0,77.4,0,0.0,7.6,7.2,7.7,7.6,7.6,--
2026/1/2 11:53,19.3,59,7.3,94,6.3,7.3,0.0,1.8,131,943.2,1011.9,85.8,0,0.0,7.6,7.2,7.7,7.6,7.6,--
2026/1/2 11:54,19.3,59,7.3,94,6.3,7.3,2.5,3.2,91,943.2,1011.9,104.3,0,0.0,7.6,7.2,7.7,7.6,7.6,--
2026/1/2 11:55,19.3,59,7.3,94,6.3,7.3,4.3,5.4,100,943.2,1011.9,131.8,1,0.0,7.6,7.2,7.7,7.6,7.6,--
2026/1/2 11:56,19.3,59,7.4,95,6.6,7.4,2.2,3.2,95,943.2,1011.9,125.8,1,0.1,7.7,7.3,7.8,7.7,7.7,--
2026/1/2 11:57,19.3,59,7.4,95,6.6,7.4,2.9,3.2,98,943.2,1011.9,113.3,1,0.1,7.7,7.3,7.8,7.7,7.7,--
2026/1/2 11:58,19.3,59,7.4,94,6.4,7.4,3.2,4.3,96,943.3,1012.0,96.7,0,0.1,7.7,7.3,7.8,7.7,7.7,--
2026/1/2 11:59,19.3,59,7.4,94,6.4,7.4,4.7,4.7,112,943.1,1011.8,78.6,0,0.2,7.8,7.4,7.9,7.8,7.8,--
2026/1/2 12:00,19.3,59,7.4,94,6.4,7.4,3.2,4.7,69,943.2,1011.9,62.1,0,0.2,7.8,7.4,7.9,7.8,7.8,--
2026/1/2 12:01,19.3,59,7.4,94,6.4,7.4,4.3,8.3,105,943.4,1012.1,57.6,0,0.3,7.9,7.5,8.0,7.9,7.9,--
2026/1/2 12:02,19.3,59,7.4,94,6.4,6.3,6.5,7.2,112,943.1,1011.8,65.1,0,0.3,7.9,7.5,8.0,7.9,7.9,--
2026/1/2 12:03,19.3,59,7.3,94,6.3,6.0,7.2,7.6,105,943.1,1011.8,72.2,0,0.3,7.9,7.5,8.0,7.9,7.9,--
2026/1/2 12:04,19.3,59,7.3,94,6.3,6.7,5.0,7.6,119,943.3,1012.0,72.9,0,0.3,7.9,7.5,8.0,7.9,7.9,--
2026/1/2 12:05,19.3,59,7.1,93,6.0,5.4,8.6,8.6,114,943.1,1011.8,67.6,0,0.3,7.9,7.5,8.0,7.9,7.9,--
2026/1/2 12:06,19.3,59,7.1,94,6.1,6.2,5.8,7.6,120,943.2,1011.9,64.0,0,0.3,7.9,7.5,8.0,7.9,7.9,--
2026/1/2 12:07,19.3,59,7.0,94,6.0,6.0,6.1,6.1,115,943.0,1011.7,61.0,0,0.3,7.9,7.5,8.0,7.9,7.9,--
2026/1/2 12:08,19.3,59,6.9,94,5.9,6.0,5.8,5.8,99,943.1,1011.8,59.3,0,0.3,7.9,7.5,8.0,7.9,7.9,--
2026/1/2 12:09,19.3,59,6.9,94,5.9,6.2,5.0,6.1,113,943.1,1011.8,60.6,0,0.3,7.9,7.5,8.0,7.9,7.9,--
2026/1/2 12:10,19.3,59,6.9,95,6.1,6.2,5.0,5.8,117,942.9,1011.6,64.7,0,0.3,7.9,7.5,8.0,7.9,7.9,--
2026/1/2 12:11,19.3,59,6.8,95,6.0,6.8,4.3,4.3,111,943.0,1011.7,73.2,0,0.3,7.9,7.5,8.0,7.9,7.9,--
2026/1/2 12:12,19.3,59,6.8,95,6.0,6.8,3.6,4.0,110,942.9,1011.6,79.4,0,0.3,7.9,7.5,8.0,7.9,7.9,--
2026/1/2 12:13,19.3,59,6.8,96,6.3,6.8,1.8,2.9,106,942.7,1011.4,83.9,0,0.3,7.9,7.5,8.0,7.9,7.9,--
2026/1/2 12:14,19.3,59,6.8,96,6.3,6.8,4.0,4.3,115,942.8,1011.5,91.2,0,0.3,7.9,7.5,8.0,7.9,7.9,--
2026/1/2 12:15,19.3,59,6.8,96,6.3,6.8,2.9,4.7,106,942.9,1011.6,90.5,0,0.3,7.9,7.5,8.0,7.9,7.9,--
2026/1/2 12:16,19.3,59,6.8,96,6.3,6.8,2.2,2.5,96,942.9,1011.6,84.6,0,0.3,7.9,7.5,8.0,7.9,7.9,--
2026/1/2 12:17,19.3,59,6.8,96,6.3,6.8,0.0,1.8,110,942.7,1011.4,83.5,0,0.3,7.9,7.5,8.0,7.9,7.9,--
2026/1/2 12:18,19.3,59,6.8,96,6.3,6.8,1.8,1.8,186,942.9,1011.6,85.5,0,0.3,7.9,7.5,8.0,7.9,7.9,--
2026/1/2 12:19,19.3,59,6.8,96,6.3,6.8,0.0,0.0,49,942.7,1011.4,99.3,0,0.3,7.9,7.5,8.0,7.9,7.9,--
2026/1/2 12:20,19.3,59,6.9,97,6.5,6.9,2.2,2.5,93,942.9,1011.6,113.8,1,0.3,7.9,7.5,8.0,7.9,7.9,--
2026/1/2 12:21,19.3,59,6.9,97,6.5,6.9,2.9,3.2,97,942.8,1011.5,110.6,1,0.3,7.9,7.5,8.0,7.9,7.9,--
2026/1/2 12:22,19.3,59,6.9,97,6.5,6.9,2.2,2.5,94,942.8,1011.5,106.1,0,0.4,8.0,7.6,8.1,8.0,8.0,--
2026/1/2 12:23,19.3,59,6.9,96,6.4,6.9,2.2,2.9,109,942.7,1011.4,95.8,0,0.4,8.0,7.6,8.1,8.0,8.0,--
2026/1/2 12:24,19.3,59,6.9,96,6.4,6.9,0.0,3.2,178,942.8,1011.5,87.6,0,0.4,8.0,7.6,8.1,8.0,8.0,--
2026/1/2 12:25,19.3,59,6.9,96,6.4,6.9,2.9,3.2,73,942.9,1011.6,82.8,0,0.4,8.0,7.6,8.1,8.0,8.0,--
2026/1/2 12:26,19.3,59,6.9,96,6.4,6.9,2.2,2.5,55,942.8,1011.5,85.6,0,0.4,8.0,7.6,8.1,8.0,8.0,--
2026/1/2 12:27,19.2,59,7.0,96,6.5,7.0,2.9,2.9,80,943.0,1011.7,103.7,0,0.4,8.0,7.6,8.1,8.0,8.0,--
2026/1/2 12:28,19.3,59,7.0,96,6.5,7.0,3.2,5.0,109,942.9,1011.6,116.1,1,0.4,8.0,7.6,8.1,8.0,8.0,--
2026/1/2 12:29,19.2,59,6.9,96,6.4,6.9,3.6,4.3,91,942.9,1011.6,101.8,0,0.4,8.0,7.6,8.1,8.0,8.0,--
2026/1/2 12:30,19.3,59,7.0,96,6.5,7.0,1.8,3.2,106,942.9,1011.6,81.7,0,0.5,8.1,7.7,8.2,8.1,8.1,--
2026/1/2 12:31,19.3,59,7.0,95,6.2,7.0,2.9,3.2,109,943.0,1011.7,73.8,0,0.5,8.1,7.7,8.2,8.1,8.1,--
2026/1/2 12:32,19.2,59,7.0,95,6.2,7.0,0.0,1.8,110,942.9,1011.6,83.4,0,0.5,8.1,7.7,8.2,8.1,8.1,--
2026/1/2 12:33,19.3,59,7.0,95,6.2,7.0,2.9,3.6,60,942.8,1011.5,100.9,0,0.5,8.1,7.7,8.2,8.1,8.1,--
2026/1/2 12:34,19.3,59,7.0,95,6.2,7.0,4.3,6.1,95,942.9,1011.6,117.4,1,0.5,8.1,7.7,8.2,8.1,8.1,--
2026/1/2 12:35,19.3,59,7.0,95,6.2,7.0,2.9,3.6,88,942.7,1011.4,143.9,1,0.5,8.1,7.7,8.2,8.1,8.1,--
2026/1/2 12:36,19.3,59,7.0,95,6.2,7.0,3.6,4.0,79,942.9,1011.6,172.3,1,0.5,8.1,7.7,8.2,8.1,8.1,--
2026/1/2 12:37,19.2,59,7.1,95,6.3,7.1,2.5,3.6,69,942.8,1011.5,179.3,1,0.5,8.1,7.7,8.2,8.1,8.1,--
2026/1/2 12:38,19.2,59,7.1,95,6.3,7.1,0.0,2.2,51,942.7,1011.4,195.5,1,0.5,8.1,7.7,8.2,8.1,8.1,--
2026/1/2 12:39,19.2,59,7.2,96,6.7,7.2,2.5,2.9,104,942.8,1011.5,222.7,2,0.5,8.1,7.7,8.2,8.1,8.1,--
2026/1/2 12:40,19.2,59,7.2,96,6.7,7.2,3.2,4.0,117,942.7,1011.4,197.7,1,0.5,8.1,7.7,8.2,8.1,8.1,--
2026/1/2 12:41,19.2,59,7.2,96,6.7,7.2,0.0,2.5,74,942.7,1011.4,168.7,1,0.5,8.1,7.7,8.2,8.1,8.1,--
2026/1/2 12:42,19.3,59,7.3,95,6.5,7.3,2.9,3.6,89,942.7,1011.4,143.6,1,0.5,8.1,7.7,8.2,8.1,8.1,--
2026/1/2 12:43,19.2,59,7.3,95,6.5,7.3,3.6,3.6,115,942.8,1011.5,129.0,1,0.5,8.1,7.7,8.2,8.1,8.1,--
2026/1/2 12:44,19.2,59,7.3,94,6.3,7.3,3.2,3.2,102,942.6,1011.3,119.4,1,0.5,8.1,7.7,8.2,8.1,8.1,--
2026/1/2 12:45,19.2,59,7.4,94,6.4,7.4,2.9,3.2,104,942.8,1011.5,110.8,1,0.5,8.1,7.7,8.2,8.1,8.1,--
2026/1/2 12:46,19.2,59,7.4,94,6.4,7.4,1.8,2.5,112,942.7,1011.4,101.8,0,0.5,8.1,7.7,8.2,8.1,8.1,--
2026/1/2 12:47,19.2,59,7.4,93,6.3,7.4,0.0,2.2,135,942.7,1011.4,95.5,0,0.5,8.1,7.7,8.2,8.1,8.1,--
2026/1/2 12:48,19.2,59,7.4,94,6.4,7.4,0.0,0.0,125,942.6,1011.3,94.8,0,0.5,8.1,7.7,8.2,8.1,8.1,--
2026/1/2 12:49,19.2,59,7.4,94,6.4,7.4,0.0,2.2,89,942.7,1011.4,91.5,0,0.5,8.1,7.7,8.2,8.1,8.1,--
2026/1/2 12:50,19.2,59,7.4,94,6.4,7.4,1.8,2.9,8,942.8,1011.5,80.1,0,0.5,8.1,7.7,8.2,8.1,8.1,--
2026/1/2 12:51,19.2,59,7.5,94,6.5,7.5,1.8,2.2,31,942.6,1011.3,66.8,0,0.5,8.1,7.7,8.2,8.1,8.1,--
2026/1/2 12:52,19.2,59,7.5,94,6.5,7.5,0.0,1.8,315,942.5,1011.2,59.7,0,0.5,8.1,7.7,8.2,8.1,8.1,--
2026/1/2 12:53,19.2,59,7.4,93,6.3,7.4,0.0,0.0,55,942.6,1011.3,56.5,0,0.4,8.1,7.7,8.2,8.1,8.1,--
2026/1/2 12:54,19.2,59,7.4,92,6.2,7.4,0.0,0.0,113,942.7,1011.4,68.3,0,0.4,8.1,7.7,8.2,8.1,8.1,--
2026/1/2 12:55,19.2,59,7.4,93,6.3,7.4,0.0,0.0,116,942.7,1011.4,89.1,0,0.4,8.1,7.7,8.2,8.1,8.1,--
2026/1/2 12:56,19.2,59,7.4,93,6.3,7.4,0.0,0.0,116,942.6,1011.3,81.9,0,0.4,8.1,7.7,8.2,8.1,8.1,--
2026/1/2 12:57,19.2,59,7.4,93,6.3,7.4,0.0,0.0,195,942.5,1011.2,85.1,0,0.4,8.1,7.7,8.2,8.1,8.1,--
2026/1/2 12:58,19.2,59,7.3,93,6.2,7.3,0.0,0.0,185,942.6,1011.3,91.8,0,0.2,8.1,7.7,8.2,8.1,8.1,--
2026/1/2 12:59,19.2,59,7.3,94,6.3,7.3,0.0,0.0,130,942.5,1011.2,102.1,0,0.2,8.1,7.7,8.2,8.1,8.1,--
2026/1/2 13:00,19.2,59,7.4,94,6.4,7.4,0.0,0.0,130,942.5,1011.2,112.7,1,0.2,8.1,7.7,8.2,8.1,8.1,--
2026/1/2 13:01,19.2,59,7.4,95,6.6,7.4,0.0,1.8,62,942.3,1011.0,114.6,1,0.3,8.2,7.8,8.3,8.2,8.2,--
2026/1/2 13:02,19.2,59,7.4,95,6.6,7.4,3.2,3.2,66,942.3,1011.0,119.0,1,0.3,8.2,7.8,8.3,8.2,8.2,--
2026/1/2 13:03,19.2,59,7.4,95,6.6,7.4,3.2,4.3,80,942.4,1011.1,123.9,1,0.3,8.2,7.8,8.3,8.2,8.2,--
2026/1/2 13:04,19.2,59,7.4,95,6.6,7.4,1.8,2.5,100,942.4,1011.1,148.3,1,0.3,8.2,7.8,8.3,8.2,8.2,--
2026/1/2 13:05,19.2,59,7.4,94,6.4,7.4,2.2,2.5,69,942.4,1011.1,173.7,1,0.3,8.2,7.8,8.3,8.2,8.2,--
2026/1/2 13:06,19.2,59,7.5,95,6.7,7.5,2.9,2.9,332,942.3,1011.0,199.1,1,0.3,8.2,7.8,8.3,8.2,8.2,--
2026/1/2 13:07,19.2,59,7.6,95,6.8,7.6,3.6,6.5,306,942.3,1011.0,208.9,1,0.3,8.2,7.8,8.3,8.2,8.2,--
2026/1/2 13:08,19.2,59,7.7,94,6.7,7.7,0.0,2.5,226,942.3,1011.0,222.3,2,0.3,8.2,7.8,8.3,8.2,8.2,--
2026/1/2 13:09,19.2,59,7.8,94,6.8,7.8,2.5,3.6,278,942.1,1010.8,239.5,2,0.3,8.2,7.8,8.3,8.2,8.2,--
2026/1/2 13:10,19.2,59,7.8,92,6.6,7.8,3.6,5.4,284,942.0,1010.7,228.3,2,0.3,8.2,7.8,8.3,8.2,8.2,--
2026/1/2 13:11,19.2,59,7.9,91,6.6,7.9,0.0,3.2,271,942.2,1010.9,207.0,1,0.3,8.2,7.8,8.3,8.2,8.2,--
2026/1/2 13:12,19.2,59,8.0,93,6.9,8.0,2.2,2.5,350,942.1,1010.8,184.4,1,0.3,8.2,7.8,8.3,8.2,8.2,--
2026/1/2 13:13,19.2,59,8.1,91,6.8,8.1,4.0,4.7,4,941.9,1010.6,155.0,1,0.3,8.2,7.8,8.3,8.2,8.2,--
2026/1/2 13:14,19.2,59,8.3,92,7.1,8.3,4.7,6.1,345,941.9,1010.6,131.2,1,0.3,8.2,7.8,8.3,8.2,8.2,--
2026/1/2 13:15,19.2,59,8.4,90,6.9,8.4,4.3,5.0,333,941.7,1010.4,111.4,1,0.3,8.2,7.8,8.3,8.2,8.2,--
2026/1/2 13:16,19.2,59,8.5,86,6.3,8.5,0.0,3.2,20,941.7,1010.4,101.2,0,0.3,8.2,7.8,8.3,8.2,8.2,--
2026/1/2 13:17,19.2,59,8.6,87,6.6,8.6,2.9,3.2,204,941.6,1010.3,117.0,1,0.3,8.2,7.8,8.3,8.2,8.2,--
2026/1/2 13:18,19.2,59,8.6,87,6.6,8.6,2.5,2.9,187,941.8,1010.5,183.9,1,0.2,8.2,7.8,8.3,8.2,8.2,--
2026/1/2 13:19,19.2,59,8.6,88,6.7,8.6,0.0,2.9,253,941.9,1010.6,213.4,1,0.2,8.2,7.8,8.3,8.2,8.2,--
2026/1/2 13:20,19.2,59,8.6,88,6.7,8.6,0.0,2.2,164,941.8,1010.5,207.4,1,0.2,8.2,7.8,8.3,8.2,8.2,--
2026/1/2 13:21,19.2,59,8.6,88,6.7,8.6,2.2,2.5,184,941.8,1010.5,196.2,1,0.2,8.2,7.8,8.3,8.2,8.2,--
2026/1/2 13:22,19.1,59,8.6,84,6.0,8.6,4.0,4.7,111,941.9,1010.6,198.6,1,0.2,8.2,7.8,8.3,8.2,8.2,--
2026/1/2 13:23,19.1,59,8.7,83,6.0,8.7,4.7,5.0,114,942.0,1010.7,174.1,1,0.2,8.2,7.8,8.3,8.2,8.2,--
2026/1/2 13:24,19.2,59,8.7,82,5.8,8.7,3.6,3.6,112,941.9,1010.6,165.6,1,0.2,8.2,7.8,8.3,8.2,8.2,--
2026/1/2 13:25,19.1,59,8.7,84,6.1,8.7,3.2,3.2,70,941.9,1010.6,155.0,1,0.2,8.2,7.8,8.3,8.2,8.2,--
2026/1/2 13:26,19.2,59,8.7,83,6.0,8.7,1.8,2.5,41,941.8,1010.5,134.8,1,0.2,8.2,7.8,8.3,8.2,8.2,--
2026/1/2 13:27,19.2,59,8.7,83,6.0,8.7,0.0,1.8,66,941.9,1010.6,131.2,1,0.2,8.2,7.8,8.3,8.2,8.2,--
2026/1/2 13:28,19.2,59,8.7,85,6.3,8.7,2.5,2.5,105,942.0,1010.7,137.1,1,0.1,8.2,7.8,8.3,8.2,8.2,--
2026/1/2 13:29,19.2,59,8.7,85,6.3,8.0,5.8,5.8,92,942.1,1010.8,133.7,1,0.1,8.2,7.8,8.3,8.2,8.2,--
2026/1/2 13:30,19.2,59,8.7,83,6.0,8.7,4.3,5.0,111,942.0,1010.7,110.4,1,0.1,8.2,7.8,8.3,8.2,8.2,--
2026/1/2 13:31,19.2,59,8.7,83,6.0,8.2,5.4,5.8,120,942.0,1010.7,92.8,0,0.1,8.2,7.8,8.3,8.2,8.2,--
2026/1/2 13:32,19.2,59,8.6,85,6.2,8.6,2.5,3.6,54,941.6,1010.3,87.5,0,0.1,8.2,7.8,8.3,8.2,8.2,--
2026/1/2 13:33,19.2,59,8.6,85,6.2,8.6,3.2,5.0,93,941.8,1010.5,94.9,0,0.1,8.2,7.8,8.3,8.2,8.2,--
2026/1/2 13:34,19.2,59,8.5,85,6.1,8.5,2.9,3.2,58,941.7,1010.4,85.0,0,0.1,8.2,7.8,8.3,8.2,8.2,--
2026/1/2 13:35,19.1,59,8.5,85,6.1,8.5,2.5,2.5,95,941.8,1010.5,86.7,0,0.1,8.2,7.8,8.3,8.2,8.2,--
2026/1/2 13:36,19.1,59,8.5,84,5.9,8.5,0.0,1.8,76,941.8,1010.5,91.4,0,0.1,8.2,7.8,8.3,8.2,8.2,--
2026/1/2 13:37,19.1,59,8.5,85,6.1,8.5,0.0,0.0,13,941.7,1010.4,98.1,0,0.1,8.2,7.8,8.3,8.2,8.2,--
2026/1/2 13:38,19.1,59,8.5,85,6.1,8.5,4.3,4.3,253,941.8,1010.5,115.1,1,0.1,8.2,7.8,8.3,8.2,8.2,--
2026/1/2 13:39,19.1,59,8.4,86,6.2,8.4,0.0,0.0,147,941.7,1010.4,139.5,1,0.1,8.2,7.8,8.3,8.2,8.2,--
2026/1/2 13:40,19.1,59,8.4,85,6.0,8.4,2.5,3.6,106,942.0,1010.7,156.9,1,0.1,8.2,7.8,8.3,8.2,8.2,--
2026/1/2 13:41,19.1,59,8.4,88,6.5,8.4,4.7,5.4,101,941.6,1010.3,180.0,1,0.1,8.2,7.8,8.3,8.2,8.2,--
2026/1/2 13:42,19.1,59,8.4,90,6.9,6.8,9.4,9.4,112,941.9,1010.6,160.6,1,0.1,8.2,7.8,8.3,8.2,8.2,--
2026/1/2 13:43,19.1,59,8.4,89,6.7,7.6,6.1,9.4,115,941.7,1010.4,120.6,1,0.1,8.2,7.8,8.3,8.2,8.2,--
2026/1/2 13:44,19.1,59,8.4,86,6.2,7.3,7.2,10.8,123,941.8,1010.5,99.7,0,0.1,8.2,7.8,8.3,8.2,8.2,--
2026/1/2 13:45,19.1,59,8.4,83,5.7,8.4,4.7,5.8,112,941.7,1010.4,114.8,1,0.1,8.2,7.8,8.3,8.2,8.2,--
2026/1/2 13:46,19.1,59,8.3,83,5.6,8.3,3.2,5.4,103,941.8,1010.5,138.9,1,0.1,8.2,7.8,8.3,8.2,8.2,--
2026/1/2 13:47,19.1,59,8.3,85,5.9,8.3,3.2,4.0,102,941.7,1010.4,144.7,1,0.1,8.2,7.8,8.3,8.2,8.2,--
2026/1/2 13:48,19.1,59,8.4,85,6.0,7.9,5.0,5.8,113,941.9,1010.6,96.2,0,0.1,8.2,7.8,8.3,8.2,8.2,--
2026/1/2 13:49,19.2,59,8.3,84,5.7,8.3,2.5,4.3,108,941.8,1010.5,73.8,0,0.1,8.2,7.8,8.3,8.2,8.2,--
2026/1/2 13:50,19.2,59,8.3,85,5.9,8.3,4.0,4.3,80,942.0,1010.7,66.6,0,0.1,8.2,7.8,8.3,8.2,8.2,--
2026/1/2 13:51,19.2,59,8.3,85,5.9,8.3,2.5,2.5,108,941.8,1010.5,59.9,0,0.1,8.2,7.8,8.3,8.2,8.2,--
2026/1/2 13:52,19.1,59,8.3,85,5.9,8.3,1.8,4.0,107,941.9,1010.6,62.1,0,0.1,8.2,7.8,8.3,8.2,8.2,--
2026/1/2 13:53,19.1,59,8.2,86,6.0,6.9,7.9,8.3,98,941.9,1010.6,65.4,0,0.1,8.2,7.8,8.3,8.2,8.2,--
2026/1/2 13:54,19.1,59,8.2,89,6.5,7.0,7.6,9.0,109,941.8,1010.5,60.8,0,0.1,8.2,7.8,8.3,8.2,8.2,--
2026/1/2 13:55,19.1,59,8.1,91,6.8,7.6,5.0,6.1,65,941.7,1010.4,97.4,0,0.1,8.2,7.8,8.3,8.2,8.2,--
2026/1/2 13:56,19.1,59,7.9,92,6.7,6.7,7.2,7.2,112,941.8,1010.5,109.1,1,0.1,8.2,7.8,8.3,8.2,8.2,--
2026/1/2 13:57,19.1,59,7.8,93,6.7,7.1,5.4,6.5,105,941.7,1010.4,114.9,1,0.1,8.2,7.8,8.3,8.2,8.2,--
2026/1/2 13:58,19.1,59,7.7,94,6.7,7.0,5.4,6.1,111,941.7,1010.4,84.4,0,0.0,8.2,7.8,8.3,8.2,8.2,--
2026/1/2 13:59,19.1,59,7.6,94,6.6,6.7,6.1,8.3,97,941.7,1010.4,54.3,0,0.0,8.2,7.8,8.3,8.2,8.2,--
2026/1/2 14:00,19.1,59,7.5,94,6.5,5.9,8.6,9.7,84,941.9,1010.6,61.3,0,0.0,8.2,7.8,8.3,8.2,8.2,--
2026/1/2 14:01,19.1,59,7.4,94,6.4,6.1,7.2,9.0,103,941.8,1010.5,105.6,0,0.0,8.2,7.8,8.3,8.2,8.2,--
2026/1/2 14:02,19.1,59,7.4,94,6.4,6.8,5.0,5.8,116,941.8,1010.5,137.6,1,0.0,8.2,7.8,8.3,8.2,8.2,--
2026/1/2 14:03,19.1,59,7.4,94,6.4,7.4,4.3,8.3,98,941.7,1010.4,138.2,1,0.0,8.2,7.8,8.3,8.2,8.2,--
2026/1/2 14:04,19.1,59,7.4,95,6.6,6.5,6.1,10.8,134,941.6,1010.3,119.8,1,0.0,8.2,7.8,8.3,8.2,8.2,--
2026/1/2 14:05,19.1,59,7.4,95,6.6,6.1,7.2,7.2,119,941.6,1010.3,119.5,1,0.0,8.2,7.8,8.3,8.2,8.2,--
2026/1/2 14:06,19.1,59,7.4,95,6.6,7.4,2.9,4.7,96,941.7,1010.4,136.8,1,0.0,8.2,7.8,8.3,8.2,8.2,--
2026/1/2 14:07,19.1,59,7.4,95,6.6,7.4,3.6,6.1,129,941.7,1010.4,134.5,1,0.0,8.2,7.8,8.3,8.2,8.2,--
2026/1/2 14:08,19.1,59,7.4,96,6.9,7.4,2.5,3.6,336,941.7,1010.4,188.7,1,0.0,8.2,7.8,8.3,8.2,8.2,--
2026/1/2 14:09,19.1,59,7.5,96,7.0,7.5,0.0,2.5,18,941.7,1010.4,253.5,2,0.0,8.2,7.8,8.3,8.2,8.2,--
2026/1/2 14:10,19.1,59,7.5,96,7.0,7.5,2.5,3.2,199,941.8,1010.5,247.2,2,0.0,8.2,7.8,8.3,8.2,8.2,--
2026/1/2 14:11,19.1,59,7.6,96,7.1,7.6,0.0,1.8,181,941.6,1010.3,250.9,2,0.0,8.2,7.8,8.3,8.2,8.2,--
2026/1/2 14:12,19.1,59,7.7,96,7.2,7.7,2.2,3.6,189,941.7,1010.4,266.4,2,0.0,8.2,7.8,8.3,8.2,8.2,--
2026/1/2 14:13,19.1,59,7.8,96,7.3,7.8,0.0,2.2,259,941.6,1010.3,222.0,2,0.0,8.2,7.8,8.3,8.2,8.2,--
2026/1/2 14:14,19.1,59,7.9,96,7.4,7.9,0.0,2.2,30,941.6,1010.3,167.4,1,0.0,8.2,7.8,8.3,8.2,8.2,--
2026/1/2 14:15,19.1,59,8.0,96,7.5,8.0,2.2,4.3,62,941.6,1010.3,132.6,1,0.0,8.2,7.8,8.3,8.2,8.2,--
2026/1/2 14:16,19.1,59,8.1,95,7.3,8.1,4.3,4.7,71,941.7,1010.4,100.5,0,0.0,8.2,7.8,8.3,8.2,8.2,--
2026/1/2 14:17,19.1,59,8.1,94,7.1,8.1,2.5,4.7,95,941.5,1010.2,77.9,0,0.0,8.2,7.8,8.3,8.2,8.2,--
2026/1/2 14:18,19.1,59,8.1,93,7.0,8.1,3.2,4.7,79,941.7,1010.4,66.8,0,0.0,8.2,7.8,8.3,8.2,8.2,--
2026/1/2 14:19,19.1,59,8.1,92,6.9,8.1,4.7,7.2,94,941.5,1010.2,68.3,0,0.0,8.2,7.8,8.3,8.2,8.2,--
2026/1/2 14:20,19.1,59,8.1,91,6.8,8.1,1.8,2.9,312,941.5,1010.2,80.5,0,0.0,8.2,7.8,8.3,8.2,8.2,--
2026/1/2 14:21,19.1,59,8.1,91,6.8,8.1,3.6,4.7,13,941.7,1010.4,84.8,0,0.0,8.2,7.8,8.3,8.2,8.2,--
2026/1/2 14:22,19.1,59,8.1,89,6.4,8.1,1.8,6.5,71,941.5,1010.2,77.1,0,0.0,8.2,7.8,8.3,8.2,8.2,--
2026/1/2 14:23,19.1,59,8.1,89,6.4,6.9,7.2,8.3,114,941.6,1010.3,68.9,0,0.0,8.2,7.8,8.3,8.2,8.2,--
2026/1/2 14:24,19.1,59,8.1,89,6.4,7.3,6.1,6.1,67,941.4,1010.1,65.6,0,0.0,8.2,7.8,8.3,8.2,8.2,--
2026/1/2 14:25,19.1,59,8.1,89,6.4,8.1,2.9,5.8,31,941.5,1010.2,61.4,0,0.0,8.2,7.8,8.3,8.2,8.2,--
2026/1/2 14:26,19.1,59,8.0,89,6.3,8.0,2.5,5.8,45,941.5,1010.2,63.6,0,0.0,8.2,7.8,8.3,8.2,8.2,--
2026/1/2 14:27,19.1,59,8.0,89,6.3,8.0,3.6,4.3,85,941.6,1010.3,73.4,0,0.0,8.2,7.8,8.3,8.2,8.2,--
2026/1/2 14:28,19.1,59,8.0,89,6.3,8.0,2.9,3.2,52,941.6,1010.3,73.1,0,0.0,8.2,7.8,8.3,8.2,8.2,--
2026/1/2 14:29,19.1,59,8.0,89,6.3,8.0,3.6,8.3,170,941.6,1010.3,73.4,0,0.0,8.2,7.8,8.3,8.2,8.2,--
2026/1/2 14:30,19.1,59,7.9,90,6.4,7.9,4.3,5.0,77,941.6,1010.3,103.2,0,0.0,8.2,7.8,8.3,8.2,8.2,--
2026/1/2 14:31,19.1,59,7.9,90,6.4,7.9,2.9,5.0,93,941.5,1010.2,136.1,1,0.0,8.2,7.8,8.3,8.2,8.2,--
2026/1/2 14:32,19.0,59,7.9,90,6.4,7.9,3.6,5.0,71,941.4,1010.1,165.4,1,0.0,8.2,7.8,8.3,8.2,8.2,--
2026/1/2 14:33,19.1,59,7.9,91,6.6,7.9,2.2,4.3,94,941.6,1010.3,208.0,1,0.0,8.2,7.8,8.3,8.2,8.2,--
2026/1/2 14:34,19.1,59,7.9,91,6.6,7.1,5.8,5.8,63,941.5,1010.2,209.8,1,0.0,8.2,7.8,8.3,8.2,8.2,--
2026/1/2 14:35,19.1,59,7.9,91,6.6,6.6,7.6,7.6,117,941.6,1010.3,200.7,1,0.0,8.2,7.8,8.3,8.2,8.2,--
2026/1/2 14:36,19.1,59,8.0,91,6.7,8.0,2.2,3.6,80,941.5,1010.2,222.3,2,0.0,8.2,7.8,8.3,8.2,8.2,--
2026/1/2 14:37,19.1,59,8.0,91,6.7,8.0,2.2,3.2,56,941.5,1010.2,203.5,1,0.0,8.2,7.8,8.3,8.2,8.2,--
2026/1/2 14:38,19.0,59,8.1,91,6.8,8.1,4.3,4.3,72,941.4,1010.1,181.5,1,0.0,8.2,7.8,8.3,8.2,8.2,--
2026/1/2 14:39,19.0,59,8.2,91,6.9,7.2,6.8,6.8,115,941.4,1010.1,168.5,1,0.0,8.2,7.8,8.3,8.2,8.2,--
2026/1/2 14:40,19.0,59,8.2,90,6.7,7.7,5.0,7.2,138,941.4,1010.1,173.1,1,0.0,8.2,7.8,8.3,8.2,8.2,--
2026/1/2 14:41,19.0,59,8.2,89,6.5,8.2,4.0,9.4,115,941.3,1010.0,176.6,1,0.0,8.2,7.8,8.3,8.2,8.2,--
2026/1/2 14:42,19.0,59,8.2,89,6.5,8.2,4.3,5.4,98,941.4,1010.1,193.4,1,0.0,8.2,7.8,8.3,8.2,8.2,--
2026/1/2 14:43,19.0,59,8.2,89,6.5,7.2,6.8,10.4,107,941.5,1010.2,173.4,1,0.0,8.2,7.8,8.3,8.2,8.2,--
2026/1/2 14:44,19.0,59,8.2,89,6.5,8.2,2.9,5.4,93,941.5,1010.2,127.1,1,0.0,8.2,7.8,8.3,8.2,8.2,--
2026/1/2 14:45,19.0,59,8.2,90,6.7,8.2,3.2,4.3,104,941.4,1010.1,106.6,0,0.0,8.2,7.8,8.3,8.2,8.2,--
2026/1/2 14:46,19.1,59,8.1,89,6.4,8.1,2.2,3.2,53,941.5,1010.2,97.1,0,0.0,8.2,7.8,8.3,8.2,8.2,--
2026/1/2 14:47,19.1,59,8.2,89,6.5,7.2,6.8,6.8,118,941.5,1010.2,87.1,0,0.0,8.2,7.8,8.3,8.2,8.2,--
2026/1/2 14:48,19.1,59,8.1,89,6.4,6.6,8.6,8.6,113,941.4,1010.1,74.3,0,0.0,8.2,7.8,8.3,8.2,8.2,--
2026/1/2 14:49,19.1,59,8.1,88,6.2,7.0,6.8,7.2,118,941.5,1010.2,60.7,0,0.0,8.2,7.8,8.3,8.2,8.2,--
2026/1/2 14:50,19.1,59,8.0,88,6.1,8.0,2.5,2.9,108,941.6,1010.3,48.5,0,0.0,8.2,7.8,8.3,8.2,8.2,--
2026/1/2 14:51,19.1,59,7.9,88,6.0,7.9,1.8,2.9,101,941.6,1010.3,43.0,0,0.0,8.2,7.8,8.3,8.2,8.2,--
2026/1/2 14:52,19.1,59,7.9,88,6.0,7.9,2.9,2.9,98,941.6,1010.3,47.3,0,0.0,8.2,7.8,8.3,8.2,8.2,--
2026/1/2 14:53,19.1,59,7.8,89,6.1,7.8,4.3,4.3,91,941.6,1010.3,52.4,0,0.0,8.2,7.8,8.3,8.2,8.2,--
2026/1/2 14:54,19.1,59,7.8,89,6.1,7.3,5.0,5.4,99,941.6,1010.3,58.9,0,0.0,8.2,7.8,8.3,8.2,8.2,--
2026/1/2 14:55,19.1,59,7.8,89,6.1,7.8,4.7,7.2,100,941.7,1010.4,71.4,0,0.0,8.2,7.8,8.3,8.2,8.2,--
2026/1/2 14:56,19.0,59,7.8,89,6.1,7.3,5.0,5.0,131,941.6,1010.3,96.9,0,0.0,8.2,7.8,8.3,8.2,8.2,--
2026/1/2 14:57,19.0,59,7.7,90,6.2,7.7,2.9,3.2,83,941.6,1010.3,149.1,1,0.0,8.2,7.8,8.3,8.2,8.2,--
2026/1/2 14:58,19.0,59,7.7,89,6.0,7.7,1.8,2.9,74,941.5,1010.2,170.7,1,0.0,8.2,7.8,8.3,8.2,8.2,--
2026/1/2 14:59,19.1,59,7.8,89,6.1,7.8,2.5,3.6,24,941.7,1010.4,152.8,1,0.0,8.2,7.8,8.3,8.2,8.2,--
2026/1/2 15:00,19.1,60,7.9,90,6.4,7.9,0.0,2.5,51,941.4,1010.1,143.8,1,0.0,8.2,7.8,8.3,8.2,8.2,--
2026/1/2 15:01,19.1,59,7.9,90,6.4,7.9,2.5,4.0,36,941.4,1010.1,157.7,1,0.0,8.2,7.8,8.3,8.2,8.2,--
2026/1/2 15:02,19.2,59,8.0,90,6.5,8.0,2.9,3.6,23,941.6,1010.3,178.3,1,0.0,8.2,7.8,8.3,8.2,8.2,--
2026/1/2 15:03,19.1,58,8.1,89,6.4,8.1,0.0,0.0,141,941.6,1010.3,168.3,1,0.0,8.2,7.8,8.3,8.2,8.2,--
2026/1/2 15:04,19.1,58,8.1,89,6.4,8.1,1.8,3.2,359,941.5,1010.2,134.4,1,0.0,8.2,7.8,8.3,8.2,8.2,--
2026/1/2 15:05,19.1,58,8.1,89,6.4,8.1,0.0,0.0,12,941.5,1010.2,113.2,1,0.0,8.2,7.8,8.3,8.2,8.2,--
2026/1/2 15:06,19.1,58,8.2,89,6.5,8.2,1.8,2.5,16,941.6,1010.3,96.5,0,0.0,8.2,7.8,8.3,8.2,8.2,--
2026/1/2 15:07,19.1,58,8.2,89,6.5,8.2,2.5,2.5,23,941.7,1010.4,82.9,0,0.0,8.2,7.8,8.3,8.2,8.2,--
2026/1/2 15:08,19.1,58,8.2,88,6.3,8.2,0.0,0.0,290,941.5,1010.2,82.1,0,0.0,8.2,7.8,8.3,8.2,8.2,--
2026/1/2 15:09,19.1,58,8.1,88,6.2,8.1,0.0,0.0,269,941.3,1010.0,84.0,0,0.0,8.2,7.8,8.3,8.2,8.2,--
2026/1/2 15:10,19.1,58,8.1,88,6.2,8.1,0.0,0.0,269,941.5,1010.2,80.2,0,0.0,8.2,7.8,8.3,8.2,8.2,--
2026/1/2 15:11,19.1,58,8.0,89,6.3,8.0,0.0,1.8,19,941.4,1010.1,69.5,0,0.0,8.2,7.8,8.3,8.2,8.2,--
2026/1/2 15:12,19.1,58,8.0,89,6.3,8.0,0.0,0.0,202,941.4,1010.1,74.6,0,0.0,8.2,7.8,8.3,8.2,8.2,--
2026/1/2 15:13,19.1,58,8.0,89,6.3,8.0,0.0,1.8,29,941.5,1010.2,65.1,0,0.0,8.2,7.8,8.3,8.2,8.2,--
2026/1/2 15:14,19.0,58,8.0,89,6.3,8.0,0.0,0.0,218,941.5,1010.2,62.1,0,0.0,8.2,7.8,8.3,8.2,8.2,--
2026/1/2 15:15,19.0,58,8.0,89,6.3,8.0,1.8,2.2,330,941.4,1010.1,61.6,0,0.0,8.2,7.8,8.3,8.2,8.2,--
2026/1/2 15:16,19.1,58,7.9,88,6.0,7.9,0.0,0.0,321,941.3,1010.0,57.9,0,0.0,8.2,7.8,8.3,8.2,8.2,--
2026/1/2 15:17,19.0,58,7.9,87,5.9,7.9,0.0,1.8,216,941.4,1010.1,58.3,0,0.0,8.2,7.8,8.3,8.2,8.2,--
2026/1/2 15:18,19.0,58,7.9,87,5.9,7.9,2.5,2.5,263,941.5,1010.2,58.6,0,0.0,8.2,7.8,8.3,8.2,8.2,--
2026/1/2 15:19,19.0,58,7.9,87,5.9,7.9,0.0,0.0,5,941.4,1010.1,60.7,0,0.0,8.2,7.8,8.3,8.2,8.2,--
2026/1/2 15:20,19.0,58,7.9,88,6.0,7.9,0.0,0.0,353,941.4,1010.1,60.4,0,0.0,8.2,7.8,8.3,8.2,8.2,--
2026/1/2 15:21,19.0,58,7.9,88,6.0,7.9,0.0,0.0,130,941.3,1010.0,59.6,0,0.0,8.2,7.8,8.3,8.2,8.2,--
2026/1/2 15:22,19.0,59,7.9,88,6.0,7.9,0.0,0.0,130,941.3,1010.0,58.8,0,0.0,8.2,7.8,8.3,8.2,8.2,--
2026/1/2 15:23,19.0,59,7.9,88,6.0,7.9,0.0,0.0,193,941.4,1010.1,56.8,0,0.0,8.2,7.8,8.3,8.2,8.2,--
2026/1/2 15:24,19.0,59,7.8,89,6.1,7.8,0.0,1.8,122,941.2,1009.9,57.6,0,0.0,8.2,7.8,8.3,8.2,8.2,--
2026/1/2 15:25,19.0,59,7.8,88,5.9,7.8,0.0,1.8,165,941.2,1009.9,57.6,0,0.0,8.2,7.8,8.3,8.2,8.2,--
2026/1/2 15:26,19.0,59,7.8,88,5.9,7.8,0.0,1.8,160,941.2,1009.9,56.5,0,0.0,8.2,7.8,8.3,8.2,8.2,--
2026/1/2 15:27,19.0,59,7.7,88,5.8,7.7,0.0,0.0,168,941.0,1009.7,55.8,0,0.0,8.2,7.8,8.3,8.2,8.2,--
2026/1/2 15:28,19.0,59,7.8,88,5.9,7.8,0.0,2.2,180,941.1,1009.8,55.1,0,0.0,8.2,7.8,8.3,8.2,8.2,--
2026/1/2 15:29,19.0,59,7.8,88,5.9,7.8,0.0,1.8,147,941.1,1009.8,55.8,0,0.0,8.2,7.8,8.3,8.2,8.2,--
2026/1/2 15:30,19.0,59,7.8,88,5.9,7.8,2.2,2.2,140,941.1,1009.8,55.4,0,0.0,8.2,7.8,8.3,8.2,8.2,--
2026/1/2 15:31,19.0,59,7.8,88,5.9,7.8,0.0,1.8,147,941.1,1009.8,58.0,0,0.0,8.2,7.8,8.3,8.2,8.2,--
2026/1/2 15:32,19.0,59,7.8,89,6.1,7.8,2.2,2.2,100,941.0,1009.7,60.0,0,0.0,8.2,7.8,8.3,8.2,8.2,--
2026/1/2 15:33,19.0,59,7.8,88,5.9,7.8,0.0,1.8,130,941.0,1009.7,61.9,0,0.0,8.2,7.8,8.3,8.2,8.2,--
2026/1/2 15:34,19.0,59,7.8,88,5.9,7.8,0.0,1.8,135,941.0,1009.7,65.2,0,0.0,8.2,7.8,8.3,8.2,8.2,--
2026/1/2 15:35,19.0,59,7.8,88,5.9,7.8,0.0,0.0,76,941.0,1009.7,65.2,0,0.0,8.2,7.8,8.3,8.2,8.2,--
2026/1/2 15:36,19.0,59,7.8,89,6.1,7.8,1.8,2.9,31,941.0,1009.7,65.6,0,0.0,8.2,7.8,8.3,8.2,8.2,--
2026/1/2 15:37,19.0,59,7.8,89,6.1,7.8,0.0,0.0,32,941.1,1009.8,72.3,0,0.0,8.2,7.8,8.3,8.2,8.2,--
2026/1/2 15:38,19.0,59,7.8,89,6.1,7.8,0.0,2.5,55,940.9,1009.6,67.9,0,0.0,8.2,7.8,8.3,8.2,8.2,--
2026/1/2 15:39,19.0,59,7.7,89,6.0,7.7,0.0,0.0,311,941.1,1009.8,57.1,0,0.0,8.2,7.8,8.3,8.2,8.2,--
2026/1/2 15:40,19.0,59,7.7,89,6.0,7.7,0.0,0.0,229,941.0,1009.7,47.1,0,0.0,8.2,7.8,8.3,8.2,8.2,--
2026/1/2 15:41,19.0,59,7.7,89,6.0,7.7,3.2,4.0,86,940.9,1009.6,43.0,0,0.0,8.2,7.8,8.3,8.2,8.2,--
2026/1/2 15:42,19.0,59,7.7,89,6.0,7.7,0.0,1.8,40,940.9,1009.6,41.7,0,0.0,8.2,7.8,8.3,8.2,8.2,--
2026/1/2 15:43,19.0,59,7.7,90,6.2,7.7,2.5,7.6,145,940.9,1009.6,42.1,0,0.0,8.2,7.8,8.3,8.2,8.2,--
2026/1/2 15:44,19.0,59,7.7,90,6.2,7.7,1.8,2.5,93,940.9,1009.6,43.0,0,0.0,8.2,7.8,8.3,8.2,8.2,--
2026/1/2 15:45,19.0,59,7.7,90,6.2,7.7,0.0,2.5,110,940.8,1009.5,45.4,0,0.0,8.2,7.8,8.3,8.2,8.2,--
2026/1/2 15:46,19.1,59,7.6,90,6.1,7.6,0.0,0.0,219,941.0,1009.7,45.6,0,0.0,8.2,7.8,8.3,8.2,8.2,--
2026/1/2 15:47,19.1,59,7.6,91,6.3,7.6,0.0,0.0,168,940.9,1009.6,41.6,0,0.0,8.2,7.8,8.3,8.2,8.2,--
2026/1/2 15:48,19.0,59,7.6,91,6.3,7.6,0.0,0.0,135,940.9,1009.6,35.5,0,0.0,8.2,7.8,8.3,8.2,8.2,--
2026/1/2 15:49,19.0,59,7.6,91,6.3,7.6,0.0,1.8,66,941.0,1009.7,30.2,0,0.0,8.2,7.8,8.3,8.2,8.2,--
2026/1/2 15:50,19.0,59,7.5,92,6.3,7.5,2.9,3.2,88,941.1,1009.8,27.2,0,0.0,8.2,7.8,8.3,8.2,8.2,--
2026/1/2 15:51,19.1,59,7.5,92,6.3,7.5,2.2,2.5,75,941.1,1009.8,27.2,0,0.0,8.2,7.8,8.3,8.2,8.2,--
2026/1/2 15:52,19.1,59,7.4,92,6.2,7.4,2.5,2.9,97,941.0,1009.7,27.9,0,0.0,8.2,7.8,8.3,8.2,8.2,--
2026/1/2 15:53,19.0,59,7.4,92,6.2,7.4,2.2,2.2,89,941.1,1009.8,28.6,0,0.0,8.2,7.8,8.3,8.2,8.2,--
2026/1/2 15:54,19.1,59,7.4,93,6.3,7.4,2.5,2.9,99,941.2,1009.9,28.0,0,0.0,8.2,7.8,8.3,8.2,8.2,--
2026/1/2 15:55,19.1,59,7.4,93,6.3,7.4,2.5,3.2,84,941.0,1009.7,26.9,0,0.0,8.2,7.8,8.3,8.2,8.2,--
2026/1/2 15:56,19.1,59,7.3,93,6.2,7.3,2.9,3.2,95,940.9,1009.6,25.4,0,0.0,8.2,7.8,8.3,8.2,8.2,--
2026/1/2 15:57,19.1,59,7.3,93,6.2,7.3,0.0,2.2,98,940.8,1009.5,23.4,0,0.0,8.2,7.8,8.3,8.2,8.2,--
2026/1/2 15:58,19.1,59,7.3,94,6.3,7.3,2.5,2.9,118,940.7,1009.4,20.8,0,0.0,8.2,7.8,8.3,8.2,8.2,--
2026/1/2 15:59,19.1,59,7.2,94,6.2,7.2,3.2,4.0,131,940.7,1009.4,17.8,0,0.0,8.2,7.8,8.3,8.2,8.2,--
2026/1/2 16:00,19.1,59,7.2,94,6.2,7.2,2.2,2.9,89,940.7,1009.4,14.9,0,0.0,8.2,7.8,8.3,8.2,8.2,--
2026/1/2 16:01,19.1,59,7.2,94,6.2,7.2,2.5,3.6,109,940.8,1009.5,11.9,0,0.0,8.2,7.8,8.3,8.2,8.2,--
2026/1/2 16:02,19.1,59,7.1,94,6.1,7.1,2.5,3.6,86,940.8,1009.5,8.1,0,0.0,8.2,7.8,8.3,8.2,8.2,--
2026/1/2 16:03,19.1,59,7.1,94,6.1,7.1,3.2,5.0,85,940.9,1009.6,5.2,0,0.0,8.2,7.8,8.3,8.2,8.2,--
2026/1/2 16:04,19.1,59,7.1,94,6.1,7.1,2.5,4.0,91,940.6,1009.3,3.7,0,0.0,8.2,7.8,8.3,8.2,8.2,--
2026/1/2 16:05,19.1,59,7.1,94,6.1,7.1,4.7,5.4,77,940.8,1009.5,2.6,0,0.0,8.2,7.8,8.3,8.2,8.2,--
2026/1/2 16:06,19.1,59,7.1,94,6.1,7.1,2.5,2.5,345,941.0,1009.7,2.2,0,0.0,8.2,7.8,8.3,8.2,8.2,--
2026/1/2 16:07,19.1,59,7.1,94,6.1,7.1,2.5,2.5,23,940.9,1009.6,2.3,0,0.2,8.4,8.0,8.5,8.4,8.4,--
2026/1/2 16:08,19.1,59,7.1,94,6.1,7.1,3.2,3.6,64,940.9,1009.6,2.3,0,0.3,8.5,8.1,8.6,8.5,8.5,--
2026/1/2 16:09,19.1,59,7.1,94,6.1,7.1,3.2,4.0,91,941.2,1009.9,2.6,0,0.5,8.7,8.3,8.8,8.7,8.7,--
2026/1/2 16:10,19.1,59,7.1,94,6.1,7.1,3.2,4.7,95,940.9,1009.6,3.3,0,0.6,8.8,8.4,8.9,8.8,8.8,--
2026/1/2 16:11,19.1,59,7.1,94,6.1,6.3,5.4,5.4,108,941.0,1009.7,4.4,0,0.8,9.0,8.6,9.1,9.0,9.0,--
2026/1/2 16:12,19.1,59,7.0,94,6.0,7.0,0.0,3.6,246,941.1,1009.8,4.8,0,1.0,9.2,8.8,9.3,9.2,9.2,--
2026/1/2 16:13,19.1,60,7.0,95,6.2,7.0,3.2,3.2,82,941.1,1009.8,4.8,0,1.1,9.3,8.9,9.4,9.3,9.3,--
2026/1/2 16:14,19.1,59,7.0,95,6.2,7.0,4.3,6.1,94,941.0,1009.7,4.2,0,1.2,9.4,9.0,9.5,9.4,9.4,--
2026/1/2 16:15,19.1,60,6.9,95,6.1,6.9,4.3,5.8,101,941.0,1009.7,3.6,0,1.2,9.4,9.0,9.5,9.4,9.4,--
2026/1/2 16:16,19.1,59,6.9,95,6.1,5.5,7.6,7.6,114,941.0,1009.7,3.2,0,1.2,9.4,9.0,9.5,9.4,9.4,--
2026/1/2 16:17,19.1,59,6.9,96,6.4,6.9,4.7,5.4,115,941.0,1009.7,2.9,0,1.2,9.4,9.0,9.5,9.4,9.4,--
2026/1/2 16:18,19.1,59,6.9,96,6.4,6.9,4.3,4.3,113,941.1,1009.8,2.7,0,1.2,9.4,9.0,9.5,9.4,9.4,--
2026/1/2 16:19,19.1,59,6.9,96,6.4,6.9,4.0,4.3,97,940.8,1009.5,2.2,0,1.2,9.4,9.0,9.5,9.4,9.4,--
2026/1/2 16:20,19.1,60,6.8,96,6.3,6.8,4.0,5.4,109,940.9,1009.6,1.8,0,1.2,9.4,9.0,9.5,9.4,9.4,--
2026/1/2 16:21,19.1,59,6.8,97,6.4,6.8,2.9,4.3,109,940.7,1009.4,1.7,0,1.2,9.4,9.0,9.5,9.4,9.4,--
2026/1/2 16:22,19.1,60,6.8,97,6.4,6.8,0.0,0.0,38,940.7,1009.4,2.2,0,1.2,9.4,9.0,9.5,9.4,9.4,--
2026/1/2 16:23,19.1,59,6.8,97,6.4,6.8,0.0,0.0,38,940.8,1009.5,2.6,0,1.3,9.5,9.1,9.6,9.5,9.5,--
2026/1/2 16:24,19.1,59,6.7,97,6.3,6.7,0.0,0.0,38,941.0,1009.7,2.6,0,1.4,9.6,9.2,9.7,9.6,9.6,--
2026/1/2 16:25,19.1,59,6.7,97,6.3,6.7,0.0,0.0,38,940.9,1009.6,2.3,0,1.4,9.6,9.2,9.7,9.6,9.6,--
2026/1/2 16:26,19.1,60,6.7,97,6.3,6.7,0.0,0.0,69,940.9,1009.6,2.0,0,1.4,9.6,9.2,9.7,9.6,9.6,--
2026/1/2 16:27,19.1,60,6.7,97,6.3,6.7,0.0,1.8,124,940.9,1009.6,1.9,0,1.5,9.7,9.3,9.8,9.7,9.7,--
2026/1/2 16:28,19.1,60,6.7,97,6.3,6.7,0.0,0.0,124,940.8,1009.5,2.1,0,1.6,9.8,9.4,9.9,9.8,9.8,--
2026/1/2 16:29,19.1,60,6.6,97,6.2,6.6,0.0,0.0,124,940.8,1009.5,2.1,0,1.6,9.8,9.4,9.9,9.8,9.8,--
2026/1/2 16:30,19.1,60,6.6,97,6.2,6.6,0.0,0.0,49,940.9,1009.6,1.7,0,1.6,9.8,9.4,9.9,9.8,9.8,--
2026/1/2 16:31,19.1,60,6.6,98,6.3,6.6,0.0,0.0,49,940.9,1009.6,1.4,0,1.7,9.9,9.5,10.0,9.9,9.9,--
2026/1/2 16:32,19.1,60,6.6,98,6.3,6.6,0.0,0.0,119,940.9,1009.6,1.4,0,1.8,10.0,9.6,10.1,10.0,10.0,--
2026/1/2 16:33,19.1,60,6.6,98,6.3,6.6,0.0,0.0,212,940.8,1009.5,1.4,0,1.8,10.0,9.6,10.1,10.0,10.0,--
2026/1/2 16:34,19.1,60,6.6,98,6.3,6.6,0.0,0.0,240,941.1,1009.8,1.4,0,1.8,10.0,9.6,10.1,10.0,10.0,--
2026/1/2 16:35,19.1,60,6.6,98,6.3,6.6,0.0,0.0,299,941.0,1009.7,1.3,0,1.9,10.1,9.7,10.2,10.1,10.1,--
2026/1/2 16:36,19.1,60,6.6,98,6.3,6.6,0.0,0.0,299,940.9,1009.6,1.3,0,2.0,10.2,9.8,10.3,10.2,10.2,--
2026/1/2 16:37,19.1,60,6.6,98,6.3,6.6,0.0,1.8,299,941.0,1009.7,1.3,0,2.0,10.2,9.8,10.3,10.2,10.2,--
2026/1/2 16:38,19.1,60,6.6,98,6.3,6.6,0.0,0.0,311,941.0,1009.7,1.1,0,2.1,10.3,9.9,10.4,10.3,10.3,--
2026/1/2 16:39,19.1,60,6.6,98,6.3,6.6,0.0,0.0,60,941.0,1009.7,1.0,0,2.1,10.3,9.9,10.4,10.3,10.3,--
2026/1/2 16:40,19.1,60,6.6,98,6.3,6.6,1.8,2.5,52,941.0,1009.7,1.0,0,2.2,10.4,10.0,10.5,10.4,10.4,--
2026/1/2 16:41,19.1,60,6.6,98,6.3,6.6,1.8,2.5,75,941.0,1009.7,0.8,0,2.2,10.4,10.0,10.5,10.4,10.4,--
2026/1/2 16:42,19.2,61,6.6,98,6.3,6.6,2.2,2.2,53,941.0,1009.7,0.7,0,2.2,10.4,10.0,10.5,10.4,10.4,--
2026/1/2 16:43,19.2,61,6.6,98,6.3,6.6,0.0,0.0,60,941.0,1009.7,0.7,0,2.3,10.5,10.1,10.6,10.5,10.5,--
2026/1/2 16:44,19.2,61,6.6,98,6.3,6.6,0.0,0.0,196,940.9,1009.6,0.6,0,2.3,10.5,10.1,10.6,10.5,10.5,--
2026/1/2 16:45,19.2,61,6.6,98,6.3,6.6,0.0,0.0,113,941.0,1009.7,0.5,0,2.4,10.6,10.2,10.7,10.6,10.6,--
2026/1/2 16:46,19.2,61,6.6,98,6.3,6.6,0.0,2.2,16,941.0,1009.7,0.7,0,2.4,10.6,10.2,10.7,10.6,10.6,--
2026/1/2 16:47,19.2,60,6.5,98,6.2,6.5,4.0,4.3,24,941.1,1009.8,0.7,0,2.5,10.7,10.3,10.8,10.7,10.7,--
2026/1/2 16:48,19.1,60,6.5,98,6.2,6.5,4.3,5.0,27,940.9,1009.6,0.5,0,2.5,10.7,10.3,10.8,10.7,10.7,--
2026/1/2 16:49,19.1,60,6.6,98,6.3,6.6,4.0,4.0,58,940.9,1009.6,0.3,0,2.6,10.8,10.4,10.9,10.8,10.8,--
2026/1/2 16:50,19.1,60,6.5,98,6.2,6.5,1.8,2.5,72,940.9,1009.6,0.2,0,2.7,10.9,10.5,11.0,10.9,10.9,--
2026/1/2 16:51,19.1,60,6.5,98,6.2,6.5,0.0,1.8,136,941.0,1009.7,0.1,0,2.7,10.9,10.5,11.0,10.9,10.9,--
2026/1/2 16:52,19.1,60,6.5,98,6.2,6.5,2.2,2.2,172,941.0,1009.7,0.1,0,2.8,11.0,10.6,11.1,11.0,11.0,--
2026/1/2 16:53,19.1,60,6.5,98,6.2,6.5,0.0,0.0,108,941.1,1009.8,0.1,0,2.8,11.0,10.6,11.1,11.0,11.0,--
2026/1/2 16:54,19.1,60,6.5,98,6.2,6.5,0.0,1.8,124,940.9,1009.6,0.1,0,2.9,11.1,10.7,11.2,11.1,11.1,--
2026/1/2 16:55,19.1,60,6.5,99,6.3,6.5,0.0,0.0,218,941.0,1009.7,0.0,0,2.9,11.1,10.7,11.2,11.1,11.1,--
2026/1/2 16:56,19.1,60,6.5,99,6.3,6.5,0.0,0.0,218,940.9,1009.6,0.0,0,3.0,11.2,10.8,11.3,11.2,11.2,--
2026/1/2 16:57,19.1,60,6.5,99,6.3,6.5,0.0,2.5,35,941.0,1009.7,0.0,0,3.0,11.2,10.8,11.3,11.2,11.2,--
2026/1/2 16:58,19.1,60,6.5,99,6.3,6.5,2.5,2.5,9,940.9,1009.6,0.0,0,3.1,11.3,10.9,11.4,11.3,11.3,--
2026/1/2 16:59,19.1,60,6.5,99,6.3,6.5,2.2,2.9,24,940.9,1009.6,0.0,0,3.1,11.3,10.9,11.4,11.3,11.3,--
2026/1/2 17:00,19.1,60,6.5,99,6.3,6.5,2.9,3.2,33,940.7,1009.4,0.0,0,3.1,11.3,10.9,11.4,11.3,11.3,--
2026/1/2 17:01,19.1,60,6.5,99,6.3,6.5,2.5,3.2,87,940.8,1009.5,0.0,0,3.1,11.3,10.9,11.4,11.3,11.3,--
2026/1/2 17:02,19.1,60,6.5,99,6.3,6.5,3.6,4.0,70,941.0,1009.7,0.0,0,3.1,11.3,10.9,11.4,11.3,11.3,--
2026/1/2 17:03,19.1,60,6.5,99,6.3,6.5,4.3,4.3,119,940.8,1009.5,0.0,0,3.0,11.4,11.0,11.5,11.4,11.4,--
2026/1/2 17:04,19.1,60,6.5,99,6.3,6.5,2.5,2.5,88,940.9,1009.6,0.0,0,3.0,11.4,11.0,11.5,11.4,11.4,--
2026/1/2 17:05,19.1,60,6.5,99,6.3,6.5,2.9,3.2,104,940.9,1009.6,0.0,0,3.1,11.5,11.1,11.6,11.5,11.5,--
2026/1/2 17:06,19.1,60,6.5,99,6.3,6.5,3.2,3.2,35,940.9,1009.6,0.0,0,3.1,11.5,11.1,11.6,11.5,11.5,--
2026/1/2 17:07,19.1,60,6.5,99,6.3,6.5,3.6,4.3,33,940.9,1009.6,0.0,0,3.2,11.6,11.2,11.7,11.6,11.6,--
2026/1/2 17:08,19.1,60,6.5,99,6.3,6.5,2.2,2.5,68,941.1,1009.8,0.0,0,2.4,11.6,11.2,11.7,11.6,11.6,--
2026/1/2 17:09,19.0,60,6.5,99,6.3,6.5,2.5,2.9,76,940.9,1009.6,0.0,0,2.4,11.6,11.2,11.7,11.6,11.6,--
2026/1/2 17:10,19.0,60,6.6,99,6.4,6.6,2.5,2.9,74,941.0,1009.7,0.0,0,2.5,11.7,11.3,11.8,11.7,11.7,--
2026/1/2 17:11,19.0,60,6.6,99,6.4,6.6,3.2,4.0,57,940.9,1009.6,0.0,0,2.5,11.7,11.3,11.8,11.7,11.7,--
2026/1/2 17:12,19.0,60,6.6,99,6.4,6.6,1.8,2.2,7,940.9,1009.6,0.0,0,2.6,11.8,11.4,11.9,11.8,11.8,--
2026/1/2 17:13,19.0,60,6.6,99,6.4,6.6,0.0,0.0,28,940.8,1009.5,0.0,0,2.4,11.8,11.4,11.9,11.8,11.8,--
2026/1/2 17:14,19.0,60,6.6,99,6.4,6.6,0.0,0.0,53,940.8,1009.5,0.0,0,2.5,11.9,11.5,12.0,11.9,11.9,--
2026/1/2 17:15,19.0,60,6.6,99,6.4,6.6,2.5,2.5,184,940.8,1009.5,0.0,0,2.5,11.9,11.5,12.0,11.9,11.9,--
2026/1/2 17:16,19.0,60,6.6,99,6.4,6.6,0.0,0.0,157,940.8,1009.5,0.0,0,2.6,12.0,11.6,12.1,12.0,12.0,--
2026/1/2 17:17,19.0,60,6.6,99,6.4,6.6,2.9,3.2,85,940.8,1009.5,0.0,0,2.6,12.0,11.6,12.1,12.0,12.0,--
2026/1/2 17:18,19.0,60,6.6,99,6.4,6.6,2.2,4.7,201,940.7,1009.4,0.0,0,2.7,12.1,11.7,12.2,12.1,12.1,--
2026/1/2 17:19,19.0,60,6.6,99,6.4,6.6,2.2,2.2,22,940.6,1009.3,0.0,0,2.7,12.1,11.7,12.2,12.1,12.1,--
2026/1/2 17:20,19.0,60,6.7,99,6.5,6.7,2.9,3.2,276,940.6,1009.3,0.0,0,2.8,12.2,11.8,12.3,12.2,12.2,--
2026/1/2 17:21,19.0,60,6.7,99,6.5,6.7,2.2,2.9,206,940.9,1009.6,0.0,0,2.8,12.2,11.8,12.3,12.2,12.2,--
2026/1/2 17:22,19.0,60,6.7,99,6.5,6.7,1.8,1.8,104,940.7,1009.4,0.0,0,2.9,12.3,11.9,12.4,12.3,12.3,--
2026/1/2 17:23,19.0,60,6.7,99,6.5,6.7,0.0,2.2,219,940.9,1009.6,0.0,0,2.6,12.3,11.9,12.4,12.3,12.3,--
2026/1/2 17:24,19.0,60,6.7,99,6.5,6.7,2.2,2.5,275,940.8,1009.5,0.0,0,2.6,12.3,11.9,12.4,12.3,12.3,--
2026/1/2 17:25,19.0,60,6.7,98,6.4,6.7,1.8,2.2,170,940.9,1009.6,0.0,0,2.7,12.4,12.0,12.5,12.4,12.4,--
2026/1/2 17:26,19.0,60,6.8,98,6.5,6.8,0.0,1.8,124,940.8,1009.5,0.0,0,2.7,12.4,12.0,12.5,12.4,12.4,--
2026/1/2 17:27,19.0,60,6.8,98,6.5,6.8,0.0,2.5,31,941.0,1009.7,0.0,0,2.7,12.4,12.0,12.5,12.4,12.4,--
2026/1/2 17:28,19.0,60,6.8,98,6.5,6.8,3.6,4.3,44,940.7,1009.4,0.0,0,2.4,12.4,12.0,12.5,12.4,12.4,--
2026/1/2 17:29,19.0,59,6.8,98,6.5,6.8,2.2,3.2,66,940.7,1009.4,0.0,0,2.4,12.4,12.0,12.5,12.4,12.4,--
2026/1/2 17:30,19.0,59,6.8,98,6.5,6.8,1.8,2.5,93,940.6,1009.3,0.0,0,2.5,12.5,12.1,12.6,12.5,12.5,--
2026/1/2 17:31,19.0,59,6.8,98,6.5,6.8,0.0,0.0,103,940.7,1009.4,0.0,0,2.5,12.5,12.1,12.6,12.5,12.5,--
2026/1/2 17:32,19.0,59,6.8,98,6.5,6.8,0.0,0.0,135,940.9,1009.6,0.0,0,2.5,12.5,12.1,12.6,12.5,12.5,--
2026/1/2 17:33,19.0,59,6.8,98,6.5,6.8,0.0,0.0,212,940.8,1009.5,0.0,0,2.3,12.5,12.1,12.6,12.5,12.5,--
2026/1/2 17:34,18.9,59,6.8,98,6.5,6.8,2.9,3.2,19,940.8,1009.5,0.0,0,2.4,12.6,12.2,12.7,12.6,12.6,--
2026/1/2 17:35,19.0,60,6.7,98,6.4,6.7,2.9,3.6,71,940.8,1009.5,0.0,0,2.4,12.6,12.2,12.7,12.6,12.6,--
2026/1/2 17:36,18.9,59,6.7,98,6.4,6.7,4.0,4.3,108,940.8,1009.5,0.0,0,2.5,12.7,12.3,12.8,12.7,12.7,--
2026/1/2 17:37,18.9,59,6.7,98,6.4,6.7,2.9,6.1,86,940.8,1009.5,0.0,0,2.5,12.7,12.3,12.8,12.7,12.7,--
2026/1/2 17:38,18.9,59,6.7,98,6.4,6.7,3.6,4.7,107,940.8,1009.5,0.0,0,2.3,12.7,12.3,12.8,12.7,12.7,--
2026/1/2 17:39,18.9,59,6.8,98,6.5,6.8,1.8,3.6,172,940.8,1009.5,0.0,0,2.3,12.7,12.3,12.8,12.7,12.7,--
2026/1/2 17:40,18.9,59,6.8,98,6.5,6.8,0.0,0.0,164,941.0,1009.7,0.0,0,2.3,12.7,12.3,12.8,12.7,12.7,--
2026/1/2 17:41,18.9,59,6.8,98,6.5,6.8,1.8,2.2,49,940.7,1009.4,0.0,0,2.4,12.8,12.4,12.9,12.8,12.8,--
2026/1/2 17:42,18.9,59,6.8,98,6.5,6.8,1.8,4.0,89,940.8,1009.5,0.0,0,2.4,12.8,12.4,12.9,12.8,12.8,--
2026/1/2 17:43,18.9,59,6.9,98,6.6,6.9,2.2,2.2,95,940.8,1009.5,0.0,0,2.1,12.8,12.4,12.9,12.8,12.8,--
2026/1/2 17:44,18.9,60,6.9,98,6.6,6.9,0.0,0.0,157,940.8,1009.5,0.0,0,2.1,12.8,12.4,12.9,12.8,12.8,--
2026/1/2 17:45,18.9,59,6.8,98,6.5,6.8,0.0,1.8,169,940.8,1009.5,0.0,0,2.1,12.8,12.4,12.9,12.8,12.8,--
2026/1/2 17:46,19.0,59,6.8,98,6.5,6.8,2.5,2.5,109,940.7,1009.4,0.0,0,2.1,12.8,12.4,12.9,12.8,12.8,--
2026/1/2 17:47,18.9,60,6.8,98,6.5,6.8,1.8,2.5,98,940.9,1009.6,0.0,0,2.1,12.8,12.4,12.9,12.8,12.8,--
2026/1/2 17:48,18.9,60,6.8,98,6.5,5.8,5.8,5.8,13,940.8,1009.5,0.0,0,1.8,12.8,12.4,12.9,12.8,12.8,--
2026/1/2 17:49,18.9,60,6.9,98,6.6,6.9,2.5,4.0,91,940.8,1009.5,0.0,0,1.8,12.8,12.4,12.9,12.8,12.8,--
2026/1/2 17:50,18.9,60,6.9,98,6.6,6.9,3.6,5.4,106,940.9,1009.6,0.0,0,1.8,12.8,12.4,12.9,12.8,12.8,--
2026/1/2 17:51,18.9,60,6.9,98,6.6,6.9,3.6,4.3,115,940.8,1009.5,0.0,0,1.9,12.9,12.5,13.0,12.9,12.9,--
2026/1/2 17:52,19.0,60,6.9,98,6.6,6.9,0.0,2.2,93,941.0,1009.7,0.0,0,1.9,12.9,12.5,13.0,12.9,12.9,--
2026/1/2 17:53,19.0,60,6.9,98,6.6,6.9,0.0,0.0,113,940.9,1009.6,0.0,0,1.7,12.9,12.5,13.0,12.9,12.9,--
2026/1/2 17:54,18.9,60,6.9,98,6.6,6.9,0.0,0.0,29,940.9,1009.6,0.0,0,1.7,12.9,12.5,13.0,12.9,12.9,--
2026/1/2 17:55,18.9,60,6.9,98,6.6,6.9,0.0,0.0,175,940.8,1009.5,0.0,0,1.7,12.9,12.5,13.0,12.9,12.9,--
2026/1/2 17:56,19.0,60,6.9,98,6.6,6.9,2.5,2.5,84,941.0,1009.7,0.0,0,1.7,12.9,12.5,13.0,12.9,12.9,--
2026/1/2 17:57,18.9,60,6.9,98,6.6,6.9,2.5,2.9,69,940.9,1009.6,0.0,0,1.7,12.9,12.5,13.0,12.9,12.9,--
2026/1/2 17:58,18.9,60,6.9,98,6.6,6.9,1.8,2.5,58,940.8,1009.5,0.0,0,1.5,12.9,12.5,13.0,12.9,12.9,--
2026/1/2 17:59,18.9,60,6.8,98,6.5,6.8,2.2,2.2,61,940.8,1009.5,0.0,0,1.5,12.9,12.5,13.0,12.9,12.9,--
2026/1/2 18:00,18.9,60,6.8,98,6.5,6.8,2.2,2.5,95,940.8,1009.5,0.0,0,1.5,12.9,12.5,13.0,12.9,12.9,--
2026/1/2 18:01,18.9,60,6.8,98,6.5,6.8,1.8,2.2,76,940.9,1009.6,0.0,0,1.5,12.9,12.5,13.0,12.9,12.9,--
2026/1/2 18:02,18.9,60,6.8,98,6.5,6.8,2.5,2.9,49,940.8,1009.5,0.0,0,1.5,12.9,12.5,13.0,12.9,12.9,--
2026/1/2 18:03,18.9,60,6.8,98,6.5,6.8,2.2,2.9,78,940.8,1009.5,0.0,0,1.3,12.9,12.5,13.0,12.9,12.9,--
2026/1/2 18:04,18.9,60,6.8,98,6.5,6.8,0.0,0.0,44,940.6,1009.3,0.0,0,1.3,12.9,12.5,13.0,12.9,12.9,--
2026/1/2 18:05,18.9,60,6.8,98,6.5,6.8,0.0,0.0,57,940.7,1009.4,0.0,0,1.3,12.9,12.5,13.0,12.9,12.9,--
2026/1/2 18:06,18.9,60,6.8,98,6.5,6.8,2.2,2.2,85,940.8,1009.5,0.0,0,1.3,12.9,12.5,13.0,12.9,12.9,--
2026/1/2 18:07,18.8,60,6.8,98,6.5,6.8,2.5,2.5,72,940.8,1009.5,0.0,0,1.3,12.9,12.5,13.0,12.9,12.9,--
2026/1/2 18:08,18.9,60,6.8,98,6.5,6.8,2.2,2.5,98,940.6,1009.3,0.0,0,1.1,12.9,12.5,13.0,12.9,12.9,--
2026/1/2 18:09,18.8,60,6.8,98,6.5,6.8,1.8,2.2,66,940.8,1009.5,0.0,0,1.1,12.9,12.5,13.0,12.9,12.9,--
2026/1/2 18:10,18.8,60,6.8,98,6.5,6.8,0.0,2.5,23,940.7,1009.4,0.0,0,1.2,13.0,12.6,13.1,13.0,13.0,--
2026/1/2 18:11,18.8,60,6.8,98,6.5,6.8,0.0,0.0,32,940.7,1009.4,0.0,0,1.2,13.0,12.6,13.1,13.0,13.0,--
2026/1/2 18:12,18.8,60,6.7,98,6.4,6.7,0.0,1.8,62,940.8,1009.5,0.0,0,1.2,13.0,12.6,13.1,13.0,13.0,--
2026/1/2 18:13,18.9,60,6.7,98,6.4,6.7,0.0,2.5,35,940.8,1009.5,0.0,0,1.0,13.0,12.6,13.1,13.0,13.0,--
2026/1/2 18:14,18.9,60,6.7,98,6.4,6.7,2.5,2.9,38,940.9,1009.6,0.0,0,1.0,13.0,12.6,13.1,13.0,13.0,--
2026/1/2 18:15,18.9,60,6.7,98,6.4,6.7,2.5,3.2,59,940.8,1009.5,0.0,0,1.0,13.0,12.6,13.1,13.0,13.0,--
2026/1/2 18:16,18.9,60,6.7,99,6.5,6.7,4.3,4.3,127,941.0,1009.7,0.0,0,1.0,13.0,12.6,13.1,13.0,13.0,--
2026/1/2 18:17,18.9,60,6.7,99,6.5,6.7,4.3,5.8,87,941.0,1009.7,0.0,0,1.0,13.0,12.6,13.1,13.0,13.0,--
2026/1/2 18:18,18.9,60,6.7,99,6.5,6.7,3.6,4.0,96,940.6,1009.3,0.0,0,0.7,13.0,12.6,13.1,13.0,13.0,--
2026/1/2 18:19,18.9,60,6.7,99,6.5,5.9,5.4,6.5,107,940.7,1009.4,0.0,0,0.7,13.0,12.6,13.1,13.0,13.0,--
2026/1/2 18:20,18.9,60,6.8,99,6.6,6.8,2.5,2.9,102,940.7,1009.4,0.0,0,0.7,13.0,12.6,13.1,13.0,13.0,--
2026/1/2 18:21,18.9,60,6.8,99,6.6,6.8,0.0,0.0,40,940.7,1009.4,0.0,0,0.7,13.0,12.6,13.1,13.0,13.0,--
2026/1/2 18:22,18.9,60,6.9,99,6.7,6.9,2.5,3.2,98,940.8,1009.5,0.0,0,0.7,13.0,12.6,13.1,13.0,13.0,--
2026/1/2 18:23,18.9,60,6.9,99,6.7,6.9,2.2,2.5,146,940.7,1009.4,0.0,0,0.7,13.1,12.7,13.2,13.1,13.1,--
2026/1/2 18:24,18.9,60,6.9,99,6.7,6.9,0.0,2.2,134,940.8,1009.5,0.0,0,0.7,13.1,12.7,13.2,13.1,13.1,--
2026/1/2 18:25,18.9,60,6.9,99,6.7,6.9,1.8,2.5,122,940.9,1009.6,0.0,0,0.8,13.2,12.8,13.3,13.2,13.2,--
2026/1/2 18:26,18.9,60,6.9,99,6.7,6.9,2.5,2.5,53,941.0,1009.7,0.0,0,0.9,13.3,12.9,13.4,13.3,13.3,--
2026/1/2 18:27,18.9,60,6.9,99,6.7,6.9,2.9,3.2,89,940.9,1009.6,0.0,0,0.9,13.3,12.9,13.4,13.3,13.3,--
2026/1/2 18:28,18.9,60,6.9,99,6.7,6.9,3.6,3.6,71,940.7,1009.4,0.0,0,0.9,13.4,13.0,13.5,13.4,13.4,--
2026/1/2 18:29,18.9,60,6.9,99,6.7,6.9,1.8,2.5,67,940.7,1009.4,0.0,0,0.9,13.4,13.0,13.5,13.4,13.4,--
2026/1/2 18:30,18.9,60,6.9,99,6.7,6.9,0.0,1.8,59,940.7,1009.4,0.0,0,0.9,13.4,13.0,13.5,13.4,13.4,--
2026/1/2 18:31,18.9,60,6.9,99,6.7,6.9,1.8,1.8,75,940.7,1009.4,0.0,0,0.9,13.4,13.0,13.5,13.4,13.4,--
2026/1/2 18:32,18.9,60,6.9,99,6.7,6.9,1.8,1.8,132,940.8,1009.5,0.0,0,0.9,13.4,13.0,13.5,13.4,13.4,--
2026/1/2 18:33,18.8,60,6.8,99,6.6,6.8,0.0,1.8,115,940.7,1009.4,0.0,0,0.8,13.5,13.1,13.6,13.5,13.5,--
2026/1/2 18:34,18.9,60,6.8,99,6.6,6.8,0.0,0.0,119,940.8,1009.5,0.0,0,0.8,13.5,13.1,13.6,13.5,13.5,--
2026/1/2 18:35,18.9,60,6.8,99,6.6,6.8,1.8,1.8,92,941.0,1009.7,0.0,0,0.9,13.6,13.2,13.7,13.6,13.6,--
2026/1/2 18:36,18.8,60,6.8,99,6.6,6.8,3.2,3.6,96,940.8,1009.5,0.0,0,1.0,13.7,13.3,13.8,13.7,13.7,--
2026/1/2 18:37,18.9,60,6.8,99,6.6,6.8,4.0,5.4,108,940.9,1009.6,0.0,0,1.0,13.7,13.3,13.8,13.7,13.7,--
2026/1/2 18:38,18.9,60,6.8,99,6.6,6.8,2.5,2.9,109,940.8,1009.5,0.0,0,0.9,13.7,13.3,13.8,13.7,13.7,--
2026/1/2 18:39,18.9,60,6.8,99,6.6,6.8,0.0,2.2,119,940.8,1009.5,0.0,0,0.9,13.7,13.3,13.8,13.7,13.7,--
2026/1/2 18:40,18.9,60,6.8,99,6.6,6.8,0.0,1.8,132,940.7,1009.4,0.0,0,0.9,13.7,13.3,13.8,13.7,13.7,--
2026/1/2 18:41,18.9,60,6.8,99,6.6,6.8,0.0,2.2,122,940.9,1009.6,0.0,0,0.9,13.7,13.3,13.8,13.7,13.7,--
2026/1/2 18:42,18.9,60,6.8,99,6.6,6.8,1.8,2.5,107,940.8,1009.5,0.0,0,1.0,13.8,13.4,13.9,13.8,13.8,--
2026/1/2 18:43,18.9,60,6.8,99,6.6,6.8,2.2,2.5,84,940.9,1009.6,0.0,0,1.0,13.8,13.4,13.9,13.8,13.8,--
2026/1/2 18:44,18.9,60,6.8,99,6.6,6.8,2.5,2.5,41,940.8,1009.5,0.0,0,1.0,13.8,13.4,13.9,13.8,13.8,--
2026/1/2 18:45,18.9,60,6.8,99,6.6,6.8,1.8,2.5,20,940.8,1009.5,0.0,0,1.0,13.8,13.4,13.9,13.8,13.8,--
2026/1/2 18:46,18.9,60,6.8,99,6.6,6.8,0.0,2.2,55,940.7,1009.4,0.0,0,1.0,13.8,13.4,13.9,13.8,13.8,--
2026/1/2 18:47,18.9,60,6.8,99,6.6,6.8,2.2,2.2,85,940.8,1009.5,0.0,0,1.0,13.8,13.4,13.9,13.8,13.8,--
2026/1/2 18:48,18.9,60,6.8,99,6.6,6.8,2.5,2.5,36,940.8,1009.5,0.0,0,0.9,13.8,13.4,13.9,13.8,13.8,--
2026/1/2 18:49,18.9,60,6.7,99,6.5,6.7,3.6,5.0,19,940.8,1009.5,0.0,0,0.9,13.8,13.4,13.9,13.8,13.8,--
2026/1/2 18:50,18.9,60,6.7,99,6.5,6.7,2.9,3.6,11,940.8,1009.5,0.0,0,0.9,13.8,13.4,13.9,13.8,13.8,--
2026/1/2 18:51,18.9,60,6.7,99,6.5,6.7,2.9,3.6,28,940.9,1009.6,0.0,0,1.0,13.9,13.5,14.0,13.9,13.9,--
2026/1/2 18:52,18.8,60,6.7,99,6.5,6.7,2.9,2.9,83,940.7,1009.4,0.0,0,1.0,13.9,13.5,14.0,13.9,13.9,--
2026/1/2 18:53,18.8,60,6.7,99,6.5,6.7,3.6,4.3,115,940.6,1009.3,0.0,0,1.0,13.9,13.5,14.0,13.9,13.9,--
2026/1/2 18:54,18.9,60,6.7,99,6.5,6.7,2.9,3.2,96,940.6,1009.3,0.0,0,1.1,14.0,13.6,14.1,14.0,14.0,--
2026/1/2 18:55,18.9,60,6.7,99,6.5,6.7,0.0,1.8,131,940.7,1009.4,0.0,0,1.1,14.0,13.6,14.1,14.0,14.0,--
2026/1/2 18:56,18.8,60,6.7,99,6.5,6.7,0.0,1.8,233,940.6,1009.3,0.0,0,1.1,14.0,13.6,14.1,14.0,14.0,--
2026/1/2 18:57,18.8,60,6.7,99,6.5,6.7,0.0,0.0,212,940.8,1009.5,0.0,0,1.1,14.0,13.6,14.1,14.0,14.0,--
2026/1/2 18:58,18.9,60,6.7,99,6.5,6.7,1.8,2.2,57,940.7,1009.4,0.0,0,1.1,14.0,13.6,14.1,14.0,14.0,--
2026/1/2 18:59,18.9,60,6.7,99,6.5,6.7,2.5,2.5,92,940.4,1009.1,0.0,0,1.2,14.1,13.7,14.2,14.1,14.1,--
2026/1/2 19:00,18.9,60,6.7,99,6.5,6.7,2.2,2.2,113,940.7,1009.4,0.0,0,1.2,14.1,13.7,14.2,14.1,14.1,--
2026/1/2 19:01,18.9,60,6.7,99,6.5,6.7,1.8,2.2,102,940.5,1009.2,0.0,0,1.2,14.1,13.7,14.2,14.1,14.1,--
2026/1/2 19:02,18.8,60,6.7,99,6.5,6.7,0.0,2.2,171,940.6,1009.3,0.0,0,1.2,14.1,13.7,14.2,14.1,14.1,--
2026/1/2 19:03,18.9,60,6.7,99,6.5,6.7,1.8,2.5,111,940.6,1009.3,0.0,0,1.2,14.1,13.7,14.2,14.1,14.1,--
2026/1/2 19:04,18.8,60,6.7,99,6.5,6.7,3.2,3.6,110,940.5,1009.2,0.0,0,1.2,14.1,13.7,14.2,14.1,14.1,--
2026/1/2 19:05,18.9,60,6.7,99,6.5,6.7,4.3,4.7,108,940.9,1009.6,0.0,0,1.2,14.1,13.7,14.2,14.1,14.1,--
2026/1/2 19:06,18.9,60,6.7,99,6.5,6.7,1.8,2.5,98,941.0,1009.7,0.0,0,1.2,14.1,13.7,14.2,14.1,14.1,--
2026/1/2 19:07,18.8,60,6.7,99,6.5,6.7,2.5,2.9,83,941.0,1009.7,0.0,0,1.2,14.1,13.7,14.2,14.1,14.1,--
2026/1/2 19:08,18.9,60,6.7,99,6.5,6.7,2.9,4.0,73,940.8,1009.5,0.0,0,1.2,14.2,13.8,14.3,14.2,14.2,--
2026/1/2 19:09,18.8,60,6.7,99,6.5,6.7,2.9,2.9,101,940.8,1009.5,0.0,0,1.3,14.3,13.9,14.4,14.3,14.3,--
2026/1/2 19:10,18.8,60,6.7,99,6.5,6.7,0.0,2.2,97,940.7,1009.4,0.0,0,1.4,14.4,14.0,14.5,14.4,14.4,--
2026/1/2 19:11,18.8,60,6.7,99,6.5,6.7,1.8,1.8,327,940.9,1009.6,0.0,0,1.4,14.4,14.0,14.5,14.4,14.4,--
2026/1/2 19:12,18.8,60,6.7,99,6.5,6.7,2.2,3.6,39,940.9,1009.6,0.0,0,1.4,14.4,14.0,14.5,14.4,14.4,--
2026/1/2 19:13,18.8,60,6.7,99,6.5,6.7,3.6,3.6,95,940.8,1009.5,0.0,0,1.4,14.4,14.0,14.5,14.4,14.4,--
2026/1/2 19:14,18.8,60,6.8,99,6.6,6.8,2.5,3.2,197,940.7,1009.4,0.0,0,1.4,14.4,14.0,14.5,14.4,14.4,--
2026/1/2 19:15,18.8,60,6.8,99,6.6,6.8,0.0,1.8,158,940.8,1009.5,0.0,0,1.4,14.4,14.0,14.5,14.4,14.4,--
2026/1/2 19:16,18.8,60,6.8,99,6.6,6.8,1.8,1.8,247,940.8,1009.5,0.0,0,1.4,14.4,14.0,14.5,14.4,14.4,--
2026/1/2 19:17,18.8,60,6.8,99,6.6,6.8,0.0,1.8,139,940.6,1009.3,0.0,0,1.4,14.4,14.0,14.5,14.4,14.4,--
2026/1/2 19:18,18.8,60,6.8,99,6.6,6.8,0.0,0.0,147,940.8,1009.5,0.0,0,1.4,14.4,14.0,14.5,14.4,14.4,--
2026/1/2 19:19,18.8,60,6.8,99,6.6,6.8,0.0,0.0,22,941.0,1009.7,0.0,0,1.4,14.4,14.0,14.5,14.4,14.4,--
2026/1/2 19:20,18.8,60,6.8,99,6.6,6.8,0.0,1.8,119,940.8,1009.5,0.0,0,1.4,14.4,14.0,14.5,14.4,14.4,--
2026/1/2 19:21,18.9,60,6.8,99,6.6,6.8,2.5,2.5,123,940.7,1009.4,0.0,0,1.4,14.4,14.0,14.5,14.4,14.4,--
2026/1/2 19:22,18.9,60,6.8,99,6.6,6.8,3.2,3.6,101,940.8,1009.5,0.0,0,1.4,14.4,14.0,14.5,14.4,14.4,--
2026/1/2 19:23,18.9,60,6.8,99,6.6,6.8,3.6,4.0,100,940.8,1009.5,0.0,0,1.1,14.4,14.0,14.5,14.4,14.4,--
2026/1/2 19:24,18.8,60,6.8,99,6.6,6.8,2.5,3.6,98,940.7,1009.4,0.0,0,1.1,14.4,14.0,14.5,14.4,14.4,--
2026/1/2 19:25,18.8,60,6.8,99,6.6,6.8,2.9,3.2,28,940.7,1009.4,0.0,0,1.1,14.4,14.0,14.5,14.4,14.4,--
2026/1/2 19:26,18.9,60,6.8,99,6.6,6.8,4.3,5.0,64,940.7,1009.4,0.0,0,1.1,14.4,14.0,14.5,14.4,14.4,--
2026/1/2 19:27,18.9,60,6.8,99,6.6,6.8,3.2,3.6,40,940.6,1009.3,0.0,0,1.1,14.4,14.0,14.5,14.4,14.4,--
2026/1/2 19:28,18.9,60,6.9,99,6.7,6.9,0.0,1.8,41,940.5,1009.2,0.0,0,1.0,14.4,14.0,14.5,14.4,14.4,--
2026/1/2 19:29,18.8,60,6.9,99,6.7,6.9,0.0,0.0,32,940.5,1009.2,0.0,0,1.0,14.4,14.0,14.5,14.4,14.4,--
2026/1/2 19:30,18.9,60,6.9,99,6.7,6.9,0.0,1.8,22,940.6,1009.3,0.0,0,1.0,14.4,14.0,14.5,14.4,14.4,--
2026/1/2 19:31,18.8,60,6.9,99,6.7,6.9,1.8,2.2,106,940.5,1009.2,0.0,0,1.0,14.4,14.0,14.5,14.4,14.4,--
2026/1/2 19:32,18.8,60,6.9,99,6.7,6.9,2.2,2.2,87,940.5,1009.2,0.0,0,1.0,14.4,14.0,14.5,14.4,14.4,--
2026/1/2 19:33,18.8,60,6.8,99,6.6,6.8,1.8,2.2,97,940.5,1009.2,0.0,0,0.7,14.4,14.0,14.5,14.4,14.4,--
2026/1/2 19:34,18.8,60,6.8,99,6.6,6.8,0.0,0.0,119,940.6,1009.3,0.0,0,0.7,14.4,14.0,14.5,14.4,14.4,--
2026/1/2 19:35,18.9,60,6.8,99,6.6,6.8,0.0,2.2,125,940.3,1009.0,0.0,0,0.7,14.4,14.0,14.5,14.4,14.4,--
2026/1/2 19:36,18.8,60,6.8,99,6.6,6.8,0.0,0.0,38,940.3,1009.0,0.0,0,0.7,14.4,14.0,14.5,14.4,14.4,--
2026/1/2 19:37,18.9,60,6.8,99,6.6,6.8,0.0,1.8,55,940.3,1009.0,0.0,0,0.7,14.4,14.0,14.5,14.4,14.4,--
2026/1/2 19:38,18.9,60,6.8,99,6.6,6.8,0.0,0.0,55,940.2,1008.9,0.0,0,0.6,14.4,14.0,14.5,14.4,14.4,--
2026/1/2 19:39,18.9,60,6.8,99,6.6,6.8,0.0,0.0,113,940.3,1009.0,0.0,0,0.6,14.4,14.0,14.5,14.4,14.4,--
2026/1/2 19:40,18.9,60,6.8,99,6.6,6.8,0.0,0.0,147,940.4,1009.1,0.0,0,0.6,14.4,14.0,14.5,14.4,14.4,--
2026/1/2 19:41,18.9,60,6.8,99,6.6,6.8,0.0,1.8,122,940.4,1009.1,0.0,0,0.6,14.4,14.0,14.5,14.4,14.4,--
2026/1/2 19:42,18.8,60,6.7,99,6.5,6.7,1.8,2.2,104,940.2,1008.9,0.0,0,0.6,14.4,14.0,14.5,14.4,14.4,--
2026/1/2 19:43,18.9,60,6.7,99,6.5,6.7,0.0,2.2,63,940.3,1009.0,0.0,0,0.6,14.4,14.0,14.5,14.4,14.4,--
2026/1/2 19:44,18.8,60,6.7,99,6.5,6.7,2.9,3.2,60,940.3,1009.0,0.0,0,0.6,14.4,14.0,14.5,14.4,14.4,--
2026/1/2 19:45,18.9,60,6.7,99,6.5,6.7,1.8,2.5,65,940.1,1008.8,0.0,0,0.6,14.4,14.0,14.5,14.4,14.4,--
2026/1/2 19:46,18.9,60,6.7,99,6.5,6.7,0.0,0.0,66,940.1,1008.8,0.0,0,0.6,14.4,14.0,14.5,14.4,14.4,--
2026/1/2 19:47,18.9,60,6.7,99,6.5,6.7,1.8,1.8,220,940.2,1008.9,0.0,0,0.6,14.4,14.0,14.5,14.4,14.4,--
2026/1/2 19:48,18.9,60,6.7,99,6.5,6.7,0.0,1.8,246,940.3,1009.0,0.0,0,0.5,14.4,14.0,14.5,14.4,14.4,--
2026/1/2 19:49,18.9,60,6.7,99,6.5,6.7,1.8,1.8,86,940.2,1008.9,0.0,0,0.5,14.4,14.0,14.5,14.4,14.4,--
2026/1/2 19:50,18.9,60,6.7,99,6.5,6.7,2.9,3.2,88,940.1,1008.8,0.0,0,0.5,14.4,14.0,14.5,14.4,14.4,--
2026/1/2 19:51,18.9,60,6.7,99,6.5,6.7,3.2,3.2,98,940.1,1008.8,0.0,0,0.5,14.4,14.0,14.5,14.4,14.4,--
2026/1/2 19:52,18.9,60,6.7,99,6.5,6.7,2.2,2.9,99,940.2,1008.9,0.0,0,0.5,14.4,14.0,14.5,14.4,14.4,--
2026/1/2 19:53,18.8,60,6.7,99,6.5,6.7,2.9,3.6,100,940.0,1008.7,0.0,0,0.4,14.4,14.0,14.5,14.4,14.4,--
2026/1/2 19:54,18.8,60,6.7,99,6.5,6.7,2.5,2.9,81,939.9,1008.6,0.0,0,0.4,14.4,14.0,14.5,14.4,14.4,--
2026/1/2 19:55,18.9,60,6.7,99,6.5,6.7,2.2,2.9,82,939.9,1008.6,0.0,0,0.4,14.4,14.0,14.5,14.4,14.4,--
2026/1/2 19:56,18.8,60,6.7,99,6.5,6.7,1.8,1.8,102,940.0,1008.7,0.0,0,0.5,14.5,14.1,14.6,14.5,14.5,--
2026/1/2 19:57,18.8,60,6.7,99,6.5,6.7,0.0,0.0,76,940.0,1008.7,0.0,0,0.7,14.7,14.3,14.8,14.7,14.7,--
2026/1/2 19:58,18.8,60,6.7,99,6.5,6.7,0.0,0.0,76,939.9,1008.6,0.0,0,0.6,14.7,14.3,14.8,14.7,14.7,--
2026/1/2 19:59,18.8,60,6.7,99,6.5,6.7,0.0,1.8,348,939.9,1008.6,0.0,0,0.6,14.7,14.3,14.8,14.7,14.7,--
2026/1/2 20:00,18.8,60,6.7,99,6.5,6.7,0.0,2.2,358,939.9,1008.6,0.0,0,0.6,14.7,14.3,14.8,14.7,14.7,--
2026/1/2 20:01,18.8,60,6.7,99,6.5,6.7,0.0,0.0,18,939.9,1008.6,0.0,0,0.6,14.7,14.3,14.8,14.7,14.7,--
2026/1/2 20:02,18.8,60,6.7,99,6.5,6.7,2.9,3.2,32,939.8,1008.5,0.0,0,0.6,14.7,14.3,14.8,14.7,14.7,--
2026/1/2 20:03,18.9,60,6.7,99,6.5,6.7,2.2,2.9,68,939.7,1008.4,0.0,0,0.6,14.7,14.3,14.8,14.7,14.7,--
2026/1/2 20:04,18.8,60,6.7,99,6.5,6.7,4.3,4.7,112,939.9,1008.6,0.0,0,0.6,14.7,14.3,14.8,14.7,14.7,--
2026/1/2 20:05,18.9,60,6.7,99,6.5,6.7,3.6,4.0,131,939.7,1008.4,0.0,0,0.7,14.8,14.4,14.9,14.8,14.8,--
2026/1/2 20:06,18.9,60,6.7,99,6.5,6.7,2.2,2.5,130,939.7,1008.4,0.0,0,0.8,14.9,14.5,15.0,14.9,14.9,--
2026/1/2 20:07,18.9,60,6.8,99,6.6,6.8,2.2,3.6,151,940.0,1008.7,0.0,0,0.8,14.9,14.5,15.0,14.9,14.9,--
2026/1/2 20:08,18.9,60,6.8,99,6.6,6.8,3.6,3.6,126,940.1,1008.8,0.0,0,0.5,14.9,14.5,15.0,14.9,14.9,--
2026/1/2 20:09,18.9,60,6.8,99,6.6,5.1,9.0,9.0,116,940.1,1008.8,0.0,0,0.5,14.9,14.5,15.0,14.9,14.9,--
2026/1/2 20:10,18.9,60,6.8,99,6.6,6.8,4.0,5.8,97,940.0,1008.7,0.0,0,0.5,14.9,14.5,15.0,14.9,14.9,--
2026/1/2 20:11,18.8,60,6.8,99,6.6,6.0,5.4,5.8,119,940.0,1008.7,0.0,0,0.5,14.9,14.5,15.0,14.9,14.9,--
2026/1/2 20:12,18.9,60,6.7,99,6.5,6.7,2.2,3.2,81,939.9,1008.6,0.0,0,0.5,14.9,14.5,15.0,14.9,14.9,--
2026/1/2 20:13,18.9,60,6.6,99,6.4,6.6,1.8,2.5,99,939.9,1008.6,0.0,0,0.5,14.9,14.5,15.0,14.9,14.9,--
2026/1/2 20:14,18.9,60,6.6,99,6.4,6.6,2.9,2.9,101,940.0,1008.7,0.0,0,0.5,14.9,14.5,15.0,14.9,14.9,--
2026/1/2 20:15,18.8,60,6.6,99,6.4,6.6,4.7,5.8,107,940.1,1008.8,0.0,0,0.5,14.9,14.5,15.0,14.9,14.9,--
2026/1/2 20:16,18.8,60,6.5,99,6.3,5.5,5.8,6.8,109,940.0,1008.7,0.0,0,0.5,14.9,14.5,15.0,14.9,14.9,--
2026/1/2 20:17,18.8,60,6.5,99,6.3,5.8,5.0,6.5,116,940.1,1008.8,0.0,0,0.5,14.9,14.5,15.0,14.9,14.9,--
2026/1/2 20:18,18.8,60,6.4,99,6.2,6.4,4.7,4.7,116,940.1,1008.8,0.0,0,0.5,14.9,14.5,15.0,14.9,14.9,--
2026/1/2 20:19,18.8,60,6.4,99,6.2,6.4,0.0,2.2,89,940.0,1008.7,0.0,0,0.5,14.9,14.5,15.0,14.9,14.9,--
2026/1/2 20:20,18.8,60,6.4,99,6.2,6.4,2.5,3.6,45,940.1,1008.8,0.0,0,0.5,14.9,14.5,15.0,14.9,14.9,--
2026/1/2 20:21,18.8,60,6.4,99,6.2,6.4,2.2,4.0,7,939.9,1008.6,0.0,0,0.5,14.9,14.5,15.0,14.9,14.9,--
2026/1/2 20:22,18.8,60,6.4,99,6.2,5.7,5.0,5.8,11,939.9,1008.6,0.0,0,0.5,14.9,14.5,15.0,14.9,14.9,--
2026/1/2 20:23,18.8,60,6.4,99,6.2,6.4,2.2,3.6,357,940.0,1008.7,0.0,0,0.5,14.9,14.5,15.0,14.9,14.9,--
2026/1/2 20:24,18.8,60,6.4,99,6.2,6.4,2.9,3.6,2,940.0,1008.7,0.0,0,0.5,14.9,14.5,15.0,14.9,14.9,--
2026/1/2 20:25,18.8,60,6.5,99,6.3,6.5,0.0,2.5,44,939.9,1008.6,0.0,0,0.5,14.9,14.5,15.0,14.9,14.9,--
2026/1/2 20:26,18.8,60,6.5,99,6.3,6.5,0.0,2.2,113,939.9,1008.6,0.0,0,0.5,14.9,14.5,15.0,14.9,14.9,--
2026/1/2 20:27,18.8,60,6.5,99,6.3,6.5,4.3,4.7,111,939.8,1008.5,0.0,0,0.5,14.9,14.5,15.0,14.9,14.9,--
2026/1/2 20:28,18.8,60,6.5,99,6.3,6.5,4.7,5.4,128,939.9,1008.6,0.0,0,0.5,14.9,14.5,15.0,14.9,14.9,--
2026/1/2 20:29,18.8,60,6.5,99,6.3,6.5,3.6,4.7,122,939.8,1008.5,0.0,0,0.5,14.9,14.5,15.0,14.9,14.9,--
2026/1/2 20:30,18.8,60,6.5,99,6.3,6.5,4.0,5.8,111,939.9,1008.6,0.0,0,0.5,14.9,14.5,15.0,14.9,14.9,--
2026/1/2 20:31,18.8,60,6.5,99,6.3,5.6,5.4,6.5,107,939.9,1008.6,0.0,0,0.5,14.9,14.5,15.0,14.9,14.9,--
2026/1/2 20:32,18.8,60,6.5,99,6.3,6.5,3.6,4.3,115,940.0,1008.7,0.0,0,0.5,14.9,14.5,15.0,14.9,14.9,--
2026/1/2 20:33,18.8,60,6.5,99,6.3,5.6,5.4,5.4,102,939.9,1008.6,0.0,0,0.5,14.9,14.5,15.0,14.9,14.9,--
2026/1/2 20:34,18.9,60,6.5,99,6.3,6.5,4.7,4.7,101,940.0,1008.7,0.0,0,0.5,14.9,14.5,15.0,14.9,14.9,--
2026/1/2 20:35,18.9,60,6.5,99,6.3,6.5,4.0,5.8,88,939.8,1008.5,0.0,0,0.5,14.9,14.5,15.0,14.9,14.9,--
2026/1/2 20:36,18.9,60,6.5,99,6.3,6.5,4.7,5.4,110,939.9,1008.6,0.0,0,0.6,15.0,14.6,15.1,15.0,15.0,--
2026/1/2 20:37,18.9,60,6.5,99,6.3,5.8,5.0,5.0,116,939.8,1008.5,0.0,0,0.6,15.0,14.6,15.1,15.0,15.0,--
2026/1/2 20:38,18.9,60,6.5,99,6.3,6.5,0.0,3.2,128,939.8,1008.5,0.0,0,0.7,15.1,14.7,15.2,15.1,15.1,--
2026/1/2 20:39,18.9,60,6.5,99,6.3,6.5,0.0,0.0,229,939.9,1008.6,0.0,0,0.7,15.1,14.7,15.2,15.1,15.1,--
2026/1/2 20:40,18.8,60,6.5,99,6.3,6.5,0.0,2.2,221,939.8,1008.5,0.0,0,0.7,15.1,14.7,15.2,15.1,15.1,--
2026/1/2 20:41,18.8,60,6.5,99,6.3,6.5,0.0,0.0,184,939.8,1008.5,0.0,0,0.8,15.2,14.8,15.3,15.2,15.2,--
2026/1/2 20:42,18.8,60,6.5,99,6.3,6.5,1.8,1.8,54,939.9,1008.6,0.0,0,0.9,15.3,14.9,15.4,15.3,15.3,--
2026/1/2 20:43,18.9,60,6.5,99,6.3,6.5,3.6,4.3,44,939.7,1008.4,0.0,0,1.0,15.4,15.0,15.5,15.4,15.4,--
2026/1/2 20:44,18.8,60,6.5,99,6.3,6.5,4.0,4.3,18,939.9,1008.6,0.0,0,1.0,15.4,15.0,15.5,15.4,15.4,--
2026/1/2 20:45,18.8,60,6.5,99,6.3,6.5,3.2,4.0,25,939.9,1008.6,0.0,0,1.0,15.4,15.0,15.5,15.4,15.4,--
2026/1/2 20:46,18.8,60,6.5,99,6.3,6.5,2.5,2.9,15,939.7,1008.4,0.0,0,1.0,15.4,15.0,15.5,15.4,15.4,--
2026/1/2 20:47,18.8,60,6.5,99,6.3,6.5,2.5,3.2,70,939.8,1008.5,0.0,0,1.0,15.4,15.0,15.5,15.4,15.4,--
2026/1/2 20:48,18.8,60,6.5,99,6.3,6.5,2.5,2.5,103,939.7,1008.4,0.0,0,1.0,15.4,15.0,15.5,15.4,15.4,--
2026/1/2 20:49,18.8,60,6.5,99,6.3,6.5,2.5,2.9,105,939.7,1008.4,0.0,0,1.0,15.4,15.0,15.5,15.4,15.4,--
2026/1/2 20:50,18.8,60,6.5,99,6.3,6.5,2.9,3.2,109,939.7,1008.4,0.0,0,1.0,15.4,15.0,15.5,15.4,15.4,--
2026/1/2 20:51,18.8,60,6.5,99,6.3,6.5,3.2,4.0,109,939.7,1008.4,0.0,0,1.0,15.4,15.0,15.5,15.4,15.4,--
2026/1/2 20:52,18.8,60,6.5,99,6.3,6.5,3.2,4.0,107,939.8,1008.5,0.0,0,1.0,15.4,15.0,15.5,15.4,15.4,--
2026/1/2 20:53,18.8,60,6.6,99,6.4,6.6,2.9,3.6,107,939.6,1008.3,0.0,0,0.7,15.4,15.0,15.5,15.4,15.4,--
2026/1/2 20:54,18.8,60,6.6,99,6.4,6.6,2.5,3.6,107,939.9,1008.6,0.0,0,0.8,15.5,15.1,15.6,15.5,15.5,--
2026/1/2 20:55,18.8,60,6.6,99,6.4,6.6,3.6,4.0,124,939.6,1008.3,0.0,0,0.8,15.5,15.1,15.6,15.5,15.5,--
2026/1/2 20:56,18.8,60,6.6,99,6.4,6.6,1.8,2.5,115,939.9,1008.6,0.0,0,0.9,15.6,15.2,15.7,15.6,15.6,--
2026/1/2 20:57,18.8,60,6.6,99,6.4,6.6,0.0,0.0,124,939.8,1008.5,0.0,0,1.0,15.7,15.3,15.8,15.7,15.7,--
2026/1/2 20:58,18.8,60,6.6,99,6.4,6.6,0.0,1.8,229,940.0,1008.7,0.0,0,1.0,15.7,15.3,15.8,15.7,15.7,--
2026/1/2 20:59,18.8,60,6.6,99,6.4,6.6,0.0,0.0,166,940.0,1008.7,0.0,0,1.0,15.7,15.3,15.8,15.7,15.7,--
2026/1/2 21:00,18.8,60,6.6,99,6.4,6.6,2.2,2.2,83,940.0,1008.7,0.0,0,1.0,15.7,15.3,15.8,15.7,15.7,--
2026/1/2 21:01,18.8,60,6.6,99,6.4,6.6,2.5,3.2,98,939.9,1008.6,0.0,0,1.0,15.7,15.3,15.8,15.7,15.7,--
2026/1/2 21:02,18.8,60,6.6,99,6.4,6.6,4.0,4.0,116,939.7,1008.4,0.0,0,1.0,15.7,15.3,15.8,15.7,15.7,--
2026/1/2 21:03,18.8,60,6.6,99,6.4,6.6,3.6,4.3,109,939.8,1008.5,0.0,0,0.8,15.7,15.3,15.8,15.7,15.7,--
2026/1/2 21:04,18.9,60,6.6,99,6.4,6.6,4.0,4.3,98,939.7,1008.4,0.0,0,0.8,15.7,15.3,15.8,15.7,15.7,--
2026/1/2 21:05,18.8,60,6.6,99,6.4,6.6,1.8,2.5,93,939.7,1008.4,0.0,0,0.8,15.7,15.3,15.8,15.7,15.7,--
2026/1/2 21:06,18.9,60,6.6,99,6.4,6.6,3.2,3.2,110,939.7,1008.4,0.0,0,0.8,15.7,15.3,15.8,15.7,15.7,--
2026/1/2 21:07,18.8,60,6.6,99,6.4,6.6,1.8,2.9,111,939.6,1008.3,0.0,0,0.8,15.7,15.3,15.8,15.7,15.7,--
2026/1/2 21:08,18.9,60,6.7,99,6.5,6.7,4.7,5.4,134,939.6,1008.3,0.0,0,0.8,15.7,15.3,15.8,15.7,15.7,--
2026/1/2 21:09,18.9,60,6.7,99,6.5,6.7,2.5,3.2,93,939.8,1008.5,0.0,0,0.8,15.7,15.3,15.8,15.7,15.7,--
2026/1/2 21:10,18.9,60,6.7,99,6.5,6.7,1.8,2.2,89,939.7,1008.4,0.0,0,0.8,15.7,15.3,15.8,15.7,15.7,--
2026/1/2 21:11,18.9,60,6.7,99,6.5,6.7,2.5,4.0,120,939.7,1008.4,0.0,0,0.8,15.7,15.3,15.8,15.7,15.7,--
2026/1/2 21:12,18.9,60,6.7,99,6.5,6.7,0.0,1.8,101,939.7,1008.4,0.0,0,0.8,15.7,15.3,15.8,15.7,15.7,--
2026/1/2 21:13,18.8,60,6.7,99,6.5,6.7,2.2,2.2,47,939.6,1008.3,0.0,0,0.8,15.7,15.3,15.8,15.7,15.7,--
2026/1/2 21:14,18.9,60,6.7,99,6.5,6.7,0.0,2.2,77,939.5,1008.2,0.0,0,0.8,15.7,15.3,15.8,15.7,15.7,--
2026/1/2 21:15,18.8,60,6.7,99,6.5,6.7,2.2,2.5,99,939.7,1008.4,0.0,0,0.8,15.7,15.3,15.8,15.7,15.7,--
2026/1/2 21:16,18.8,60,6.7,99,6.5,6.7,2.9,3.2,115,939.7,1008.4,0.0,0,0.8,15.7,15.3,15.8,15.7,15.7,--
2026/1/2 21:17,18.8,60,6.7,99,6.5,6.7,1.8,2.2,95,939.5,1008.2,0.0,0,0.8,15.7,15.3,15.8,15.7,15.7,--
2026/1/2 21:18,18.8,60,6.7,99,6.5,6.7,0.0,0.0,89,939.7,1008.4,0.0,0,0.8,15.7,15.3,15.8,15.7,15.7,--
2026/1/2 21:19,18.8,60,6.7,99,6.5,6.7,1.8,2.5,240,939.5,1008.2,0.0,0,0.8,15.7,15.3,15.8,15.7,15.7,--
2026/1/2 21:20,18.8,60,6.7,99,6.5,6.7,1.8,1.8,147,939.6,1008.3,0.0,0,0.9,15.8,15.4,15.9,15.8,15.8,--
2026/1/2 21:21,18.8,60,6.7,99,6.5,6.7,0.0,0.0,246,939.6,1008.3,0.0,0,1.0,15.9,15.5,16.0,15.9,15.9,--
2026/1/2 21:22,18.9,60,6.7,99,6.5,6.7,0.0,0.0,98,939.7,1008.4,0.0,0,1.0,15.9,15.5,16.0,15.9,15.9,--
2026/1/2 21:23,18.8,60,6.7,99,6.5,6.7,0.0,1.8,117,939.6,1008.3,0.0,0,1.1,16.0,15.6,16.1,16.0,16.0,--
2026/1/2 21:24,18.8,60,6.7,99,6.5,6.7,2.5,2.5,28,939.3,1008.0,0.0,0,1.1,16.0,15.6,16.1,16.0,16.0,--
2026/1/2 21:25,18.8,60,6.7,99,6.5,6.7,0.0,0.0,293,939.5,1008.2,0.0,0,1.1,16.0,15.6,16.1,16.0,16.0,--
2026/1/2 21:26,18.8,60,6.7,99,6.5,6.7,0.0,0.0,113,939.6,1008.3,0.0,0,1.1,16.0,15.6,16.1,16.0,16.0,--
2026/1/2 21:27,18.8,60,6.7,99,6.5,6.7,0.0,0.0,32,939.4,1008.1,0.0,0,1.1,16.0,15.6,16.1,16.0,16.0,--
2026/1/2 21:28,18.9,60,6.7,99,6.5,6.7,0.0,2.2,30,939.7,1008.4,0.0,0,1.2,16.1,15.7,16.2,16.1,16.1,--
2026/1/2 21:29,18.9,60,6.7,99,6.5,6.7,2.9,2.9,12,939.8,1008.5,0.0,0,1.4,16.3,15.9,16.4,16.3,16.3,--
2026/1/2 21:30,18.9,60,6.7,99,6.5,6.7,2.9,3.6,23,939.5,1008.2,0.0,0,1.6,16.5,16.1,16.6,16.5,16.5,--
2026/1/2 21:31,18.9,60,6.7,99,6.5,6.7,2.9,3.6,69,939.5,1008.2,0.0,0,1.6,16.5,16.1,16.6,16.5,16.5,--
2026/1/2 21:32,18.9,60,6.7,99,6.5,6.7,3.6,4.0,119,939.5,1008.2,0.0,0,1.7,16.6,16.2,16.7,16.6,16.6,--
2026/1/2 21:33,18.8,60,6.7,99,6.5,6.7,2.5,3.6,113,939.7,1008.4,0.0,0,1.6,16.6,16.2,16.7,16.6,16.6,--
2026/1/2 21:34,18.8,60,6.7,99,6.5,6.7,0.0,1.8,116,939.6,1008.3,0.0,0,1.6,16.6,16.2,16.7,16.6,16.6,--
2026/1/2 21:35,18.8,60,6.6,99,6.4,6.6,0.0,0.0,116,939.5,1008.2,0.0,0,1.6,16.6,16.2,16.7,16.6,16.6,--
2026/1/2 21:36,18.8,60,6.6,99,6.4,6.6,0.0,1.8,282,939.5,1008.2,0.0,0,1.6,16.6,16.2,16.7,16.6,16.6,--
2026/1/2 21:37,18.8,60,6.6,99,6.4,6.6,0.0,0.0,49,939.4,1008.1,0.0,0,1.6,16.6,16.2,16.7,16.6,16.6,--
2026/1/2 21:38,18.8,60,6.6,99,6.4,6.6,0.0,0.0,235,939.5,1008.2,0.0,0,1.3,16.6,16.2,16.7,16.6,16.6,--
2026/1/2 21:39,18.8,60,6.6,99,6.4,6.6,0.0,0.0,235,939.8,1008.5,0.0,0,1.3,16.6,16.2,16.7,16.6,16.6,--
2026/1/2 21:40,18.8,60,6.6,99,6.4,6.6,0.0,0.0,228,939.7,1008.4,0.0,0,1.3,16.6,16.2,16.7,16.6,16.6,--
2026/1/2 21:41,18.8,60,6.6,99,6.4,6.6,0.0,0.0,213,939.7,1008.4,0.0,0,1.3,16.6,16.2,16.7,16.6,16.6,--
2026/1/2 21:42,18.8,60,6.6,99,6.4,6.6,0.0,0.0,132,939.6,1008.3,0.0,0,1.3,16.6,16.2,16.7,16.6,16.6,--
2026/1/2 21:43,18.8,60,6.6,99,6.4,6.6,1.8,2.2,134,939.7,1008.4,0.0,0,1.2,16.6,16.2,16.7,16.6,16.6,--
2026/1/2 21:44,18.8,60,6.6,99,6.4,6.6,2.2,2.5,133,939.6,1008.3,0.0,0,1.2,16.6,16.2,16.7,16.6,16.6,--
2026/1/2 21:45,18.8,60,6.6,99,6.4,6.6,2.5,3.6,121,939.7,1008.4,0.0,0,1.2,16.6,16.2,16.7,16.6,16.6,--
2026/1/2 21:46,18.8,60,6.7,99,6.5,6.7,1.8,3.2,92,939.7,1008.4,0.0,0,1.2,16.6,16.2,16.7,16.6,16.6,--
2026/1/2 21:47,18.9,60,6.7,99,6.5,6.7,3.2,3.2,115,939.9,1008.6,0.0,0,1.2,16.6,16.2,16.7,16.6,16.6,--
2026/1/2 21:48,18.9,60,6.7,99,6.5,6.7,4.7,4.7,108,939.8,1008.5,0.0,0,1.2,16.6,16.2,16.7,16.6,16.6,--
2026/1/2 21:49,18.9,60,6.7,99,6.5,6.7,4.7,5.4,103,940.0,1008.7,0.0,0,1.2,16.6,16.2,16.7,16.6,16.6,--
2026/1/2 21:50,18.9,60,6.7,99,6.5,5.3,7.2,7.9,111,939.9,1008.6,0.0,0,1.2,16.6,16.2,16.7,16.6,16.6,--
2026/1/2 21:51,18.9,60,6.7,99,6.5,6.7,4.3,5.4,105,940.0,1008.7,0.0,0,1.2,16.6,16.2,16.7,16.6,16.6,--
2026/1/2 21:52,18.9,60,6.7,99,6.5,6.7,3.6,4.3,111,939.8,1008.5,0.0,0,1.2,16.6,16.2,16.7,16.6,16.6,--
2026/1/2 21:53,18.9,60,6.7,99,6.5,6.7,3.2,4.7,101,939.9,1008.6,0.0,0,0.9,16.6,16.2,16.7,16.6,16.6,--
2026/1/2 21:54,18.9,60,6.7,99,6.5,5.7,5.8,5.8,111,939.9,1008.6,0.0,0,0.9,16.6,16.2,16.7,16.6,16.6,--
2026/1/2 21:55,18.9,60,6.7,99,6.5,6.7,2.9,3.6,100,940.0,1008.7,0.0,0,0.9,16.6,16.2,16.7,16.6,16.6,--
2026/1/2 21:56,18.9,60,6.7,99,6.5,6.7,2.9,3.6,86,940.0,1008.7,0.0,0,0.9,16.6,16.2,16.7,16.6,16.6,--
2026/1/2 21:57,18.9,60,6.7,99,6.5,6.7,3.6,4.0,103,939.9,1008.6,0.0,0,0.9,16.6,16.2,16.7,16.6,16.6,--
2026/1/2 21:58,18.9,60,6.7,99,6.5,6.7,4.0,4.7,114,939.7,1008.4,0.0,0,0.9,16.6,16.2,16.7,16.6,16.6,--
2026/1/2 21:59,18.9,60,6.7,99,6.5,6.7,2.5,3.6,94,939.7,1008.4,0.0,0,0.9,16.6,16.2,16.7,16.6,16.6,--
2026/1/2 22:00,18.9,60,6.7,99,6.5,6.7,3.2,4.0,94,939.7,1008.4,0.0,0,0.9,16.6,16.2,16.7,16.6,16.6,--
2026/1/2 22:01,18.9,60,6.7,99,6.5,6.7,4.0,4.3,114,939.8,1008.5,0.0,0,0.9,16.6,16.2,16.7,16.6,16.6,--
2026/1/2 22:02,18.9,60,6.7,99,6.5,6.7,1.8,2.5,135,939.6,1008.3,0.0,0,0.9,16.6,16.2,16.7,16.6,16.6,--
2026/1/2 22:03,18.9,60,6.8,99,6.6,6.8,2.5,3.6,183,939.7,1008.4,0.0,0,0.9,16.6,16.2,16.7,16.6,16.6,--
2026/1/2 22:04,18.9,60,6.8,99,6.6,6.8,2.5,4.0,170,939.6,1008.3,0.0,0,0.9,16.6,16.2,16.7,16.6,16.6,--
2026/1/2 22:05,18.9,60,6.8,99,6.6,6.8,0.0,0.0,155,939.6,1008.3,0.0,0,0.9,16.6,16.2,16.7,16.6,16.6,--
2026/1/2 22:06,19.0,60,6.8,99,6.6,6.8,0.0,0.0,145,939.7,1008.4,0.0,0,0.9,16.6,16.2,16.7,16.6,16.6,--
2026/1/2 22:07,19.0,60,6.8,99,6.6,6.8,0.0,0.0,153,939.6,1008.3,0.0,0,0.9,16.6,16.2,16.7,16.6,16.6,--
2026/1/2 22:08,19.0,60,6.8,99,6.6,6.8,0.0,0.0,327,939.8,1008.5,0.0,0,0.9,16.6,16.2,16.7,16.6,16.6,--
2026/1/2 22:09,18.9,60,6.8,99,6.6,6.8,2.9,3.2,38,939.7,1008.4,0.0,0,0.9,16.6,16.2,16.7,16.6,16.6,--
2026/1/2 22:10,18.9,60,6.8,99,6.6,6.8,2.9,4.0,45,939.6,1008.3,0.0,0,0.9,16.6,16.2,16.7,16.6,16.6,--
2026/1/2 22:11,19.0,60,6.8,99,6.6,6.8,0.0,0.0,44,939.7,1008.4,0.0,0,0.9,16.6,16.2,16.7,16.6,16.6,--
2026/1/2 22:12,19.0,60,6.8,99,6.6,6.8,0.0,0.0,97,939.7,1008.4,0.0,0,0.9,16.6,16.2,16.7,16.6,16.6,--
2026/1/2 22:13,19.0,59,6.7,99,6.5,6.7,2.2,2.5,56,939.7,1008.4,0.0,0,1.0,16.7,16.3,16.8,16.7,16.7,--
2026/1/2 22:14,19.0,60,6.7,99,6.5,6.7,1.8,2.5,42,939.8,1008.5,0.0,0,1.0,16.7,16.3,16.8,16.7,16.7,--
2026/1/2 22:15,19.0,59,6.7,99,6.5,6.7,2.2,2.5,41,939.6,1008.3,0.0,0,1.0,16.7,16.3,16.8,16.7,16.7,--
2026/1/2 22:16,19.0,59,6.7,99,6.5,6.7,3.2,3.6,37,939.7,1008.4,0.0,0,1.0,16.7,16.3,16.8,16.7,16.7,--
2026/1/2 22:17,19.0,60,6.7,99,6.5,6.7,0.0,2.5,49,939.5,1008.2,0.0,0,1.0,16.7,16.3,16.8,16.7,16.7,--
2026/1/2 22:18,19.0,59,6.7,99,6.5,6.7,0.0,0.0,66,939.5,1008.2,0.0,0,0.8,16.7,16.3,16.8,16.7,16.7,--
2026/1/2 22:19,19.0,60,6.6,99,6.4,6.6,0.0,1.8,224,939.7,1008.4,0.0,0,0.8,16.7,16.3,16.8,16.7,16.7,--
2026/1/2 22:20,19.0,60,6.6,99,6.4,6.6,0.0,0.0,193,939.6,1008.3,0.0,0,0.9,16.8,16.4,16.9,16.8,16.8,--
2026/1/2 22:21,19.0,60,6.6,99,6.4,6.6,0.0,1.8,215,939.6,1008.3,0.0,0,0.9,16.8,16.4,16.9,16.8,16.8,--
2026/1/2 22:22,19.0,60,6.6,99,6.4,6.6,0.0,0.0,81,939.6,1008.3,0.0,0,0.9,16.8,16.4,16.9,16.8,16.8,--
2026/1/2 22:23,19.0,60,6.6,99,6.4,6.6,3.6,4.7,64,939.6,1008.3,0.0,0,0.8,16.8,16.4,16.9,16.8,16.8,--
2026/1/2 22:24,19.0,60,6.6,99,6.4,5.2,7.2,8.3,78,939.4,1008.1,0.0,0,0.8,16.8,16.4,16.9,16.8,16.8,--
2026/1/2 22:25,19.0,60,6.6,99,6.4,6.6,2.5,2.5,34,939.3,1008.0,0.0,0,0.8,16.8,16.4,16.9,16.8,16.8,--
2026/1/2 22:26,19.0,59,6.6,99,6.4,6.6,4.7,5.0,131,939.3,1008.0,0.0,0,0.8,16.8,16.4,16.9,16.8,16.8,--
2026/1/2 22:27,19.0,60,6.7,99,6.5,6.7,0.0,3.2,121,939.4,1008.1,0.0,0,0.8,16.8,16.4,16.9,16.8,16.8,--
2026/1/2 22:28,19.0,60,6.7,99,6.5,6.7,0.0,2.5,197,939.5,1008.2,0.0,0,0.2,16.8,16.4,16.9,16.8,16.8,--
2026/1/2 22:29,19.0,60,6.7,99,6.5,6.7,0.0,0.0,191,939.3,1008.0,0.0,0,0.2,16.8,16.4,16.9,16.8,16.8,--
2026/1/2 22:30,19.0,60,6.8,99,6.6,6.8,2.5,2.9,137,939.5,1008.2,0.0,0,0.3,16.9,16.5,17.0,16.9,16.9,--
2026/1/2 22:31,19.0,60,6.8,99,6.6,6.8,2.5,4.3,97,939.5,1008.2,0.0,0,0.3,16.9,16.5,17.0,16.9,16.9,--
2026/1/2 22:32,19.0,60,6.8,99,6.6,6.8,4.7,5.0,108,939.4,1008.1,0.0,0,0.3,16.9,16.5,17.0,16.9,16.9,--
2026/1/2 22:33,19.0,60,6.8,99,6.6,6.1,5.0,6.5,103,939.4,1008.1,0.0,0,0.3,16.9,16.5,17.0,16.9,16.9,--
2026/1/2 22:34,19.0,60,6.8,99,6.6,6.8,3.6,4.3,113,939.3,1008.0,0.0,0,0.3,16.9,16.5,17.0,16.9,16.9,--
2026/1/2 22:35,19.0,60,6.8,99,6.6,6.8,2.9,5.0,115,939.3,1008.0,0.0,0,0.3,16.9,16.5,17.0,16.9,16.9,--
2026/1/2 22:36,19.0,60,6.8,99,6.6,6.8,2.2,2.9,85,939.5,1008.2,0.0,0,0.3,16.9,16.5,17.0,16.9,16.9,--
2026/1/2 22:37,19.0,60,6.8,99,6.6,6.8,2.9,4.0,101,939.3,1008.0,0.0,0,0.4,17.0,16.6,17.1,17.0,17.0,--
2026/1/2 22:38,19.0,60,6.8,99,6.6,6.8,2.5,2.5,82,939.2,1007.9,0.0,0,0.4,17.0,16.6,17.1,17.0,17.0,--
2026/1/2 22:39,19.0,60,6.8,99,6.6,6.8,3.6,4.7,87,939.2,1007.9,0.0,0,0.4,17.0,16.6,17.1,17.0,17.0,--
2026/1/2 22:40,19.0,60,6.8,99,6.6,6.0,5.4,5.8,101,939.2,1007.9,0.0,0,0.4,17.0,16.6,17.1,17.0,17.0,--
2026/1/2 22:41,19.0,60,6.8,99,6.6,6.8,0.0,2.9,185,939.2,1007.9,0.0,0,0.4,17.0,16.6,17.1,17.0,17.0,--
2026/1/2 22:42,19.0,60,6.9,99,6.7,6.9,0.0,1.8,140,939.3,1008.0,0.0,0,0.4,17.0,16.6,17.1,17.0,17.0,--
2026/1/2 22:43,19.0,60,6.9,99,6.7,6.9,0.0,2.2,138,939.2,1007.9,0.0,0,0.4,17.0,16.6,17.1,17.0,17.0,--
2026/1/2 22:44,19.0,60,6.9,99,6.7,6.9,0.0,0.0,219,939.3,1008.0,0.0,0,0.4,17.0,16.6,17.1,17.0,17.0,--
2026/1/2 22:45,19.1,60,6.9,99,6.7,6.9,2.2,2.5,53,939.3,1008.0,0.0,0,0.4,17.0,16.6,17.1,17.0,17.0,--
2026/1/2 22:46,19.0,60,6.9,99,6.7,6.9,0.0,0.0,58,939.3,1008.0,0.0,0,0.4,17.0,16.6,17.1,17.0,17.0,--
2026/1/2 22:47,19.1,60,6.9,99,6.7,6.9,2.2,2.9,99,939.4,1008.1,0.0,0,0.4,17.0,16.6,17.1,17.0,17.0,--
2026/1/2 22:48,19.1,61,6.9,99,6.7,6.9,2.5,2.9,52,939.4,1008.1,0.0,0,0.4,17.0,16.6,17.1,17.0,17.0,--
2026/1/2 22:49,19.1,62,6.9,99,6.7,6.9,0.0,2.2,69,939.3,1008.0,0.0,0,0.4,17.0,16.6,17.1,17.0,17.0,--
2026/1/2 22:50,19.1,61,6.8,99,6.6,6.8,2.5,2.5,61,939.3,1008.0,0.0,0,0.4,17.0,16.6,17.1,17.0,17.0,--
2026/1/2 22:51,19.1,61,6.8,99,6.6,6.8,2.2,2.9,95,939.2,1007.9,0.0,0,0.4,17.0,16.6,17.1,17.0,17.0,--
2026/1/2 22:52,19.1,62,6.8,99,6.6,6.8,2.2,2.5,112,939.4,1008.1,0.0,0,0.4,17.0,16.6,17.1,17.0,17.0,--
2026/1/2 22:53,19.1,62,6.8,99,6.6,6.8,2.2,2.5,109,939.3,1008.0,0.0,0,0.5,17.1,16.7,17.2,17.1,17.1,--
2026/1/2 22:54,19.2,62,6.8,99,6.6,6.8,2.2,2.5,96,939.4,1008.1,0.0,0,0.5,17.1,16.7,17.2,17.1,17.1,--
2026/1/2 22:55,19.2,62,6.7,99,6.5,6.7,2.2,2.5,93,939.4,1008.1,0.0,0,0.5,17.1,16.7,17.2,17.1,17.1,--
2026/1/2 22:56,19.2,63,6.7,99,6.5,6.7,2.5,2.5,93,939.3,1008.0,0.0,0,0.5,17.1,16.7,17.2,17.1,17.1,--
2026/1/2 22:57,19.2,63,6.7,99,6.5,6.7,2.9,2.9,118,939.3,1008.0,0.0,0,0.5,17.1,16.7,17.2,17.1,17.1,--
2026/1/2 22:58,19.2,63,6.7,99,6.5,6.7,1.8,2.2,120,939.3,1008.0,0.0,0,0.5,17.1,16.7,17.2,17.1,17.1,--
2026/1/2 22:59,19.1,62,6.7,99,6.5,6.7,0.0,0.0,135,939.3,1008.0,0.0,0,0.5,17.1,16.7,17.2,17.1,17.1,--
2026/1/2 23:00,19.1,62,6.7,99,6.5,6.7,0.0,0.0,206,939.3,1008.0,0.0,0,0.5,17.1,16.7,17.2,17.1,17.1,--
2026/1/2 23:01,19.1,63,6.6,99,6.4,6.6,0.0,0.0,135,939.3,1008.0,0.0,0,0.5,17.1,16.7,17.2,17.1,17.1,--
2026/1/2 23:02,19.1,63,6.6,99,6.4,6.6,1.8,1.8,66,939.3,1008.0,0.0,0,0.5,17.1,16.7,17.2,17.1,17.1,--
2026/1/2 23:03,19.1,63,6.6,99,6.4,6.6,2.9,2.9,92,939.2,1007.9,0.0,0,0.6,17.2,16.8,17.3,17.2,17.2,--
2026/1/2 23:04,19.1,63,6.6,99,6.4,6.6,3.6,3.6,105,939.3,1008.0,0.0,0,0.6,17.2,16.8,17.3,17.2,17.2,--
2026/1/2 23:05,19.1,63,6.6,99,6.4,6.6,2.5,3.2,92,939.2,1007.9,0.0,0,0.6,17.2,16.8,17.3,17.2,17.2,--
2026/1/2 23:06,19.1,63,6.6,99,6.4,6.6,2.2,2.9,103,939.2,1007.9,0.0,0,0.6,17.2,16.8,17.3,17.2,17.2,--
2026/1/2 23:07,19.1,63,6.6,99,6.4,6.6,2.5,2.9,108,939.1,1007.8,0.0,0,0.6,17.2,16.8,17.3,17.2,17.2,--
2026/1/2 23:08,19.1,63,6.6,99,6.4,6.6,2.2,2.9,89,939.1,1007.8,0.0,0,0.7,17.3,16.9,17.4,17.3,17.3,--
2026/1/2 23:09,19.1,63,6.6,99,6.4,6.6,1.8,2.5,127,939.2,1007.9,0.0,0,0.7,17.3,16.9,17.4,17.3,17.3,--
2026/1/2 23:10,19.1,63,6.6,99,6.4,6.6,0.0,0.0,147,939.1,1007.8,0.0,0,0.7,17.3,16.9,17.4,17.3,17.3,--
2026/1/2 23:11,19.0,63,6.6,99,6.4,6.6,1.8,2.5,72,939.4,1008.1,0.0,0,0.7,17.3,16.9,17.4,17.3,17.3,--
2026/1/2 23:12,19.1,63,6.6,99,6.4,6.6,2.9,4.3,94,939.1,1007.8,0.0,0,0.7,17.3,16.9,17.4,17.3,17.3,--
2026/1/2 23:13,19.1,63,6.6,99,6.4,6.6,3.2,4.7,106,939.2,1007.9,0.0,0,0.7,17.4,17.0,17.5,17.4,17.4,--
2026/1/2 23:14,19.1,63,6.6,99,6.4,6.6,4.0,4.3,96,939.2,1007.9,0.0,0,0.7,17.4,17.0,17.5,17.4,17.4,--
2026/1/2 23:15,19.1,63,6.6,99,6.4,6.6,1.8,2.2,107,939.2,1007.9,0.0,0,0.7,17.4,17.0,17.5,17.4,17.4,--
2026/1/2 23:16,19.1,63,6.6,99,6.4,6.6,0.0,2.2,148,939.2,1007.9,0.0,0,0.7,17.4,17.0,17.5,17.4,17.4,--
2026/1/2 23:17,19.1,63,6.6,99,6.4,6.6,2.2,2.5,76,939.3,1008.0,0.0,0,0.7,17.4,17.0,17.5,17.4,17.4,--
2026/1/2 23:18,19.1,63,6.6,99,6.4,5.9,5.0,6.1,100,939.1,1007.8,0.0,0,0.6,17.4,17.0,17.5,17.4,17.4,--
2026/1/2 23:19,19.1,63,6.6,99,6.4,6.6,2.9,3.6,82,939.1,1007.8,0.0,0,0.7,17.5,17.1,17.6,17.5,17.5,--
2026/1/2 23:20,19.1,63,6.6,99,6.4,6.6,3.6,4.7,104,939.0,1007.7,0.0,0,0.7,17.5,17.1,17.6,17.5,17.5,--
2026/1/2 23:21,19.1,63,6.6,99,6.4,6.6,2.9,4.7,99,939.0,1007.7,0.0,0,0.7,17.5,17.1,17.6,17.5,17.5,--
2026/1/2 23:22,19.1,63,6.7,99,6.5,6.7,3.6,4.3,110,939.1,1007.8,0.0,0,0.7,17.5,17.1,17.6,17.5,17.5,--
2026/1/2 23:23,19.1,63,6.7,99,6.5,6.7,3.6,4.0,103,939.0,1007.7,0.0,0,0.7,17.5,17.1,17.6,17.5,17.5,--
2026/1/2 23:24,19.1,63,6.7,99,6.5,6.7,2.9,3.2,103,939.1,1007.8,0.0,0,0.7,17.5,17.1,17.6,17.5,17.5,--
2026/1/2 23:25,19.1,63,6.7,99,6.5,5.7,6.1,6.1,104,939.1,1007.8,0.0,0,0.7,17.5,17.1,17.6,17.5,17.5,--
2026/1/2 23:26,19.1,63,6.7,99,6.5,6.7,3.6,6.1,97,939.1,1007.8,0.0,0,0.7,17.5,17.1,17.6,17.5,17.5,--
2026/1/2 23:27,19.1,63,6.7,99,6.5,5.9,5.4,5.4,107,939.0,1007.7,0.0,0,0.7,17.5,17.1,17.6,17.5,17.5,--
2026/1/2 23:28,19.1,63,6.8,99,6.6,6.1,5.0,6.1,103,939.0,1007.7,0.0,0,0.6,17.5,17.1,17.6,17.5,17.5,--
2026/1/2 23:29,19.1,63,6.8,99,6.6,6.0,5.4,5.4,119,939.1,1007.8,0.0,0,0.6,17.5,17.1,17.6,17.5,17.5,--
2026/1/2 23:30,19.1,63,6.8,99,6.6,6.8,0.0,2.2,89,939.0,1007.7,0.0,0,0.6,17.5,17.1,17.6,17.5,17.5,--
2026/1/2 23:31,19.1,63,6.8,99,6.6,6.8,1.8,1.8,180,938.9,1007.6,0.0,0,0.6,17.5,17.1,17.6,17.5,17.5,--
2026/1/2 23:32,19.1,63,6.8,99,6.6,6.8,0.0,1.8,229,939.1,1007.8,0.0,0,0.6,17.5,17.1,17.6,17.5,17.5,--
2026/1/2 23:33,19.1,63,6.8,99,6.6,6.8,2.2,2.2,97,938.9,1007.6,0.0,0,0.5,17.5,17.1,17.6,17.5,17.5,--
2026/1/2 23:34,19.1,63,6.8,99,6.6,6.8,0.0,0.0,103,938.9,1007.6,0.0,0,0.5,17.5,17.1,17.6,17.5,17.5,--
2026/1/2 23:35,19.1,63,6.8,99,6.6,6.8,0.0,0.0,38,938.9,1007.6,0.0,0,0.5,17.5,17.1,17.6,17.5,17.5,--
2026/1/2 23:36,19.1,63,6.8,99,6.6,6.8,0.0,0.0,118,939.1,1007.8,0.0,0,0.5,17.5,17.1,17.6,17.5,17.5,--
2026/1/2 23:37,19.1,62,6.7,99,6.5,6.7,0.0,0.0,84,939.0,1007.7,0.0,0,0.5,17.5,17.1,17.6,17.5,17.5,--
2026/1/2 23:38,19.2,62,6.7,99,6.5,6.7,0.0,0.0,113,939.0,1007.7,0.0,0,0.5,17.5,17.1,17.6,17.5,17.5,--
2026/1/2 23:39,19.1,63,6.7,99,6.5,6.7,0.0,0.0,66,939.0,1007.7,0.0,0,0.5,17.5,17.1,17.6,17.5,17.5,--
2026/1/2 23:40,19.1,62,6.7,99,6.5,6.7,3.2,3.2,36,938.9,1007.6,0.0,0,0.6,17.6,17.2,17.7,17.6,17.6,--
2026/1/2 23:41,19.1,62,6.7,99,6.5,6.7,2.9,3.2,28,939.0,1007.7,0.0,0,0.6,17.6,17.2,17.7,17.6,17.6,--
2026/1/2 23:42,19.1,62,6.7,99,6.5,6.7,0.0,1.8,29,938.9,1007.6,0.0,0,0.6,17.6,17.2,17.7,17.6,17.6,--
2026/1/2 23:43,19.1,62,6.7,99,6.5,6.7,0.0,0.0,34,938.8,1007.5,0.0,0,0.6,17.6,17.2,17.7,17.6,17.6,--
2026/1/2 23:44,19.1,62,6.6,99,6.4,6.6,0.0,0.0,34,939.0,1007.7,0.0,0,0.6,17.6,17.2,17.7,17.6,17.6,--
2026/1/2 23:45,19.1,62,6.6,99,6.4,6.6,1.8,2.5,45,939.0,1007.7,0.0,0,0.6,17.6,17.2,17.7,17.6,17.6,--
2026/1/2 23:46,19.1,62,6.6,99,6.4,6.6,0.0,0.0,81,938.9,1007.6,0.0,0,0.6,17.6,17.2,17.7,17.6,17.6,--
2026/1/2 23:47,19.1,62,6.6,99,6.4,6.6,0.0,1.8,131,938.9,1007.6,0.0,0,0.6,17.6,17.2,17.7,17.6,17.6,--
2026/1/2 23:48,19.1,62,6.6,99,6.4,6.6,2.2,2.5,99,938.9,1007.6,0.0,0,0.6,17.6,17.2,17.7,17.6,17.6,--
2026/1/2 23:49,19.1,62,6.6,99,6.4,6.6,1.8,2.2,82,938.9,1007.6,0.0,0,0.6,17.6,17.2,17.7,17.6,17.6,--
2026/1/2 23:50,19.1,62,6.6,99,6.4,6.6,2.2,2.5,50,938.8,1007.5,0.0,0,0.6,17.6,17.2,17.7,17.6,17.6,--
2026/1/2 23:51,19.1,62,6.6,99,6.4,6.6,2.2,2.2,58,938.9,1007.6,0.0,0,0.6,17.6,17.2,17.7,17.6,17.6,--
2026/1/2 23:52,19.1,62,6.7,99,6.5,6.7,0.0,0.0,55,938.9,1007.6,0.0,0,0.6,17.6,17.2,17.7,17.6,17.6,--
2026/1/2 23:53,19.1,62,6.7,99,6.5,6.7,1.8,1.8,93,938.8,1007.5,0.0,0,0.5,17.6,17.2,17.7,17.6,17.6,--
2026/1/2 23:54,19.2,62,6.7,99,6.5,6.7,0.0,1.8,55,938.7,1007.4,0.0,0,0.5,17.6,17.2,17.7,17.6,17.6,--
2026/1/2 23:55,19.2,62,6.7,99,6.5,6.7,0.0,0.0,103,938.8,1007.5,0.0,0,0.5,17.6,17.2,17.7,17.6,17.6,--
2026/1/2 23:56,19.2,62,6.7,99,6.5,6.7,0.0,0.0,103,938.6,1007.3,0.0,0,0.5,17.6,17.2,17.7,17.6,17.6,--
2026/1/2 23:57,19.2,62,6.7,99,6.5,6.7,0.0,0.0,103,938.9,1007.6,0.0,0,0.5,17.6,17.2,17.7,17.6,17.6,--
2026/1/2 23:58,19.2,62,6.7,99,6.5,6.7,1.8,2.9,39,938.7,1007.4,0.0,0,0.5,17.6,17.2,17.7,17.6,17.6,--
2026/1/2 23:59,19.2,62,6.7,99,6.5,6.7,2.2,2.5,56,938.6,1007.3,0.0,0,0.5,17.6,17.2,17.7,17.6,17.6,--
2026/1/2 23:59,19.2,62,6.7,99,6.5,6.7,0.0,2.2,55,938.6,1007.3,0.0,0,0.5,17.6,17.2,17.7,17.6,17.6,--
2026/1/3 0:00,19.2,62,6.7,99,6.5,6.7,0.0,2.2,55,938.6,1007.3,0.0,0,0.5,17.6,0.0,17.7,17.6,17.6,--
2026/1/3 0:01,19.2,62,6.7,99,6.5,6.7,0.0,0.0,69,938.6,1007.3,0.0,0,0.5,17.6,0.0,17.7,17.6,17.6,--
2026/1/3 0:02,19.2,62,6.7,99,6.5,6.7,0.0,1.8,134,938.5,1007.2,0.0,0,0.5,17.6,0.0,17.7,17.6,17.6,--
2026/1/3 0:03,19.2,62,6.7,99,6.5,6.7,0.0,0.0,124,938.5,1007.2,0.0,0,0.4,17.6,0.0,17.7,17.6,17.6,--
2026/1/3 0:04,19.2,62,6.7,99,6.5,6.7,0.0,0.0,119,938.5,1007.2,0.0,0,0.4,17.6,0.0,17.7,17.6,17.6,--
2026/1/3 0:05,19.2,62,6.7,99,6.5,6.7,0.0,1.8,82,938.6,1007.3,0.0,0,0.4,17.6,0.0,17.7,17.6,17.6,--
2026/1/3 0:06,19.2,62,6.7,99,6.5,6.7,2.2,2.9,89,938.6,1007.3,0.0,0,0.4,17.6,0.0,17.7,17.6,17.6,--
2026/1/3 0:07,19.2,62,6.7,99,6.5,6.7,1.8,2.2,79,938.5,1007.2,0.0,0,0.4,17.6,0.0,17.7,17.6,17.6,--
2026/1/3 0:08,19.2,62,6.7,99,6.5,6.7,2.5,2.9,103,938.4,1007.1,0.0,0,0.3,17.6,0.0,17.7,17.6,17.6,--
2026/1/3 0:09,19.2,62,6.7,99,6.5,6.7,0.0,2.5,107,938.8,1007.5,0.0,0,0.3,17.6,0.0,17.7,17.6,17.6,--
2026/1/3 0:10,19.3,62,6.7,99,6.5,6.7,2.2,2.5,104,938.5,1007.2,0.0,0,0.4,17.7,0.1,17.8,17.7,17.7,--
2026/1/3 0:11,19.2,62,6.7,99,6.5,6.7,0.0,2.2,89,938.7,1007.4,0.0,0,0.4,17.7,0.1,17.8,17.7,17.7,--
2026/1/3 0:12,19.2,62,6.7,99,6.5,6.7,0.0,2.9,66,938.5,1007.2,0.0,0,0.4,17.7,0.1,17.8,17.7,17.7,--
2026/1/3 0:13,19.2,62,6.7,99,6.5,6.7,0.0,2.2,89,938.6,1007.3,0.0,0,0.4,17.8,0.2,17.9,17.8,17.8,--
2026/1/3 0:14,19.3,62,6.7,99,6.5,6.7,2.5,2.5,94,938.6,1007.3,0.0,0,0.4,17.8,0.2,17.9,17.8,17.8,--
2026/1/3 0:15,19.3,62,6.7,99,6.5,6.7,1.8,1.8,85,938.6,1007.3,0.0,0,0.4,17.8,0.2,17.9,17.8,17.8,--
2026/1/3 0:16,19.3,62,6.7,99,6.5,6.7,0.0,1.8,136,938.6,1007.3,0.0,0,0.4,17.8,0.2,17.9,17.8,17.8,--
2026/1/3 0:17,19.3,62,6.7,99,6.5,6.7,0.0,1.8,113,938.6,1007.3,0.0,0,0.5,17.9,0.3,18.0,17.9,17.9,--
2026/1/3 0:18,19.3,62,6.6,99,6.4,6.6,0.0,0.0,101,938.7,1007.4,0.0,0,0.4,17.9,0.3,18.0,17.9,17.9,--
2026/1/3 0:19,19.3,62,6.6,99,6.4,6.6,0.0,1.8,95,938.7,1007.4,0.0,0,0.4,17.9,0.3,18.0,17.9,17.9,--
2026/1/3 0:20,19.3,62,6.6,99,6.4,6.6,0.0,0.0,99,938.7,1007.4,0.0,0,0.4,17.9,0.3,18.0,17.9,17.9,--
2026/1/3 0:21,19.3,62,6.6,99,6.4,6.6,1.8,2.2,101,938.6,1007.3,0.0,0,0.4,17.9,0.3,18.0,17.9,17.9,--
2026/1/3 0:22,19.3,62,6.6,99,6.4,6.6,1.8,1.8,80,938.6,1007.3,0.0,0,0.4,17.9,0.3,18.0,17.9,17.9,--
2026/1/3 0:23,19.3,62,6.6,99,6.4,6.6,2.2,2.5,88,938.5,1007.2,0.0,0,0.5,18.0,0.4,18.1,18.0,18.0,--
2026/1/3 0:24,19.3,62,6.6,99,6.4,6.6,0.0,0.0,76,938.6,1007.3,0.0,0,0.5,18.0,0.4,18.1,18.0,18.0,--
2026/1/3 0:25,19.3,62,6.6,99,6.4,6.6,0.0,0.0,135,938.5,1007.2,0.0,0,0.5,18.0,0.4,18.1,18.0,18.0,--
2026/1/3 0:26,19.3,62,6.6,99,6.4,6.6,0.0,0.0,135,938.8,1007.5,0.0,0,0.5,18.0,0.4,18.1,18.0,18.0,--
2026/1/3 0:27,19.3,62,6.6,99,6.4,6.6,0.0,0.0,73,938.7,1007.4,0.0,0,0.6,18.1,0.5,18.2,18.1,18.1,--
2026/1/3 0:28,19.3,62,6.6,99,6.4,6.6,2.2,2.2,72,938.6,1007.3,0.0,0,0.6,18.1,0.5,18.2,18.1,18.1,--
2026/1/3 0:29,19.3,62,6.6,99,6.4,6.6,3.2,3.6,87,938.7,1007.4,0.0,0,0.6,18.1,0.5,18.2,18.1,18.1,--
2026/1/3 0:30,19.3,62,6.6,99,6.4,6.6,2.9,2.9,87,938.7,1007.4,0.0,0,0.7,18.2,0.6,18.3,18.2,18.2,--
2026/1/3 0:31,19.3,62,6.6,99,6.4,6.6,2.2,2.5,97,938.7,1007.4,0.0,0,0.7,18.2,0.6,18.3,18.2,18.2,--
2026/1/3 0:32,19.3,62,6.6,99,6.4,6.6,1.8,1.8,104,938.7,1007.4,0.0,0,0.7,18.2,0.6,18.3,18.2,18.2,--
2026/1/3 0:33,19.3,62,6.6,99,6.4,6.6,0.0,2.2,114,938.7,1007.4,0.0,0,0.8,18.3,0.7,18.4,18.3,18.3,--
2026/1/3 0:34,19.3,62,6.6,99,6.4,6.6,0.0,1.8,112,938.5,1007.2,0.0,0,0.8,18.3,0.7,18.4,18.3,18.3,--
2026/1/3 0:35,19.3,62,6.6,99,6.4,6.6,0.0,0.0,113,938.5,1007.2,0.0,0,0.9,18.4,0.8,18.5,18.4,18.4,--
2026/1/3 0:36,19.3,63,6.6,99,6.4,6.6,0.0,0.0,113,938.6,1007.3,0.0,0,0.9,18.4,0.8,18.5,18.4,18.4,--
2026/1/3 0:37,19.3,63,6.6,99,6.4,6.6,0.0,1.8,102,938.7,1007.4,0.0,0,1.0,18.5,0.9,18.6,18.5,18.5,--
2026/1/3 0:38,19.3,63,6.6,99,6.4,6.6,0.0,0.0,89,938.4,1007.1,0.0,0,0.9,18.5,0.9,18.6,18.5,18.5,--
2026/1/3 0:39,19.3,63,6.6,99,6.4,6.6,0.0,2.2,135,938.5,1007.2,0.0,0,0.9,18.5,0.9,18.6,18.5,18.5,--
2026/1/3 0:40,19.3,63,6.6,99,6.4,6.6,0.0,0.0,120,938.5,1007.2,0.0,0,0.9,18.5,0.9,18.6,18.5,18.5,--
2026/1/3 0:41,19.3,63,6.6,99,6.4,6.6,0.0,0.0,145,938.7,1007.4,0.0,0,0.9,18.5,0.9,18.6,18.5,18.5,--
2026/1/3 0:42,19.3,63,6.7,99,6.5,6.7,0.0,2.2,143,938.5,1007.2,0.0,0,0.9,18.5,0.9,18.6,18.5,18.5,--
2026/1/3 0:43,19.3,63,6.7,99,6.5,6.7,1.8,3.2,102,938.5,1007.2,0.0,0,0.9,18.5,0.9,18.6,18.5,18.5,--
2026/1/3 0:44,19.3,63,6.7,99,6.5,6.7,1.8,2.2,75,938.4,1007.1,0.0,0,0.9,18.5,0.9,18.6,18.5,18.5,--
2026/1/3 0:45,19.3,63,6.7,99,6.5,6.7,2.9,3.2,98,938.5,1007.2,0.0,0,0.9,18.5,0.9,18.6,18.5,18.5,--
2026/1/3 0:46,19.3,63,6.7,99,6.5,6.7,4.3,4.7,104,938.6,1007.3,0.0,0,0.9,18.5,0.9,18.6,18.5,18.5,--
2026/1/3 0:47,19.3,63,6.8,99,6.6,6.8,4.0,4.7,104,938.6,1007.3,0.0,0,0.9,18.5,0.9,18.6,18.5,18.5,--
2026/1/3 0:48,19.3,63,6.8,99,6.6,6.8,3.2,4.0,126,938.6,1007.3,0.0,0,0.9,18.5,0.9,18.6,18.5,18.5,--
2026/1/3 0:49,19.3,63,6.8,99,6.6,6.8,2.2,2.5,76,938.6,1007.3,0.0,0,0.9,18.5,0.9,18.6,18.5,18.5,--
2026/1/3 0:50,19.3,63,6.8,99,6.6,6.8,2.2,3.2,36,938.5,1007.2,0.0,0,0.9,18.5,0.9,18.6,18.5,18.5,--
2026/1/3 0:51,19.3,63,6.8,99,6.6,6.8,4.0,4.0,99,938.6,1007.3,0.0,0,0.9,18.5,0.9,18.6,18.5,18.5,--
2026/1/3 0:52,19.3,63,6.8,99,6.6,6.8,2.2,2.9,63,938.7,1007.4,0.0,0,0.9,18.5,0.9,18.6,18.5,18.5,--
2026/1/3 0:53,19.3,63,6.8,99,6.6,6.8,3.6,3.6,74,938.6,1007.3,0.0,0,0.9,18.5,0.9,18.6,18.5,18.5,--
2026/1/3 0:54,19.3,63,6.9,99,6.7,6.9,3.6,3.6,80,938.8,1007.5,0.0,0,0.9,18.5,0.9,18.6,18.5,18.5,--
2026/1/3 0:55,19.3,63,6.9,99,6.7,6.9,3.2,3.6,98,938.6,1007.3,0.0,0,0.9,18.5,0.9,18.6,18.5,18.5,--
2026/1/3 0:56,19.3,63,6.8,99,6.6,6.8,2.2,2.9,98,938.6,1007.3,0.0,0,0.9,18.5,0.9,18.6,18.5,18.5,--
2026/1/3 0:57,19.3,63,6.9,99,6.7,6.9,0.0,2.5,104,938.5,1007.2,0.0,0,0.9,18.5,0.9,18.6,18.5,18.5,--
2026/1/3 0:58,19.3,63,6.9,99,6.7,6.9,2.2,2.5,251,938.7,1007.4,0.0,0,0.9,18.5,0.9,18.6,18.5,18.5,--
2026/1/3 0:59,19.3,63,6.8,99,6.6,6.8,0.0,0.0,319,938.6,1007.3,0.0,0,0.9,18.5,0.9,18.6,18.5,18.5,--
2026/1/3 1:00,19.3,63,6.8,99,6.6,6.8,2.5,3.2,325,938.6,1007.3,0.0,0,0.9,18.5,0.9,18.6,18.5,18.5,--
2026/1/3 1:01,19.3,63,6.9,99,6.7,6.9,1.8,3.2,35,938.6,1007.3,0.0,0,1.0,18.6,1.0,18.7,18.6,18.6,--
2026/1/3 1:02,19.3,63,6.8,99,6.6,6.8,2.2,2.2,100,938.6,1007.3,0.0,0,1.0,18.6,1.0,18.7,18.6,18.6,--
2026/1/3 1:03,19.3,63,6.8,99,6.6,6.8,0.0,0.0,119,938.6,1007.3,0.0,0,1.0,18.6,1.0,18.7,18.6,18.6,--
2026/1/3 1:04,19.3,63,6.8,99,6.6,6.8,0.0,0.0,119,938.5,1007.2,0.0,0,1.0,18.6,1.0,18.7,18.6,18.6,--
2026/1/3 1:05,19.3,63,6.8,99,6.6,6.8,1.8,1.8,321,938.4,1007.1,0.0,0,1.0,18.6,1.0,18.7,18.6,18.6,--
2026/1/3 1:06,19.3,63,6.8,99,6.6,6.8,0.0,2.2,347,938.6,1007.3,0.0,0,1.0,18.6,1.0,18.7,18.6,18.6,--
2026/1/3 1:07,19.3,63,6.8,99,6.6,6.8,0.0,0.0,356,938.6,1007.3,0.0,0,1.0,18.6,1.0,18.7,18.6,18.6,--
2026/1/3 1:08,19.3,63,6.7,99,6.5,6.7,0.0,0.0,19,938.5,1007.2,0.0,0,0.9,18.6,1.0,18.7,18.6,18.6,--
2026/1/3 1:09,19.3,63,6.7,99,6.5,6.7,0.0,2.2,14,938.6,1007.3,0.0,0,0.9,18.6,1.0,18.7,18.6,18.6,--
2026/1/3 1:10,19.3,63,6.7,99,6.5,6.7,0.0,0.0,287,938.5,1007.2,0.0,0,0.9,18.6,1.0,18.7,18.6,18.6,--
2026/1/3 1:11,19.3,63,6.7,99,6.5,6.7,0.0,0.0,124,938.6,1007.3,0.0,0,0.9,18.6,1.0,18.7,18.6,18.6,--
2026/1/3 1:12,19.3,63,6.7,99,6.5,6.7,0.0,0.0,102,938.6,1007.3,0.0,0,0.9,18.6,1.0,18.7,18.6,18.6,--
2026/1/3 1:13,19.3,63,6.7,99,6.5,6.7,2.2,2.5,73,938.5,1007.2,0.0,0,0.7,18.6,1.0,18.7,18.6,18.6,--
2026/1/3 1:14,19.3,63,6.7,99,6.5,6.7,0.0,1.8,60,938.7,1007.4,0.0,0,0.7,18.6,1.0,18.7,18.6,18.6,--
2026/1/3 1:15,19.3,63,6.7,99,6.5,6.7,0.0,0.0,44,938.7,1007.4,0.0,0,0.7,18.6,1.0,18.7,18.6,18.6,--
2026/1/3 1:16,19.3,63,6.7,99,6.5,6.7,0.0,1.8,32,938.5,1007.2,0.0,0,0.7,18.6,1.0,18.7,18.6,18.6,--
2026/1/3 1:17,19.3,63,6.7,99,6.5,6.7,2.9,2.9,33,938.6,1007.3,0.0,0,0.7,18.6,1.0,18.7,18.6,18.6,--
2026/1/3 1:18,19.3,63,6.7,99,6.5,6.7,1.8,1.8,32,938.6,1007.3,0.0,0,0.7,18.6,1.0,18.7,18.6,18.6,--
2026/1/3 1:19,19.3,63,6.7,99,6.5,6.7,3.2,3.6,42,938.5,1007.2,0.0,0,0.7,18.6,1.0,18.7,18.6,18.6,--
2026/1/3 1:20,19.3,63,6.7,99,6.5,6.7,1.8,2.2,77,938.6,1007.3,0.0,0,0.7,18.6,1.0,18.7,18.6,18.6,--
2026/1/3 1:21,19.3,63,6.7,99,6.5,6.7,0.0,0.0,76,938.8,1007.5,0.0,0,0.7,18.6,1.0,18.7,18.6,18.6,--
2026/1/3 1:22,19.3,63,6.6,99,6.4,6.6,0.0,0.0,308,938.4,1007.1,0.0,0,0.7,18.6,1.0,18.7,18.6,18.6,--
2026/1/3 1:23,19.3,63,6.6,99,6.4,6.6,0.0,2.5,345,938.6,1007.3,0.0,0,0.5,18.6,1.0,18.7,18.6,18.6,--
2026/1/3 1:24,19.3,63,6.6,99,6.4,6.6,0.0,2.2,45,938.5,1007.2,0.0,0,0.5,18.6,1.0,18.7,18.6,18.6,--
2026/1/3 1:25,19.3,63,6.6,99,6.4,6.6,1.8,2.2,80,938.6,1007.3,0.0,0,0.5,18.6,1.0,18.7,18.6,18.6,--
2026/1/3 1:26,19.3,63,6.6,99,6.4,6.6,2.5,2.9,96,938.7,1007.4,0.0,0,0.5,18.6,1.0,18.7,18.6,18.6,--
2026/1/3 1:27,19.3,63,6.6,99,6.4,6.6,4.0,4.0,92,938.9,1007.6,0.0,0,0.5,18.6,1.0,18.7,18.6,18.6,--
2026/1/3 1:28,19.3,64,6.6,99,6.4,6.6,3.2,4.3,106,938.7,1007.4,0.0,0,0.4,18.6,1.0,18.7,18.6,18.6,--
2026/1/3 1:29,19.3,63,6.6,99,6.4,6.6,3.2,4.3,111,938.6,1007.3,0.0,0,0.4,18.6,1.0,18.7,18.6,18.6,--
2026/1/3 1:30,19.3,64,6.6,99,6.4,6.6,0.0,2.5,127,938.6,1007.3,0.0,0,0.4,18.6,1.0,18.7,18.6,18.6,--
2026/1/3 1:31,19.3,63,6.6,99,6.4,6.6,0.0,0.0,145,938.7,1007.4,0.0,0,0.4,18.6,1.0,18.7,18.6,18.6,--
2026/1/3 1:32,19.3,63,6.6,99,6.4,6.6,0.0,1.8,229,938.7,1007.4,0.0,0,0.4,18.6,1.0,18.7,18.6,18.6,--
2026/1/3 1:33,19.4,63,6.5,99,6.3,6.5,1.8,1.8,26,938.5,1007.2,0.0,0,0.1,18.6,1.0,18.7,18.6,18.6,--
2026/1/3 1:34,19.4,63,6.4,99,6.2,6.4,3.2,3.2,67,938.6,1007.3,0.0,0,0.1,18.6,1.0,18.7,18.6,18.6,--
2026/1/3 1:35,19.3,64,6.4,99,6.2,6.4,3.6,4.0,108,938.5,1007.2,0.0,0,0.1,18.6,1.0,18.7,18.6,18.6,--
2026/1/3 1:36,19.3,64,6.4,99,6.2,6.4,2.9,3.6,99,938.6,1007.3,0.0,0,0.1,18.6,1.0,18.7,18.6,18.6,--
2026/1/3 1:37,19.4,63,6.4,99,6.2,6.4,2.9,3.2,113,938.7,1007.4,0.0,0,0.1,18.6,1.0,18.7,18.6,18.6,--
2026/1/3 1:38,19.3,63,6.4,99,6.2,6.4,2.5,3.6,89,938.6,1007.3,0.0,0,0.1,18.6,1.0,18.7,18.6,18.6,--
2026/1/3 1:39,19.4,64,6.4,99,6.2,5.4,5.8,5.8,113,938.8,1007.5,0.0,0,0.1,18.6,1.0,18.7,18.6,18.6,--
2026/1/3 1:40,19.4,63,6.5,99,6.3,6.5,2.5,3.6,120,938.6,1007.3,0.0,0,0.1,18.6,1.0,18.7,18.6,18.6,--
2026/1/3 1:41,19.3,63,6.4,99,6.2,6.4,0.0,2.2,181,938.5,1007.2,0.0,0,0.1,18.6,1.0,18.7,18.6,18.6,--
2026/1/3 1:42,19.4,64,6.4,99,6.2,6.4,0.0,2.9,229,938.7,1007.4,0.0,0,0.1,18.6,1.0,18.7,18.6,18.6,--
2026/1/3 1:43,19.4,64,6.4,99,6.2,6.4,0.0,1.8,93,938.7,1007.4,0.0,0,0.1,18.6,1.0,18.7,18.6,18.6,--
2026/1/3 1:44,19.4,63,6.3,99,6.1,6.3,1.8,2.9,87,938.7,1007.4,0.0,0,0.1,18.6,1.0,18.7,18.6,18.6,--
2026/1/3 1:45,19.4,64,6.3,99,6.1,6.3,4.0,4.0,43,938.9,1007.6,0.0,0,0.1,18.6,1.0,18.7,18.6,18.6,--
2026/1/3 1:46,19.4,64,6.2,99,6.0,6.2,2.5,3.2,4,938.8,1007.5,0.0,0,0.1,18.6,1.0,18.7,18.6,18.6,--
2026/1/3 1:47,19.4,64,6.2,99,6.0,6.2,0.0,0.0,315,938.6,1007.3,0.0,0,0.1,18.6,1.0,18.7,18.6,18.6,--
2026/1/3 1:48,19.4,63,6.1,99,5.9,6.1,0.0,0.0,293,938.6,1007.3,0.0,0,0.1,18.6,1.0,18.7,18.6,18.6,--
2026/1/3 1:49,19.4,64,6.0,99,5.8,6.0,0.0,0.0,57,938.7,1007.4,0.0,0,0.1,18.6,1.0,18.7,18.6,18.6,--
2026/1/3 1:50,19.4,64,5.9,99,5.7,5.9,2.9,2.9,54,938.6,1007.3,0.0,0,0.1,18.6,1.0,18.7,18.6,18.6,--
2026/1/3 1:51,19.4,64,5.9,99,5.7,5.9,2.2,2.9,88,938.5,1007.2,0.0,0,0.1,18.6,1.0,18.7,18.6,18.6,--
2026/1/3 1:52,19.4,64,5.9,99,5.7,5.9,0.0,1.8,104,938.7,1007.4,0.0,0,0.1,18.6,1.0,18.7,18.6,18.6,--
2026/1/3 1:53,19.4,63,5.8,99,5.6,5.8,0.0,2.2,110,938.6,1007.3,0.0,0,0.1,18.6,1.0,18.7,18.6,18.6,--
2026/1/3 1:54,19.4,64,5.8,99,5.6,5.8,1.8,1.8,77,938.7,1007.4,0.0,0,0.1,18.6,1.0,18.7,18.6,18.6,--
2026/1/3 1:55,19.4,64,5.8,99,5.6,5.8,1.8,1.8,45,938.7,1007.4,0.0,0,0.1,18.6,1.0,18.7,18.6,18.6,--
2026/1/3 1:56,19.4,63,5.8,99,5.6,5.8,0.0,0.0,89,938.6,1007.3,0.0,0,0.1,18.6,1.0,18.7,18.6,18.6,--
2026/1/3 1:57,19.4,64,5.7,99,5.5,5.7,0.0,1.8,54,938.7,1007.4,0.0,0,0.1,18.6,1.0,18.7,18.6,18.6,--
2026/1/3 1:58,19.4,64,5.7,99,5.5,5.7,3.2,4.3,43,938.7,1007.4,0.0,0,0.0,18.6,1.0,18.7,18.6,18.6,--
2026/1/3 1:59,19.4,63,5.6,99,5.4,5.6,2.2,2.5,53,938.6,1007.3,0.0,0,0.0,18.6,1.0,18.7,18.6,18.6,--
2026/1/3 2:00,19.4,64,5.6,99,5.4,5.6,2.2,2.2,29,938.4,1007.1,0.0,0,0.0,18.6,1.0,18.7,18.6,18.6,--
2026/1/3 2:01,19.4,64,5.5,99,5.3,5.5,0.0,1.8,251,938.4,1007.1,0.0,0,0.0,18.6,1.0,18.7,18.6,18.6,--
2026/1/3 2:02,19.4,64,5.4,99,5.2,5.4,1.8,2.2,185,938.8,1007.5,0.0,0,0.0,18.6,1.0,18.7,18.6,18.6,--
2026/1/3 2:03,19.4,64,5.5,99,5.3,5.5,0.0,0.0,219,938.6,1007.3,0.0,0,0.0,18.6,1.0,18.7,18.6,18.6,--
2026/1/3 2:04,19.4,63,5.6,99,5.4,5.6,0.0,0.0,219,938.4,1007.1,0.0,0,0.0,18.6,1.0,18.7,18.6,18.6,--
2026/1/3 2:05,19.4,63,5.6,99,5.4,5.6,0.0,2.2,53,938.6,1007.3,0.0,0,0.0,18.6,1.0,18.7,18.6,18.6,--
2026/1/3 2:06,19.4,63,5.6,99,5.4,5.6,0.0,0.0,55,938.5,1007.2,0.0,0,0.0,18.6,1.0,18.7,18.6,18.6,--
2026/1/3 2:07,19.4,63,5.6,99,5.4,5.6,0.0,1.8,73,938.5,1007.2,0.0,0,0.0,18.6,1.0,18.7,18.6,18.6,--
2026/1/3 2:08,19.4,63,5.6,99,5.4,5.6,2.5,2.5,35,938.6,1007.3,0.0,0,0.0,18.6,1.0,18.7,18.6,18.6,--
2026/1/3 2:09,19.4,63,5.6,99,5.4,5.6,0.0,1.8,28,938.5,1007.2,0.0,0,0.0,18.6,1.0,18.7,18.6,18.6,--
2026/1/3 2:10,19.4,63,5.6,99,5.4,5.6,2.2,3.2,65,938.5,1007.2,0.0,0,0.0,18.6,1.0,18.7,18.6,18.6,--
2026/1/3 2:11,19.4,63,5.7,99,5.5,5.7,3.2,3.2,89,938.5,1007.2,0.0,0,0.0,18.6,1.0,18.7,18.6,18.6,--
2026/1/3 2:12,19.4,63,5.8,99,5.6,5.8,2.5,3.6,111,938.5,1007.2,0.0,0,0.0,18.6,1.0,18.7,18.6,18.6,--
2026/1/3 2:13,19.4,63,5.8,99,5.6,5.8,3.2,4.0,94,938.4,1007.1,0.0,0,0.0,18.6,1.0,18.7,18.6,18.6,--
2026/1/3 2:14,19.4,63,5.8,99,5.6,5.8,2.9,2.9,116,938.4,1007.1,0.0,0,0.0,18.6,1.0,18.7,18.6,18.6,--
2026/1/3 2:15,19.4,63,5.8,99,5.6,5.8,0.0,1.8,142,938.5,1007.2,0.0,0,0.0,18.6,1.0,18.7,18.6,18.6,--
2026/1/3 2:16,19.4,63,5.8,99,5.6,5.8,2.2,2.2,247,938.6,1007.3,0.0,0,0.0,18.6,1.0,18.7,18.6,18.6,--
2026/1/3 2:17,19.4,63,5.8,99,5.6,5.8,2.5,3.2,263,938.6,1007.3,0.0,0,0.0,18.6,1.0,18.7,18.6,18.6,--
2026/1/3 2:18,19.4,63,5.8,99,5.6,5.8,1.8,3.6,237,938.7,1007.4,0.0,0,0.0,18.6,1.0,18.7,18.6,18.6,--
2026/1/3 2:19,19.4,63,5.8,99,5.6,5.8,0.0,2.2,130,938.5,1007.2,0.0,0,0.0,18.6,1.0,18.7,18.6,18.6,--
2026/1/3 2:20,19.4,63,5.8,99,5.6,5.8,0.0,0.0,124,938.8,1007.5,0.0,0,0.0,18.6,1.0,18.7,18.6,18.6,--
2026/1/3 2:21,19.4,63,5.8,99,5.6,5.8,0.0,2.5,26,938.7,1007.4,0.0,0,0.0,18.6,1.0,18.7,18.6,18.6,--
2026/1/3 2:22,19.4,63,5.8,99,5.6,5.8,2.2,3.2,68,938.8,1007.5,0.0,0,0.0,18.6,1.0,18.7,18.6,18.6,--
2026/1/3 2:23,19.4,63,5.8,99,5.6,5.8,2.5,2.9,91,938.6,1007.3,0.0,0,0.0,18.6,1.0,18.7,18.6,18.6,--
2026/1/3 2:24,19.4,63,5.8,99,5.6,5.8,1.8,1.8,188,938.7,1007.4,0.0,0,0.0,18.6,1.0,18.7,18.6,18.6,--
2026/1/3 2:25,19.4,63,5.9,99,5.7,5.9,1.8,1.8,253,938.7,1007.4,0.0,0,0.0,18.6,1.0,18.7,18.6,18.6,--
2026/1/3 2:26,19.4,63,5.9,99,5.7,5.9,0.0,0.0,173,938.7,1007.4,0.0,0,0.0,18.6,1.0,18.7,18.6,18.6,--
2026/1/3 2:27,19.4,63,5.9,99,5.7,5.9,2.5,2.9,34,938.7,1007.4,0.0,0,0.0,18.6,1.0,18.7,18.6,18.6,--
2026/1/3 2:28,19.4,63,5.9,99,5.7,5.9,0.0,1.8,69,938.6,1007.3,0.0,0,0.0,18.6,1.0,18.7,18.6,18.6,--
2026/1/3 2:29,19.4,63,5.9,99,5.7,5.9,0.0,0.0,89,938.7,1007.4,0.0,0,0.0,18.6,1.0,18.7,18.6,18.6,--
2026/1/3 2:30,19.4,63,5.9,99,5.7,5.9,0.0,1.8,66,938.5,1007.2,0.0,0,0.0,18.6,1.0,18.7,18.6,18.6,--
2026/1/3 2:31,19.4,63,5.9,99,5.7,5.9,2.5,2.5,86,938.7,1007.4,0.0,0,0.0,18.6,1.0,18.7,18.6,18.6,--
2026/1/3 2:32,19.4,63,5.9,99,5.7,5.9,2.5,2.5,220,938.7,1007.4,0.0,0,0.0,18.6,1.0,18.7,18.6,18.6,--
2026/1/3 2:33,19.4,63,5.9,99,5.7,5.9,0.0,2.9,217,938.6,1007.3,0.0,0,0.0,18.6,1.0,18.7,18.6,18.6,--
2026/1/3 2:34,19.4,63,6.0,99,5.8,6.0,1.8,3.2,57,938.6,1007.3,0.0,0,0.0,18.6,1.0,18.7,18.6,18.6,--
2026/1/3 2:35,19.4,63,6.0,99,5.8,6.0,3.2,3.6,82,938.6,1007.3,0.0,0,0.0,18.6,1.0,18.7,18.6,18.6,--
2026/1/3 2:36,19.4,63,6.0,99,5.8,6.0,3.2,3.6,108,938.6,1007.3,0.0,0,0.0,18.6,1.0,18.7,18.6,18.6,--
2026/1/3 2:37,19.4,63,6.0,99,5.8,6.0,0.0,1.8,195,938.6,1007.3,0.0,0,0.0,18.6,1.0,18.7,18.6,18.6,--
2026/1/3 2:38,19.4,63,6.0,99,5.8,6.0,2.2,2.9,101,938.7,1007.4,0.0,0,0.0,18.6,1.0,18.7,18.6,18.6,--
2026/1/3 2:39,19.4,63,6.1,99,5.9,6.1,4.7,4.7,79,938.5,1007.2,0.0,0,0.0,18.6,1.0,18.7,18.6,18.6,--
2026/1/3 2:40,19.4,63,6.2,99,6.0,6.2,2.9,4.0,109,938.5,1007.2,0.0,0,0.0,18.6,1.0,18.7,18.6,18.6,--
2026/1/3 2:41,19.4,63,6.2,99,6.0,6.2,2.5,3.2,99,938.7,1007.4,0.0,0,0.0,18.6,1.0,18.7,18.6,18.6,--
2026/1/3 2:42,19.4,63,6.3,99,6.1,6.3,2.5,3.2,95,938.7,1007.4,0.0,0,0.0,18.6,1.0,18.7,18.6,18.6,--
2026/1/3 2:43,19.4,63,6.3,99,6.1,6.3,2.9,4.3,108,938.8,1007.5,0.0,0,0.0,18.6,1.0,18.7,18.6,18.6,--
2026/1/3 2:44,19.4,63,6.3,99,6.1,6.3,2.5,3.2,86,938.7,1007.4,0.0,0,0.0,18.6,1.0,18.7,18.6,18.6,--
2026/1/3 2:45,19.4,63,6.3,99,6.1,6.3,1.8,2.2,101,938.8,1007.5,0.0,0,0.0,18.6,1.0,18.7,18.6,18.6,--
2026/1/3 2:46,19.4,63,6.4,99,6.2,6.4,0.0,0.0,166,938.7,1007.4,0.0,0,0.0,18.6,1.0,18.7,18.6,18.6,--
2026/1/3 2:47,19.4,63,6.3,99,6.1,6.3,0.0,2.2,34,938.6,1007.3,0.0,0,0.0,18.6,1.0,18.7,18.6,18.6,--
2026/1/3 2:48,19.4,63,6.3,99,6.1,6.3,1.8,2.2,314,938.7,1007.4,0.0,0,0.0,18.6,1.0,18.7,18.6,18.6,--
2026/1/3 2:49,19.4,63,6.3,99,6.1,6.3,2.5,3.6,29,938.7,1007.4,0.0,0,0.0,18.6,1.0,18.7,18.6,18.6,--
2026/1/3 2:50,19.4,63,6.3,99,6.1,6.3,3.2,4.3,68,938.6,1007.3,0.0,0,0.0,18.6,1.0,18.7,18.6,18.6,--
2026/1/3 2:51,19.4,63,6.3,99,6.1,5.6,5.0,5.4,65,938.6,1007.3,0.0,0,0.0,18.6,1.0,18.7,18.6,18.6,--
2026/1/3 2:52,19.4,63,6.3,99,6.1,6.3,0.0,3.2,359,938.6,1007.3,0.0,0,0.0,18.6,1.0,18.7,18.6,18.6,--
2026/1/3 2:53,19.4,63,6.3,99,6.1,6.3,4.0,4.0,195,938.5,1007.2,0.0,0,0.0,18.6,1.0,18.7,18.6,18.6,--
2026/1/3 2:54,19.4,63,6.4,99,6.2,6.4,0.0,2.2,202,938.6,1007.3,0.0,0,0.0,18.6,1.0,18.7,18.6,18.6,--
2026/1/3 2:55,19.4,63,6.4,99,6.2,6.4,0.0,1.8,61,938.6,1007.3,0.0,0,0.0,18.6,1.0,18.7,18.6,18.6,--
2026/1/3 2:56,19.4,63,6.5,99,6.3,6.5,3.6,4.3,91,938.6,1007.3,0.0,0,0.0,18.6,1.0,18.7,18.6,18.6,--
2026/1/3 2:57,19.4,63,6.5,99,6.3,6.5,1.8,3.2,99,938.4,1007.1,0.0,0,0.0,18.6,1.0,18.7,18.6,18.6,--
2026/1/3 2:58,19.4,63,6.5,99,6.3,6.5,0.0,0.0,89,938.6,1007.3,0.0,0,0.0,18.6,1.0,18.7,18.6,18.6,--
2026/1/3 2:59,19.4,63,6.5,99,6.3,6.5,0.0,2.5,230,938.5,1007.2,0.0,0,0.0,18.6,1.0,18.7,18.6,18.6,--
2026/1/3 3:00,19.4,63,6.5,99,6.3,6.5,0.0,2.5,263,938.4,1007.1,0.0,0,0.0,18.6,1.0,18.7,18.6,18.6,--
2026/1/3 3:01,19.4,63,6.6,99,6.4,6.6,4.3,4.3,64,938.6,1007.3,0.0,0,0.0,18.6,1.0,18.7,18.6,18.6,--
2026/1/3 3:02,19.4,63,6.6,99,6.4,6.6,2.9,4.0,108,938.5,1007.2,0.0,0,0.0,18.6,1.0,18.7,18.6,18.6,--
2026/1/3 3:03,19.4,64,6.5,99,6.3,6.5,0.0,2.2,99,938.3,1007.0,0.0,0,0.0,18.6,1.0,18.7,18.6,18.6,--
2026/1/3 3:04,19.4,63,6.6,99,6.4,6.6,1.8,2.2,68,938.3,1007.0,0.0,0,0.0,18.6,1.0,18.7,18.6,18.6,--
2026/1/3 3:05,19.4,63,6.6,99,6.4,6.6,2.5,2.9,129,938.4,1007.1,0.0,0,0.0,18.6,1.0,18.7,18.6,18.6,--
2026/1/3 3:06,19.4,63,6.6,99,6.4,6.6,3.6,3.6,110,938.5,1007.2,0.0,0,0.0,18.6,1.0,18.7,18.6,18.6,--
2026/1/3 3:07,19.4,63,6.6,99,6.4,6.6,4.0,4.3,67,938.4,1007.1,0.0,0,0.0,18.6,1.0,18.7,18.6,18.6,--
2026/1/3 3:08,19.4,63,6.6,99,6.4,6.6,2.2,3.2,92,938.3,1007.0,0.0,0,0.0,18.6,1.0,18.7,18.6,18.6,--
2026/1/3 3:09,19.4,63,6.6,99,6.4,6.6,0.0,2.2,132,938.2,1006.9,0.0,0,0.0,18.6,1.0,18.7,18.6,18.6,--
2026/1/3 3:10,19.4,63,6.6,99,6.4,6.6,0.0,0.0,144,938.3,1007.0,0.0,0,0.0,18.6,1.0,18.7,18.6,18.6,--
2026/1/3 3:11,19.4,63,6.6,99,6.4,6.6,0.0,0.0,135,938.2,1006.9,0.0,0,0.0,18.6,1.0,18.7,18.6,18.6,--
2026/1/3 3:12,19.4,63,6.6,99,6.4,6.6,0.0,1.8,116,938.4,1007.1,0.0,0,0.0,18.6,1.0,18.7,18.6,18.6,--
2026/1/3 3:13,19.4,63,6.6,99,6.4,6.6,0.0,2.2,93,938.2,1006.9,0.0,0,0.0,18.6,1.0,18.7,18.6,18.6,--
2026/1/3 3:14,19.4,63,6.5,99,6.3,6.5,0.0,2.2,44,938.1,1006.8,0.0,0,0.0,18.6,1.0,18.7,18.6,18.6,--
2026/1/3 3:15,19.4,63,6.5,99,6.3,6.5,0.0,0.0,72,938.3,1007.0,0.0,0,0.0,18.6,1.0,18.7,18.6,18.6,--
2026/1/3 3:16,19.4,63,6.5,99,6.3,6.5,0.0,2.2,91,938.2,1006.9,0.0,0,0.0,18.6,1.0,18.7,18.6,18.6,--
2026/1/3 3:17,19.4,63,6.5,99,6.3,6.5,2.2,2.2,97,938.2,1006.9,0.0,0,0.0,18.6,1.0,18.7,18.6,18.6,--
2026/1/3 3:18,19.4,63,6.5,99,6.3,6.5,2.5,2.9,88,938.3,1007.0,0.0,0,0.0,18.6,1.0,18.7,18.6,18.6,--
2026/1/3 3:19,19.4,63,6.5,99,6.3,6.5,1.8,2.5,113,938.3,1007.0,0.0,0,0.0,18.6,1.0,18.7,18.6,18.6,--
2026/1/3 3:20,19.4,63,6.4,99,6.2,6.4,0.0,0.0,89,938.2,1006.9,0.0,0,0.0,18.6,1.0,18.7,18.6,18.6,--
2026/1/3 3:21,19.4,63,6.4,99,6.2,6.4,0.0,0.0,29,938.3,1007.0,0.0,0,0.0,18.6,1.0,18.7,18.6,18.6,--
2026/1/3 3:22,19.4,63,6.4,99,6.2,6.4,0.0,0.0,44,938.3,1007.0,0.0,0,0.0,18.6,1.0,18.7,18.6,18.6,--
2026/1/3 3:23,19.5,63,6.4,99,6.2,6.4,0.0,1.8,36,938.1,1006.8,0.0,0,0.0,18.6,1.0,18.7,18.6,18.6,--
2026/1/3 3:24,19.5,63,6.5,99,6.3,6.5,1.8,2.5,125,938.2,1006.9,0.0,0,0.0,18.6,1.0,18.7,18.6,18.6,--
2026/1/3 3:25,19.5,63,6.5,99,6.3,6.5,0.0,0.0,202,938.2,1006.9,0.0,0,0.0,18.6,1.0,18.7,18.6,18.6,--
2026/1/3 3:26,19.5,63,6.5,99,6.3,6.5,0.0,2.2,66,938.3,1007.0,0.0,0,0.0,18.6,1.0,18.7,18.6,18.6,--
2026/1/3 3:27,19.5,63,6.6,99,6.4,6.6,2.9,3.2,73,938.2,1006.9,0.0,0,0.0,18.6,1.0,18.7,18.6,18.6,--
2026/1/3 3:28,19.5,63,6.6,99,6.4,6.6,4.3,4.3,81,938.2,1006.9,0.0,0,0.0,18.6,1.0,18.7,18.6,18.6,--
2026/1/3 3:29,19.5,63,6.6,99,6.4,6.6,3.2,3.6,88,938.1,1006.8,0.0,0,0.0,18.6,1.0,18.7,18.6,18.6,--
2026/1/3 3:30,19.5,63,6.6,99,6.4,6.6,2.5,4.0,105,938.2,1006.9,0.0,0,0.0,18.6,1.0,18.7,18.6,18.6,--
2026/1/3 3:31,19.5,63,6.7,99,6.5,6.7,2.5,2.9,85,938.1,1006.8,0.0,0,0.0,18.6,1.0,18.7,18.6,18.6,--
2026/1/3 3:32,19.5,63,6.7,99,6.5,6.7,2.5,2.9,68,938.2,1006.9,0.0,0,0.0,18.6,1.0,18.7,18.6,18.6,--
2026/1/3 3:33,19.4,63,6.7,99,6.5,6.7,1.8,1.8,188,938.1,1006.8,0.0,0,0.0,18.6,1.0,18.7,18.6,18.6,--
2026/1/3 3:34,19.4,63,6.7,99,6.5,6.7,0.0,1.8,236,938.2,1006.9,0.0,0,0.0,18.6,1.0,18.7,18.6,18.6,--
2026/1/3 3:35,19.4,63,6.7,99,6.5,6.7,0.0,1.8,0,938.1,1006.8,0.0,0,0.0,18.6,1.0,18.7,18.6,18.6,--
2026/1/3 3:36,19.4,63,6.7,99,6.5,6.7,2.5,3.2,44,938.2,1006.9,0.0,0,0.0,18.6,1.0,18.7,18.6,18.6,--
2026/1/3 3:37,19.4,63,6.7,99,6.5,6.7,2.9,3.6,87,938.0,1006.7,0.0,0,0.0,18.6,1.0,18.7,18.6,18.6,--
2026/1/3 3:38,19.4,63,6.7,99,6.5,6.7,1.8,2.9,75,938.2,1006.9,0.0,0,0.0,18.6,1.0,18.7,18.6,18.6,--
2026/1/3 3:39,19.4,63,6.7,99,6.5,6.7,0.0,2.2,55,938.3,1007.0,0.0,0,0.0,18.6,1.0,18.7,18.6,18.6,--
2026/1/3 3:40,19.4,63,6.7,99,6.5,6.7,1.8,1.8,316,938.2,1006.9,0.0,0,0.0,18.6,1.0,18.7,18.6,18.6,--
2026/1/3 3:41,19.4,63,6.7,99,6.5,6.7,0.0,2.2,259,938.1,1006.8,0.0,0,0.0,18.6,1.0,18.7,18.6,18.6,--
2026/1/3 3:42,19.4,63,6.7,99,6.5,6.7,3.6,3.6,24,938.2,1006.9,0.0,0,0.0,18.6,1.0,18.7,18.6,18.6,--
2026/1/3 3:43,19.4,63,6.7,99,6.5,6.7,3.2,4.0,41,938.2,1006.9,0.0,0,0.0,18.6,1.0,18.7,18.6,18.6,--
2026/1/3 3:44,19.4,63,6.7,99,6.5,6.7,3.6,4.3,47,938.3,1007.0,0.0,0,0.0,18.6,1.0,18.7,18.6,18.6,--
2026/1/3 3:45,19.4,63,6.7,99,6.5,6.7,4.0,4.3,73,938.0,1006.7,0.0,0,0.0,18.6,1.0,18.7,18.6,18.6,--
2026/1/3 3:46,19.4,63,6.7,99,6.5,6.7,3.6,4.0,76,937.9,1006.6,0.0,0,0.0,18.6,1.0,18.7,18.6,18.6,--
2026/1/3 3:47,19.4,63,6.8,99,6.6,6.8,4.3,4.3,79,938.0,1006.7,0.0,0,0.0,18.6,1.0,18.7,18.6,18.6,--
2026/1/3 3:48,19.4,63,6.8,99,6.6,6.8,0.0,3.2,98,938.0,1006.7,0.0,0,0.0,18.6,1.0,18.7,18.6,18.6,--
2026/1/3 3:49,19.4,63,6.8,99,6.6,6.8,4.0,4.0,236,938.0,1006.7,0.0,0,0.0,18.6,1.0,18.7,18.6,18.6,--
2026/1/3 3:50,19.4,63,6.8,99,6.6,6.8,2.2,2.9,212,937.9,1006.6,0.0,0,0.0,18.6,1.0,18.7,18.6,18.6,--
2026/1/3 3:51,19.4,63,6.9,99,6.7,6.9,1.8,2.2,75,938.0,1006.7,0.0,0,0.0,18.6,1.0,18.7,18.6,18.6,--
2026/1/3 3:52,19.4,63,6.9,99,6.7,6.9,1.8,2.2,114,938.0,1006.7,0.0,0,0.0,18.6,1.0,18.7,18.6,18.6,--
2026/1/3 3:53,19.4,63,6.9,99,6.7,6.9,0.0,3.2,161,938.0,1006.7,0.0,0,0.0,18.6,1.0,18.7,18.6,18.6,--
2026/1/3 3:54,19.4,63,6.9,99,6.7,6.9,2.2,2.9,42,938.0,1006.7,0.0,0,0.0,18.6,1.0,18.7,18.6,18.6,--
2026/1/3 3:55,19.4,63,6.9,99,6.7,6.9,2.5,2.5,39,938.1,1006.8,0.0,0,0.0,18.6,1.0,18.7,18.6,18.6,--
2026/1/3 3:56,19.4,63,6.8,99,6.6,6.8,0.0,0.0,348,938.1,1006.8,0.0,0,0.0,18.6,1.0,18.7,18.6,18.6,--
2026/1/3 3:57,19.4,63,6.8,99,6.6,6.8,4.7,4.7,18,938.1,1006.8,0.0,0,0.0,18.6,1.0,18.7,18.6,18.6,--
2026/1/3 3:58,19.4,63,6.8,99,6.6,6.8,2.5,3.6,82,938.0,1006.7,0.0,0,0.0,18.6,1.0,18.7,18.6,18.6,--
2026/1/3 3:59,19.4,63,6.8,99,6.6,6.8,2.5,2.5,77,938.0,1006.7,0.0,0,0.0,18.6,1.0,18.7,18.6,18.6,--
2026/1/3 4:00,19.4,63,6.8,99,6.6,6.8,3.2,4.3,83,938.0,1006.7,0.0,0,0.0,18.6,1.0,18.7,18.6,18.6,--
2026/1/3 4:01,19.4,63,6.8,99,6.6,6.8,1.8,4.7,98,937.8,1006.5,0.0,0,0.0,18.6,1.0,18.7,18.6,18.6,--
2026/1/3 4:02,19.4,63,6.8,99,6.6,6.8,2.5,2.9,222,937.9,1006.6,0.0,0,0.0,18.6,1.0,18.7,18.6,18.6,--
2026/1/3 4:03,19.4,63,6.9,99,6.7,6.9,0.0,2.2,329,938.1,1006.8,0.0,0,0.0,18.6,1.0,18.7,18.6,18.6,--
2026/1/3 4:04,19.4,63,6.9,99,6.7,6.9,2.9,3.2,27,938.0,1006.7,0.0,0,0.0,18.6,1.0,18.7,18.6,18.6,--
2026/1/3 4:05,19.4,63,6.9,99,6.7,6.9,3.6,4.0,56,938.2,1006.9,0.0,0,0.0,18.6,1.0,18.7,18.6,18.6,--
2026/1/3 4:06,19.4,63,7.0,99,6.8,7.0,2.9,4.0,103,938.1,1006.8,0.0,0,0.0,18.6,1.0,18.7,18.6,18.6,--
2026/1/3 4:07,19.4,63,7.1,99,6.9,7.1,2.5,3.2,72,937.9,1006.6,0.0,0,0.0,18.6,1.0,18.7,18.6,18.6,--
2026/1/3 4:08,19.4,63,7.1,99,6.9,7.1,2.5,2.9,59,937.9,1006.6,0.0,0,0.0,18.6,1.0,18.7,18.6,18.6,--
2026/1/3 4:09,19.4,62,7.1,99,6.9,7.1,0.0,2.9,84,937.9,1006.6,0.0,0,0.0,18.6,1.0,18.7,18.6,18.6,--
2026/1/3 4:10,19.4,62,7.1,99,6.9,7.1,0.0,2.9,142,938.0,1006.7,0.0,0,0.0,18.6,1.0,18.7,18.6,18.6,--
2026/1/3 4:11,19.4,63,7.1,99,6.9,7.1,1.8,2.5,150,938.1,1006.8,0.0,0,0.0,18.6,1.0,18.7,18.6,18.6,--
2026/1/3 4:12,19.4,63,7.0,99,6.8,7.0,2.5,2.5,120,937.9,1006.6,0.0,0,0.0,18.6,1.0,18.7,18.6,18.6,--
2026/1/3 4:13,19.4,62,7.0,99,6.8,7.0,2.5,2.9,98,937.9,1006.6,0.0,0,0.0,18.6,1.0,18.7,18.6,18.6,--
2026/1/3 4:14,19.4,62,7.0,99,6.8,7.0,4.0,4.0,99,938.0,1006.7,0.0,0,0.0,18.6,1.0,18.7,18.6,18.6,--
2026/1/3 4:15,19.4,62,6.9,99,6.7,6.9,2.5,3.2,94,938.0,1006.7,0.0,0,0.0,18.6,1.0,18.7,18.6,18.6,--
2026/1/3 4:16,19.4,63,6.9,99,6.7,6.9,2.9,3.2,74,937.9,1006.6,0.0,0,0.0,18.6,1.0,18.7,18.6,18.6,--
2026/1/3 4:17,19.4,63,6.9,99,6.7,6.9,0.0,2.5,166,938.0,1006.7,0.0,0,0.0,18.6,1.0,18.7,18.6,18.6,--
2026/1/3 4:18,19.4,63,6.8,99,6.6,6.8,1.8,3.2,159,937.8,1006.5,0.0,0,0.0,18.6,1.0,18.7,18.6,18.6,--
2026/1/3 4:19,19.4,63,6.7,99,6.5,6.7,3.2,3.2,75,938.0,1006.7,0.0,0,0.0,18.6,1.0,18.7,18.6,18.6,--
2026/1/3 4:20,19.4,62,6.7,99,6.5,6.7,2.2,2.9,136,937.9,1006.6,0.0,0,0.0,18.6,1.0,18.7,18.6,18.6,--
2026/1/3 4:21,19.4,63,6.7,99,6.5,6.7,0.0,2.2,97,938.2,1006.9,0.0,0,0.0,18.6,1.0,18.7,18.6,18.6,--
2026/1/3 4:22,19.4,63,6.7,99,6.5,6.7,0.0,0.0,55,937.9,1006.6,0.0,0,0.0,18.6,1.0,18.7,18.6,18.6,--
2026/1/3 4:23,19.4,63,6.6,99,6.4,6.6,1.8,1.8,303,938.0,1006.7,0.0,0,0.0,18.6,1.0,18.7,18.6,18.6,--
2026/1/3 4:24,19.4,63,6.5,99,6.3,6.5,0.0,0.0,284,938.0,1006.7,0.0,0,0.0,18.6,1.0,18.7,18.6,18.6,--
2026/1/3 4:25,19.4,63,6.4,99,6.2,6.4,0.0,3.2,4,938.1,1006.8,0.0,0,0.0,18.6,1.0,18.7,18.6,18.6,--
2026/1/3 4:26,19.4,62,6.3,99,6.1,6.3,1.8,2.2,40,938.0,1006.7,0.0,0,0.0,18.6,1.0,18.7,18.6,18.6,--
2026/1/3 4:27,19.4,62,6.3,99,6.1,6.3,0.0,1.8,256,937.9,1006.6,0.0,0,0.0,18.6,1.0,18.7,18.6,18.6,--
2026/1/3 4:28,19.4,63,6.3,99,6.1,6.3,0.0,0.0,246,938.0,1006.7,0.0,0,0.0,18.6,1.0,18.7,18.6,18.6,--
2026/1/3 4:29,19.4,62,6.2,99,6.0,6.2,2.5,3.2,18,937.9,1006.6,0.0,0,0.0,18.6,1.0,18.7,18.6,18.6,--
2026/1/3 4:30,19.4,62,6.2,99,6.0,6.2,0.0,0.0,276,938.0,1006.7,0.0,0,0.0,18.6,1.0,18.7,18.6,18.6,--
2026/1/3 4:31,19.4,62,6.2,99,6.0,6.2,0.0,0.0,89,937.9,1006.6,0.0,0,0.0,18.6,1.0,18.7,18.6,18.6,--
2026/1/3 4:32,19.4,62,6.1,99,5.9,6.1,0.0,1.8,345,937.8,1006.5,0.0,0,0.0,18.6,1.0,18.7,18.6,18.6,--
2026/1/3 4:33,19.4,62,6.1,99,5.9,6.1,0.0,1.8,89,937.7,1006.4,0.0,0,0.0,18.6,1.0,18.7,18.6,18.6,--
2026/1/3 4:34,19.4,62,6.1,99,5.9,6.1,1.8,2.2,305,937.7,1006.4,0.0,0,0.0,18.6,1.0,18.7,18.6,18.6,--
2026/1/3 4:35,19.4,63,6.1,99,5.9,6.1,2.2,2.5,236,937.8,1006.5,0.0,0,0.0,18.6,1.0,18.7,18.6,18.6,--
2026/1/3 4:36,19.4,62,6.1,99,5.9,6.1,2.2,2.9,230,937.6,1006.3,0.0,0,0.0,18.6,1.0,18.7,18.6,18.6,--
2026/1/3 4:37,19.4,62,6.1,99,5.9,6.1,2.2,2.9,223,937.7,1006.4,0.0,0,0.0,18.6,1.0,18.7,18.6,18.6,--
2026/1/3 4:38,19.4,62,6.2,99,6.0,6.2,0.0,1.8,224,937.6,1006.3,0.0,0,0.0,18.6,1.0,18.7,18.6,18.6,--
2026/1/3 4:39,19.4,62,6.2,99,6.0,6.2,0.0,2.5,173,937.9,1006.6,0.0,0,0.0,18.6,1.0,18.7,18.6,18.6,--
2026/1/3 4:40,19.4,62,6.2,99,6.0,6.2,1.8,1.8,113,937.7,1006.4,0.0,0,0.0,18.6,1.0,18.7,18.6,18.6,--
2026/1/3 4:41,19.4,62,6.2,99,6.0,6.2,2.9,3.2,43,937.7,1006.4,0.0,0,0.0,18.6,1.0,18.7,18.6,18.6,--
2026/1/3 4:42,19.4,62,6.2,99,6.0,6.2,0.0,2.2,89,937.7,1006.4,0.0,0,0.0,18.6,1.0,18.7,18.6,18.6,--
2026/1/3 4:43,19.4,62,6.2,99,6.0,6.2,2.5,2.9,44,937.6,1006.3,0.0,0,0.0,18.6,1.0,18.7,18.6,18.6,--
2026/1/3 4:44,19.4,62,6.2,99,6.0,6.2,2.2,2.9,50,937.7,1006.4,0.0,0,0.0,18.6,1.0,18.7,18.6,18.6,--
2026/1/3 4:45,19.4,62,6.2,99,6.0,6.2,1.8,2.5,55,937.8,1006.5,0.0,0,0.0,18.6,1.0,18.7,18.6,18.6,--
2026/1/3 4:46,19.4,62,6.2,99,6.0,6.2,0.0,1.8,110,937.7,1006.4,0.0,0,0.0,18.6,1.0,18.7,18.6,18.6,--
2026/1/3 4:47,19.4,62,6.2,99,6.0,6.2,1.8,2.2,109,937.8,1006.5,0.0,0,0.0,18.6,1.0,18.7,18.6,18.6,--
2026/1/3 4:48,19.4,62,6.2,99,6.0,6.2,1.8,1.8,111,937.8,1006.5,0.0,0,0.0,18.6,1.0,18.7,18.6,18.6,--
2026/1/3 4:49,19.4,62,6.2,99,6.0,6.2,4.7,5.0,115,937.7,1006.4,0.0,0,0.0,18.6,1.0,18.7,18.6,18.6,--
2026/1/3 4:50,19.4,62,6.2,99,6.0,6.2,0.0,3.2,128,937.8,1006.5,0.0,0,0.0,18.6,1.0,18.7,18.6,18.6,--
2026/1/3 4:51,19.4,62,6.2,99,6.0,6.2,1.8,3.2,93,937.7,1006.4,0.0,0,0.0,18.6,1.0,18.7,18.6,18.6,--
2026/1/3 4:52,19.4,62,6.2,99,6.0,6.2,3.2,4.3,117,938.0,1006.7,0.0,0,0.0,18.6,1.0,18.7,18.6,18.6,--
2026/1/3 4:53,19.4,62,6.2,99,6.0,6.2,3.2,3.6,113,937.6,1006.3,0.0,0,0.0,18.6,1.0,18.7,18.6,18.6,--
2026/1/3 4:54,19.4,62,6.3,99,6.1,5.4,5.4,5.4,106,937.9,1006.6,0.0,0,0.0,18.6,1.0,18.7,18.6,18.6,--
2026/1/3 4:55,19.4,62,6.3,99,6.1,6.3,3.2,4.0,79,937.7,1006.4,0.0,0,0.0,18.6,1.0,18.7,18.6,18.6,--
2026/1/3 4:56,19.4,62,6.4,99,6.2,6.4,4.7,4.7,132,937.7,1006.4,0.0,0,0.0,18.6,1.0,18.7,18.6,18.6,--
2026/1/3 4:57,19.4,62,6.4,99,6.2,6.4,1.8,4.7,111,937.7,1006.4,0.0,0,0.1,18.7,1.1,18.8,18.7,18.7,--
2026/1/3 4:58,19.4,62,6.5,99,6.3,6.5,4.7,4.7,87,937.9,1006.6,0.0,0,0.1,18.7,1.1,18.8,18.7,18.7,--
2026/1/3 4:59,19.4,63,6.5,99,6.3,6.5,0.0,4.0,134,937.9,1006.6,0.0,0,0.1,18.7,1.1,18.8,18.7,18.7,--
2026/1/3 5:00,19.4,62,6.5,99,6.3,6.5,1.8,2.2,257,937.8,1006.5,0.0,0,0.2,18.8,1.2,18.9,18.8,18.8,--
2026/1/3 5:01,19.5,62,6.5,99,6.3,6.5,0.0,1.8,163,938.0,1006.7,0.0,0,0.2,18.8,1.2,18.9,18.8,18.8,--
2026/1/3 5:02,19.4,63,6.5,99,6.3,6.5,0.0,2.2,94,937.8,1006.5,0.0,0,0.2,18.8,1.2,18.9,18.8,18.8,--
2026/1/3 5:03,19.4,63,6.5,99,6.3,6.5,2.5,4.0,47,938.0,1006.7,0.0,0,0.3,18.9,1.3,19.0,18.9,18.9,--
2026/1/3 5:04,19.4,63,6.5,99,6.3,6.5,3.6,4.3,43,937.9,1006.6,0.0,0,0.4,19.0,1.4,19.1,19.0,19.0,--
2026/1/3 5:05,19.4,62,6.6,99,6.4,6.6,0.0,2.5,146,937.8,1006.5,0.0,0,0.4,19.0,1.4,19.1,19.0,19.0,--
2026/1/3 5:06,19.4,62,6.6,99,6.4,6.6,1.8,2.2,303,937.8,1006.5,0.0,0,0.5,19.1,1.5,19.2,19.1,19.1,--
2026/1/3 5:07,19.4,62,6.6,99,6.4,6.6,0.0,1.8,119,937.9,1006.6,0.0,0,0.5,19.1,1.5,19.2,19.1,19.1,--
2026/1/3 5:08,19.4,62,6.5,99,6.3,6.5,0.0,1.8,57,937.9,1006.6,0.0,0,0.5,19.1,1.5,19.2,19.1,19.1,--
2026/1/3 5:09,19.4,63,6.5,99,6.3,6.5,2.5,2.9,76,937.8,1006.5,0.0,0,0.5,19.1,1.5,19.2,19.1,19.1,--
2026/1/3 5:10,19.4,62,6.5,99,6.3,6.5,2.9,4.0,64,937.7,1006.4,0.0,0,0.6,19.2,1.6,19.3,19.2,19.2,--
2026/1/3 5:11,19.4,62,6.5,99,6.3,6.5,2.9,3.2,82,937.5,1006.2,0.0,0,0.6,19.2,1.6,19.3,19.2,19.2,--
2026/1/3 5:12,19.4,62,6.6,99,6.4,6.6,3.2,4.3,47,937.5,1006.2,0.0,0,0.6,19.2,1.6,19.3,19.2,19.2,--
2026/1/3 5:13,19.4,62,6.7,99,6.5,6.7,0.0,2.5,214,937.6,1006.3,0.0,0,0.6,19.2,1.6,19.3,19.2,19.2,--
2026/1/3 5:14,19.4,62,6.7,99,6.5,6.7,0.0,3.6,168,937.6,1006.3,0.0,0,0.6,19.2,1.6,19.3,19.2,19.2,--
2026/1/3 5:15,19.4,62,6.8,99,6.6,6.8,0.0,2.2,25,937.6,1006.3,0.0,0,0.6,19.2,1.6,19.3,19.2,19.2,--
2026/1/3 5:16,19.4,62,6.8,99,6.6,6.8,0.0,2.2,269,937.9,1006.6,0.0,0,0.6,19.2,1.6,19.3,19.2,19.2,--
2026/1/3 5:17,19.4,62,6.8,99,6.6,6.8,1.8,2.5,27,937.7,1006.4,0.0,0,0.6,19.2,1.6,19.3,19.2,19.2,--
2026/1/3 5:18,19.4,63,6.8,99,6.6,6.8,3.6,3.6,22,937.6,1006.3,0.0,0,0.6,19.2,1.6,19.3,19.2,19.2,--
2026/1/3 5:19,19.4,62,6.9,99,6.7,6.9,2.2,3.2,39,937.8,1006.5,0.0,0,0.6,19.2,1.6,19.3,19.2,19.2,--
2026/1/3 5:20,19.4,62,6.9,99,6.7,6.9,0.0,3.2,31,937.7,1006.4,0.0,0,0.7,19.3,1.7,19.4,19.3,19.3,--
2026/1/3 5:21,19.4,62,6.8,99,6.6,6.8,0.0,2.2,64,937.7,1006.4,0.0,0,0.7,19.3,1.7,19.4,19.3,19.3,--
2026/1/3 5:22,19.4,62,6.8,99,6.6,6.8,1.8,2.5,80,937.7,1006.4,0.0,0,0.7,19.3,1.7,19.4,19.3,19.3,--
2026/1/3 5:23,19.4,62,6.8,99,6.6,6.8,0.0,2.2,104,937.8,1006.5,0.0,0,0.7,19.3,1.7,19.4,19.3,19.3,--
2026/1/3 5:24,19.4,62,6.7,99,6.5,6.7,0.0,1.8,95,937.7,1006.4,0.0,0,0.7,19.3,1.7,19.4,19.3,19.3,--
2026/1/3 5:25,19.4,62,6.7,99,6.5,6.7,2.2,2.9,104,937.6,1006.3,0.0,0,0.7,19.3,1.7,19.4,19.3,19.3,--
2026/1/3 5:26,19.4,62,6.7,99,6.5,6.7,3.2,3.6,104,937.5,1006.2,0.0,0,0.7,19.3,1.7,19.4,19.3,19.3,--
2026/1/3 5:27,19.4,62,6.7,99,6.5,6.7,4.7,5.4,133,937.5,1006.2,0.0,0,0.7,19.3,1.7,19.4,19.3,19.3,--
2026/1/3 5:28,19.4,62,6.7,99,6.5,5.7,5.8,5.8,125,937.8,1006.5,0.0,0,0.7,19.3,1.7,19.4,19.3,19.3,--
2026/1/3 5:29,19.5,62,6.7,99,6.5,5.9,5.4,6.5,122,937.5,1006.2,0.0,0,0.7,19.3,1.7,19.4,19.3,19.3,--
2026/1/3 5:30,19.5,62,6.7,99,6.5,6.7,4.0,4.0,125,937.5,1006.2,0.0,0,0.7,19.3,1.7,19.4,19.3,19.3,--
2026/1/3 5:31,19.5,62,6.8,99,6.6,6.8,1.8,2.2,122,937.5,1006.2,0.0,0,0.7,19.3,1.7,19.4,19.3,19.3,--
2026/1/3 5:32,19.5,62,6.7,99,6.5,6.7,0.0,1.8,142,937.5,1006.2,0.0,0,0.7,19.3,1.7,19.4,19.3,19.3,--
2026/1/3 5:33,19.4,62,6.8,99,6.6,6.8,0.0,0.0,17,937.3,1006.0,0.0,0,0.7,19.3,1.7,19.4,19.3,19.3,--
2026/1/3 5:34,19.4,62,6.8,99,6.6,6.8,0.0,2.2,161,937.4,1006.1,0.0,0,0.7,19.3,1.7,19.4,19.3,19.3,--
2026/1/3 5:35,19.5,62,6.8,99,6.6,6.8,1.8,3.6,48,937.6,1006.3,0.0,0,0.7,19.3,1.7,19.4,19.3,19.3,--
2026/1/3 5:36,19.4,62,6.8,99,6.6,6.8,4.3,4.3,20,937.6,1006.3,0.0,0,0.7,19.3,1.7,19.4,19.3,19.3,--
2026/1/3 5:37,19.5,62,6.8,99,6.6,6.8,3.2,4.3,4,937.5,1006.2,0.0,0,0.8,19.4,1.8,19.5,19.4,19.4,--
2026/1/3 5:38,19.4,62,6.8,99,6.6,6.8,2.2,6.1,14,937.7,1006.4,0.0,0,0.8,19.4,1.8,19.5,19.4,19.4,--
2026/1/3 5:39,19.4,62,6.8,99,6.6,6.8,2.5,3.2,104,937.7,1006.4,0.0,0,0.8,19.4,1.8,19.5,19.4,19.4,--
2026/1/3 5:40,19.5,62,6.8,99,6.6,6.8,0.0,2.2,92,937.7,1006.4,0.0,0,0.9,19.5,1.9,19.6,19.5,19.5,--
2026/1/3 5:41,19.4,62,6.8,99,6.6,6.8,0.0,0.0,38,937.5,1006.2,0.0,0,1.0,19.6,2.0,19.7,19.6,19.6,--
2026/1/3 5:42,19.4,62,6.8,99,6.6,6.8,2.2,2.2,61,937.6,1006.3,0.0,0,1.0,19.6,2.0,19.7,19.6,19.6,--
2026/1/3 5:43,19.5,62,6.8,99,6.6,6.8,0.0,2.5,48,937.6,1006.3,0.0,0,1.1,19.7,2.1,19.8,19.7,19.7,--
2026/1/3 5:44,19.4,62,6.8,99,6.6,6.8,0.0,1.8,304,937.5,1006.2,0.0,0,1.1,19.7,2.1,19.8,19.7,19.7,--
2026/1/3 5:45,19.4,62,6.8,99,6.6,6.8,1.8,2.2,63,937.7,1006.4,0.0,0,1.2,19.8,2.2,19.9,19.8,19.8,--
2026/1/3 5:46,19.4,62,6.7,99,6.5,6.7,3.2,3.2,39,937.7,1006.4,0.0,0,1.2,19.8,2.2,19.9,19.8,19.8,--
2026/1/3 5:47,19.4,62,6.8,99,6.6,6.8,3.2,4.3,38,937.8,1006.5,0.0,0,1.2,19.8,2.2,19.9,19.8,19.8,--
2026/1/3 5:48,19.4,62,6.8,99,6.6,6.8,2.9,3.6,97,937.7,1006.4,0.0,0,1.2,19.8,2.2,19.9,19.8,19.8,--
2026/1/3 5:49,19.4,62,6.8,99,6.6,6.8,3.2,4.7,98,937.6,1006.3,0.0,0,1.3,19.9,2.3,20.0,19.9,19.9,--
2026/1/3 5:50,19.4,62,6.8,99,6.6,6.8,2.9,3.6,100,937.7,1006.4,0.0,0,1.3,19.9,2.3,20.0,19.9,19.9,--
2026/1/3 5:51,19.4,62,6.8,99,6.6,6.8,2.9,3.6,115,937.6,1006.3,0.0,0,1.4,20.0,2.4,20.1,20.0,20.0,--
2026/1/3 5:52,19.5,62,6.8,99,6.6,6.8,1.8,2.5,136,937.6,1006.3,0.0,0,1.4,20.0,2.4,20.1,20.0,20.0,--
2026/1/3 5:53,19.4,62,6.8,99,6.6,6.8,1.8,1.8,196,937.5,1006.2,0.0,0,1.3,20.0,2.4,20.1,20.0,20.0,--
2026/1/3 5:54,19.5,62,6.8,99,6.6,6.8,0.0,0.0,214,937.8,1006.5,0.0,0,1.4,20.1,2.5,20.2,20.1,20.1,--
2026/1/3 5:55,19.4,62,6.8,99,6.6,6.8,0.0,0.0,186,937.6,1006.3,0.0,0,1.4,20.1,2.5,20.2,20.1,20.1,--
2026/1/3 5:56,19.4,62,6.8,99,6.6,6.8,0.0,0.0,124,937.9,1006.6,0.0,0,1.4,20.1,2.5,20.2,20.1,20.1,--
2026/1/3 5:57,19.5,62,6.8,99,6.6,6.8,0.0,2.2,47,937.9,1006.6,0.0,0,1.4,20.1,2.5,20.2,20.1,20.1,--
2026/1/3 5:58,19.4,62,6.8,99,6.6,6.8,0.0,1.8,67,937.7,1006.4,0.0,0,1.4,20.2,2.6,20.3,20.2,20.2,--
2026/1/3 5:59,19.5,62,6.8,99,6.6,6.8,1.8,1.8,108,937.9,1006.6,0.0,0,1.5,20.3,2.7,20.4,20.3,20.3,--
2026/1/3 6:00,19.4,62,6.8,99,6.6,6.8,1.8,2.5,112,937.8,1006.5,0.0,0,1.5,20.3,2.7,20.4,20.3,20.3,--
2026/1/3 6:01,19.4,62,6.8,99,6.6,6.8,2.5,2.9,95,937.8,1006.5,0.0,0,1.5,20.3,2.7,20.4,20.3,20.3,--
2026/1/3 6:02,19.4,62,6.8,99,6.6,6.8,0.0,1.8,67,937.7,1006.4,0.0,0,1.5,20.3,2.7,20.4,20.3,20.3,--
2026/1/3 6:03,19.4,62,6.8,99,6.6,6.8,0.0,0.0,72,937.7,1006.4,0.0,0,1.2,20.3,2.7,20.4,20.3,20.3,--
2026/1/3 6:04,19.4,62,6.8,99,6.6,6.8,0.0,0.0,66,937.7,1006.4,0.0,0,1.2,20.3,2.7,20.4,20.3,20.3,--
2026/1/3 6:05,19.4,62,6.8,99,6.6,6.8,0.0,0.0,60,937.7,1006.4,0.0,0,1.2,20.3,2.7,20.4,20.3,20.3,--
2026/1/3 6:06,19.4,62,6.8,99,6.6,6.8,0.0,0.0,77,937.8,1006.5,0.0,0,1.2,20.3,2.7,20.4,20.3,20.3,--
2026/1/3 6:07,19.4,62,6.8,99,6.6,6.8,0.0,0.0,119,937.7,1006.4,0.0,0,1.2,20.3,2.7,20.4,20.3,20.3,--
2026/1/3 6:08,19.4,62,6.8,99,6.6,6.8,0.0,2.5,37,937.8,1006.5,0.0,0,1.1,20.3,2.7,20.4,20.3,20.3,--
2026/1/3 6:09,19.4,62,6.8,99,6.6,6.8,2.5,2.5,36,937.7,1006.4,0.0,0,1.1,20.3,2.7,20.4,20.3,20.3,--
2026/1/3 6:10,19.4,62,6.8,99,6.6,6.8,0.0,1.8,51,937.8,1006.5,0.0,0,1.1,20.3,2.7,20.4,20.3,20.3,--
2026/1/3 6:11,19.4,62,6.8,99,6.6,6.8,0.0,2.2,65,937.7,1006.4,0.0,0,1.1,20.3,2.7,20.4,20.3,20.3,--
2026/1/3 6:12,19.4,62,6.8,99,6.6,6.8,0.0,2.2,43,937.8,1006.5,0.0,0,1.1,20.3,2.7,20.4,20.3,20.3,--
2026/1/3 6:13,19.5,62,6.8,99,6.6,6.8,1.8,2.2,34,937.8,1006.5,0.0,0,1.1,20.3,2.7,20.4,20.3,20.3,--
2026/1/3 6:14,19.4,62,6.9,99,6.7,6.9,2.5,2.9,46,937.8,1006.5,0.0,0,1.1,20.3,2.7,20.4,20.3,20.3,--
2026/1/3 6:15,19.4,62,6.9,99,6.7,6.9,0.0,3.2,22,937.9,1006.6,0.0,0,1.1,20.3,2.7,20.4,20.3,20.3,--
2026/1/3 6:16,19.4,62,6.9,99,6.7,6.9,0.0,0.0,72,938.1,1006.8,0.0,0,1.1,20.3,2.7,20.4,20.3,20.3,--
2026/1/3 6:17,19.4,62,6.9,99,6.7,6.9,0.0,0.0,140,937.9,1006.6,0.0,0,1.1,20.3,2.7,20.4,20.3,20.3,--
2026/1/3 6:18,19.4,62,6.9,99,6.7,6.9,0.0,1.8,256,937.9,1006.6,0.0,0,1.0,20.3,2.7,20.4,20.3,20.3,--
2026/1/3 6:19,19.4,62,7.0,99,6.8,7.0,0.0,0.0,235,937.9,1006.6,0.0,0,1.0,20.3,2.7,20.4,20.3,20.3,--
2026/1/3 6:20,19.4,62,7.0,99,6.8,7.0,1.8,1.8,80,938.0,1006.7,0.0,0,1.0,20.3,2.7,20.4,20.3,20.3,--
2026/1/3 6:21,19.4,62,7.0,99,6.8,7.0,0.0,1.8,89,937.9,1006.6,0.0,0,1.0,20.3,2.7,20.4,20.3,20.3,--
2026/1/3 6:22,19.4,62,7.0,99,6.8,7.0,0.0,0.0,66,937.9,1006.6,0.0,0,1.0,20.3,2.7,20.4,20.3,20.3,--
2026/1/3 6:23,19.4,62,7.0,99,6.8,7.0,2.2,3.2,41,937.9,1006.6,0.0,0,1.0,20.3,2.7,20.4,20.3,20.3,--
2026/1/3 6:24,19.4,62,7.0,99,6.8,7.0,2.2,2.5,54,937.9,1006.6,0.0,0,1.0,20.3,2.7,20.4,20.3,20.3,--
2026/1/3 6:25,19.4,62,7.0,99,6.8,7.0,3.6,3.6,55,937.9,1006.6,0.0,0,1.0,20.3,2.7,20.4,20.3,20.3,--
2026/1/3 6:26,19.4,62,7.0,99,6.8,7.0,1.8,2.5,28,938.1,1006.8,0.0,0,1.0,20.3,2.7,20.4,20.3,20.3,--
2026/1/3 6:27,19.4,62,7.0,99,6.8,7.0,2.5,3.2,54,938.0,1006.7,0.0,0,1.0,20.3,2.7,20.4,20.3,20.3,--
2026/1/3 6:28,19.4,62,7.0,99,6.8,7.0,1.8,2.5,50,938.0,1006.7,0.0,0,1.0,20.3,2.7,20.4,20.3,20.3,--
2026/1/3 6:29,19.4,62,7.0,99,6.8,7.0,0.0,0.0,135,937.8,1006.5,0.0,0,1.0,20.3,2.7,20.4,20.3,20.3,--
2026/1/3 6:30,19.4,62,7.0,99,6.8,7.0,0.0,1.8,142,937.9,1006.6,0.0,0,1.0,20.3,2.7,20.4,20.3,20.3,--
2026/1/3 6:31,19.4,62,7.0,99,6.8,7.0,2.5,3.6,120,938.0,1006.7,0.0,0,1.0,20.3,2.7,20.4,20.3,20.3,--
2026/1/3 6:32,19.4,62,6.9,99,6.7,6.9,0.0,2.2,128,938.1,1006.8,0.0,0,1.0,20.3,2.7,20.4,20.3,20.3,--
2026/1/3 6:33,19.4,62,6.9,99,6.7,6.9,0.0,2.2,136,937.8,1006.5,0.0,0,0.9,20.3,2.7,20.4,20.3,20.3,--
2026/1/3 6:34,19.4,62,6.9,99,6.7,6.9,3.6,3.6,78,937.9,1006.6,0.0,0,0.9,20.3,2.7,20.4,20.3,20.3,--
2026/1/3 6:35,19.4,62,6.9,99,6.7,6.9,2.2,3.2,80,938.1,1006.8,0.0,0,0.9,20.3,2.7,20.4,20.3,20.3,--
2026/1/3 6:36,19.4,62,6.9,99,6.7,6.9,1.8,2.5,89,938.1,1006.8,0.0,0,0.9,20.3,2.7,20.4,20.3,20.3,--
2026/1/3 6:37,19.4,62,6.9,99,6.7,6.9,0.0,1.8,118,938.0,1006.7,0.0,0,0.9,20.3,2.7,20.4,20.3,20.3,--
2026/1/3 6:38,19.4,62,6.9,99,6.7,6.9,0.0,1.8,114,938.0,1006.7,0.0,0,0.7,20.3,2.7,20.4,20.3,20.3,--
2026/1/3 6:39,19.5,62,6.9,99,6.7,6.9,3.2,4.7,84,937.9,1006.6,0.0,0,0.7,20.3,2.7,20.4,20.3,20.3,--
2026/1/3 6:40,19.4,62,6.9,99,6.7,6.9,2.2,2.9,100,938.1,1006.8,0.0,0,0.7,20.3,2.7,20.4,20.3,20.3,--
2026/1/3 6:41,19.4,62,6.9,99,6.7,6.9,3.2,4.3,129,938.1,1006.8,0.0,0,0.7,20.3,2.7,20.4,20.3,20.3,--
2026/1/3 6:42,19.4,62,6.9,99,6.7,6.9,1.8,2.9,229,938.1,1006.8,0.0,0,0.7,20.3,2.7,20.4,20.3,20.3,--
2026/1/3 6:43,19.4,62,6.9,99,6.7,6.9,0.0,1.8,242,938.3,1007.0,0.0,0,0.5,20.3,2.7,20.4,20.3,20.3,--
2026/1/3 6:44,19.4,62,7.0,99,6.8,7.0,3.2,3.2,29,938.1,1006.8,0.0,0,0.5,20.3,2.7,20.4,20.3,20.3,--
2026/1/3 6:45,19.4,62,7.0,99,6.8,7.0,0.0,2.2,31,938.2,1006.9,0.0,0,0.5,20.3,2.7,20.4,20.3,20.3,--
2026/1/3 6:46,19.5,62,7.0,99,6.8,7.0,0.0,2.2,19,938.4,1007.1,0.0,0,0.5,20.3,2.7,20.4,20.3,20.3,--
2026/1/3 6:47,19.4,62,7.0,99,6.8,7.0,0.0,0.0,0,938.4,1007.1,0.0,0,0.5,20.3,2.7,20.4,20.3,20.3,--
2026/1/3 6:48,19.5,62,7.0,99,6.8,7.0,1.8,2.2,88,938.3,1007.0,0.0,0,0.3,20.3,2.7,20.4,20.3,20.3,--
2026/1/3 6:49,19.4,62,6.9,99,6.7,6.9,2.5,3.2,68,938.3,1007.0,0.0,0,0.3,20.3,2.7,20.4,20.3,20.3,--
2026/1/3 6:50,19.5,62,6.9,99,6.7,6.9,3.2,3.6,89,938.3,1007.0,0.0,0,0.3,20.3,2.7,20.4,20.3,20.3,--
2026/1/3 6:51,19.5,62,6.9,99,6.7,6.9,2.5,4.3,106,938.2,1006.9,0.0,0,0.3,20.3,2.7,20.4,20.3,20.3,--
2026/1/3 6:52,19.5,62,7.0,99,6.8,7.0,3.6,4.3,117,938.2,1006.9,0.0,0,0.3,20.3,2.7,20.4,20.3,20.3,--
2026/1/3 6:53,19.4,62,7.0,99,6.8,7.0,3.2,3.2,75,938.3,1007.0,0.0,0,0.1,20.3,2.7,20.4,20.3,20.3,--
2026/1/3 6:54,19.5,62,7.0,99,6.8,7.0,1.8,4.3,62,938.3,1007.0,0.0,0,0.1,20.3,2.7,20.4,20.3,20.3,--
2026/1/3 6:55,19.4,62,7.1,99,6.9,7.1,2.2,2.5,106,938.2,1006.9,0.0,0,0.1,20.3,2.7,20.4,20.3,20.3,--
2026/1/3 6:56,19.5,62,7.1,99,6.9,7.1,0.0,1.8,121,938.3,1007.0,0.0,0,0.1,20.3,2.7,20.4,20.3,20.3,--
2026/1/3 6:57,19.5,62,7.1,99,6.9,7.1,0.0,0.0,126,938.4,1007.1,0.0,0,0.1,20.3,2.7,20.4,20.3,20.3,--
2026/1/3 6:58,19.4,62,7.1,99,6.9,7.1,0.0,0.0,48,938.5,1007.2,0.0,0,0.0,20.3,2.7,20.4,20.3,20.3,--
2026/1/3 6:59,19.5,62,7.1,99,6.9,7.1,2.2,3.2,72,938.2,1006.9,0.0,0,0.0,20.3,2.7,20.4,20.3,20.3,--
2026/1/3 7:00,19.4,62,7.1,99,6.9,7.1,2.9,2.9,105,938.5,1007.2,0.0,0,0.0,20.3,2.7,20.4,20.3,20.3,--
2026/1/3 7:01,19.5,62,7.1,99,6.9,7.1,3.2,4.3,88,938.3,1007.0,0.0,0,0.0,20.3,2.7,20.4,20.3,20.3,--
2026/1/3 7:02,19.5,62,7.1,99,6.9,7.1,0.0,2.5,123,938.5,1007.2,0.0,0,0.0,20.3,2.7,20.4,20.3,20.3,--
2026/1/3 7:03,19.5,62,7.1,99,6.9,7.1,0.0,4.3,132,938.2,1006.9,0.0,0,0.0,20.3,2.7,20.4,20.3,20.3,--
2026/1/3 7:04,19.5,62,7.1,99,6.9,7.1,2.5,2.9,198,938.3,1007.0,0.0,0,0.0,20.3,2.7,20.4,20.3,20.3,--
2026/1/3 7:05,19.5,62,7.1,99,6.9,7.1,2.5,4.3,113,938.6,1007.3,0.0,0,0.0,20.3,2.7,20.4,20.3,20.3,--
2026/1/3 7:06,19.5,62,7.2,99,7.0,7.2,4.0,4.0,70,938.5,1007.2,0.0,0,0.0,20.3,2.7,20.4,20.3,20.3,--
2026/1/3 7:07,19.5,62,7.2,99,7.0,7.2,2.9,3.6,34,938.3,1007.0,0.0,0,0.0,20.3,2.7,20.4,20.3,20.3,--
2026/1/3 7:08,19.5,62,7.2,99,7.0,7.2,0.0,2.5,86,938.4,1007.1,0.0,0,0.0,20.3,2.7,20.4,20.3,20.3,--
2026/1/3 7:09,19.5,62,7.2,99,7.0,7.2,0.0,2.5,37,938.3,1007.0,0.0,0,0.0,20.3,2.7,20.4,20.3,20.3,--
2026/1/3 7:10,19.4,62,7.1,99,6.9,7.1,2.9,3.2,34,938.5,1007.2,0.0,0,0.0,20.3,2.7,20.4,20.3,20.3,--
2026/1/3 7:11,19.5,62,7.1,99,6.9,7.1,2.9,2.9,49,938.3,1007.0,0.0,0,0.0,20.3,2.7,20.4,20.3,20.3,--
2026/1/3 7:12,19.4,62,7.1,99,6.9,7.1,0.0,1.8,315,938.4,1007.1,0.0,0,0.0,20.3,2.7,20.4,20.3,20.3,--
2026/1/3 7:13,19.5,62,7.0,99,6.8,7.0,0.0,2.2,148,938.3,1007.0,0.0,0,0.0,20.3,2.7,20.4,20.3,20.3,--
2026/1/3 7:14,19.5,62,7.0,99,6.8,7.0,0.0,0.0,199,938.3,1007.0,0.0,0,0.0,20.3,2.7,20.4,20.3,20.3,--
2026/1/3 7:15,19.5,62,7.0,99,6.8,7.0,2.2,2.2,231,938.2,1006.9,0.0,0,0.0,20.3,2.7,20.4,20.3,20.3,--
2026/1/3 7:16,19.5,62,7.0,99,6.8,7.0,1.8,2.5,264,938.2,1006.9,0.0,0,0.0,20.3,2.7,20.4,20.3,20.3,--
2026/1/3 7:17,19.5,62,7.0,99,6.8,7.0,0.0,0.0,28,938.3,1007.0,0.0,0,0.0,20.3,2.7,20.4,20.3,20.3,--
2026/1/3 7:18,19.5,62,7.0,99,6.8,7.0,0.0,0.0,34,938.3,1007.0,0.0,0,0.0,20.3,2.7,20.4,20.3,20.3,--
2026/1/3 7:19,19.5,62,7.0,99,6.8,7.0,2.5,2.5,42,938.2,1006.9,0.0,0,0.0,20.3,2.7,20.4,20.3,20.3,--
2026/1/3 7:20,19.5,62,7.0,99,6.8,7.0,3.2,3.6,70,938.3,1007.0,0.0,0,0.0,20.3,2.7,20.4,20.3,20.3,--
2026/1/3 7:21,19.5,62,7.0,99,6.8,7.0,4.3,4.3,78,938.4,1007.1,0.0,0,0.0,20.3,2.7,20.4,20.3,20.3,--
2026/1/3 7:22,19.5,62,7.0,99,6.8,7.0,2.5,2.5,115,938.3,1007.0,0.0,0,0.0,20.3,2.7,20.4,20.3,20.3,--
2026/1/3 7:23,19.5,62,7.0,99,6.8,7.0,1.8,2.5,134,938.2,1006.9,0.1,0,0.0,20.3,2.7,20.4,20.3,20.3,--
2026/1/3 7:24,19.5,62,7.0,99,6.8,7.0,0.0,2.5,71,938.1,1006.8,0.1,0,0.0,20.3,2.7,20.4,20.3,20.3,--
2026/1/3 7:25,19.5,62,7.0,99,6.8,7.0,0.0,2.2,44,938.2,1006.9,0.1,0,0.0,20.3,2.7,20.4,20.3,20.3,--
2026/1/3 7:26,19.5,62,7.0,99,6.8,7.0,0.0,2.9,46,938.0,1006.7,0.2,0,0.0,20.3,2.7,20.4,20.3,20.3,--
2026/1/3 7:27,19.5,62,6.9,99,6.7,6.9,2.9,3.2,43,938.3,1007.0,0.3,0,0.0,20.3,2.7,20.4,20.3,20.3,--
2026/1/3 7:28,19.5,62,6.9,99,6.7,6.9,0.0,1.8,207,938.2,1006.9,0.4,0,0.0,20.3,2.7,20.4,20.3,20.3,--
2026/1/3 7:29,19.5,62,6.9,99,6.7,6.9,0.0,2.9,225,938.2,1006.9,0.5,0,0.0,20.3,2.7,20.4,20.3,20.3,--
2026/1/3 7:30,19.5,62,6.9,99,6.7,6.9,0.0,0.0,352,938.2,1006.9,0.5,0,0.0,20.3,2.7,20.4,20.3,20.3,--
2026/1/3 7:31,19.5,62,7.0,99,6.8,7.0,0.0,1.8,224,938.3,1007.0,0.6,0,0.0,20.3,2.7,20.4,20.3,20.3,--
2026/1/3 7:32,19.5,62,7.0,99,6.8,7.0,2.2,4.0,240,938.3,1007.0,0.7,0,0.0,20.3,2.7,20.4,20.3,20.3,--
2026/1/3 7:33,19.5,62,7.0,99,6.8,7.0,0.0,2.2,263,938.3,1007.0,0.7,0,0.0,20.3,2.7,20.4,20.3,20.3,--
2026/1/3 7:34,19.5,62,7.1,99,6.9,7.1,3.6,3.6,87,938.4,1007.1,0.7,0,0.0,20.3,2.7,20.4,20.3,20.3,--
2026/1/3 7:35,19.5,62,7.0,99,6.8,7.0,3.2,4.7,99,938.2,1006.9,0.7,0,0.0,20.3,2.7,20.4,20.3,20.3,--
2026/1/3 7:36,19.5,62,7.0,99,6.8,7.0,2.2,3.2,92,938.3,1007.0,0.7,0,0.0,20.3,2.7,20.4,20.3,20.3,--
2026/1/3 7:37,19.5,62,7.0,99,6.8,7.0,1.8,1.8,83,938.3,1007.0,0.7,0,0.0,20.3,2.7,20.4,20.3,20.3,--
2026/1/3 7:38,19.5,62,7.0,99,6.8,7.0,0.0,1.8,311,938.3,1007.0,0.7,0,0.0,20.3,2.7,20.4,20.3,20.3,--
2026/1/3 7:39,19.5,62,7.0,99,6.8,7.0,3.2,4.0,231,938.5,1007.2,0.6,0,0.0,20.3,2.7,20.4,20.3,20.3,--
2026/1/3 7:40,19.5,62,7.0,99,6.8,7.0,0.0,2.2,217,938.3,1007.0,0.6,0,0.0,20.3,2.7,20.4,20.3,20.3,--
2026/1/3 7:41,19.5,62,7.0,99,6.8,7.0,0.0,2.5,269,938.5,1007.2,0.7,0,0.0,20.3,2.7,20.4,20.3,20.3,--
2026/1/3 7:42,19.5,62,7.0,99,6.8,7.0,0.0,2.9,39,938.3,1007.0,0.8,0,0.0,20.3,2.7,20.4,20.3,20.3,--
2026/1/3 7:43,19.5,62,7.0,99,6.8,7.0,0.0,1.8,127,938.5,1007.2,1.1,0,0.0,20.3,2.7,20.4,20.3,20.3,--
2026/1/3 7:44,19.5,62,7.0,99,6.8,7.0,1.8,2.5,57,938.4,1007.1,1.2,0,0.0,20.3,2.7,20.4,20.3,20.3,--
2026/1/3 7:45,19.5,62,7.0,99,6.8,7.0,4.0,4.3,37,938.5,1007.2,1.3,0,0.0,20.3,2.7,20.4,20.3,20.3,--
2026/1/3 7:46,19.5,62,7.0,99,6.8,7.0,2.9,4.0,45,938.5,1007.2,1.5,0,0.0,20.3,2.7,20.4,20.3,20.3,--
2026/1/3 7:47,19.5,62,7.0,99,6.8,7.0,2.5,2.9,57,938.5,1007.2,1.9,0,0.0,20.3,2.7,20.4,20.3,20.3,--
2026/1/3 7:48,19.5,62,7.0,99,6.8,7.0,2.2,4.0,82,938.6,1007.3,2.4,0,0.0,20.3,2.7,20.4,20.3,20.3,--
2026/1/3 7:49,19.5,62,7.0,99,6.8,7.0,2.5,2.9,52,938.4,1007.1,3.4,0,0.0,20.3,2.7,20.4,20.3,20.3,--
2026/1/3 7:50,19.5,62,7.0,99,6.8,7.0,2.5,3.2,77,938.5,1007.2,4.6,0,0.0,20.3,2.7,20.4,20.3,20.3,--
2026/1/3 7:51,19.5,62,7.1,99,6.9,7.1,0.0,2.5,70,938.7,1007.4,5.3,0,0.0,20.3,2.7,20.4,20.3,20.3,--
2026/1/3 7:52,19.5,62,7.1,99,6.9,7.1,0.0,0.0,63,938.4,1007.1,5.6,0,0.0,20.3,2.7,20.4,20.3,20.3,--
2026/1/3 7:53,19.5,62,7.0,99,6.8,7.0,0.0,1.8,38,938.3,1007.0,5.0,0,0.0,20.3,2.7,20.4,20.3,20.3,--
2026/1/3 7:54,19.5,62,7.0,99,6.8,7.0,1.8,3.2,19,938.6,1007.3,5.3,0,0.0,20.3,2.7,20.4,20.3,20.3,--
2026/1/3 7:55,19.5,62,7.0,99,6.8,7.0,2.5,3.2,30,938.5,1007.2,7.9,0,0.0,20.3,2.7,20.4,20.3,20.3,--
2026/1/3 7:56,19.5,62,7.0,99,6.8,7.0,2.9,4.7,8,938.4,1007.1,10.1,0,0.0,20.3,2.7,20.4,20.3,20.3,--
2026/1/3 7:57,19.5,62,6.9,99,6.7,6.9,2.2,3.6,74,938.5,1007.2,11.5,0,0.0,20.3,2.7,20.4,20.3,20.3,--
2026/1/3 7:58,19.5,62,6.9,99,6.7,6.9,3.2,3.6,31,938.4,1007.1,11.8,0,0.0,20.3,2.7,20.4,20.3,20.3,--
2026/1/3 7:59,19.5,62,6.9,99,6.7,6.9,2.2,2.9,352,938.3,1007.0,11.6,0,0.0,20.3,2.7,20.4,20.3,20.3,--
2026/1/3 8:00,19.5,62,7.0,99,6.8,7.0,2.5,3.2,255,938.3,1007.0,11.0,0,0.0,20.3,2.7,20.4,20.3,20.3,--
2026/1/3 8:01,19.5,62,7.0,99,6.8,7.0,0.0,1.8,224,938.4,1007.1,10.0,0,0.0,20.3,2.7,20.4,20.3,20.3,--
2026/1/3 8:02,19.5,62,7.0,99,6.8,7.0,0.0,2.5,39,938.5,1007.2,9.6,0,0.0,20.3,2.7,20.4,20.3,20.3,--
2026/1/3 8:03,19.5,62,7.0,99,6.8,7.0,2.5,2.9,9,938.6,1007.3,10.3,0,0.0,20.3,2.7,20.4,20.3,20.3,--
2026/1/3 8:04,19.5,62,7.0,99,6.8,7.0,1.8,3.6,19,938.4,1007.1,10.3,0,0.0,20.3,2.7,20.4,20.3,20.3,--
2026/1/3 8:05,19.5,62,7.0,99,6.8,7.0,0.0,2.5,11,938.4,1007.1,8.6,0,0.0,20.3,2.7,20.4,20.3,20.3,--
2026/1/3 8:06,19.5,62,7.0,99,6.8,7.0,0.0,2.5,40,938.4,1007.1,6.6,0,0.0,20.3,2.7,20.4,20.3,20.3,--
2026/1/3 8:07,19.5,62,7.1,99,6.9,7.1,4.0,4.3,68,938.6,1007.3,5.9,0,0.0,20.3,2.7,20.4,20.3,20.3,--
2026/1/3 8:08,19.5,62,7.1,99,6.9,7.1,2.5,3.6,72,938.5,1007.2,5.9,0,0.0,20.3,2.7,20.4,20.3,20.3,--
2026/1/3 8:09,19.5,62,7.1,99,6.9,7.1,0.0,2.9,65,938.5,1007.2,5.9,0,0.0,20.3,2.7,20.4,20.3,20.3,--
2026/1/3 8:10,19.5,62,7.1,99,6.9,7.1,1.8,2.5,100,938.3,1007.0,5.8,0,0.0,20.3,2.7,20.4,20.3,20.3,--
2026/1/3 8:11,19.5,62,7.1,99,6.9,7.1,2.2,2.9,104,938.5,1007.2,5.4,0,0.0,20.3,2.7,20.4,20.3,20.3,--
2026/1/3 8:12,19.5,62,7.0,99,6.8,7.0,1.8,2.5,138,938.4,1007.1,5.3,0,0.0,20.3,2.7,20.4,20.3,20.3,--
2026/1/3 8:13,19.5,62,7.0,99,6.8,7.0,1.8,2.2,89,938.4,1007.1,6.8,0,0.0,20.3,2.7,20.4,20.3,20.3,--
2026/1/3 8:14,19.5,62,7.0,99,6.8,7.0,2.2,3.2,109,938.4,1007.1,8.8,0,0.0,20.3,2.7,20.4,20.3,20.3,--
2026/1/3 8:15,19.5,62,7.0,99,6.8,7.0,3.2,3.6,103,938.4,1007.1,10.6,0,0.0,20.3,2.7,20.4,20.3,20.3,--
2026/1/3 8:16,19.5,62,7.1,99,6.9,7.1,1.8,3.2,68,938.7,1007.4,11.8,0,0.0,20.3,2.7,20.4,20.3,20.3,--
2026/1/3 8:17,19.5,62,7.1,99,6.9,7.1,2.5,3.6,78,938.5,1007.2,12.7,0,0.0,20.3,2.7,20.4,20.3,20.3,--
2026/1/3 8:18,19.5,62,7.1,99,6.9,7.1,1.8,2.9,41,938.5,1007.2,13.4,0,0.0,20.3,2.7,20.4,20.3,20.3,--
2026/1/3 8:19,19.5,62,7.1,99,6.9,7.1,1.8,2.5,48,938.6,1007.3,14.2,0,0.0,20.3,2.7,20.4,20.3,20.3,--
2026/1/3 8:20,19.5,62,7.1,99,6.9,7.1,2.5,4.0,54,938.5,1007.2,14.9,0,0.0,20.3,2.7,20.4,20.3,20.3,--
2026/1/3 8:21,19.5,62,7.1,99,6.9,7.1,2.5,2.9,19,938.5,1007.2,15.4,0,0.0,20.3,2.7,20.4,20.3,20.3,--
2026/1/3 8:22,19.5,62,7.1,99,6.9,7.1,2.5,2.5,218,938.7,1007.4,17.6,0,0.0,20.3,2.7,20.4,20.3,20.3,--
2026/1/3 8:23,19.5,62,7.0,99,6.8,7.0,1.8,1.8,307,938.4,1007.1,20.6,0,0.0,20.3,2.7,20.4,20.3,20.3,--
2026/1/3 8:24,19.6,62,7.0,99,6.8,7.0,2.2,2.2,177,938.7,1007.4,21.3,0,0.0,20.3,2.7,20.4,20.3,20.3,--
2026/1/3 8:25,19.5,62,7.1,99,6.9,6.3,5.4,5.4,64,938.5,1007.2,20.7,0,0.0,20.3,2.7,20.4,20.3,20.3,--
2026/1/3 8:26,19.5,62,7.1,99,6.9,7.1,4.3,6.5,119,938.5,1007.2,21.7,0,0.0,20.3,2.7,20.4,20.3,20.3,--
2026/1/3 8:27,19.5,62,7.1,99,6.9,5.9,6.8,6.8,130,938.4,1007.1,26.4,0,0.0,20.3,2.7,20.4,20.3,20.3,--
2026/1/3 8:28,19.5,62,7.1,99,6.9,7.1,0.0,4.3,18,938.5,1007.2,29.9,0,0.0,20.3,2.7,20.4,20.3,20.3,--
2026/1/3 8:29,19.5,62,7.2,99,7.0,6.6,5.0,5.0,236,938.6,1007.3,31.3,0,0.1,20.4,2.8,20.5,20.4,20.4,--
2026/1/3 8:30,19.5,62,7.2,99,7.0,7.2,1.8,2.2,171,938.7,1007.4,32.2,0,0.1,20.4,2.8,20.5,20.4,20.4,--
2026/1/3 8:31,19.5,62,7.3,99,7.1,7.3,0.0,2.2,27,938.7,1007.4,33.2,0,0.1,20.4,2.8,20.5,20.4,20.4,--
2026/1/3 8:32,19.5,62,7.3,99,7.1,7.3,0.0,2.9,46,938.6,1007.3,35.7,0,0.1,20.4,2.8,20.5,20.4,20.4,--
2026/1/3 8:33,19.5,62,7.3,99,7.1,7.3,2.5,2.5,11,938.6,1007.3,38.9,0,0.1,20.4,2.8,20.5,20.4,20.4,--
2026/1/3 8:34,19.6,62,7.3,99,7.1,7.3,4.3,4.3,74,938.6,1007.3,37.9,0,0.1,20.4,2.8,20.5,20.4,20.4,--
2026/1/3 8:35,19.6,62,7.3,99,7.1,7.3,3.2,4.0,59,938.6,1007.3,38.7,0,0.1,20.4,2.8,20.5,20.4,20.4,--
2026/1/3 8:36,19.5,62,7.3,99,7.1,7.3,2.9,3.6,86,938.6,1007.3,38.8,0,0.1,20.4,2.8,20.5,20.4,20.4,--
2026/1/3 8:37,19.5,62,7.3,99,7.1,7.3,0.0,1.8,66,938.8,1007.5,39.7,0,0.1,20.4,2.8,20.5,20.4,20.4,--
2026/1/3 8:38,19.5,62,7.3,99,7.1,7.3,0.0,1.8,34,938.8,1007.5,42.4,0,0.1,20.4,2.8,20.5,20.4,20.4,--
2026/1/3 8:39,19.6,62,7.3,99,7.1,7.3,0.0,2.2,44,938.8,1007.5,40.4,0,0.1,20.4,2.8,20.5,20.4,20.4,--
2026/1/3 8:40,19.5,62,7.4,99,7.2,7.4,2.2,2.2,85,938.9,1007.6,38.0,0,0.1,20.4,2.8,20.5,20.4,20.4,--
2026/1/3 8:41,19.6,62,7.4,99,7.2,7.4,3.2,3.2,63,938.8,1007.5,38.5,0,0.1,20.4,2.8,20.5,20.4,20.4,--
2026/1/3 8:42,19.5,62,7.4,99,7.2,7.4,3.2,3.6,116,938.9,1007.6,41.9,0,0.1,20.4,2.8,20.5,20.4,20.4,--
2026/1/3 8:43,19.5,62,7.4,99,7.2,7.4,2.5,3.2,101,938.9,1007.6,47.1,0,0.1,20.4,2.8,20.5,20.4,20.4,--
2026/1/3 8:44,19.5,62,7.4,99,7.2,7.4,0.0,2.2,97,938.9,1007.6,55.0,0,0.1,20.4,2.8,20.5,20.4,20.4,--
2026/1/3 8:45,19.6,62,7.4,99,7.2,7.4,0.0,2.2,81,938.8,1007.5,64.9,0,0.1,20.4,2.8,20.5,20.4,20.4,--
2026/1/3 8:46,19.5,62,7.4,99,7.2,7.4,2.2,2.5,70,939.0,1007.7,73.3,0,0.1,20.4,2.8,20.5,20.4,20.4,--
2026/1/3 8:47,19.6,62,7.5,99,7.3,7.5,4.3,5.0,98,938.9,1007.6,80.4,0,0.1,20.4,2.8,20.5,20.4,20.4,--
2026/1/3 8:48,19.6,62,7.5,99,7.3,7.5,2.5,4.3,89,939.1,1007.8,85.2,0,0.1,20.4,2.8,20.5,20.4,20.4,--
2026/1/3 8:49,19.5,62,7.6,99,7.4,7.6,3.2,5.4,108,939.0,1007.7,91.0,0,0.1,20.4,2.8,20.5,20.4,20.4,--
2026/1/3 8:50,19.6,62,7.7,99,7.5,7.7,0.0,1.8,177,938.9,1007.6,94.5,0,0.1,20.4,2.8,20.5,20.4,20.4,--
2026/1/3 8:51,19.5,62,7.7,99,7.5,7.7,2.9,2.9,238,939.0,1007.7,95.5,0,0.1,20.4,2.8,20.5,20.4,20.4,--
2026/1/3 8:52,19.6,62,7.8,99,7.6,7.8,0.0,1.8,134,938.9,1007.6,92.8,0,0.1,20.4,2.8,20.5,20.4,20.4,--
2026/1/3 8:53,19.6,62,7.9,99,7.7,7.9,3.2,4.3,111,938.9,1007.6,92.7,0,0.1,20.4,2.8,20.5,20.4,20.4,--
2026/1/3 8:54,19.6,62,7.9,99,7.7,7.9,0.0,3.2,105,938.9,1007.6,94.0,0,0.1,20.4,2.8,20.5,20.4,20.4,--
2026/1/3 8:55,19.6,62,8.0,99,7.8,8.0,1.8,2.9,57,938.9,1007.6,89.5,0,0.1,20.4,2.8,20.5,20.4,20.4,--
2026/1/3 8:56,19.6,62,8.0,99,7.8,7.5,5.0,6.1,113,939.0,1007.7,79.0,0,0.1,20.4,2.8,20.5,20.4,20.4,--
2026/1/3 8:57,19.6,62,8.1,99,7.9,8.1,4.3,5.0,107,939.0,1007.7,63.1,0,0.1,20.4,2.8,20.5,20.4,20.4,--
2026/1/3 8:58,19.6,62,8.2,99,8.0,8.2,2.5,3.6,91,938.9,1007.6,52.8,0,0.1,20.4,2.8,20.5,20.4,20.4,--
2026/1/3 8:59,19.6,62,8.3,99,8.1,7.8,5.0,5.8,103,939.0,1007.7,49.4,0,0.1,20.4,2.8,20.5,20.4,20.4,--
2026/1/3 9:00,19.6,62,8.3,99,8.1,7.6,5.8,7.2,100,939.1,1007.8,47.1,0,0.1,20.4,2.8,20.5,20.4,20.4,--
2026/1/3 9:01,19.6,62,8.4,99,8.2,8.4,4.3,5.0,99,938.9,1007.6,44.7,0,0.1,20.4,2.8,20.5,20.4,20.4,--
2026/1/3 9:02,19.6,62,8.4,99,8.2,8.4,3.2,5.0,96,939.0,1007.7,37.4,0,0.1,20.4,2.8,20.5,20.4,20.4,--
2026/1/3 9:03,19.6,62,8.5,99,8.3,8.5,2.5,4.0,98,938.9,1007.6,30.5,0,0.1,20.4,2.8,20.5,20.4,20.4,--
2026/1/3 9:04,19.6,62,8.5,99,8.3,8.5,2.9,3.2,252,939.0,1007.7,25.7,0,0.1,20.4,2.8,20.5,20.4,20.4,--
2026/1/3 9:05,19.6,62,8.6,99,8.4,8.6,3.2,3.6,262,939.0,1007.7,22.0,0,0.1,20.4,2.8,20.5,20.4,20.4,--
2026/1/3 9:06,19.6,62,8.5,99,8.3,8.5,0.0,0.0,269,938.8,1007.5,19.2,0,0.1,20.4,2.8,20.5,20.4,20.4,--
2026/1/3 9:07,19.6,62,8.5,98,8.2,8.5,0.0,0.0,212,938.8,1007.5,18.3,0,0.1,20.4,2.8,20.5,20.4,20.4,--
2026/1/3 9:08,19.6,62,8.4,98,8.1,8.4,0.0,0.0,252,938.9,1007.6,18.8,0,0.1,20.4,2.8,20.5,20.4,20.4,--
2026/1/3 9:09,19.5,62,8.4,98,8.1,8.4,1.8,3.2,67,938.7,1007.4,19.0,0,0.1,20.4,2.8,20.5,20.4,20.4,--
2026/1/3 9:10,19.6,62,8.3,98,8.0,8.3,2.5,3.6,117,938.9,1007.6,17.6,0,0.1,20.4,2.8,20.5,20.4,20.4,--
2026/1/3 9:11,19.6,62,8.3,98,8.0,8.3,2.9,3.6,89,939.0,1007.7,15.8,0,0.1,20.4,2.8,20.5,20.4,20.4,--
2026/1/3 9:12,19.6,62,8.3,98,8.0,8.3,2.5,2.9,88,938.9,1007.6,15.3,0,0.1,20.4,2.8,20.5,20.4,20.4,--
2026/1/3 9:13,19.6,62,8.2,98,7.9,8.2,2.2,2.2,74,939.0,1007.7,14.9,0,0.1,20.4,2.8,20.5,20.4,20.4,--
2026/1/3 9:14,19.6,62,8.2,98,7.9,8.2,2.9,3.2,58,939.1,1007.8,15.4,0,0.1,20.4,2.8,20.5,20.4,20.4,--
2026/1/3 9:15,19.6,62,8.2,98,7.9,8.2,3.2,3.6,77,939.0,1007.7,15.9,0,0.1,20.4,2.8,20.5,20.4,20.4,--
2026/1/3 9:16,19.6,62,8.2,98,7.9,8.2,3.2,4.0,92,938.9,1007.6,16.6,0,0.1,20.4,2.8,20.5,20.4,20.4,--
2026/1/3 9:17,19.6,62,8.1,98,7.8,8.1,2.2,2.9,92,939.0,1007.7,17.7,0,0.1,20.4,2.8,20.5,20.4,20.4,--
2026/1/3 9:18,19.6,62,8.1,99,7.9,8.1,1.8,2.5,83,939.0,1007.7,20.8,0,0.1,20.4,2.8,20.5,20.4,20.4,--
2026/1/3 9:19,19.6,62,8.1,99,7.9,8.1,2.2,2.5,37,939.0,1007.7,29.5,0,0.1,20.4,2.8,20.5,20.4,20.4,--
2026/1/3 9:20,19.6,62,8.1,99,7.9,8.1,0.0,0.0,336,939.1,1007.8,37.3,0,0.1,20.4,2.8,20.5,20.4,20.4,--
2026/1/3 9:21,19.6,62,8.1,99,7.9,8.1,0.0,0.0,165,939.0,1007.7,40.4,0,0.1,20.4,2.8,20.5,20.4,20.4,--
2026/1/3 9:22,19.6,62,8.1,99,7.9,8.1,0.0,0.0,165,939.1,1007.8,44.4,0,0.1,20.4,2.8,20.5,20.4,20.4,--
2026/1/3 9:23,19.6,62,8.1,99,7.9,8.1,0.0,0.0,49,939.1,1007.8,47.9,0,0.1,20.4,2.8,20.5,20.4,20.4,--
2026/1/3 9:24,19.6,62,8.1,99,7.9,8.1,1.8,2.5,103,939.1,1007.8,47.1,0,0.1,20.4,2.8,20.5,20.4,20.4,--
2026/1/3 9:25,19.6,62,8.1,99,7.9,8.1,2.2,3.2,105,939.3,1008.0,51.9,0,0.1,20.4,2.8,20.5,20.4,20.4,--
2026/1/3 9:26,19.6,62,8.1,99,7.9,8.1,2.5,3.6,106,939.3,1008.0,59.5,0,0.1,20.4,2.8,20.5,20.4,20.4,--
2026/1/3 9:27,19.6,62,8.1,99,7.9,8.1,2.5,2.5,88,939.3,1008.0,65.5,0,0.1,20.4,2.8,20.5,20.4,20.4,--
2026/1/3 9:28,19.6,62,8.1,99,7.9,8.1,3.6,4.0,97,939.3,1008.0,64.4,0,0.0,20.4,2.8,20.5,20.4,20.4,--
2026/1/3 9:29,19.6,62,8.2,99,8.0,8.2,0.0,1.8,180,939.1,1007.8,63.4,0,0.0,20.4,2.8,20.5,20.4,20.4,--
2026/1/3 9:30,19.6,62,8.2,99,8.0,8.2,0.0,0.0,214,939.2,1007.9,68.8,0,0.0,20.4,2.8,20.5,20.4,20.4,--
2026/1/3 9:31,19.6,62,8.2,99,8.0,8.2,0.0,0.0,235,939.2,1007.9,71.4,0,0.0,20.4,2.8,20.5,20.4,20.4,--
2026/1/3 9:32,19.6,62,8.3,99,8.1,8.3,1.8,1.8,259,939.1,1007.8,73.8,0,0.0,20.4,2.8,20.5,20.4,20.4,--
2026/1/3 9:33,19.6,62,8.3,99,8.1,8.3,2.2,2.2,258,939.3,1008.0,78.8,0,0.0,20.4,2.8,20.5,20.4,20.4,--
2026/1/3 9:34,19.6,62,8.3,99,8.1,8.3,0.0,2.2,332,939.0,1007.7,78.0,0,0.0,20.4,2.8,20.5,20.4,20.4,--
2026/1/3 9:35,19.6,62,8.3,99,8.1,8.3,0.0,0.0,113,939.2,1007.9,76.3,0,0.0,20.4,2.8,20.5,20.4,20.4,--
2026/1/3 9:36,19.6,62,8.3,99,8.1,8.3,2.5,2.9,130,939.4,1008.1,73.0,0,0.0,20.4,2.8,20.5,20.4,20.4,--
2026/1/3 9:37,19.6,62,8.4,99,8.2,8.4,0.0,2.2,128,939.4,1008.1,69.3,0,0.0,20.4,2.8,20.5,20.4,20.4,--
2026/1/3 9:38,19.7,62,8.4,99,8.2,8.4,0.0,2.9,120,939.1,1007.8,66.6,0,0.0,20.4,2.8,20.5,20.4,20.4,--
2026/1/3 9:39,19.6,62,8.4,99,8.2,8.4,0.0,1.8,104,939.1,1007.8,68.3,0,0.0,20.4,2.8,20.5,20.4,20.4,--
2026/1/3 9:40,19.6,62,8.4,99,8.2,8.4,1.8,2.9,92,939.2,1007.9,71.5,0,0.0,20.4,2.8,20.5,20.4,20.4,--
2026/1/3 9:41,19.6,62,8.5,99,8.3,8.5,2.5,2.5,100,939.2,1007.9,73.3,0,0.0,20.4,2.8,20.5,20.4,20.4,--
2026/1/3 9:42,19.6,62,8.5,99,8.3,8.5,0.0,2.2,89,939.1,1007.8,79.8,0,0.0,20.4,2.8,20.5,20.4,20.4,--
2026/1/3 9:43,19.7,62,8.6,99,8.4,8.6,0.0,2.5,98,939.2,1007.9,86.9,0,0.0,20.4,2.8,20.5,20.4,20.4,--
2026/1/3 9:44,19.6,62,8.6,99,8.4,8.6,2.2,2.9,44,939.2,1007.9,95.0,0,0.0,20.4,2.8,20.5,20.4,20.4,--
2026/1/3 9:45,19.7,62,8.7,99,8.5,8.7,0.0,1.8,68,939.2,1007.9,101.1,0,0.0,20.4,2.8,20.5,20.4,20.4,--
2026/1/3 9:46,19.6,62,8.7,99,8.5,8.7,0.0,1.8,197,939.2,1007.9,107.1,0,0.0,20.4,2.8,20.5,20.4,20.4,--
2026/1/3 9:47,19.7,62,8.8,99,8.6,8.8,0.0,0.0,77,939.4,1008.1,108.7,1,0.0,20.4,2.8,20.5,20.4,20.4,--
2026/1/3 9:48,19.7,62,8.8,99,8.6,8.8,1.8,2.2,51,939.3,1008.0,112.8,1,0.0,20.4,2.8,20.5,20.4,20.4,--
2026/1/3 9:49,19.7,62,8.9,99,8.7,8.9,2.2,3.2,33,939.2,1007.9,117.6,1,0.0,20.4,2.8,20.5,20.4,20.4,--
2026/1/3 9:50,19.7,62,8.9,99,8.7,8.9,2.5,3.2,8,939.2,1007.9,115.2,1,0.0,20.4,2.8,20.5,20.4,20.4,--
2026/1/3 9:51,19.7,62,9.0,99,8.8,9.0,0.0,2.5,3,939.1,1007.8,110.8,1,0.0,20.4,2.8,20.5,20.4,20.4,--
2026/1/3 9:52,19.7,62,9.0,99,8.8,9.0,1.8,2.2,157,939.3,1008.0,102.2,0,0.0,20.4,2.8,20.5,20.4,20.4,--
2026/1/3 9:53,19.7,62,9.0,99,8.8,9.0,0.0,1.8,200,939.2,1007.9,101.1,0,0.0,20.4,2.8,20.5,20.4,20.4,--
2026/1/3 9:54,19.7,62,9.1,99,8.9,9.1,2.9,4.0,216,939.4,1008.1,109.6,1,0.0,20.4,2.8,20.5,20.4,20.4,--
2026/1/3 9:55,19.7,62,9.1,99,8.9,9.1,1.8,2.2,166,939.3,1008.0,123.9,1,0.0,20.4,2.8,20.5,20.4,20.4,--
2026/1/3 9:56,19.7,62,9.1,99,8.9,9.1,0.0,2.5,145,939.4,1008.1,141.3,1,0.0,20.4,2.8,20.5,20.4,20.4,--
2026/1/3 9:57,19.7,62,9.2,98,8.9,9.2,2.2,2.2,131,939.4,1008.1,151.3,1,0.0,20.4,2.8,20.5,20.4,20.4,--
2026/1/3 9:58,19.7,62,9.2,98,8.9,9.2,2.9,3.2,119,939.4,1008.1,156.2,1,0.0,20.4,2.8,20.5,20.4,20.4,--
2026/1/3 9:59,19.7,62,9.3,97,8.9,9.3,4.3,4.3,99,939.4,1008.1,152.6,1,0.0,20.4,2.8,20.5,20.4,20.4,--
2026/1/3 10:00,19.7,62,9.3,96,8.8,9.3,2.9,3.6,93,939.3,1008.0,140.8,1,0.0,20.4,2.8,20.5,20.4,20.4,--
2026/1/3 10:01,19.7,62,9.4,96,8.9,9.4,0.0,0.0,329,939.3,1008.0,128.7,1,0.0,20.4,2.8,20.5,20.4,20.4,--
2026/1/3 10:02,19.7,62,9.5,97,9.1,9.5,2.2,2.5,39,939.5,1008.2,124.3,1,0.0,20.4,2.8,20.5,20.4,20.4,--
2026/1/3 10:03,19.7,62,9.5,96,9.0,9.5,2.5,3.2,50,939.5,1008.2,126.7,1,0.0,20.4,2.8,20.5,20.4,20.4,--
2026/1/3 10:04,19.7,62,9.5,95,8.7,9.5,2.5,2.5,92,939.6,1008.3,129.8,1,0.0,20.4,2.8,20.5,20.4,20.4,--
2026/1/3 10:05,19.7,62,9.6,94,8.6,9.6,2.2,3.2,117,939.5,1008.2,134.8,1,0.0,20.4,2.8,20.5,20.4,20.4,--
2026/1/3 10:06,19.7,62,9.6,94,8.6,9.6,2.5,2.9,89,939.6,1008.3,142.6,1,0.0,20.4,2.8,20.5,20.4,20.4,--
2026/1/3 10:07,19.7,62,9.7,94,8.7,9.7,3.2,3.6,72,939.4,1008.1,147.8,1,0.0,20.4,2.8,20.5,20.4,20.4,--
2026/1/3 10:08,19.7,62,9.7,95,8.9,9.7,3.2,3.2,56,939.4,1008.1,148.7,1,0.0,20.4,2.8,20.5,20.4,20.4,--
2026/1/3 10:09,19.7,62,9.8,94,8.8,9.8,2.9,2.9,78,939.3,1008.0,151.6,1,0.0,20.4,2.8,20.5,20.4,20.4,--
2026/1/3 10:10,19.8,62,9.8,94,8.8,9.8,1.8,2.2,56,939.3,1008.0,154.2,1,0.0,20.4,2.8,20.5,20.4,20.4,--
2026/1/3 10:11,19.7,62,9.9,94,8.9,9.9,0.0,2.2,0,939.2,1007.9,157.5,1,0.0,20.4,2.8,20.5,20.4,20.4,--
2026/1/3 10:12,19.7,62,9.9,91,8.5,9.9,0.0,0.0,306,939.7,1008.4,165.9,1,0.0,20.4,2.8,20.5,20.4,20.4,--
2026/1/3 10:13,19.7,62,9.9,90,8.3,9.9,2.5,2.5,27,939.3,1008.0,172.5,1,0.0,20.4,2.8,20.5,20.4,20.4,--
2026/1/3 10:14,19.7,62,10.0,90,8.4,10.0,0.0,2.2,310,939.5,1008.2,178.4,1,0.0,20.4,2.8,20.5,20.4,20.4,--
2026/1/3 10:15,19.7,62,10.0,90,8.4,10.0,1.8,2.5,25,939.5,1008.2,181.3,1,0.0,20.4,2.8,20.5,20.4,20.4,--
2026/1/3 10:16,19.7,62,10.1,89,8.3,10.1,2.5,2.5,44,939.5,1008.2,182.8,1,0.0,20.4,2.8,20.5,20.4,20.4,--
2026/1/3 10:17,19.7,62,10.1,91,8.7,10.1,0.0,1.8,42,939.4,1008.1,193.3,1,0.0,20.4,2.8,20.5,20.4,20.4,--
2026/1/3 10:18,19.7,62,10.2,91,8.8,10.2,1.8,1.8,104,939.4,1008.1,203.3,1,0.0,20.4,2.8,20.5,20.4,20.4,--
2026/1/3 10:19,19.6,62,10.2,90,8.6,10.2,1.8,2.9,120,939.4,1008.1,211.7,1,0.0,20.4,2.8,20.5,20.4,20.4,--
2026/1/3 10:20,19.7,62,10.2,88,8.2,10.2,1.8,2.2,127,939.5,1008.2,221.6,2,0.0,20.4,2.8,20.5,20.4,20.4,--
2026/1/3 10:21,19.7,62,10.3,88,8.3,10.3,2.2,2.9,107,939.6,1008.3,224.1,2,0.0,20.4,2.8,20.5,20.4,20.4,--
2026/1/3 10:22,19.6,62,10.3,88,8.3,10.3,3.2,3.6,105,939.4,1008.1,222.5,2,0.0,20.4,2.8,20.5,20.4,20.4,--
2026/1/3 10:23,19.6,62,10.3,88,8.3,10.3,0.0,2.2,146,939.3,1008.0,223.8,2,0.0,20.4,2.8,20.5,20.4,20.4,--
2026/1/3 10:24,19.6,62,10.4,85,8.0,10.4,1.8,2.2,166,939.4,1008.1,218.9,2,0.0,20.4,2.8,20.5,20.4,20.4,--
2026/1/3 10:25,19.6,62,10.4,86,8.2,10.4,4.3,4.7,115,939.6,1008.3,216.1,2,0.0,20.4,2.8,20.5,20.4,20.4,--
2026/1/3 10:26,19.6,62,10.4,84,7.8,10.4,2.9,3.6,106,939.8,1008.5,211.0,1,0.0,20.4,2.8,20.5,20.4,20.4,--
2026/1/3 10:27,19.6,62,10.5,86,8.3,10.5,2.2,2.2,87,939.5,1008.2,210.8,1,0.0,20.4,2.8,20.5,20.4,20.4,--
2026/1/3 10:28,19.6,62,10.5,88,8.5,10.5,4.7,5.0,97,939.5,1008.2,216.1,2,0.0,20.4,2.8,20.5,20.4,20.4,--
2026/1/3 10:29,19.6,62,10.6,87,8.5,10.6,4.7,5.4,100,939.5,1008.2,217.9,2,0.0,20.4,2.8,20.5,20.4,20.4,--
2026/1/3 10:30,19.6,62,10.6,88,8.6,10.6,3.2,3.6,84,939.6,1008.3,213.6,1,0.0,20.4,2.8,20.5,20.4,20.4,--
2026/1/3 10:31,19.6,62,10.6,88,8.6,10.6,4.0,4.3,80,939.7,1008.4,206.7,1,0.0,20.4,2.8,20.5,20.4,20.4,--
2026/1/3 10:32,19.6,62,10.6,82,7.7,10.6,5.8,5.8,113,939.6,1008.3,199.2,1,0.0,20.4,2.8,20.5,20.4,20.4,--
2026/1/3 10:33,19.6,62,10.6,80,7.3,10.6,3.2,4.3,106,939.7,1008.4,192.5,1,0.0,20.4,2.8,20.5,20.4,20.4,--
2026/1/3 10:34,19.6,62,10.7,82,7.8,10.7,3.2,3.6,110,939.6,1008.3,183.1,1,0.0,20.4,2.8,20.5,20.4,20.4,--
2026/1/3 10:35,19.6,62,10.7,84,8.1,10.7,2.2,2.9,69,939.7,1008.4,176.4,1,0.0,20.4,2.8,20.5,20.4,20.4,--
2026/1/3 10:36,19.6,62,10.7,85,8.3,10.7,6.1,6.1,96,939.6,1008.3,175.0,1,0.0,20.4,2.8,20.5,20.4,20.4,--
2026/1/3 10:37,19.6,62,10.7,85,8.3,10.7,5.8,6.8,63,939.5,1008.2,174.5,1,0.0,20.4,2.8,20.5,20.4,20.4,--
2026/1/3 10:38,19.6,62,10.7,83,7.9,10.7,0.0,4.3,356,939.3,1008.0,171.5,1,0.0,20.4,2.8,20.5,20.4,20.4,--
2026/1/3 10:39,19.6,62,10.7,82,7.8,10.7,2.2,3.2,104,939.5,1008.2,161.6,1,0.0,20.4,2.8,20.5,20.4,20.4,--
2026/1/3 10:40,19.6,62,10.7,82,7.8,10.7,2.9,4.0,84,939.6,1008.3,152.2,1,0.0,20.4,2.8,20.5,20.4,20.4,--
2026/1/3 10:41,19.6,62,10.7,80,7.4,10.7,3.2,4.0,56,939.7,1008.4,151.4,1,0.0,20.4,2.8,20.5,20.4,20.4,--
2026/1/3 10:42,19.6,62,10.8,82,7.9,10.8,2.2,2.5,109,939.7,1008.4,156.3,1,0.0,20.4,2.8,20.5,20.4,20.4,--
2026/1/3 10:43,19.6,62,10.8,84,8.2,10.8,2.5,4.0,86,939.8,1008.5,153.2,1,0.0,20.4,2.8,20.5,20.4,20.4,--
2026/1/3 10:44,19.6,62,10.8,86,8.6,10.8,0.0,1.8,99,939.6,1008.3,159.4,1,0.0,20.4,2.8,20.5,20.4,20.4,--
2026/1/3 10:45,19.6,62,10.9,83,8.1,10.9,2.9,3.6,92,939.6,1008.3,184.6,1,0.0,20.4,2.8,20.5,20.4,20.4,--
2026/1/3 10:46,19.6,61,10.9,84,8.3,10.9,2.5,2.5,89,939.7,1008.4,181.7,1,0.0,20.4,2.8,20.5,20.4,20.4,--
2026/1/3 10:47,19.6,62,11.0,84,8.4,11.0,2.2,3.2,80,939.8,1008.5,194.4,1,0.0,20.4,2.8,20.5,20.4,20.4,--
2026/1/3 10:48,19.6,62,11.0,84,8.4,11.0,1.8,2.2,92,939.5,1008.2,233.4,2,0.0,20.4,2.8,20.5,20.4,20.4,--
2026/1/3 10:49,19.6,62,11.1,85,8.7,11.1,0.0,2.5,32,939.6,1008.3,231.8,2,0.0,20.4,2.8,20.5,20.4,20.4,--
2026/1/3 10:50,19.6,62,11.1,87,9.0,11.1,0.0,2.2,89,939.7,1008.4,296.2,2,0.0,20.4,2.8,20.5,20.4,20.4,--
2026/1/3 10:51,19.6,62,11.2,84,8.6,11.2,0.0,2.2,84,939.7,1008.4,395.5,3,0.0,20.4,2.8,20.5,20.4,20.4,--
2026/1/3 10:52,19.6,62,11.3,84,8.7,11.3,1.8,3.2,82,939.8,1008.5,434.0,4,0.0,20.4,2.8,20.5,20.4,20.4,--
2026/1/3 10:53,19.6,61,11.5,84,8.9,11.5,2.2,2.2,49,939.6,1008.3,384.2,3,0.0,20.4,2.8,20.5,20.4,20.4,--
2026/1/3 10:54,19.6,62,11.7,80,8.4,11.7,2.9,3.6,91,939.7,1008.4,485.6,4,0.0,20.4,2.8,20.5,20.4,20.4,--
2026/1/3 10:55,19.6,61,11.9,80,8.6,11.9,5.4,5.4,112,939.7,1008.4,478.2,4,0.0,20.4,2.8,20.5,20.4,20.4,--
2026/1/3 10:56,19.6,62,12.1,75,7.8,12.1,5.8,6.5,36,939.6,1008.3,458.1,4,0.0,20.4,2.8,20.5,20.4,20.4,--
2026/1/3 10:57,19.6,61,12.2,76,8.1,12.2,3.6,3.6,60,939.6,1008.3,439.0,4,0.0,20.4,2.8,20.5,20.4,20.4,--
2026/1/3 10:58,19.6,61,12.2,78,8.5,12.2,2.5,2.9,46,939.5,1008.2,443.4,4,0.0,20.4,2.8,20.5,20.4,20.4,--
2026/1/3 10:59,19.6,62,12.3,78,8.6,12.3,4.3,4.3,267,939.5,1008.2,372.3,3,0.0,20.4,2.8,20.5,20.4,20.4,--
2026/1/3 11:00,19.6,61,12.3,79,8.8,12.3,1.8,2.9,352,939.4,1008.1,291.7,2,0.0,20.4,2.8,20.5,20.4,20.4,--
2026/1/3 11:01,19.6,61,12.3,74,7.8,12.3,5.0,5.0,289,939.7,1008.4,298.5,2,0.0,20.4,2.8,20.5,20.4,20.4,--
2026/1/3 11:02,19.6,61,12.1,74,7.6,12.1,2.9,4.0,289,939.6,1008.3,283.5,2,0.0,20.4,2.8,20.5,20.4,20.4,--
2026/1/3 11:03,19.6,61,12.0,75,7.7,12.0,2.2,2.9,195,939.6,1008.3,297.7,2,0.0,20.4,2.8,20.5,20.4,20.4,--
2026/1/3 11:04,19.6,61,11.9,77,8.0,11.9,3.6,3.6,63,939.5,1008.2,268.0,2,0.0,20.4,2.8,20.5,20.4,20.4,--
2026/1/3 11:05,19.6,61,11.9,76,7.8,11.9,2.2,2.2,300,939.5,1008.2,251.6,2,0.0,20.4,2.8,20.5,20.4,20.4,--
2026/1/3 11:06,19.6,61,11.8,76,7.7,11.8,0.0,0.0,110,939.5,1008.2,231.3,2,0.0,20.4,2.8,20.5,20.4,20.4,--
2026/1/3 11:07,19.6,61,11.8,77,7.9,11.8,1.8,1.8,148,939.5,1008.2,210.1,1,0.0,20.4,2.8,20.5,20.4,20.4,--
2026/1/3 11:08,19.6,61,11.8,75,7.5,11.8,2.2,2.5,178,939.4,1008.1,200.2,1,0.0,20.4,2.8,20.5,20.4,20.4,--
2026/1/3 11:09,19.6,61,11.7,77,7.8,11.7,1.8,2.2,114,939.6,1008.3,201.2,1,0.0,20.4,2.8,20.5,20.4,20.4,--
2026/1/3 11:10,19.6,61,11.7,79,8.2,11.7,2.9,3.6,22,939.5,1008.2,200.0,1,0.0,20.4,2.8,20.5,20.4,20.4,--
2026/1/3 11:11,19.6,61,11.7,78,8.0,11.7,3.6,4.3,105,939.8,1008.5,182.3,1,0.0,20.4,2.8,20.5,20.4,20.4,--
2026/1/3 11:12,19.6,61,11.6,78,7.9,11.6,1.8,2.9,78,939.7,1008.4,162.1,1,0.0,20.4,2.8,20.5,20.4,20.4,--
2026/1/3 11:13,19.6,61,11.6,79,8.1,11.6,0.0,0.0,44,939.7,1008.4,147.3,1,0.0,20.4,2.8,20.5,20.4,20.4,--
2026/1/3 11:14,19.6,61,11.6,80,8.3,11.6,2.5,3.2,89,939.6,1008.3,131.1,1,0.0,20.4,2.8,20.5,20.4,20.4,--
2026/1/3 11:15,19.6,61,11.5,78,7.8,11.5,0.0,1.8,65,939.7,1008.4,113.3,1,0.0,20.4,2.8,20.5,20.4,20.4,--
2026/1/3 11:16,19.6,61,11.5,79,8.0,11.5,4.0,4.7,97,939.6,1008.3,104.0,0,0.0,20.4,2.8,20.5,20.4,20.4,--
2026/1/3 11:17,19.6,61,11.5,80,8.2,11.5,4.7,4.7,117,939.6,1008.3,95.0,0,0.0,20.4,2.8,20.5,20.4,20.4,--
2026/1/3 11:18,19.6,61,11.4,81,8.2,11.4,5.8,6.1,102,939.6,1008.3,83.5,0,0.0,20.4,2.8,20.5,20.4,20.4,--
2026/1/3 11:19,19.6,61,11.3,81,8.1,11.3,3.6,6.1,93,939.5,1008.2,77.1,0,0.0,20.4,2.8,20.5,20.4,20.4,--
2026/1/3 11:20,19.6,61,11.2,81,8.1,11.2,5.8,6.5,120,939.6,1008.3,75.6,0,0.0,20.4,2.8,20.5,20.4,20.4,--
2026/1/3 11:21,19.6,61,11.1,80,7.8,11.1,4.7,7.6,107,939.5,1008.2,78.9,0,0.0,20.4,2.8,20.5,20.4,20.4,--
2026/1/3 11:22,19.6,61,11.0,83,8.2,11.0,4.0,4.3,103,939.6,1008.3,80.9,0,0.0,20.4,2.8,20.5,20.4,20.4,--
2026/1/3 11:23,19.6,61,10.9,85,8.5,10.9,3.6,4.0,107,939.5,1008.2,77.9,0,0.0,20.4,2.8,20.5,20.4,20.4,--
2026/1/3 11:24,19.6,61,10.8,86,8.6,10.8,3.2,4.3,92,939.5,1008.2,76.8,0,0.0,20.4,2.8,20.5,20.4,20.4,--
2026/1/3 11:25,19.6,61,10.7,84,8.1,10.7,2.5,3.2,84,939.6,1008.3,78.2,0,0.0,20.4,2.8,20.5,20.4,20.4,--
2026/1/3 11:26,19.6,61,10.7,85,8.3,10.7,5.4,6.1,100,939.5,1008.2,84.5,0,0.0,20.4,2.8,20.5,20.4,20.4,--
2026/1/3 11:27,19.6,61,10.7,86,8.5,10.7,3.6,5.0,112,939.5,1008.2,85.1,0,0.0,20.4,2.8,20.5,20.4,20.4,--
2026/1/3 11:28,19.6,61,10.6,86,8.4,10.6,6.1,6.1,108,939.6,1008.3,80.9,0,0.0,20.4,2.8,20.5,20.4,20.4,--
2026/1/3 11:29,19.6,61,10.6,85,8.2,10.6,5.4,6.5,109,939.6,1008.3,83.4,0,0.0,20.4,2.8,20.5,20.4,20.4,--
2026/1/3 11:30,19.6,61,10.6,87,8.5,10.6,3.6,4.0,89,939.4,1008.1,90.0,0,0.0,20.4,2.8,20.5,20.4,20.4,--
2026/1/3 11:31,19.6,61,10.5,87,8.4,10.5,4.0,5.8,100,939.4,1008.1,87.5,0,0.0,20.4,2.8,20.5,20.4,20.4,--
2026/1/3 11:32,19.6,61,10.5,86,8.3,10.5,5.4,7.6,107,939.4,1008.1,81.2,0,0.0,20.4,2.8,20.5,20.4,20.4,--
2026/1/3 11:33,19.6,61,10.4,85,8.0,10.4,4.7,5.4,121,939.4,1008.1,82.1,0,0.0,20.4,2.8,20.5,20.4,20.4,--
2026/1/3 11:34,19.6,61,10.4,85,8.0,10.4,4.3,4.3,106,939.4,1008.1,83.1,0,0.0,20.4,2.8,20.5,20.4,20.4,--
2026/1/3 11:35,19.6,61,10.4,86,8.2,10.4,5.4,5.4,105,939.3,1008.0,76.9,0,0.0,20.4,2.8,20.5,20.4,20.4,--
2026/1/3 11:36,19.6,61,10.4,85,8.0,10.4,6.1,7.2,119,939.6,1008.3,74.9,0,0.0,20.4,2.8,20.5,20.4,20.4,--
2026/1/3 11:37,19.6,61,10.4,85,8.0,10.4,2.9,5.0,97,939.5,1008.2,78.0,0,0.0,20.4,2.8,20.5,20.4,20.4,--
2026/1/3 11:38,19.6,61,10.4,85,8.0,10.4,4.3,5.4,116,939.5,1008.2,79.3,0,0.0,20.4,2.8,20.5,20.4,20.4,--
2026/1/3 11:39,19.6,61,10.4,85,8.0,10.4,2.5,4.3,86,939.3,1008.0,80.0,0,0.0,20.4,2.8,20.5,20.4,20.4,--
2026/1/3 11:40,19.6,61,10.4,85,8.0,10.4,4.3,5.4,98,939.5,1008.2,82.3,0,0.0,20.4,2.8,20.5,20.4,20.4,--
2026/1/3 11:41,19.6,61,10.4,86,8.2,10.4,2.2,5.8,112,939.4,1008.1,85.2,0,0.0,20.4,2.8,20.5,20.4,20.4,--
2026/1/3 11:42,19.6,61,10.4,86,8.2,10.4,4.7,5.0,119,939.3,1008.0,88.6,0,0.0,20.4,2.8,20.5,20.4,20.4,--
2026/1/3 11:43,19.6,61,10.4,85,8.0,10.4,2.5,4.3,120,939.4,1008.1,100.8,0,0.0,20.4,2.8,20.5,20.4,20.4,--
2026/1/3 11:44,19.6,62,10.4,85,8.0,10.4,2.5,2.9,72,939.4,1008.1,120.9,1,0.0,20.4,2.8,20.5,20.4,20.4,--
2026/1/3 11:45,19.6,62,10.4,86,8.2,10.4,2.5,5.4,92,939.4,1008.1,135.7,1,0.0,20.4,2.8,20.5,20.4,20.4,--
2026/1/3 11:46,19.6,62,10.5,86,8.3,10.5,4.7,5.4,103,939.6,1008.3,141.5,1,0.0,20.4,2.8,20.5,20.4,20.4,--
2026/1/3 11:47,19.6,62,10.5,86,8.3,10.5,0.0,2.5,63,939.5,1008.2,157.7,1,0.0,20.4,2.8,20.5,20.4,20.4,--
2026/1/3 11:48,19.6,62,10.5,86,8.3,10.5,2.2,3.6,92,939.4,1008.1,189.8,1,0.0,20.4,2.8,20.5,20.4,20.4,--
2026/1/3 11:49,19.7,62,10.5,86,8.3,10.5,3.2,4.3,116,939.3,1008.0,212.1,1,0.0,20.4,2.8,20.5,20.4,20.4,--
2026/1/3 11:50,19.6,62,10.6,85,8.2,10.6,3.2,3.6,81,939.5,1008.2,228.8,2,0.0,20.4,2.8,20.5,20.4,20.4,--
2026/1/3 11:51,19.7,62,10.6,85,8.2,10.6,2.9,3.2,82,939.3,1008.0,251.2,2,0.0,20.4,2.8,20.5,20.4,20.4,--
2026/1/3 11:52,19.7,62,10.7,85,8.3,10.7,4.0,4.0,88,939.3,1008.0,262.3,2,0.0,20.4,2.8,20.5,20.4,20.4,--
2026/1/3 11:53,19.7,62,10.7,86,8.5,10.7,6.5,7.2,124,939.2,1007.9,259.6,2,0.0,20.4,2.8,20.5,20.4,20.4,--
2026/1/3 11:54,19.7,62,10.8,86,8.6,10.8,4.7,5.4,116,939.3,1008.0,253.6,2,0.0,20.4,2.8,20.5,20.4,20.4,--
2026/1/3 11:55,19.7,62,10.8,87,8.7,10.8,5.8,5.8,88,939.2,1007.9,241.5,2,0.0,20.4,2.8,20.5,20.4,20.4,--
2026/1/3 11:56,19.7,62,10.8,85,8.4,10.8,1.8,4.3,73,939.4,1008.1,211.2,1,0.0,20.4,2.8,20.5,20.4,20.4,--
2026/1/3 11:57,19.7,62,10.9,83,8.1,10.9,5.4,5.8,106,939.7,1008.4,175.0,1,0.0,20.4,2.8,20.5,20.4,20.4,--
2026/1/3 11:58,19.7,62,10.9,83,8.1,10.9,4.0,4.3,113,939.6,1008.3,158.1,1,0.0,20.4,2.8,20.5,20.4,20.4,--
2026/1/3 11:59,19.7,62,10.9,83,8.1,10.9,0.0,2.9,290,939.4,1008.1,165.4,1,0.0,20.4,2.8,20.5,20.4,20.4,--
2026/1/3 12:00,19.7,62,10.9,83,8.1,10.9,2.9,3.6,228,939.3,1008.0,162.1,1,0.0,20.4,2.8,20.5,20.4,20.4,--
2026/1/3 12:01,19.7,62,10.9,82,8.0,10.9,2.5,3.2,84,939.3,1008.0,146.7,1,0.0,20.4,2.8,20.5,20.4,20.4,--
2026/1/3 12:02,19.7,62,10.9,82,8.0,10.9,4.3,4.3,94,939.2,1007.9,138.3,1,0.0,20.4,2.8,20.5,20.4,20.4,--
2026/1/3 12:03,19.7,62,10.8,82,7.9,10.8,5.4,5.4,113,939.2,1007.9,129.7,1,0.0,20.4,2.8,20.5,20.4,20.4,--
2026/1/3 12:04,19.8,62,10.8,82,7.9,10.8,2.9,4.0,110,939.3,1008.0,118.3,1,0.0,20.4,2.8,20.5,20.4,20.4,--
2026/1/3 12:05,19.8,62,10.8,82,7.9,10.8,2.2,2.2,106,939.3,1008.0,108.9,1,0.0,20.4,2.8,20.5,20.4,20.4,--
2026/1/3 12:06,19.7,62,10.8,83,8.0,10.8,0.0,3.2,105,939.3,1008.0,101.9,0,0.0,20.4,2.8,20.5,20.4,20.4,--
2026/1/3 12:07,19.8,62,10.9,84,8.3,10.9,3.2,4.0,110,939.5,1008.2,102.7,0,0.0,20.4,2.8,20.5,20.4,20.4,--
2026/1/3 12:08,19.8,62,10.8,83,8.0,10.8,2.2,2.2,87,939.3,1008.0,109.0,1,0.0,20.4,2.8,20.5,20.4,20.4,--
2026/1/3 12:09,19.7,62,10.9,84,8.3,10.9,4.0,4.0,115,939.2,1007.9,116.5,1,0.0,20.4,2.8,20.5,20.4,20.4,--
2026/1/3 12:10,19.7,62,10.8,81,7.7,10.8,4.3,4.7,123,939.4,1008.1,117.9,1,0.0,20.4,2.8,20.5,20.4,20.4,--
2026/1/3 12:11,19.8,62,10.8,81,7.7,10.8,2.9,4.0,119,939.2,1007.9,116.7,1,0.0,20.4,2.8,20.5,20.4,20.4,--
2026/1/3 12:12,19.8,62,10.8,82,7.9,10.8,4.0,4.3,109,939.4,1008.1,116.9,1,0.0,20.4,2.8,20.5,20.4,20.4,--
2026/1/3 12:13,19.8,62,10.7,82,7.8,10.7,4.0,4.0,105,939.3,1008.0,111.2,1,0.0,20.4,2.8,20.5,20.4,20.4,--
2026/1/3 12:14,19.8,62,10.7,82,7.8,10.7,2.2,2.2,101,939.3,1008.0,102.3,0,0.0,20.4,2.8,20.5,20.4,20.4,--
2026/1/3 12:15,19.8,62,10.7,81,7.6,10.7,2.9,3.2,115,939.3,1008.0,94.1,0,0.0,20.4,2.8,20.5,20.4,20.4,--
2026/1/3 12:16,19.8,62,10.7,82,7.8,10.7,2.2,2.5,99,939.4,1008.1,85.0,0,0.0,20.4,2.8,20.5,20.4,20.4,--
2026/1/3 12:17,19.8,62,10.7,83,7.9,10.7,0.0,1.8,49,939.3,1008.0,79.9,0,0.0,20.4,2.8,20.5,20.4,20.4,--
2026/1/3 12:18,19.8,62,10.7,83,7.9,10.7,4.0,4.0,107,939.2,1007.9,82.0,0,0.0,20.4,2.8,20.5,20.4,20.4,--
2026/1/3 12:19,19.8,62,10.7,83,7.9,10.7,4.7,5.8,113,939.3,1008.0,85.7,0,0.0,20.4,2.8,20.5,20.4,20.4,--
2026/1/3 12:20,19.8,62,10.7,82,7.8,10.7,5.8,6.5,112,939.4,1008.1,88.3,0,0.0,20.4,2.8,20.5,20.4,20.4,--
2026/1/3 12:21,19.8,62,10.7,82,7.8,10.7,1.8,2.5,98,939.1,1007.8,87.3,0,0.0,20.4,2.8,20.5,20.4,20.4,--
2026/1/3 12:22,19.8,62,10.7,83,7.9,10.7,2.2,2.2,72,939.2,1007.9,81.6,0,0.0,20.4,2.8,20.5,20.4,20.4,--
2026/1/3 12:23,19.8,62,10.7,83,7.9,10.7,2.2,3.2,97,939.3,1008.0,72.8,0,0.0,20.4,2.8,20.5,20.4,20.4,--
2026/1/3 12:24,19.8,62,10.6,83,7.8,10.6,2.9,2.9,96,939.2,1007.9,65.8,0,0.0,20.4,2.8,20.5,20.4,20.4,--
2026/1/3 12:25,19.8,62,10.6,84,8.0,10.6,2.2,3.6,91,939.2,1007.9,64.2,0,0.0,20.4,2.8,20.5,20.4,20.4,--
2026/1/3 12:26,19.8,62,10.6,84,8.0,10.6,2.9,4.0,103,939.3,1008.0,66.2,0,0.0,20.4,2.8,20.5,20.4,20.4,--
2026/1/3 12:27,19.8,62,10.6,85,8.2,10.6,4.3,4.3,93,939.2,1007.9,72.6,0,0.0,20.4,2.8,20.5,20.4,20.4,--
2026/1/3 12:28,19.8,62,10.6,85,8.2,10.6,2.5,3.6,110,939.2,1007.9,79.2,0,0.0,20.4,2.8,20.5,20.4,20.4,--
2026/1/3 12:29,19.8,62,10.6,85,8.2,10.6,0.0,2.9,115,939.2,1007.9,79.8,0,0.0,20.4,2.8,20.5,20.4,20.4,--
2026/1/3 12:30,19.8,62,10.5,85,8.1,10.5,5.0,5.4,96,939.1,1007.8,80.0,0,0.0,20.4,2.8,20.5,20.4,20.4,--
2026/1/3 12:31,19.8,62,10.5,86,8.3,10.5,5.8,5.8,109,939.4,1008.1,76.8,0,0.0,20.4,2.8,20.5,20.4,20.4,--
2026/1/3 12:32,19.8,62,10.5,85,8.1,10.5,4.7,5.0,103,939.1,1007.8,78.2,0,0.0,20.4,2.8,20.5,20.4,20.4,--
2026/1/3 12:33,19.8,62,10.5,85,8.1,10.5,4.0,4.3,101,939.1,1007.8,83.0,0,0.0,20.4,2.8,20.5,20.4,20.4,--
2026/1/3 12:34,19.8,62,10.5,84,7.9,10.5,6.1,6.5,113,939.1,1007.8,88.4,0,0.0,20.4,2.8,20.5,20.4,20.4,--
2026/1/3 12:35,19.8,62,10.4,85,8.0,10.4,4.0,4.7,102,939.0,1007.7,96.6,0,0.0,20.4,2.8,20.5,20.4,20.4,--
2026/1/3 12:36,19.8,62,10.4,85,8.0,10.4,2.2,2.9,106,939.2,1007.9,99.1,0,0.0,20.4,2.8,20.5,20.4,20.4,--
2026/1/3 12:37,19.8,62,10.4,85,8.0,10.4,3.6,4.7,105,939.2,1007.9,95.5,0,0.0,20.4,2.8,20.5,20.4,20.4,--
2026/1/3 12:38,19.8,62,10.4,86,8.2,10.4,5.0,5.0,113,939.2,1007.9,101.1,0,0.0,20.4,2.8,20.5,20.4,20.4,--
2026/1/3 12:39,19.8,62,10.4,85,8.0,10.4,5.0,6.5,106,939.2,1007.9,100.3,0,0.0,20.4,2.8,20.5,20.4,20.4,--
2026/1/3 12:40,19.8,62,10.4,85,8.0,10.4,3.2,4.0,99,939.2,1007.9,94.3,0,0.0,20.4,2.8,20.5,20.4,20.4,--
2026/1/3 12:41,19.8,62,10.4,85,8.0,10.4,4.0,4.3,118,939.2,1007.9,84.7,0,0.0,20.4,2.8,20.5,20.4,20.4,--
2026/1/3 12:42,19.8,62,10.4,85,8.0,10.4,3.2,3.6,110,939.2,1007.9,76.7,0,0.0,20.4,2.8,20.5,20.4,20.4,--
2026/1/3 12:43,19.8,62,10.4,85,8.0,10.4,2.5,2.9,106,939.0,1007.7,71.5,0,0.0,20.4,2.8,20.5,20.4,20.4,--
2026/1/3 12:44,19.8,62,10.4,86,8.2,10.4,2.9,2.9,98,939.1,1007.8,72.1,0,0.0,20.4,2.8,20.5,20.4,20.4,--
2026/1/3 12:45,19.8,62,10.4,85,8.0,10.4,4.0,4.0,86,939.1,1007.8,71.9,0,0.0,20.4,2.8,20.5,20.4,20.4,--
2026/1/3 12:46,19.8,62,10.4,85,8.0,10.4,2.2,3.2,85,939.2,1007.9,66.3,0,0.0,20.4,2.8,20.5,20.4,20.4,--
2026/1/3 12:47,19.8,62,10.4,85,8.0,10.4,0.0,2.9,63,939.2,1007.9,59.1,0,0.0,20.4,2.8,20.5,20.4,20.4,--
2026/1/3 12:48,19.8,62,10.4,86,8.2,10.4,2.2,2.2,44,939.2,1007.9,53.8,0,0.0,20.4,2.8,20.5,20.4,20.4,--
2026/1/3 12:49,19.8,62,10.5,86,8.3,10.5,0.0,0.0,77,939.2,1007.9,54.1,0,0.0,20.4,2.8,20.5,20.4,20.4,--
2026/1/3 12:50,19.8,62,10.4,85,8.0,10.4,0.0,0.0,229,939.2,1007.9,56.1,0,0.0,20.4,2.8,20.5,20.4,20.4,--
2026/1/3 12:51,19.8,62,10.4,86,8.2,10.4,0.0,1.8,226,939.2,1007.9,59.8,0,0.0,20.4,2.8,20.5,20.4,20.4,--
2026/1/3 12:52,19.8,62,10.4,85,8.0,10.4,0.0,0.0,235,939.2,1007.9,59.7,0,0.0,20.4,2.8,20.5,20.4,20.4,--
2026/1/3 12:53,19.8,62,10.4,85,8.0,10.4,0.0,0.0,235,939.1,1007.8,55.7,0,0.0,20.4,2.8,20.5,20.4,20.4,--
2026/1/3 12:54,19.9,62,10.4,85,8.0,10.4,0.0,0.0,202,939.1,1007.8,51.5,0,0.0,20.4,2.8,20.5,20.4,20.4,--
2026/1/3 12:55,19.8,62,10.4,85,8.0,10.4,0.0,0.0,202,939.3,1008.0,48.8,0,0.0,20.4,2.8,20.5,20.4,20.4,--
2026/1/3 12:56,19.8,62,10.4,85,8.0,10.4,0.0,0.0,202,939.1,1007.8,49.8,0,0.0,20.4,2.8,20.5,20.4,20.4,--
2026/1/3 12:57,19.8,62,10.4,84,7.8,10.4,2.2,2.9,87,939.2,1007.9,53.0,0,0.0,20.4,2.8,20.5,20.4,20.4,--
2026/1/3 12:58,19.8,62,10.4,83,7.6,10.4,2.5,2.5,93,939.1,1007.8,54.1,0,0.0,20.4,2.8,20.5,20.4,20.4,--
2026/1/3 12:59,19.8,62,10.4,84,7.8,10.4,2.9,3.2,108,939.0,1007.7,52.7,0,0.0,20.4,2.8,20.5,20.4,20.4,--
2026/1/3 13:00,19.8,62,10.4,85,8.0,10.4,3.6,4.0,109,939.0,1007.7,49.8,0,0.0,20.4,2.8,20.5,20.4,20.4,--
2026/1/3 13:01,19.9,62,10.3,84,7.7,10.3,2.2,3.2,109,938.8,1007.5,47.8,0,0.0,20.4,2.8,20.5,20.4,20.4,--
2026/1/3 13:02,19.9,62,10.3,84,7.7,10.3,2.5,3.2,121,938.9,1007.6,47.0,0,0.0,20.4,2.8,20.5,20.4,20.4,--
2026/1/3 13:03,19.9,62,10.3,85,7.9,10.3,2.5,3.2,93,938.8,1007.5,46.2,0,0.0,20.4,2.8,20.5,20.4,20.4,--
2026/1/3 13:04,19.9,62,10.3,88,8.3,10.3,3.2,4.0,113,938.9,1007.6,46.8,0,0.0,20.4,2.8,20.5,20.4,20.4,--
2026/1/3 13:05,19.9,62,10.3,87,8.2,10.3,2.9,4.0,115,939.1,1007.8,50.0,0,0.0,20.4,2.8,20.5,20.4,20.4,--
2026/1/3 13:06,19.9,62,10.2,85,7.8,10.2,3.2,3.2,118,938.8,1007.5,53.4,0,0.0,20.4,2.8,20.5,20.4,20.4,--
2026/1/3 13:07,19.9,62,10.2,84,7.6,10.2,2.2,2.5,117,938.8,1007.5,53.9,0,0.0,20.4,2.8,20.5,20.4,20.4,--
2026/1/3 13:08,19.9,62,10.2,85,7.8,10.2,2.2,2.5,106,938.8,1007.5,54.1,0,0.0,20.4,2.8,20.5,20.4,20.4,--
2026/1/3 13:09,19.9,62,10.3,85,7.9,10.3,0.0,1.8,89,938.9,1007.6,53.9,0,0.0,20.4,2.8,20.5,20.4,20.4,--
2026/1/3 13:10,19.9,62,10.3,85,7.9,10.3,0.0,2.2,108,938.9,1007.6,56.4,0,0.0,20.4,2.8,20.5,20.4,20.4,--
2026/1/3 13:11,19.8,62,10.3,86,8.1,10.3,2.5,2.5,102,938.8,1007.5,58.9,0,0.0,20.4,2.8,20.5,20.4,20.4,--
2026/1/3 13:12,19.9,62,10.3,88,8.3,10.3,2.2,2.5,88,938.8,1007.5,56.6,0,0.0,20.4,2.8,20.5,20.4,20.4,--
2026/1/3 13:13,19.9,62,10.3,88,8.3,10.3,0.0,1.8,97,938.9,1007.6,52.3,0,0.0,20.4,2.8,20.5,20.4,20.4,--
2026/1/3 13:14,19.9,62,10.3,88,8.3,10.3,0.0,1.8,103,939.0,1007.7,47.6,0,0.0,20.4,2.8,20.5,20.4,20.4,--
2026/1/3 13:15,19.9,62,10.2,88,8.2,10.2,0.0,0.0,113,938.9,1007.6,43.4,0,0.0,20.4,2.8,20.5,20.4,20.4,--
2026/1/3 13:16,19.9,62,10.2,88,8.2,10.2,0.0,0.0,110,938.8,1007.5,39.3,0,0.0,20.4,2.8,20.5,20.4,20.4,--
2026/1/3 13:17,19.9,62,10.2,88,8.2,10.2,0.0,1.8,113,938.8,1007.5,36.6,0,0.0,20.4,2.8,20.5,20.4,20.4,--
2026/1/3 13:18,19.9,62,10.2,87,8.1,10.2,2.2,2.9,119,939.0,1007.7,35.2,0,0.0,20.4,2.8,20.5,20.4,20.4,--
2026/1/3 13:19,19.9,62,10.2,87,8.1,10.2,0.0,0.0,118,938.9,1007.6,34.8,0,0.0,20.4,2.8,20.5,20.4,20.4,--
2026/1/3 13:20,19.9,62,10.2,87,8.1,10.2,0.0,0.0,76,938.8,1007.5,32.7,0,0.0,20.4,2.8,20.5,20.4,20.4,--
2026/1/3 13:21,19.9,62,10.2,87,8.1,10.2,0.0,0.0,76,939.0,1007.7,30.8,0,0.0,20.4,2.8,20.5,20.4,20.4,--
2026/1/3 13:22,19.9,62,10.2,87,8.1,10.2,0.0,0.0,76,938.9,1007.6,30.7,0,0.0,20.4,2.8,20.5,20.4,20.4,--
2026/1/3 13:23,19.9,62,10.2,86,8.0,10.2,0.0,0.0,44,938.8,1007.5,32.0,0,0.0,20.4,2.8,20.5,20.4,20.4,--
2026/1/3 13:24,19.9,62,10.2,86,8.0,10.2,0.0,0.0,44,938.9,1007.6,33.4,0,0.0,20.4,2.8,20.5,20.4,20.4,--
2026/1/3 13:25,19.9,62,10.2,86,8.0,10.2,0.0,0.0,89,938.9,1007.6,33.0,0,0.0,20.4,2.8,20.5,20.4,20.4,--
2026/1/3 13:26,19.9,62,10.2,86,8.0,10.2,0.0,2.2,107,938.8,1007.5,30.5,0,0.0,20.4,2.8,20.5,20.4,20.4,--
2026/1/3 13:27,19.9,62,10.2,87,8.1,10.2,2.2,2.5,94,939.0,1007.7,31.0,0,0.0,20.4,2.8,20.5,20.4,20.4,--
2026/1/3 13:28,19.9,62,10.2,87,8.1,10.2,2.2,2.2,98,938.9,1007.6,34.4,0,0.0,20.4,2.8,20.5,20.4,20.4,--
2026/1/3 13:29,19.9,62,10.2,88,8.2,10.2,2.2,2.5,95,939.0,1007.7,36.2,0,0.0,20.4,2.8,20.5,20.4,20.4,--
2026/1/3 13:30,19.9,62,10.1,88,8.1,10.1,1.8,2.5,84,939.0,1007.7,35.6,0,0.0,20.4,2.8,20.5,20.4,20.4,--
2026/1/3 13:31,19.9,62,10.1,88,8.1,10.1,0.0,2.2,89,939.0,1007.7,36.9,0,0.0,20.4,2.8,20.5,20.4,20.4,--
2026/1/3 13:32,19.9,62,10.1,89,8.3,10.1,0.0,2.2,89,938.9,1007.6,40.6,0,0.0,20.4,2.8,20.5,20.4,20.4,--
2026/1/3 13:33,19.9,62,10.1,89,8.3,10.1,1.8,2.5,92,939.0,1007.7,43.8,0,0.0,20.4,2.8,20.5,20.4,20.4,--
2026/1/3 13:34,19.9,62,10.0,89,8.2,10.0,2.2,2.5,93,938.8,1007.5,47.9,0,0.0,20.4,2.8,20.5,20.4,20.4,--
2026/1/3 13:35,20.0,62,10.0,89,8.2,10.0,2.2,2.2,108,939.1,1007.8,48.3,0,0.0,20.4,2.8,20.5,20.4,20.4,--
2026/1/3 13:36,20.0,62,10.0,90,8.4,10.0,1.8,2.2,67,938.9,1007.6,47.1,0,0.0,20.4,2.8,20.5,20.4,20.4,--
2026/1/3 13:37,19.9,62,10.0,89,8.2,10.0,0.0,0.0,80,938.9,1007.6,42.1,0,0.0,20.4,2.8,20.5,20.4,20.4,--
2026/1/3 13:38,20.0,62,10.0,90,8.4,10.0,0.0,0.0,80,939.0,1007.7,38.0,0,0.0,20.4,2.8,20.5,20.4,20.4,--
2026/1/3 13:39,20.0,62,10.0,90,8.4,10.0,0.0,0.0,80,938.9,1007.6,36.1,0,0.0,20.4,2.8,20.5,20.4,20.4,--
2026/1/3 13:40,20.0,62,10.0,91,8.6,10.0,0.0,0.0,135,939.0,1007.7,36.2,0,0.0,20.4,2.8,20.5,20.4,20.4,--
2026/1/3 13:41,20.0,62,10.0,91,8.6,10.0,0.0,0.0,135,938.8,1007.5,37.4,0,0.0,20.4,2.8,20.5,20.4,20.4,--
2026/1/3 13:42,20.0,62,10.0,91,8.6,10.0,0.0,0.0,135,938.8,1007.5,38.2,0,0.0,20.4,2.8,20.5,20.4,20.4,--
2026/1/3 13:43,20.0,62,10.0,91,8.6,10.0,0.0,0.0,135,939.0,1007.7,37.3,0,0.0,20.4,2.8,20.5,20.4,20.4,--
2026/1/3 13:44,19.9,62,9.9,92,8.7,9.9,0.0,1.8,89,938.8,1007.5,36.4,0,0.0,20.4,2.8,20.5,20.4,20.4,--
2026/1/3 13:45,20.0,62,10.0,92,8.8,10.0,2.5,2.9,101,938.8,1007.5,36.1,0,0.0,20.4,2.8,20.5,20.4,20.4,--
2026/1/3 13:46,20.0,62,9.9,92,8.7,9.9,2.2,2.9,106,938.9,1007.6,35.9,0,0.0,20.4,2.8,20.5,20.4,20.4,--
2026/1/3 13:47,20.0,62,9.9,91,8.5,9.9,4.0,4.0,113,938.8,1007.5,36.0,0,0.0,20.4,2.8,20.5,20.4,20.4,--
2026/1/3 13:48,20.0,62,9.9,91,8.5,9.9,2.9,2.9,114,938.9,1007.6,40.1,0,0.0,20.4,2.8,20.5,20.4,20.4,--
2026/1/3 13:49,20.0,62,9.8,91,8.4,9.8,0.0,1.8,113,938.7,1007.4,47.5,0,0.0,20.4,2.8,20.5,20.4,20.4,--
2026/1/3 13:50,20.0,62,9.8,91,8.4,9.8,2.2,2.5,95,939.0,1007.7,58.1,0,0.0,20.4,2.8,20.5,20.4,20.4,--
2026/1/3 13:51,19.9,62,9.8,90,8.2,9.8,0.0,2.2,78,938.9,1007.6,70.9,0,0.0,20.4,2.8,20.5,20.4,20.4,--
2026/1/3 13:52,20.0,62,9.8,90,8.2,9.8,2.9,4.0,103,938.9,1007.6,76.7,0,0.0,20.4,2.8,20.5,20.4,20.4,--
2026/1/3 13:53,20.0,62,9.8,90,8.2,9.8,2.5,2.9,96,938.9,1007.6,66.2,0,0.0,20.4,2.8,20.5,20.4,20.4,--
2026/1/3 13:54,20.0,62,9.8,90,8.2,9.8,1.8,2.2,94,938.7,1007.4,48.0,0,0.0,20.4,2.8,20.5,20.4,20.4,--
2026/1/3 13:55,20.0,62,9.8,90,8.2,9.8,0.0,0.0,113,938.8,1007.5,40.0,0,0.0,20.4,2.8,20.5,20.4,20.4,--
2026/1/3 13:56,19.9,62,9.8,91,8.4,9.8,0.0,0.0,130,938.9,1007.6,35.3,0,0.0,20.4,2.8,20.5,20.4,20.4,--
2026/1/3 13:57,20.0,62,9.8,91,8.4,9.8,0.0,0.0,141,938.8,1007.5,32.7,0,0.0,20.4,2.8,20.5,20.4,20.4,--
2026/1/3 13:58,20.0,62,9.8,90,8.2,9.8,0.0,0.0,107,938.9,1007.6,31.5,0,0.0,20.4,2.8,20.5,20.4,20.4,--
2026/1/3 13:59,20.0,62,9.8,89,8.0,9.8,0.0,0.0,107,938.9,1007.6,35.3,0,0.0,20.4,2.8,20.5,20.4,20.4,--
2026/1/3 14:00,20.0,62,9.9,90,8.3,9.9,2.9,2.9,87,938.8,1007.5,46.8,0,0.0,20.4,2.8,20.5,20.4,20.4,--
2026/1/3 14:01,20.0,62,9.9,89,8.1,9.9,0.0,2.2,53,938.8,1007.5,57.3,0,0.0,20.4,2.8,20.5,20.4,20.4,--
2026/1/3 14:02,20.0,62,9.9,90,8.3,9.9,0.0,0.0,38,938.7,1007.4,53.1,0,0.0,20.4,2.8,20.5,20.4,20.4,--
2026/1/3 14:03,20.0,62,9.9,90,8.3,9.9,0.0,0.0,38,938.5,1007.2,48.6,0,0.0,20.4,2.8,20.5,20.4,20.4,--
2026/1/3 14:04,20.0,62,9.9,91,8.5,9.9,0.0,2.2,230,938.8,1007.5,53.5,0,0.0,20.4,2.8,20.5,20.4,20.4,--
2026/1/3 14:05,20.0,62,9.9,91,8.5,9.9,0.0,1.8,124,938.9,1007.6,73.1,0,0.0,20.4,2.8,20.5,20.4,20.4,--
2026/1/3 14:06,20.0,62,10.0,91,8.6,10.0,0.0,0.0,124,939.0,1007.7,87.3,0,0.0,20.4,2.8,20.5,20.4,20.4,--
2026/1/3 14:07,20.0,62,10.0,92,8.8,10.0,0.0,2.2,51,938.8,1007.5,77.2,0,0.0,20.4,2.8,20.5,20.4,20.4,--
2026/1/3 14:08,20.0,62,10.0,92,8.8,10.0,2.2,2.2,89,938.9,1007.6,59.5,0,0.0,20.4,2.8,20.5,20.4,20.4,--
2026/1/3 14:09,20.0,62,10.0,91,8.6,10.0,0.0,0.0,102,938.8,1007.5,54.3,0,0.0,20.4,2.8,20.5,20.4,20.4,--
2026/1/3 14:10,20.0,62,10.0,91,8.6,10.0,0.0,0.0,147,938.7,1007.4,58.2,0,0.0,20.4,2.8,20.5,20.4,20.4,--
2026/1/3 14:11,20.0,62,10.1,91,8.7,10.1,0.0,0.0,147,938.8,1007.5,73.7,0,0.0,20.4,2.8,20.5,20.4,20.4,--
2026/1/3 14:12,20.0,62,10.1,91,8.7,10.1,0.0,1.8,64,938.8,1007.5,92.6,0,0.0,20.4,2.8,20.5,20.4,20.4,--
2026/1/3 14:13,20.0,62,10.1,91,8.7,10.1,1.8,2.2,46,938.9,1007.6,100.7,0,0.0,20.4,2.8,20.5,20.4,20.4,--
2026/1/3 14:14,20.0,62,10.1,90,8.5,10.1,0.0,1.8,76,938.9,1007.6,98.3,0,0.0,20.4,2.8,20.5,20.4,20.4,--
2026/1/3 14:15,20.0,62,10.2,90,8.6,10.2,0.0,2.2,101,938.7,1007.4,94.0,0,0.0,20.4,2.8,20.5,20.4,20.4,--
2026/1/3 14:16,20.0,62,10.2,90,8.6,10.2,0.0,2.2,89,938.7,1007.4,83.1,0,0.0,20.4,2.8,20.5,20.4,20.4,--
2026/1/3 14:17,20.0,62,10.2,90,8.6,10.2,0.0,1.8,110,938.8,1007.5,70.5,0,0.0,20.4,2.8,20.5,20.4,20.4,--
2026/1/3 14:18,20.0,62,10.3,90,8.7,10.3,0.0,0.0,122,938.8,1007.5,57.9,0,0.0,20.4,2.8,20.5,20.4,20.4,--
2026/1/3 14:19,20.0,62,10.3,90,8.7,10.3,0.0,0.0,122,938.8,1007.5,46.1,0,0.0,20.4,2.8,20.5,20.4,20.4,--
2026/1/3 14:20,20.0,62,10.3,89,8.5,10.3,0.0,0.0,122,938.7,1007.4,39.3,0,0.0,20.4,2.8,20.5,20.4,20.4,--
2026/1/3 14:21,20.0,62,10.3,88,8.3,10.3,0.0,0.0,66,938.5,1007.2,37.6,0,0.0,20.4,2.8,20.5,20.4,20.4,--
2026/1/3 14:22,20.0,62,10.3,89,8.5,10.3,0.0,0.0,73,938.6,1007.3,42.5,0,0.0,20.4,2.8,20.5,20.4,20.4,--
2026/1/3 14:23,20.1,62,10.3,89,8.5,10.3,0.0,0.0,55,938.6,1007.3,49.6,0,0.0,20.4,2.8,20.5,20.4,20.4,--
2026/1/3 14:24,20.0,62,10.3,90,8.7,10.3,0.0,0.0,38,938.8,1007.5,51.6,0,0.0,20.4,2.8,20.5,20.4,20.4,--
2026/1/3 14:25,20.0,62,10.3,89,8.5,10.3,0.0,1.8,315,938.7,1007.4,49.6,0,0.0,20.4,2.8,20.5,20.4,20.4,--
2026/1/3 14:26,20.1,62,10.3,89,8.5,10.3,0.0,1.8,329,938.5,1007.2,43.3,0,0.0,20.4,2.8,20.5,20.4,20.4,--
2026/1/3 14:27,20.0,62,10.3,89,8.5,10.3,0.0,1.8,353,938.7,1007.4,38.2,0,0.0,20.4,2.8,20.5,20.4,20.4,--
2026/1/3 14:28,20.1,62,10.3,89,8.5,10.3,0.0,0.0,16,938.7,1007.4,33.2,0,0.0,20.4,2.8,20.5,20.4,20.4,--
2026/1/3 14:29,20.0,62,10.3,89,8.5,10.3,0.0,0.0,0,938.8,1007.5,29.0,0,0.0,20.4,2.8,20.5,20.4,20.4,--
2026/1/3 14:30,20.0,62,10.2,89,8.4,10.2,0.0,0.0,38,938.8,1007.5,26.2,0,0.0,20.4,2.8,20.5,20.4,20.4,--
2026/1/3 14:31,20.1,62,10.2,89,8.4,10.2,0.0,1.8,111,938.8,1007.5,22.4,0,0.0,20.4,2.8,20.5,20.4,20.4,--
2026/1/3 14:32,20.1,62,10.2,89,8.4,10.2,0.0,0.0,115,938.7,1007.4,20.6,0,0.0,20.4,2.8,20.5,20.4,20.4,--
2026/1/3 14:33,20.1,62,10.2,89,8.4,10.2,0.0,1.8,110,938.9,1007.6,19.4,0,0.0,20.4,2.8,20.5,20.4,20.4,--
2026/1/3 14:34,20.1,62,10.2,90,8.6,10.2,0.0,1.8,77,938.7,1007.4,17.8,0,0.0,20.4,2.8,20.5,20.4,20.4,--
2026/1/3 14:35,20.0,62,10.2,89,8.4,10.2,1.8,2.5,61,938.7,1007.4,16.4,0,0.0,20.4,2.8,20.5,20.4,20.4,--
2026/1/3 14:36,20.1,62,10.2,90,8.6,10.2,1.8,2.2,88,938.6,1007.3,14.9,0,0.0,20.4,2.8,20.5,20.4,20.4,--
2026/1/3 14:37,20.1,62,10.1,90,8.5,10.1,2.9,3.6,107,938.6,1007.3,14.9,0,0.0,20.4,2.8,20.5,20.4,20.4,--
2026/1/3 14:38,20.1,62,10.1,90,8.5,10.1,2.5,3.2,100,938.8,1007.5,16.1,0,0.0,20.4,2.8,20.5,20.4,20.4,--
2026/1/3 14:39,20.0,62,10.1,90,8.5,10.1,2.5,2.9,94,938.8,1007.5,17.4,0,0.0,20.4,2.8,20.5,20.4,20.4,--
2026/1/3 14:40,20.1,62,10.0,90,8.4,10.0,2.5,2.9,84,938.7,1007.4,18.9,0,0.0,20.4,2.8,20.5,20.4,20.4,--
2026/1/3 14:41,20.1,62,10.0,90,8.4,10.0,2.5,2.9,88,938.9,1007.6,19.9,0,0.0,20.4,2.8,20.5,20.4,20.4,--
2026/1/3 14:42,20.1,62,10.0,91,8.6,10.0,2.2,2.5,110,938.8,1007.5,19.5,0,0.0,20.4,2.8,20.5,20.4,20.4,--
2026/1/3 14:43,20.1,62,9.9,91,8.5,9.9,0.0,1.8,106,938.9,1007.6,18.9,0,0.0,20.4,2.8,20.5,20.4,20.4,--
2026/1/3 14:44,20.1,62,9.9,91,8.5,9.9,0.0,0.0,124,938.6,1007.3,18.4,0,0.0,20.4,2.8,20.5,20.4,20.4,--
2026/1/3 14:45,20.1,62,9.9,91,8.5,9.9,0.0,0.0,46,938.7,1007.4,18.3,0,0.0,20.4,2.8,20.5,20.4,20.4,--
2026/1/3 14:46,20.1,62,9.9,91,8.5,9.9,2.2,2.2,32,938.6,1007.3,18.8,0,0.0,20.4,2.8,20.5,20.4,20.4,--
2026/1/3 14:47,20.1,62,9.8,92,8.6,9.8,1.8,2.5,47,938.6,1007.3,20.6,0,0.0,20.4,2.8,20.5,20.4,20.4,--
2026/1/3 14:48,20.1,62,9.8,93,8.7,9.8,0.0,1.8,60,938.7,1007.4,22.5,0,0.0,20.4,2.8,20.5,20.4,20.4,--
2026/1/3 14:49,20.1,62,9.7,93,8.6,9.7,0.0,1.8,349,938.8,1007.5,22.6,0,0.0,20.4,2.8,20.5,20.4,20.4,--
2026/1/3 14:50,20.1,62,9.7,93,8.6,9.7,0.0,2.9,7,938.6,1007.3,21.7,0,0.0,20.4,2.8,20.5,20.4,20.4,--
2026/1/3 14:51,20.1,62,9.6,93,8.5,9.6,0.0,0.0,7,938.6,1007.3,22.0,0,0.0,20.4,2.8,20.5,20.4,20.4,--
2026/1/3 14:52,20.1,62,9.6,93,8.5,9.6,0.0,0.0,240,938.5,1007.2,22.0,0,0.0,20.4,2.8,20.5,20.4,20.4,--
2026/1/3 14:53,20.1,62,9.6,93,8.5,9.6,0.0,0.0,240,938.6,1007.3,21.0,0,0.0,20.4,2.8,20.5,20.4,20.4,--
2026/1/3 14:54,20.1,62,9.6,93,8.5,9.6,0.0,0.0,240,938.6,1007.3,19.9,0,0.0,20.4,2.8,20.5,20.4,20.4,--
2026/1/3 14:55,20.1,62,9.6,92,8.4,9.6,0.0,0.0,76,938.4,1007.1,18.9,0,0.0,20.4,2.8,20.5,20.4,20.4,--
2026/1/3 14:56,20.1,62,9.6,92,8.4,9.6,0.0,0.0,44,938.6,1007.3,18.1,0,0.0,20.4,2.8,20.5,20.4,20.4,--
2026/1/3 14:57,20.1,62,9.5,92,8.3,9.5,0.0,0.0,69,938.5,1007.2,17.8,0,0.0,20.4,2.8,20.5,20.4,20.4,--
2026/1/3 14:58,20.1,62,9.5,92,8.3,9.5,0.0,0.0,73,938.7,1007.4,17.5,0,0.0,20.4,2.8,20.5,20.4,20.4,--
2026/1/3 14:59,20.1,62,9.5,92,8.3,9.5,0.0,1.8,56,938.7,1007.4,17.3,0,0.0,20.4,2.8,20.5,20.4,20.4,--
2026/1/3 15:00,20.1,62,9.5,92,8.3,9.5,0.0,0.0,46,938.6,1007.3,17.5,0,0.0,20.4,2.8,20.5,20.4,20.4,--
2026/1/3 15:01,20.1,62,9.5,92,8.3,9.5,2.5,2.5,46,938.6,1007.3,18.2,0,0.0,20.4,2.8,20.5,20.4,20.4,--
2026/1/3 15:02,20.1,62,9.5,92,8.3,9.5,2.2,2.5,62,938.7,1007.4,19.6,0,0.0,20.4,2.8,20.5,20.4,20.4,--
2026/1/3 15:03,20.2,62,9.5,92,8.3,9.5,2.2,2.9,69,938.7,1007.4,21.2,0,0.0,20.4,2.8,20.5,20.4,20.4,--
2026/1/3 15:04,20.2,62,9.5,91,8.2,9.5,2.2,2.5,84,938.7,1007.4,21.1,0,0.0,20.4,2.8,20.5,20.4,20.4,--
2026/1/3 15:05,20.1,62,9.5,91,8.2,9.5,0.0,0.0,35,938.7,1007.4,21.3,0,0.0,20.4,2.8,20.5,20.4,20.4,--
2026/1/3 15:06,20.2,62,9.5,91,8.2,9.5,0.0,1.8,242,938.6,1007.3,22.8,0,0.0,20.4,2.8,20.5,20.4,20.4,--
2026/1/3 15:07,20.2,62,9.5,91,8.2,9.5,0.0,0.0,209,938.6,1007.3,23.9,0,0.0,20.4,2.8,20.5,20.4,20.4,--
2026/1/3 15:08,20.2,62,9.5,91,8.2,9.5,0.0,0.0,60,938.5,1007.2,24.7,0,0.0,20.4,2.8,20.5,20.4,20.4,--
2026/1/3 15:09,20.2,62,9.5,91,8.2,9.5,0.0,0.0,135,938.7,1007.4,25.9,0,0.0,20.4,2.8,20.5,20.4,20.4,--
2026/1/3 15:10,20.2,62,9.5,91,8.2,9.5,0.0,1.8,64,938.7,1007.4,26.9,0,0.0,20.4,2.8,20.5,20.4,20.4,--
2026/1/3 15:11,20.2,62,9.5,91,8.2,9.5,2.2,2.9,63,938.6,1007.3,28.1,0,0.0,20.4,2.8,20.5,20.4,20.4,--
2026/1/3 15:12,20.2,62,9.5,90,7.9,8.5,7.6,7.9,61,938.6,1007.3,29.5,0,0.0,20.4,2.8,20.5,20.4,20.4,--
2026/1/3 15:13,20.2,62,9.5,85,7.1,9.5,2.9,4.0,84,938.7,1007.4,28.7,0,0.0,20.4,2.8,20.5,20.4,20.4,--
2026/1/3 15:14,20.2,62,9.6,85,7.2,9.6,2.5,3.2,110,938.7,1007.4,26.7,0,0.0,20.4,2.8,20.5,20.4,20.4,--
2026/1/3 15:15,20.2,62,9.7,85,7.3,9.7,2.2,2.2,181,938.6,1007.3,24.3,0,0.0,20.4,2.8,20.5,20.4,20.4,--
2026/1/3 15:16,20.2,62,9.8,83,7.0,9.8,0.0,1.8,154,938.7,1007.4,22.3,0,0.0,20.4,2.8,20.5,20.4,20.4,--
2026/1/3 15:17,20.2,62,9.9,84,7.3,9.9,0.0,2.2,64,938.6,1007.3,20.9,0,0.0,20.4,2.8,20.5,20.4,20.4,--
2026/1/3 15:18,20.2,62,9.9,85,7.5,9.9,0.0,2.2,83,938.7,1007.4,20.2,0,0.0,20.4,2.8,20.5,20.4,20.4,--
2026/1/3 15:19,20.2,62,9.9,86,7.7,9.9,3.2,3.2,101,938.6,1007.3,20.5,0,0.0,20.4,2.8,20.5,20.4,20.4,--
2026/1/3 15:20,20.2,62,9.9,86,7.7,9.9,2.9,3.6,93,938.7,1007.4,20.6,0,0.0,20.4,2.8,20.5,20.4,20.4,--
2026/1/3 15:21,20.2,62,9.9,87,7.8,9.9,2.2,2.5,93,938.6,1007.3,19.4,0,0.0,20.4,2.8,20.5,20.4,20.4,--
2026/1/3 15:22,20.2,62,9.8,87,7.7,9.8,2.9,3.2,92,938.6,1007.3,17.9,0,0.0,20.4,2.8,20.5,20.4,20.4,--
2026/1/3 15:23,20.2,62,9.8,87,7.7,9.8,1.8,2.2,117,938.7,1007.4,17.2,0,0.0,20.4,2.8,20.5,20.4,20.4,--
2026/1/3 15:24,20.2,62,9.8,88,7.8,9.8,0.0,1.8,127,938.6,1007.3,16.5,0,0.0,20.4,2.8,20.5,20.4,20.4,--
2026/1/3 15:25,20.2,62,9.7,87,7.6,9.7,1.8,2.5,120,938.6,1007.3,15.8,0,0.0,20.4,2.8,20.5,20.4,20.4,--
2026/1/3 15:26,20.2,62,9.7,88,7.7,9.7,2.5,2.9,103,938.6,1007.3,15.7,0,0.0,20.4,2.8,20.5,20.4,20.4,--
2026/1/3 15:27,20.2,62,9.7,88,7.7,9.7,3.2,4.0,89,938.6,1007.3,16.9,0,0.0,20.4,2.8,20.5,20.4,20.4,--
2026/1/3 15:28,20.2,62,9.6,87,7.5,9.6,2.2,2.5,92,938.7,1007.4,18.9,0,0.0,20.4,2.8,20.5,20.4,20.4,--
2026/1/3 15:29,20.2,62,9.6,88,7.6,9.6,2.2,2.2,113,938.7,1007.4,18.5,0,0.0,20.4,2.8,20.5,20.4,20.4,--
2026/1/3 15:30,20.2,62,9.6,88,7.6,9.6,2.5,3.2,120,938.6,1007.3,16.6,0,0.0,20.4,2.8,20.5,20.4,20.4,--
2026/1/3 15:31,20.2,62,9.5,89,7.7,9.5,3.2,4.0,95,938.8,1007.5,17.2,0,0.0,20.4,2.8,20.5,20.4,20.4,--
2026/1/3 15:32,20.2,62,9.5,89,7.7,9.5,2.5,2.9,86,938.7,1007.4,17.9,0,0.0,20.4,2.8,20.5,20.4,20.4,--
2026/1/3 15:33,20.2,62,9.5,89,7.7,9.5,3.2,3.2,76,938.8,1007.5,16.5,0,0.0,20.4,2.8,20.5,20.4,20.4,--
2026/1/3 15:34,20.2,62,9.4,89,7.6,9.4,2.5,2.9,96,938.7,1007.4,14.9,0,0.0,20.4,2.8,20.5,20.4,20.4,--
2026/1/3 15:35,20.3,62,9.4,89,7.6,9.4,2.9,3.2,89,938.7,1007.4,13.7,0,0.0,20.4,2.8,20.5,20.4,20.4,--
2026/1/3 15:36,20.2,62,9.4,89,7.6,9.4,2.2,2.9,107,938.7,1007.4,12.7,0,0.0,20.4,2.8,20.5,20.4,20.4,--
2026/1/3 15:37,20.2,62,9.4,89,7.6,9.4,0.0,2.2,156,938.6,1007.3,12.0,0,0.0,20.4,2.8,20.5,20.4,20.4,--
2026/1/3 15:38,20.2,62,9.4,90,7.8,9.4,0.0,0.0,123,938.7,1007.4,11.2,0,0.0,20.4,2.8,20.5,20.4,20.4,--
2026/1/3 15:39,20.2,62,9.3,90,7.7,9.3,0.0,0.0,112,938.7,1007.4,10.4,0,0.0,20.4,2.8,20.5,20.4,20.4,--
2026/1/3 15:40,20.2,62,9.3,90,7.7,9.3,0.0,0.0,113,938.6,1007.3,9.9,0,0.0,20.4,2.8,20.5,20.4,20.4,--
2026/1/3 15:41,20.2,62,9.3,91,8.0,9.3,2.9,2.9,102,938.6,1007.3,9.2,0,0.0,20.4,2.8,20.5,20.4,20.4,--
2026/1/3 15:42,20.2,62,9.3,91,8.0,9.3,2.2,2.2,94,938.8,1007.5,8.6,0,0.0,20.4,2.8,20.5,20.4,20.4,--
2026/1/3 15:43,20.2,62,9.2,91,7.9,9.2,1.8,2.2,79,938.7,1007.4,7.8,0,0.0,20.4,2.8,20.5,20.4,20.4,--
2026/1/3 15:44,20.2,62,9.2,91,7.9,9.2,0.0,1.8,104,938.7,1007.4,7.5,0,0.0,20.4,2.8,20.5,20.4,20.4,--
2026/1/3 15:45,20.2,62,9.2,91,7.9,9.2,0.0,0.0,103,938.7,1007.4,7.8,0,0.0,20.4,2.8,20.5,20.4,20.4,--
2026/1/3 15:46,20.3,62,9.2,91,7.9,9.2,0.0,0.0,88,938.6,1007.3,7.9,0,0.0,20.4,2.8,20.5,20.4,20.4,--
2026/1/3 15:47,20.2,62,9.2,92,8.0,9.2,0.0,1.8,101,938.8,1007.5,8.5,0,0.0,20.4,2.8,20.5,20.4,20.4,--
2026/1/3 15:48,20.3,62,9.1,92,7.9,9.1,2.5,2.5,84,938.9,1007.6,9.6,0,0.0,20.4,2.8,20.5,20.4,20.4,--
2026/1/3 15:49,20.3,62,9.1,92,7.9,9.1,2.9,3.6,89,938.8,1007.5,11.2,0,0.0,20.4,2.8,20.5,20.4,20.4,--
2026/1/3 15:50,20.3,62,9.1,91,7.8,9.1,2.9,2.9,78,938.5,1007.2,11.6,0,0.0,20.4,2.8,20.5,20.4,20.4,--
2026/1/3 15:51,20.3,62,9.1,91,7.8,9.1,3.2,4.0,89,938.8,1007.5,10.3,0,0.0,20.4,2.8,20.5,20.4,20.4,--
2026/1/3 15:52,20.3,62,9.1,91,7.8,9.1,1.8,2.9,70,938.7,1007.4,8.2,0,0.0,20.4,2.8,20.5,20.4,20.4,--
2026/1/3 15:53,20.3,62,9.1,91,7.8,9.1,0.0,0.0,107,938.7,1007.4,6.1,0,0.0,20.4,2.8,20.5,20.4,20.4,--
2026/1/3 15:54,20.3,62,9.1,91,7.8,9.1,0.0,0.0,102,938.6,1007.3,5.6,0,0.0,20.4,2.8,20.5,20.4,20.4,--
2026/1/3 15:55,20.3,62,9.1,92,7.9,9.1,0.0,0.0,102,938.6,1007.3,5.9,0,0.0,20.4,2.8,20.5,20.4,20.4,--
2026/1/3 15:56,20.3,62,9.1,92,7.9,9.1,0.0,0.0,102,938.7,1007.4,6.7,0,0.0,20.4,2.8,20.5,20.4,20.4,--
2026/1/3 15:57,20.3,62,9.1,92,7.9,9.1,1.8,2.5,49,938.7,1007.4,8.0,0,0.0,20.4,2.8,20.5,20.4,20.4,--
2026/1/3 15:58,20.3,62,9.1,92,7.9,9.1,2.2,2.5,61,938.6,1007.3,8.9,0,0.0,20.4,2.8,20.5,20.4,20.4,--
2026/1/3 15:59,20.3,62,9.1,92,7.9,9.1,2.5,2.5,44,938.5,1007.2,8.8,0,0.0,20.4,2.8,20.5,20.4,20.4,--
2026/1/3 16:00,20.3,62,9.1,92,7.9,9.1,0.0,0.0,89,938.5,1007.2,8.2,0,0.0,20.4,2.8,20.5,20.4,20.4,--
2026/1/3 16:01,20.3,62,9.1,93,8.0,9.1,0.0,0.0,60,938.8,1007.5,7.6,0,0.0,20.4,2.8,20.5,20.4,20.4,--
2026/1/3 16:02,20.3,62,9.0,93,7.9,9.0,1.8,2.2,60,938.5,1007.2,7.4,0,0.0,20.4,2.8,20.5,20.4,20.4,--
2026/1/3 16:03,20.3,62,9.0,93,7.9,9.0,0.0,2.2,83,938.6,1007.3,8.0,0,0.0,20.4,2.8,20.5,20.4,20.4,--
2026/1/3 16:04,20.3,62,9.0,93,7.9,9.0,0.0,1.8,67,938.7,1007.4,8.6,0,0.0,20.4,2.8,20.5,20.4,20.4,--
2026/1/3 16:05,20.3,62,8.9,93,7.8,8.9,0.0,0.0,110,938.5,1007.2,8.6,0,0.0,20.4,2.8,20.5,20.4,20.4,--
2026/1/3 16:06,20.3,62,8.9,93,7.8,8.9,0.0,0.0,118,938.6,1007.3,8.1,0,0.0,20.4,2.8,20.5,20.4,20.4,--
2026/1/3 16:07,20.3,62,8.9,93,7.8,8.9,1.8,1.8,54,938.7,1007.4,6.5,0,0.0,20.4,2.8,20.5,20.4,20.4,--
2026/1/3 16:08,20.3,62,8.9,94,7.9,8.9,0.0,2.2,33,938.4,1007.1,4.9,0,0.0,20.4,2.8,20.5,20.4,20.4,--
2026/1/3 16:09,20.3,62,8.9,94,7.9,8.9,2.2,2.2,34,938.8,1007.5,3.7,0,0.0,20.4,2.8,20.5,20.4,20.4,--
2026/1/3 16:10,20.3,62,8.8,94,7.8,8.8,2.2,2.5,43,938.6,1007.3,2.9,0,0.0,20.4,2.8,20.5,20.4,20.4,--
2026/1/3 16:11,20.3,62,8.8,94,7.8,8.8,0.0,1.8,341,938.6,1007.3,2.6,0,0.0,20.4,2.8,20.5,20.4,20.4,--
2026/1/3 16:12,20.3,62,8.8,94,7.8,8.8,1.8,1.8,68,938.6,1007.3,2.6,0,0.0,20.4,2.8,20.5,20.4,20.4,--
2026/1/3 16:13,20.3,62,8.8,94,7.8,8.8,0.0,0.0,55,938.5,1007.2,2.5,0,0.0,20.4,2.8,20.5,20.4,20.4,--
2026/1/3 16:14,20.3,62,8.7,94,7.7,8.7,0.0,0.0,55,938.4,1007.1,2.6,0,0.0,20.4,2.8,20.5,20.4,20.4,--
2026/1/3 16:15,20.3,62,8.8,94,7.8,8.8,0.0,0.0,60,938.6,1007.3,2.6,0,0.0,20.4,2.8,20.5,20.4,20.4,--
2026/1/3 16:16,20.3,62,8.8,95,8.0,8.8,0.0,0.0,72,938.5,1007.2,2.8,0,0.0,20.4,2.8,20.5,20.4,20.4,--
2026/1/3 16:17,20.3,62,8.7,95,7.9,8.7,0.0,0.0,329,938.6,1007.3,2.9,0,0.0,20.4,2.8,20.5,20.4,20.4,--
2026/1/3 16:18,20.3,62,8.7,95,7.9,8.7,0.0,2.5,46,938.5,1007.2,3.0,0,0.0,20.4,2.8,20.5,20.4,20.4,--
2026/1/3 16:19,20.3,62,8.7,95,7.9,8.7,2.2,2.2,58,938.6,1007.3,3.0,0,0.0,20.4,2.8,20.5,20.4,20.4,--
2026/1/3 16:20,20.3,62,8.7,95,7.9,8.7,0.0,0.0,48,938.6,1007.3,2.9,0,0.0,20.4,2.8,20.5,20.4,20.4,--
2026/1/3 16:21,20.3,62,8.7,95,7.9,8.7,0.0,0.0,102,938.6,1007.3,2.7,0,0.0,20.4,2.8,20.5,20.4,20.4,--
2026/1/3 16:22,20.3,62,8.7,95,7.9,8.7,2.2,2.2,42,938.6,1007.3,2.6,0,0.0,20.4,2.8,20.5,20.4,20.4,--
2026/1/3 16:23,20.3,62,8.6,95,7.8,8.6,2.5,2.9,65,938.4,1007.1,2.5,0,0.0,20.4,2.8,20.5,20.4,20.4,--
2026/1/3 16:24,20.3,62,8.6,95,7.8,8.6,2.2,3.2,57,938.6,1007.3,2.3,0,0.0,20.4,2.8,20.5,20.4,20.4,--
2026/1/3 16:25,20.3,62,8.6,95,7.8,8.6,1.8,2.2,64,938.6,1007.3,2.2,0,0.0,20.4,2.8,20.5,20.4,20.4,--
2026/1/3 16:26,20.3,62,8.6,95,7.8,8.6,2.2,2.2,49,938.4,1007.1,2.2,0,0.0,20.4,2.8,20.5,20.4,20.4,--
2026/1/3 16:27,20.3,62,8.6,95,7.8,8.6,0.0,0.0,44,938.6,1007.3,2.2,0,0.0,20.4,2.8,20.5,20.4,20.4,--
2026/1/3 16:28,20.3,62,8.6,95,7.8,8.6,0.0,2.5,309,938.6,1007.3,2.2,0,0.0,20.4,2.8,20.5,20.4,20.4,--
2026/1/3 16:29,20.3,62,8.6,95,7.8,8.6,0.0,0.0,283,938.4,1007.1,1.8,0,0.0,20.4,2.8,20.5,20.4,20.4,--
2026/1/3 16:30,20.3,62,8.6,95,7.8,8.6,0.0,0.0,283,938.5,1007.2,1.6,0,0.0,20.4,2.8,20.5,20.4,20.4,--
2026/1/3 16:31,20.4,62,8.6,95,7.8,8.6,0.0,0.0,283,938.6,1007.3,1.5,0,0.0,20.4,2.8,20.5,20.4,20.4,--
2026/1/3 16:32,20.4,62,8.6,95,7.8,8.6,0.0,0.0,37,938.6,1007.3,1.5,0,0.0,20.4,2.8,20.5,20.4,20.4,--
2026/1/3 16:33,20.4,62,8.6,95,7.8,8.6,3.2,3.6,46,938.5,1007.2,1.6,0,0.0,20.4,2.8,20.5,20.4,20.4,--
2026/1/3 16:34,20.4,62,8.6,95,7.8,8.6,3.6,3.6,36,938.5,1007.2,1.5,0,0.0,20.4,2.8,20.5,20.4,20.4,--
2026/1/3 16:35,20.4,62,8.6,95,7.8,8.6,1.8,3.2,60,938.4,1007.1,1.4,0,0.0,20.4,2.8,20.5,20.4,20.4,--
2026/1/3 16:36,20.4,62,8.6,95,7.8,8.6,2.5,3.6,50,938.4,1007.1,1.2,0,0.0,20.4,2.8,20.5,20.4,20.4,--
2026/1/3 16:37,20.4,62,8.6,95,7.8,8.6,2.2,2.5,79,938.4,1007.1,1.1,0,0.0,20.4,2.8,20.5,20.4,20.4,--
2026/1/3 16:38,20.4,62,8.6,95,7.8,8.6,2.2,2.2,92,938.4,1007.1,1.1,0,0.0,20.4,2.8,20.5,20.4,20.4,--
2026/1/3 16:39,20.4,62,8.6,95,7.8,8.6,0.0,1.8,99,938.5,1007.2,1.0,0,0.0,20.4,2.8,20.5,20.4,20.4,--
2026/1/3 16:40,20.4,62,8.5,95,7.7,8.5,0.0,1.8,135,938.6,1007.3,0.8,0,0.0,20.4,2.8,20.5,20.4,20.4,--
2026/1/3 16:41,20.4,62,8.5,95,7.7,8.5,0.0,0.0,134,938.5,1007.2,0.7,0,0.0,20.4,2.8,20.5,20.4,20.4,--
2026/1/3 16:42,20.4,62,8.5,95,7.7,8.5,0.0,0.0,135,938.4,1007.1,0.6,0,0.0,20.4,2.8,20.5,20.4,20.4,--
2026/1/3 16:43,20.4,62,8.5,95,7.7,8.5,0.0,0.0,71,938.5,1007.2,0.5,0,0.0,20.4,2.8,20.5,20.4,20.4,--
2026/1/3 16:44,20.4,62,8.5,95,7.7,8.5,2.5,2.5,51,938.4,1007.1,0.4,0,0.0,20.4,2.8,20.5,20.4,20.4,--
2026/1/3 16:45,20.4,62,8.5,95,7.7,8.5,2.2,2.9,11,938.7,1007.4,0.3,0,0.0,20.4,2.8,20.5,20.4,20.4,--
2026/1/3 16:46,20.4,62,8.5,95,7.7,8.5,1.8,2.5,3,938.3,1007.0,0.3,0,0.0,20.4,2.8,20.5,20.4,20.4,--
2026/1/3 16:47,20.4,62,8.5,96,8.0,8.5,0.0,0.0,233,938.4,1007.1,0.3,0,0.0,20.4,2.8,20.5,20.4,20.4,--
2026/1/3 16:48,20.4,62,8.5,96,8.0,8.5,0.0,1.8,246,938.6,1007.3,0.3,0,0.0,20.4,2.8,20.5,20.4,20.4,--
2026/1/3 16:49,20.4,62,8.5,96,8.0,8.5,0.0,0.0,279,938.4,1007.1,0.3,0,0.0,20.4,2.8,20.5,20.4,20.4,--
2026/1/3 16:50,20.4,62,8.5,96,8.0,8.5,0.0,0.0,135,938.5,1007.2,0.3,0,0.0,20.4,2.8,20.5,20.4,20.4,--
2026/1/3 16:51,20.4,62,8.4,96,7.9,8.4,0.0,0.0,150,938.4,1007.1,0.2,0,0.0,20.4,2.8,20.5,20.4,20.4,--
2026/1/3 16:52,20.4,62,8.4,96,7.9,8.4,0.0,1.8,74,938.4,1007.1,0.2,0,0.0,20.4,2.8,20.5,20.4,20.4,--
2026/1/3 16:53,20.4,62,8.4,96,7.9,8.4,2.2,2.5,89,938.5,1007.2,0.2,0,0.0,20.4,2.8,20.5,20.4,20.4,--
2026/1/3 16:54,20.4,62,8.4,96,7.9,8.4,1.8,2.5,70,938.3,1007.0,0.1,0,0.0,20.4,2.8,20.5,20.4,20.4,--
2026/1/3 16:55,20.4,62,8.4,96,7.9,8.4,2.5,2.5,77,938.3,1007.0,0.1,0,0.0,20.4,2.8,20.5,20.4,20.4,--
2026/1/3 16:56,20.4,62,8.4,96,7.9,8.4,2.2,2.5,92,938.4,1007.1,0.0,0,0.0,20.4,2.8,20.5,20.4,20.4,--
2026/1/3 16:57,20.4,62,8.4,96,7.9,8.4,2.5,2.5,92,938.4,1007.1,0.0,0,0.0,20.4,2.8,20.5,20.4,20.4,--
2026/1/3 16:58,20.4,62,8.4,96,7.9,8.4,1.8,2.2,72,938.4,1007.1,0.0,0,0.0,20.4,2.8,20.5,20.4,20.4,--
2026/1/3 16:59,20.4,62,8.4,96,7.9,8.4,0.0,1.8,58,938.4,1007.1,0.0,0,0.0,20.4,2.8,20.5,20.4,20.4,--
2026/1/3 17:00,20.4,62,8.4,96,7.9,8.4,0.0,0.0,89,938.4,1007.1,0.0,0,0.0,20.4,2.8,20.5,20.4,20.4,--
2026/1/3 17:01,20.4,62,8.4,96,7.9,8.4,0.0,0.0,89,938.4,1007.1,0.0,0,0.0,20.4,2.8,20.5,20.4,20.4,--
2026/1/3 17:02,20.4,62,8.4,96,7.9,8.4,0.0,0.0,89,938.4,1007.1,0.0,0,0.0,20.4,2.8,20.5,20.4,20.4,--
2026/1/3 17:03,20.4,62,8.4,97,8.0,8.4,0.0,0.0,233,938.6,1007.3,0.0,0,0.1,20.5,2.9,20.6,20.5,20.5,--
2026/1/3 17:04,20.4,62,8.4,97,8.0,8.4,0.0,0.0,224,938.4,1007.1,0.0,0,0.1,20.5,2.9,20.6,20.5,20.5,--
2026/1/3 17:05,20.4,62,8.3,97,7.9,8.3,0.0,0.0,224,938.5,1007.2,0.0,0,0.1,20.5,2.9,20.6,20.5,20.5,--
2026/1/3 17:06,20.4,62,8.3,97,7.9,8.3,0.0,0.0,44,938.7,1007.4,0.0,0,0.1,20.5,2.9,20.6,20.5,20.5,--
2026/1/3 17:07,20.5,62,8.3,97,7.9,8.3,0.0,0.0,66,938.6,1007.3,0.0,0,0.1,20.5,2.9,20.6,20.5,20.5,--
2026/1/3 17:08,20.4,62,8.3,97,7.9,8.3,1.8,2.2,96,938.6,1007.3,0.0,0,0.1,20.5,2.9,20.6,20.5,20.5,--
2026/1/3 17:09,20.4,62,8.3,97,7.9,8.3,1.8,2.2,78,938.5,1007.2,0.0,0,0.1,20.5,2.9,20.6,20.5,20.5,--
2026/1/3 17:10,20.4,62,8.3,97,7.9,8.3,0.0,0.0,76,938.4,1007.1,0.0,0,0.1,20.5,2.9,20.6,20.5,20.5,--
2026/1/3 17:11,20.4,62,8.3,97,7.9,8.3,0.0,0.0,124,938.4,1007.1,0.0,0,0.1,20.5,2.9,20.6,20.5,20.5,--
2026/1/3 17:12,20.5,62,8.2,97,7.8,8.2,0.0,0.0,147,938.6,1007.3,0.0,0,0.1,20.5,2.9,20.6,20.5,20.5,--
2026/1/3 17:13,20.5,62,8.2,97,7.8,8.2,0.0,0.0,147,938.3,1007.0,0.0,0,0.1,20.5,2.9,20.6,20.5,20.5,--
2026/1/3 17:14,20.4,62,8.2,97,7.8,8.2,0.0,0.0,319,938.5,1007.2,0.0,0,0.1,20.5,2.9,20.6,20.5,20.5,--
2026/1/3 17:15,20.5,62,8.2,97,7.8,8.2,0.0,0.0,304,938.6,1007.3,0.0,0,0.1,20.5,2.9,20.6,20.5,20.5,--
2026/1/3 17:16,20.5,62,8.2,98,7.9,8.2,0.0,1.8,232,938.6,1007.3,0.0,0,0.1,20.5,2.9,20.6,20.5,20.5,--
2026/1/3 17:17,20.5,62,8.2,98,7.9,8.2,0.0,0.0,48,938.5,1007.2,0.0,0,0.1,20.5,2.9,20.6,20.5,20.5,--
2026/1/3 17:18,20.5,62,8.2,98,7.9,8.2,0.0,0.0,49,938.7,1007.4,0.0,0,0.1,20.5,2.9,20.6,20.5,20.5,--
2026/1/3 17:19,20.5,62,8.2,98,7.9,8.2,0.0,0.0,49,938.6,1007.3,0.0,0,0.1,20.5,2.9,20.6,20.5,20.5,--
2026/1/3 17:20,20.5,62,8.2,98,7.9,8.2,0.0,1.8,51,938.7,1007.4,0.0,0,0.2,20.6,3.0,20.7,20.6,20.6,--
2026/1/3 17:21,20.5,62,8.2,98,7.9,8.2,1.8,2.9,16,938.7,1007.4,0.0,0,0.2,20.6,3.0,20.7,20.6,20.6,--
2026/1/3 17:22,20.5,62,8.2,98,7.9,8.2,0.0,0.0,47,938.7,1007.4,0.0,0,0.3,20.7,3.1,20.8,20.7,20.7,--
2026/1/3 17:23,20.5,62,8.2,98,7.9,8.2,2.2,2.5,29,938.6,1007.3,0.0,0,0.3,20.7,3.1,20.8,20.7,20.7,--
2026/1/3 17:24,20.5,62,8.2,98,7.9,8.2,1.8,2.9,33,938.7,1007.4,0.0,0,0.4,20.8,3.2,20.9,20.8,20.8,--
2026/1/3 17:25,20.5,62,8.2,98,7.9,8.2,0.0,2.5,40,938.5,1007.2,0.0,0,0.4,20.8,3.2,20.9,20.8,20.8,--
2026/1/3 17:26,20.5,62,8.2,98,7.9,8.2,2.5,2.9,80,938.3,1007.0,0.0,0,0.4,20.8,3.2,20.9,20.8,20.8,--
2026/1/3 17:27,20.5,62,8.2,98,7.9,8.2,0.0,1.8,69,938.6,1007.3,0.0,0,0.4,20.8,3.2,20.9,20.8,20.8,--
2026/1/3 17:28,20.5,62,8.2,98,7.9,8.2,0.0,0.0,65,938.5,1007.2,0.0,0,0.4,20.8,3.2,20.9,20.8,20.8,--
2026/1/3 17:29,20.5,62,8.2,98,7.9,8.2,0.0,0.0,25,938.6,1007.3,0.0,0,0.5,20.9,3.3,21.0,20.9,20.9,--
2026/1/3 17:30,20.5,62,8.2,98,7.9,8.2,0.0,1.8,351,938.5,1007.2,0.0,0,0.5,20.9,3.3,21.0,20.9,20.9,--
2026/1/3 17:31,20.5,62,8.2,98,7.9,8.2,0.0,0.0,22,938.4,1007.1,0.0,0,0.5,20.9,3.3,21.0,20.9,20.9,--
2026/1/3 17:32,20.5,62,8.2,98,7.9,8.2,0.0,0.0,153,938.6,1007.3,0.0,0,0.5,20.9,3.3,21.0,20.9,20.9,--
2026/1/3 17:33,20.5,62,8.1,98,7.8,8.1,0.0,0.0,135,938.6,1007.3,0.0,0,0.5,20.9,3.3,21.0,20.9,20.9,--
2026/1/3 17:34,20.5,62,8.1,98,7.8,8.1,0.0,1.8,48,938.7,1007.4,0.0,0,0.5,20.9,3.3,21.0,20.9,20.9,--
2026/1/3 17:35,20.5,62,8.1,98,7.8,8.1,0.0,0.0,13,938.4,1007.1,0.0,0,0.5,20.9,3.3,21.0,20.9,20.9,--
2026/1/3 17:36,20.5,62,8.1,99,7.9,8.1,0.0,0.0,13,938.4,1007.1,0.0,0,0.6,21.0,3.4,21.1,21.0,21.0,--
2026/1/3 17:37,20.5,62,8.2,99,8.0,8.2,0.0,0.0,13,938.6,1007.3,0.0,0,0.6,21.0,3.4,21.1,21.0,21.0,--
2026/1/3 17:38,20.5,62,8.2,99,8.0,8.2,0.0,1.8,253,938.6,1007.3,0.0,0,0.6,21.0,3.4,21.1,21.0,21.0,--
2026/1/3 17:39,20.5,62,8.2,99,8.0,8.2,0.0,0.0,249,938.6,1007.3,0.0,0,0.7,21.1,3.5,21.2,21.1,21.1,--
2026/1/3 17:40,20.5,62,8.2,99,8.0,8.2,1.8,2.2,37,938.7,1007.4,0.0,0,0.7,21.1,3.5,21.2,21.1,21.1,--
2026/1/3 17:41,20.5,62,8.2,99,8.0,8.2,4.0,4.0,27,938.6,1007.3,0.0,0,0.7,21.1,3.5,21.2,21.1,21.1,--
2026/1/3 17:42,20.5,62,8.2,99,8.0,8.2,4.3,5.4,28,938.5,1007.2,0.0,0,0.8,21.2,3.6,21.3,21.2,21.2,--
2026/1/3 17:43,20.5,62,8.2,99,8.0,8.2,2.2,3.2,40,938.4,1007.1,0.0,0,0.8,21.2,3.6,21.3,21.2,21.2,--
2026/1/3 17:44,20.5,62,8.2,99,8.0,8.2,2.5,3.2,32,938.5,1007.2,0.0,0,0.9,21.3,3.7,21.4,21.3,21.3,--
2026/1/3 17:45,20.5,62,8.2,99,8.0,8.2,0.0,0.0,53,938.5,1007.2,0.0,0,0.9,21.3,3.7,21.4,21.3,21.3,--
2026/1/3 17:46,20.5,62,8.2,99,8.0,8.2,0.0,0.0,34,938.5,1007.2,0.0,0,1.0,21.4,3.8,21.5,21.4,21.4,--
2026/1/3 17:47,20.5,62,8.2,99,8.0,8.2,0.0,1.8,85,938.5,1007.2,0.0,0,1.0,21.4,3.8,21.5,21.4,21.4,--
2026/1/3 17:48,20.5,62,8.1,99,7.9,8.1,0.0,1.8,147,938.6,1007.3,0.0,0,1.0,21.4,3.8,21.5,21.4,21.4,--
2026/1/3 17:49,20.5,62,8.1,99,7.9,8.1,0.0,1.8,180,938.5,1007.2,0.0,0,1.0,21.4,3.8,21.5,21.4,21.4,--
2026/1/3 17:50,20.5,62,8.1,99,7.9,8.1,0.0,0.0,190,938.5,1007.2,0.0,0,1.0,21.4,3.8,21.5,21.4,21.4,--
2026/1/3 17:51,20.5,62,8.1,99,7.9,8.1,2.2,2.9,53,938.7,1007.4,0.0,0,1.0,21.4,3.8,21.5,21.4,21.4,--
2026/1/3 17:52,20.6,62,8.1,99,7.9,8.1,2.2,2.9,68,938.7,1007.4,0.0,0,1.0,21.4,3.8,21.5,21.4,21.4,--
2026/1/3 17:53,20.5,62,8.1,99,7.9,8.1,2.5,2.5,93,938.7,1007.4,0.0,0,1.0,21.4,3.8,21.5,21.4,21.4,--
2026/1/3 17:54,20.5,62,8.1,99,7.9,8.1,0.0,1.8,68,938.7,1007.4,0.0,0,1.0,21.4,3.8,21.5,21.4,21.4,--
2026/1/3 17:55,20.6,62,8.1,99,7.9,8.1,0.0,0.0,76,938.7,1007.4,0.0,0,1.0,21.4,3.8,21.5,21.4,21.4,--
2026/1/3 17:56,20.5,62,8.1,99,7.9,8.1,0.0,0.0,76,938.8,1007.5,0.0,0,1.0,21.4,3.8,21.5,21.4,21.4,--
2026/1/3 17:57,20.6,62,8.1,99,7.9,8.1,0.0,0.0,76,938.8,1007.5,0.0,0,1.0,21.4,3.8,21.5,21.4,21.4,--
2026/1/3 17:58,20.6,62,8.1,99,7.9,8.1,2.5,2.5,25,938.8,1007.5,0.0,0,1.1,21.5,3.9,21.6,21.5,21.5,--
2026/1/3 17:59,20.6,62,8.1,99,7.9,8.1,2.9,3.2,16,938.7,1007.4,0.0,0,1.1,21.5,3.9,21.6,21.5,21.5,--
2026/1/3 18:00,20.6,62,8.1,99,7.9,8.1,1.8,2.2,35,938.8,1007.5,0.0,0,1.1,21.5,3.9,21.6,21.5,21.5,--
2026/1/3 18:01,20.6,62,8.1,99,7.9,8.1,2.5,2.5,42,938.7,1007.4,0.0,0,1.1,21.5,3.9,21.6,21.5,21.5,--
2026/1/3 18:02,20.6,62,8.1,99,7.9,8.1,2.5,2.9,59,938.7,1007.4,0.0,0,1.1,21.5,3.9,21.6,21.5,21.5,--
2026/1/3 18:03,20.6,62,8.1,99,7.9,8.1,0.0,2.5,34,938.5,1007.2,0.0,0,1.0,21.5,3.9,21.6,21.5,21.5,--
2026/1/3 18:04,20.5,62,8.1,99,7.9,8.1,0.0,2.2,44,938.4,1007.1,0.0,0,1.1,21.6,4.0,21.7,21.6,21.6,--
2026/1/3 18:05,20.5,62,8.1,99,7.9,8.1,0.0,1.8,55,938.6,1007.3,0.0,0,1.1,21.6,4.0,21.7,21.6,21.6,--
2026/1/3 18:06,20.5,62,8.1,99,7.9,8.1,0.0,0.0,144,938.6,1007.3,0.0,0,1.1,21.6,4.0,21.7,21.6,21.6,--
2026/1/3 18:07,20.6,62,8.1,99,7.9,8.1,2.2,2.2,237,938.6,1007.3,0.0,0,1.1,21.6,4.0,21.7,21.6,21.6,--
2026/1/3 18:08,20.6,62,8.1,99,7.9,8.1,0.0,0.0,245,938.6,1007.3,0.0,0,1.1,21.6,4.0,21.7,21.6,21.6,--
2026/1/3 18:09,20.6,62,8.1,99,7.9,8.1,0.0,0.0,214,938.8,1007.5,0.0,0,1.1,21.6,4.0,21.7,21.6,21.6,--
2026/1/3 18:10,20.6,62,8.1,99,7.9,8.1,0.0,0.0,124,938.7,1007.4,0.0,0,1.1,21.6,4.0,21.7,21.6,21.6,--
2026/1/3 18:11,20.6,62,8.1,99,7.9,8.1,0.0,0.0,124,938.8,1007.5,0.0,0,1.1,21.6,4.0,21.7,21.6,21.6,--
2026/1/3 18:12,20.6,62,8.2,99,8.0,8.2,0.0,0.0,124,938.7,1007.4,0.0,0,1.1,21.6,4.0,21.7,21.6,21.6,--
2026/1/3 18:13,20.6,62,8.2,99,8.0,8.2,0.0,2.2,32,938.7,1007.4,0.0,0,1.1,21.6,4.0,21.7,21.6,21.6,--
2026/1/3 18:14,20.6,62,8.2,99,8.0,8.2,3.6,4.3,32,938.7,1007.4,0.0,0,1.1,21.6,4.0,21.7,21.6,21.6,--
2026/1/3 18:15,20.6,62,8.2,99,8.0,8.2,2.2,4.0,46,938.7,1007.4,0.0,0,1.1,21.6,4.0,21.7,21.6,21.6,--
2026/1/3 18:16,20.6,62,8.2,99,8.0,8.2,2.2,2.9,37,938.8,1007.5,0.0,0,1.1,21.6,4.0,21.7,21.6,21.6,--
2026/1/3 18:17,20.6,62,8.1,99,7.9,8.1,1.8,2.9,97,938.6,1007.3,0.0,0,1.1,21.6,4.0,21.7,21.6,21.6,--
2026/1/3 18:18,20.6,62,8.1,99,7.9,8.1,1.8,1.8,113,938.7,1007.4,0.0,0,0.9,21.6,4.0,21.7,21.6,21.6,--
2026/1/3 18:19,20.6,62,8.1,99,7.9,8.1,3.6,3.6,94,938.8,1007.5,0.0,0,0.9,21.6,4.0,21.7,21.6,21.6,--
2026/1/3 18:20,20.6,62,8.1,99,7.9,8.1,2.2,2.9,85,938.8,1007.5,0.0,0,0.9,21.6,4.0,21.7,21.6,21.6,--
2026/1/3 18:21,20.6,62,8.1,99,7.9,8.1,2.5,2.5,68,938.7,1007.4,0.0,0,0.9,21.6,4.0,21.7,21.6,21.6,--
2026/1/3 18:22,20.6,62,8.1,99,7.9,8.1,0.0,0.0,49,938.6,1007.3,0.0,0,0.9,21.6,4.0,21.7,21.6,21.6,--
2026/1/3 18:23,20.6,62,8.1,99,7.9,8.1,0.0,0.0,113,938.7,1007.4,0.0,0,0.8,21.6,4.0,21.7,21.6,21.6,--
2026/1/3 18:24,20.6,62,8.1,99,7.9,8.1,2.5,2.9,170,938.8,1007.5,0.0,0,0.8,21.6,4.0,21.7,21.6,21.6,--
2026/1/3 18:25,20.6,62,8.2,99,8.0,8.2,1.8,1.8,112,938.8,1007.5,0.0,0,0.8,21.6,4.0,21.7,21.6,21.6,--
2026/1/3 18:26,20.6,62,8.2,99,8.0,8.2,1.8,2.5,57,938.8,1007.5,0.0,0,0.8,21.6,4.0,21.7,21.6,21.6,--
2026/1/3 18:27,20.6,62,8.2,99,8.0,8.2,2.5,2.5,71,938.8,1007.5,0.0,0,0.8,21.6,4.0,21.7,21.6,21.6,--
2026/1/3 18:28,20.6,62,8.2,99,8.0,8.2,1.8,2.2,83,938.9,1007.6,0.0,0,0.7,21.6,4.0,21.7,21.6,21.6,--
2026/1/3 18:29,20.6,62,8.2,99,8.0,8.2,1.8,2.5,102,939.0,1007.7,0.0,0,0.7,21.6,4.0,21.7,21.6,21.6,--
2026/1/3 18:30,20.6,62,8.2,99,8.0,8.2,2.5,3.2,96,938.9,1007.6,0.0,0,0.7,21.6,4.0,21.7,21.6,21.6,--
2026/1/3 18:31,20.7,62,8.2,99,8.0,8.2,3.2,3.2,106,938.9,1007.6,0.0,0,0.7,21.6,4.0,21.7,21.6,21.6,--
2026/1/3 18:32,20.6,62,8.2,99,8.0,8.2,4.0,4.0,107,938.7,1007.4,0.0,0,0.7,21.6,4.0,21.7,21.6,21.6,--
2026/1/3 18:33,20.6,62,8.2,99,8.0,8.2,3.6,4.0,108,938.6,1007.3,0.0,0,0.6,21.6,4.0,21.7,21.6,21.6,--
2026/1/3 18:34,20.6,62,8.3,99,8.1,8.3,4.0,6.1,123,938.7,1007.4,0.0,0,0.6,21.6,4.0,21.7,21.6,21.6,--
2026/1/3 18:35,20.6,62,8.3,99,8.1,7.5,6.1,6.1,110,938.7,1007.4,0.0,0,0.6,21.6,4.0,21.7,21.6,21.6,--
2026/1/3 18:36,20.6,62,8.4,99,8.2,7.7,5.8,5.8,123,938.6,1007.3,0.0,0,0.6,21.6,4.0,21.7,21.6,21.6,--
2026/1/3 18:37,20.6,62,8.4,99,8.2,8.4,0.0,2.2,189,938.7,1007.4,0.0,0,0.6,21.6,4.0,21.7,21.6,21.6,--
2026/1/3 18:38,20.6,62,8.5,99,8.3,8.1,5.0,5.0,222,938.8,1007.5,0.0,0,0.4,21.6,4.0,21.7,21.6,21.6,--
2026/1/3 18:39,20.6,62,8.6,99,8.4,8.6,2.5,3.2,200,938.6,1007.3,0.0,0,0.4,21.6,4.0,21.7,21.6,21.6,--
2026/1/3 18:40,20.6,62,8.7,98,8.4,8.7,3.2,5.4,189,938.9,1007.6,0.0,0,0.4,21.6,4.0,21.7,21.6,21.6,--
2026/1/3 18:41,20.6,62,8.7,98,8.4,8.7,2.2,2.5,262,938.7,1007.4,0.0,0,0.4,21.6,4.0,21.7,21.6,21.6,--
2026/1/3 18:42,20.7,62,8.8,97,8.4,8.8,2.9,4.0,207,938.8,1007.5,0.0,0,0.4,21.6,4.0,21.7,21.6,21.6,--
2026/1/3 18:43,20.6,62,8.9,97,8.5,8.9,0.0,2.9,311,938.8,1007.5,0.0,0,0.2,21.6,4.0,21.7,21.6,21.6,--
2026/1/3 18:44,20.6,62,8.9,97,8.5,8.9,2.9,4.3,279,938.8,1007.5,0.0,0,0.2,21.6,4.0,21.7,21.6,21.6,--
2026/1/3 18:45,20.6,62,8.8,96,8.3,8.8,2.9,3.2,2,938.9,1007.6,0.0,0,0.2,21.6,4.0,21.7,21.6,21.6,--
2026/1/3 18:46,20.6,63,8.8,96,8.3,8.8,1.8,3.6,347,938.7,1007.4,0.0,0,0.2,21.6,4.0,21.7,21.6,21.6,--
2026/1/3 18:47,20.7,62,8.7,96,8.2,8.7,4.7,4.7,39,938.7,1007.4,0.0,0,0.2,21.6,4.0,21.7,21.6,21.6,--
2026/1/3 18:48,20.7,63,8.7,96,8.2,8.7,2.2,4.3,80,938.9,1007.6,0.0,0,0.2,21.6,4.0,21.7,21.6,21.6,--
2026/1/3 18:49,20.7,63,8.6,97,8.2,8.6,1.8,2.2,298,938.8,1007.5,0.0,0,0.2,21.6,4.0,21.7,21.6,21.6,--
2026/1/3 18:50,20.7,63,8.6,97,8.2,8.6,0.0,1.8,269,938.8,1007.5,0.0,0,0.2,21.6,4.0,21.7,21.6,21.6,--
2026/1/3 18:51,20.7,63,8.6,97,8.2,8.6,4.0,4.3,17,938.7,1007.4,0.0,0,0.2,21.6,4.0,21.7,21.6,21.6,--
2026/1/3 18:52,20.6,63,8.5,97,8.1,8.5,3.6,4.3,35,938.7,1007.4,0.0,0,0.2,21.6,4.0,21.7,21.6,21.6,--
2026/1/3 18:53,20.6,63,8.5,97,8.1,8.5,2.2,2.5,316,938.8,1007.5,0.0,0,0.2,21.6,4.0,21.7,21.6,21.6,--
2026/1/3 18:54,20.7,63,8.5,97,8.1,8.5,0.0,2.2,64,938.8,1007.5,0.0,0,0.2,21.6,4.0,21.7,21.6,21.6,--
2026/1/3 18:55,20.7,63,8.5,97,8.1,8.5,1.8,4.7,65,939.0,1007.7,0.0,0,0.2,21.6,4.0,21.7,21.6,21.6,--
2026/1/3 18:56,20.6,63,8.5,97,8.1,8.5,2.5,3.6,5,938.8,1007.5,0.0,0,0.2,21.6,4.0,21.7,21.6,21.6,--
2026/1/3 18:57,20.7,63,8.5,97,8.1,8.5,0.0,4.3,41,938.8,1007.5,0.0,0,0.2,21.6,4.0,21.7,21.6,21.6,--
2026/1/3 18:58,20.7,63,8.5,97,8.1,8.5,4.0,4.0,31,938.9,1007.6,0.0,0,0.1,21.6,4.0,21.7,21.6,21.6,--
2026/1/3 18:59,20.7,63,8.5,97,8.1,8.5,3.2,5.4,6,939.0,1007.7,0.0,0,0.1,21.6,4.0,21.7,21.6,21.6,--
2026/1/3 19:00,20.7,63,8.4,98,8.1,8.4,1.8,2.9,85,938.9,1007.6,0.0,0,0.1,21.6,4.0,21.7,21.6,21.6,--
2026/1/3 19:01,20.7,63,8.4,98,8.1,8.4,2.2,3.6,75,938.9,1007.6,0.0,0,0.1,21.6,4.0,21.7,21.6,21.6,--
2026/1/3 19:02,20.7,63,8.4,98,8.1,8.4,2.5,2.9,87,938.7,1007.4,0.0,0,0.1,21.6,4.0,21.7,21.6,21.6,--
2026/1/3 19:03,20.7,63,8.4,98,8.1,8.4,2.9,3.2,103,938.8,1007.5,0.0,0,0.0,21.6,4.0,21.7,21.6,21.6,--
2026/1/3 19:04,20.7,63,8.4,98,8.1,8.4,2.5,4.0,111,938.9,1007.6,0.0,0,0.0,21.6,4.0,21.7,21.6,21.6,--
2026/1/3 19:05,20.7,63,8.4,98,8.1,8.4,2.5,4.0,111,938.7,1007.4,0.0,0,0.0,21.6,4.0,21.7,21.6,21.6,--
2026/1/3 19:06,20.7,63,8.4,98,8.1,8.4,2.5,4.0,111,938.8,1007.5,0.0,0,0.0,21.6,4.0,21.7,21.6,21.6,--
2026/1/3 19:07,20.7,63,8.5,98,8.2,8.5,2.9,3.6,78,938.8,1007.5,0.0,0,0.0,21.6,4.0,21.7,21.6,21.6,--
2026/1/3 19:08,20.7,63,8.5,98,8.2,8.5,2.9,3.6,78,938.6,1007.3,0.0,0,0.0,21.6,4.0,21.7,21.6,21.6,--
2026/1/3 19:09,20.7,63,8.5,98,8.2,8.5,2.9,3.6,78,938.7,1007.4,0.0,0,0.0,21.6,4.0,21.7,21.6,21.6,--
2026/1/3 19:10,20.7,63,8.5,98,8.2,8.5,2.9,3.6,78,938.7,1007.4,0.0,0,0.0,21.6,4.0,21.7,21.6,21.6,--
2026/1/3 19:11,20.7,63,8.5,98,8.2,8.5,2.9,3.6,78,938.7,1007.4,0.0,0,0.0,21.6,4.0,21.7,21.6,21.6,--
2026/1/3 19:12,20.7,63,8.6,98,8.3,8.6,0.0,0.0,55,938.8,1007.5,0.0,0,0.0,21.6,4.0,21.7,21.6,21.6,--
2026/1/3 19:13,20.7,63,8.6,98,8.3,8.6,0.0,2.2,115,938.7,1007.4,0.0,0,0.0,21.6,4.0,21.7,21.6,21.6,--
2026/1/3 19:14,20.7,63,8.6,98,8.3,8.6,0.0,0.0,116,938.7,1007.4,0.0,0,0.0,21.6,4.0,21.7,21.6,21.6,--
2026/1/3 19:15,20.7,63,8.6,98,8.3,8.6,0.0,0.0,116,938.5,1007.2,0.0,0,0.0,21.6,4.0,21.7,21.6,21.6,--
2026/1/3 19:16,20.7,63,8.6,98,8.3,8.6,0.0,0.0,116,938.7,1007.4,0.0,0,0.0,21.6,4.0,21.7,21.6,21.6,--
2026/1/3 19:17,20.7,63,8.5,98,8.2,8.5,0.0,0.0,193,938.7,1007.4,0.0,0,0.0,21.6,4.0,21.7,21.6,21.6,--
2026/1/3 19:18,20.7,63,8.5,98,8.2,8.5,0.0,0.0,164,938.6,1007.3,0.0,0,0.0,21.6,4.0,21.7,21.6,21.6,--
2026/1/3 19:19,20.7,63,8.5,98,8.2,8.5,0.0,1.8,109,938.6,1007.3,0.0,0,0.0,21.6,4.0,21.7,21.6,21.6,--
2026/1/3 19:20,20.7,63,8.5,98,8.2,8.5,2.5,3.6,101,938.7,1007.4,0.0,0,0.0,21.6,4.0,21.7,21.6,21.6,--
2026/1/3 19:21,20.7,63,8.5,98,8.2,8.5,4.0,4.0,99,938.5,1007.2,0.0,0,0.0,21.6,4.0,21.7,21.6,21.6,--
2026/1/3 19:22,20.7,63,8.5,98,8.2,8.5,4.0,4.0,99,938.5,1007.2,0.0,0,0.0,21.6,4.0,21.7,21.6,21.6,--
2026/1/3 19:23,20.7,63,8.5,98,8.2,8.5,4.0,4.0,99,938.5,1007.2,0.0,0,0.0,21.6,4.0,21.7,21.6,21.6,--
2026/1/3 19:24,20.7,63,8.5,98,8.2,8.5,4.0,4.0,99,938.5,1007.2,0.0,0,0.0,21.6,4.0,21.7,21.6,21.6,--
2026/1/3 19:25,20.7,63,8.6,99,8.4,8.6,2.9,3.2,81,938.3,1007.0,0.0,0,0.0,21.6,4.0,21.7,21.6,21.6,--
2026/1/3 19:26,20.7,63,8.6,99,8.4,8.6,0.0,0.0,99,938.4,1007.1,0.0,0,0.1,21.7,4.1,21.8,21.7,21.7,--
2026/1/3 19:27,20.7,63,8.6,99,8.4,8.6,1.8,2.5,34,938.4,1007.1,0.0,0,0.2,21.8,4.2,21.9,21.8,21.8,--
2026/1/3 19:28,20.7,63,8.6,99,8.4,8.6,0.0,0.0,60,938.4,1007.1,0.0,0,0.3,21.9,4.3,22.0,21.9,21.9,--
2026/1/3 19:29,20.7,63,8.7,99,8.5,8.7,2.5,2.5,246,938.6,1007.3,0.0,0,0.4,22.0,4.4,22.1,22.0,22.0,--
2026/1/3 19:30,20.7,63,8.7,99,8.5,8.7,0.0,2.5,180,938.7,1007.4,0.0,0,0.5,22.1,4.5,22.2,22.1,22.1,--
2026/1/3 19:31,20.7,63,8.7,99,8.5,8.7,0.0,2.5,180,938.7,1007.4,0.0,0,0.5,22.1,4.5,22.2,22.1,22.1,--
2026/1/3 19:32,20.7,63,8.7,99,8.5,8.7,0.0,2.5,180,938.6,1007.3,0.0,0,0.6,22.2,4.6,22.3,22.2,22.2,--
2026/1/3 19:33,20.7,63,8.7,99,8.5,8.7,0.0,2.5,180,938.5,1007.2,0.0,0,0.7,22.3,4.7,22.4,22.3,22.3,--
2026/1/3 19:34,20.7,63,8.7,99,8.5,8.7,0.0,2.5,180,938.4,1007.1,0.0,0,0.8,22.4,4.8,22.5,22.4,22.4,--
2026/1/3 19:35,20.7,63,8.7,99,8.5,8.7,0.0,2.5,180,938.6,1007.3,0.0,0,0.9,22.5,4.9,22.6,22.5,22.5,--
2026/1/3 19:36,20.7,63,8.7,99,8.5,8.7,0.0,2.5,180,938.4,1007.1,0.0,0,0.9,22.5,4.9,22.6,22.5,22.5,--
2026/1/3 19:37,20.7,63,8.7,99,8.5,8.7,0.0,2.5,180,938.4,1007.1,0.0,0,1.0,22.6,5.0,22.7,22.6,22.6,--
2026/1/3 19:38,20.7,63,8.7,99,8.5,8.7,0.0,2.5,180,938.5,1007.2,0.0,0,1.1,22.7,5.1,22.8,22.7,22.7,--
2026/1/3 19:39,20.7,63,8.7,99,8.5,8.7,0.0,2.5,180,938.4,1007.1,0.0,0,1.2,22.8,5.2,22.9,22.8,22.8,--
2026/1/3 19:40,20.7,63,8.7,99,8.5,8.7,0.0,2.5,180,938.5,1007.2,0.0,0,1.2,22.8,5.2,22.9,22.8,22.8,--
2026/1/3 19:41,20.7,63,8.7,99,8.5,8.7,0.0,2.5,180,938.5,1007.2,0.0,0,1.2,22.8,5.2,22.9,22.8,22.8,--
2026/1/3 19:42,20.8,63,8.6,99,8.4,8.6,2.2,2.5,89,938.2,1006.9,0.0,0,1.2,22.8,5.2,22.9,22.8,22.8,--
2026/1/3 19:43,20.7,63,8.6,99,8.4,8.6,1.8,2.5,107,938.4,1007.1,0.0,0,1.2,22.8,5.2,22.9,22.8,22.8,--
2026/1/3 19:44,20.8,63,8.6,99,8.4,8.6,1.8,2.5,107,938.4,1007.1,0.0,0,1.3,22.9,5.3,23.0,22.9,22.9,--
2026/1/3 19:45,20.7,63,8.6,99,8.4,8.6,0.0,1.8,104,938.4,1007.1,0.0,0,1.3,22.9,5.3,23.0,22.9,22.9,--
2026/1/3 19:46,20.7,64,8.6,99,8.4,8.6,0.0,0.0,124,938.6,1007.3,0.0,0,1.3,22.9,5.3,23.0,22.9,22.9,--
2026/1/3 19:47,20.8,64,8.6,99,8.4,8.6,0.0,0.0,124,938.5,1007.2,0.0,0,1.4,23.0,5.4,23.1,23.0,23.0,--
2026/1/3 19:48,20.7,64,8.5,99,8.3,8.5,2.5,2.5,80,938.3,1007.0,0.0,0,1.4,23.0,5.4,23.1,23.0,23.0,--
2026/1/3 19:49,20.8,64,8.5,99,8.3,8.5,2.2,2.2,91,938.1,1006.8,0.0,0,1.5,23.1,5.5,23.2,23.1,23.1,--
2026/1/3 19:50,20.8,64,8.5,99,8.3,8.5,2.2,2.2,85,938.2,1006.9,0.0,0,1.6,23.2,5.6,23.3,23.2,23.2,--
2026/1/3 19:51,20.9,64,8.5,99,8.3,8.5,0.0,0.0,60,938.2,1006.9,0.0,0,1.7,23.3,5.7,23.4,23.3,23.3,--
2026/1/3 19:52,20.9,63,8.5,99,8.3,8.5,0.0,0.0,113,938.3,1007.0,0.0,0,1.8,23.4,5.8,23.5,23.4,23.4,--
2026/1/3 19:53,20.9,64,8.5,99,8.3,8.5,0.0,0.0,59,938.3,1007.0,0.0,0,1.8,23.4,5.8,23.5,23.4,23.4,--
2026/1/3 19:54,20.8,64,8.5,99,8.3,8.5,2.2,2.9,41,938.4,1007.1,0.0,0,1.8,23.4,5.8,23.5,23.4,23.4,--
2026/1/3 19:55,20.8,64,8.5,99,8.3,8.5,2.9,3.2,54,938.2,1006.9,0.0,0,1.8,23.4,5.8,23.5,23.4,23.4,--
2026/1/3 19:56,20.8,64,8.5,99,8.3,8.5,2.2,2.2,87,938.0,1006.7,0.0,0,1.9,23.5,5.9,23.6,23.5,23.5,--
2026/1/3 19:57,20.8,64,8.5,99,8.3,8.5,0.0,2.2,106,938.2,1006.9,0.0,0,1.9,23.5,5.9,23.6,23.5,23.5,--
2026/1/3 19:58,20.8,64,8.5,99,8.3,8.5,0.0,1.8,142,938.2,1006.9,0.0,0,2.0,23.6,6.0,23.7,23.6,23.6,--
2026/1/3 19:59,20.8,64,8.5,99,8.3,8.5,0.0,0.0,124,938.1,1006.8,0.0,0,2.0,23.6,6.0,23.7,23.6,23.6,--
2026/1/3 20:00,20.7,64,8.5,99,8.3,8.5,0.0,0.0,124,938.2,1006.9,0.0,0,2.1,23.7,6.1,23.8,23.7,23.7,--
2026/1/3 20:01,20.7,64,8.6,99,8.4,8.6,0.0,0.0,106,938.1,1006.8,0.0,0,2.1,23.7,6.1,23.8,23.7,23.7,--
2026/1/3 20:02,20.7,64,8.6,99,8.4,8.6,0.0,2.2,72,938.0,1006.7,0.0,0,2.2,23.8,6.2,23.9,23.8,23.8,--
2026/1/3 20:03,20.7,64,8.6,99,8.4,8.6,0.0,2.2,87,938.2,1006.9,0.0,0,2.2,23.8,6.2,23.9,23.8,23.8,--
2026/1/3 20:04,20.7,64,8.6,99,8.4,8.6,0.0,1.8,63,938.2,1006.9,0.0,0,2.3,23.9,6.3,24.0,23.9,23.9,--
2026/1/3 20:05,20.7,64,8.6,99,8.4,8.6,0.0,1.8,29,938.2,1006.9,0.0,0,2.4,24.0,6.4,24.1,24.0,24.0,--
2026/1/3 20:06,20.7,64,8.6,99,8.4,8.6,0.0,0.0,10,938.2,1006.9,0.0,0,2.5,24.1,6.5,24.2,24.1,24.1,--
2026/1/3 20:07,20.7,64,8.6,99,8.4,8.6,1.8,1.8,26,938.0,1006.7,0.0,0,2.5,24.1,6.5,24.2,24.1,24.1,--
2026/1/3 20:08,20.7,64,8.6,99,8.4,8.6,0.0,1.8,310,938.0,1006.7,0.0,0,2.6,24.2,6.6,24.3,24.2,24.2,--
2026/1/3 20:09,20.7,64,8.6,99,8.4,8.6,0.0,0.0,310,938.1,1006.8,0.0,0,2.7,24.3,6.7,24.4,24.3,24.3,--
2026/1/3 20:10,20.7,64,8.6,99,8.4,8.6,0.0,2.2,32,938.2,1006.9,0.0,0,2.8,24.4,6.8,24.5,24.4,24.4,--
2026/1/3 20:11,20.7,64,8.6,99,8.4,8.6,0.0,2.2,63,938.1,1006.8,0.0,0,2.9,24.5,6.9,24.6,24.5,24.5,--
2026/1/3 20:12,20.7,64,8.6,99,8.4,8.6,0.0,1.8,61,938.1,1006.8,0.0,0,3.0,24.6,7.0,24.7,24.6,24.6,--
2026/1/3 20:13,20.7,64,8.6,99,8.4,8.6,2.2,2.5,52,937.9,1006.6,0.0,0,3.3,24.9,7.3,25.0,24.9,24.9,--
2026/1/3 20:14,20.7,64,8.6,99,8.4,8.6,0.0,2.5,55,938.0,1006.7,0.0,0,3.4,25.0,7.4,25.1,25.0,25.0,--
2026/1/3 20:15,20.7,64,8.6,99,8.4,8.6,0.0,0.0,53,937.8,1006.5,0.0,0,3.5,25.1,7.5,25.2,25.1,25.1,--
2026/1/3 20:16,20.7,64,8.6,99,8.4,8.6,0.0,0.0,160,938.0,1006.7,0.0,0,3.6,25.2,7.6,25.3,25.2,25.2,--
2026/1/3 20:17,20.7,64,8.6,99,8.4,8.6,0.0,0.0,141,938.1,1006.8,0.0,0,3.7,25.3,7.7,25.4,25.3,25.3,--
2026/1/3 20:18,20.7,64,8.6,99,8.4,8.6,0.0,2.2,110,938.1,1006.8,0.0,0,3.8,25.4,7.8,25.5,25.4,25.4,--
2026/1/3 20:19,20.7,64,8.6,99,8.4,8.6,0.0,0.0,49,938.3,1007.0,0.0,0,4.0,25.6,8.0,25.7,25.6,25.6,--
2026/1/3 20:20,20.7,64,8.6,99,8.4,8.6,0.0,0.0,348,938.2,1006.9,0.0,0,4.2,25.8,8.2,25.9,25.8,25.8,--
2026/1/3 20:21,20.7,64,8.6,99,8.4,8.6,2.5,2.9,54,938.2,1006.9,0.0,0,4.3,25.9,8.3,26.0,25.9,25.9,--
2026/1/3 20:22,20.7,64,8.7,99,8.5,8.7,2.2,2.2,34,938.1,1006.8,0.0,0,4.5,26.1,8.5,26.2,26.1,26.1,--
2026/1/3 20:23,20.7,64,8.7,99,8.5,8.7,0.0,2.5,18,938.1,1006.8,0.0,0,4.4,26.2,8.6,26.3,26.2,26.2,--
2026/1/3 20:24,20.7,64,8.7,99,8.5,8.7,1.8,2.5,63,938.2,1006.9,0.0,0,4.5,26.3,8.7,26.4,26.3,26.3,--
2026/1/3 20:25,20.7,64,8.7,99,8.5,8.7,2.2,2.2,97,938.2,1006.9,0.0,0,4.6,26.4,8.8,26.5,26.4,26.4,--
2026/1/3 20:26,20.7,64,8.7,99,8.5,8.7,2.5,3.2,94,938.1,1006.8,0.0,0,4.8,26.6,9.0,26.7,26.6,26.6,--
2026/1/3 20:27,20.7,64,8.7,99,8.5,8.7,2.2,2.9,92,938.3,1007.0,0.0,0,5.1,26.9,9.3,27.0,26.9,26.9,--
2026/1/3 20:28,20.7,64,8.7,99,8.5,8.7,2.2,2.5,101,938.2,1006.9,0.0,0,4.9,27.1,9.5,27.2,27.1,27.1,--
2026/1/3 20:29,20.7,64,8.7,99,8.5,8.7,0.0,2.2,85,938.2,1006.9,0.0,0,5.2,27.4,9.8,27.5,27.4,27.4,--
2026/1/3 20:30,20.7,64,8.7,99,8.5,8.7,1.8,2.2,71,938.4,1007.1,0.0,0,5.4,27.6,10.0,27.7,27.6,27.6,--
2026/1/3 20:31,20.7,64,8.7,99,8.5,8.7,0.0,0.0,59,938.2,1006.9,0.0,0,5.8,28.0,10.4,28.1,28.0,28.0,--
2026/1/3 20:32,20.7,64,8.7,99,8.5,8.7,0.0,0.0,193,938.3,1007.0,0.0,0,5.9,28.1,10.5,28.2,28.1,28.1,--
2026/1/3 20:33,20.7,64,8.7,99,8.5,8.7,0.0,0.0,124,938.2,1006.9,0.0,0,5.7,28.4,10.8,28.5,28.4,28.4,--
2026/1/3 20:34,20.7,64,8.8,99,8.6,8.8,0.0,0.0,135,938.5,1007.2,0.0,0,6.0,28.7,11.1,28.8,28.7,28.7,--
2026/1/3 20:35,20.7,64,8.8,99,8.6,8.8,0.0,0.0,135,938.2,1006.9,0.0,0,6.3,29.0,11.4,29.1,29.0,29.0,--
2026/1/3 20:36,20.7,64,8.8,99,8.6,8.8,0.0,0.0,135,938.2,1006.9,0.0,0,6.7,29.4,11.8,29.5,29.4,29.4,--
2026/1/3 20:37,20.7,64,8.8,99,8.6,8.8,0.0,0.0,135,938.4,1007.1,0.0,0,6.9,29.6,12.0,29.7,29.6,29.6,--
2026/1/3 20:38,20.8,64,8.8,99,8.6,8.8,0.0,2.2,126,938.3,1007.0,0.0,0,7.0,29.8,12.2,29.9,29.8,29.8,--
2026/1/3 20:39,20.8,64,8.8,99,8.6,8.8,2.2,2.2,100,938.4,1007.1,0.0,0,7.2,30.0,12.4,30.1,30.0,30.0,--
2026/1/3 20:40,20.8,64,8.8,99,8.6,8.8,2.9,2.9,87,938.4,1007.1,0.0,0,7.4,30.2,12.6,30.3,30.2,30.2,--
2026/1/3 20:41,20.8,64,8.8,99,8.6,8.8,2.2,2.9,97,938.5,1007.2,0.0,0,7.4,30.2,12.6,30.3,30.2,30.2,--
2026/1/3 20:42,20.8,64,8.8,99,8.6,8.8,2.5,3.2,105,938.1,1006.8,0.0,0,7.5,30.3,12.7,30.4,30.3,30.3,--
2026/1/3 20:43,20.8,64,8.8,99,8.6,8.8,2.5,3.6,93,938.2,1006.9,0.0,0,7.4,30.4,12.8,30.5,30.4,30.4,--
2026/1/3 20:44,20.8,64,8.8,99,8.6,8.8,3.2,3.2,123,938.3,1007.0,0.0,0,7.4,30.4,12.8,30.5,30.4,30.4,--
2026/1/3 20:45,20.8,64,8.9,99,8.7,8.9,1.8,2.2,153,938.4,1007.1,0.0,0,7.5,30.5,12.9,30.6,30.5,30.5,--
2026/1/3 20:46,20.9,64,8.9,99,8.7,8.9,2.2,2.2,186,938.3,1007.0,0.0,0,7.5,30.5,12.9,30.6,30.5,30.5,--
2026/1/3 20:47,20.9,64,8.9,99,8.7,8.9,0.0,0.0,186,938.2,1006.9,0.0,0,7.6,30.6,13.0,30.7,30.6,30.6,--
2026/1/3 20:48,20.9,64,8.9,99,8.7,8.9,0.0,1.8,102,938.3,1007.0,0.0,0,7.2,30.6,13.0,30.7,30.6,30.6,--
2026/1/3 20:49,20.9,64,9.0,99,8.8,9.0,0.0,0.0,116,938.2,1006.9,0.0,0,7.4,30.8,13.2,30.9,30.8,30.8,--
2026/1/3 20:50,20.9,64,9.0,99,8.8,9.0,0.0,1.8,312,938.3,1007.0,0.0,0,7.5,30.9,13.3,31.0,30.9,30.9,--
2026/1/3 20:51,20.9,64,9.0,99,8.8,9.0,0.0,0.0,60,938.3,1007.0,0.0,0,7.6,31.0,13.4,31.1,31.0,31.0,--
2026/1/3 20:52,20.9,64,9.0,99,8.8,9.0,2.2,2.5,42,938.2,1006.9,0.0,0,7.7,31.1,13.5,31.2,31.1,31.1,--
2026/1/3 20:53,20.9,64,9.0,99,8.8,9.0,2.2,2.5,354,938.2,1006.9,0.0,0,7.6,31.1,13.5,31.2,31.1,31.1,--
2026/1/3 20:54,20.9,64,8.9,99,8.7,8.9,0.0,2.2,232,938.3,1007.0,0.0,0,7.8,31.3,13.7,31.4,31.3,31.3,--
2026/1/3 20:55,20.9,64,8.9,99,8.7,8.9,4.3,4.3,304,938.2,1006.9,0.0,0,7.8,31.3,13.7,31.4,31.3,31.3,--
2026/1/3 20:56,20.9,64,8.9,99,8.7,8.9,2.9,3.2,310,938.4,1007.1,0.0,0,7.9,31.4,13.8,31.5,31.4,31.4,--
2026/1/3 20:57,21.0,64,9.0,99,8.8,9.0,2.2,2.9,291,938.3,1007.0,0.0,0,8.0,31.5,13.9,31.6,31.5,31.5,--
2026/1/3 20:58,21.0,64,8.9,99,8.7,8.9,0.0,1.8,64,938.3,1007.0,0.0,0,8.0,31.8,14.2,31.9,31.8,31.8,--
2026/1/3 20:59,21.0,64,8.9,99,8.7,8.9,1.8,1.8,70,938.4,1007.1,0.0,0,8.1,31.9,14.3,32.0,31.9,31.9,--
2026/1/3 21:00,21.0,64,8.9,99,8.7,8.9,1.8,2.2,93,938.3,1007.0,0.0,0,8.2,32.0,14.4,32.1,32.0,32.0,--
2026/1/3 21:01,21.1,64,8.9,99,8.7,8.9,0.0,2.2,89,938.3,1007.0,0.0,0,8.3,32.1,14.5,32.2,32.1,32.1,--
2026/1/3 21:02,21.1,64,8.9,99,8.7,8.9,0.0,0.0,38,938.3,1007.0,0.0,0,8.4,32.2,14.6,32.3,32.2,32.2,--
2026/1/3 21:03,21.0,64,8.9,99,8.7,8.9,0.0,0.0,38,938.1,1006.8,0.0,0,8.1,32.2,14.6,32.3,32.2,32.2,--
2026/1/3 21:04,21.1,64,8.9,99,8.7,8.9,2.2,2.5,110,938.2,1006.9,0.0,0,8.1,32.2,14.6,32.3,32.2,32.2,--
2026/1/3 21:05,21.0,64,8.9,99,8.7,8.9,1.8,2.2,78,938.3,1007.0,0.0,0,8.2,32.3,14.7,32.4,32.3,32.3,--
2026/1/3 21:06,21.0,64,9.0,99,8.8,9.0,2.2,2.5,27,938.3,1007.0,0.0,0,8.2,32.3,14.7,32.4,32.3,32.3,--
2026/1/3 21:07,21.0,64,9.0,99,8.8,9.0,2.5,3.6,99,938.2,1006.9,0.0,0,8.3,32.4,14.8,32.5,32.4,32.4,--
2026/1/3 21:08,21.0,64,9.0,99,8.8,9.0,3.2,3.6,114,938.1,1006.8,0.0,0,7.8,32.4,14.8,32.5,32.4,32.4,--
2026/1/3 21:09,21.0,64,9.0,99,8.8,9.0,3.2,5.0,105,938.0,1006.7,0.0,0,7.8,32.4,14.8,32.5,32.4,32.4,--
2026/1/3 21:10,21.0,64,9.1,99,8.9,9.1,0.0,2.2,141,938.2,1006.9,0.0,0,7.8,32.4,14.8,32.5,32.4,32.4,--
2026/1/3 21:11,20.9,64,9.1,99,8.9,9.1,1.8,3.6,98,938.1,1006.8,0.0,0,7.9,32.5,14.9,32.6,32.5,32.5,--
2026/1/3 21:12,20.9,64,9.2,99,9.0,9.2,4.0,6.8,94,938.2,1006.9,0.0,0,7.9,32.5,14.9,32.6,32.5,32.5,--
2026/1/3 21:13,20.9,64,9.2,99,9.0,7.6,10.4,10.4,116,938.2,1006.9,0.0,0,7.1,32.5,14.9,32.6,32.5,32.5,--
2026/1/3 21:14,20.9,64,9.3,99,9.1,9.3,2.9,5.8,225,938.1,1006.8,0.0,0,7.1,32.5,14.9,32.6,32.5,32.5,--
2026/1/3 21:15,20.9,64,9.3,99,9.1,9.3,3.2,4.3,234,938.1,1006.8,0.0,0,7.1,32.5,14.9,32.6,32.5,32.5,--
2026/1/3 21:16,20.9,64,9.4,99,9.2,9.4,4.7,7.2,238,938.1,1006.8,0.0,0,7.2,32.6,15.0,32.7,32.6,32.6,--
2026/1/3 21:17,20.9,64,9.4,99,9.2,9.4,2.9,5.4,85,938.5,1007.2,0.0,0,7.3,32.7,15.1,32.8,32.7,32.7,--
2026/1/3 21:18,20.9,64,9.4,99,9.2,9.4,2.2,5.0,153,938.5,1007.2,0.0,0,6.6,32.7,15.1,32.8,32.7,32.7,--
2026/1/3 21:19,20.9,64,9.4,99,9.2,8.5,7.2,7.2,329,938.4,1007.1,0.0,0,6.6,32.7,15.1,32.8,32.7,32.7,--
2026/1/3 21:20,20.9,64,9.4,99,9.2,9.4,2.5,4.3,232,938.4,1007.1,0.0,0,6.6,32.7,15.1,32.8,32.7,32.7,--
2026/1/3 21:21,20.9,64,9.4,99,9.2,9.4,2.9,5.4,221,938.5,1007.2,0.0,0,6.6,32.7,15.1,32.8,32.7,32.7,--
2026/1/3 21:22,20.9,64,9.4,99,9.2,9.4,0.0,0.0,166,938.5,1007.2,0.0,0,6.6,32.7,15.1,32.8,32.7,32.7,--
2026/1/3 21:23,20.9,64,9.4,99,9.2,9.4,0.0,0.0,115,938.7,1007.4,0.0,0,5.8,32.7,15.1,32.8,32.7,32.7,--
2026/1/3 21:24,20.9,65,9.4,99,9.2,9.4,0.0,1.8,110,938.7,1007.4,0.0,0,5.9,32.8,15.2,32.9,32.8,32.8,--
2026/1/3 21:25,20.9,65,9.4,99,9.2,9.4,0.0,2.2,103,938.6,1007.3,0.0,0,6.0,32.9,15.3,33.0,32.9,32.9,--
2026/1/3 21:26,21.0,65,9.4,99,9.2,9.4,2.2,6.8,103,938.6,1007.3,0.0,0,6.0,32.9,15.3,33.0,32.9,32.9,--
2026/1/3 21:27,21.0,65,9.4,99,9.2,9.4,4.3,5.0,100,938.5,1007.2,0.0,0,6.0,32.9,15.3,33.0,32.9,32.9,--
2026/1/3 21:28,21.0,65,9.4,99,9.2,9.4,2.9,5.0,99,938.6,1007.3,0.0,0,4.8,32.9,15.3,33.0,32.9,32.9,--
2026/1/3 21:29,21.0,64,9.4,99,9.2,9.4,1.8,3.2,69,938.7,1007.4,0.0,0,4.8,32.9,15.3,33.0,32.9,32.9,--
2026/1/3 21:30,21.0,65,9.4,99,9.2,9.0,5.4,5.8,97,938.6,1007.3,0.0,0,4.8,32.9,15.3,33.0,32.9,32.9,--
2026/1/3 21:31,20.9,65,9.4,99,9.2,9.4,3.6,4.3,104,938.6,1007.3,0.0,0,4.8,32.9,15.3,33.0,32.9,32.9,--
2026/1/3 21:32,21.0,65,9.4,99,9.2,8.5,7.2,8.6,123,938.7,1007.4,0.0,0,4.8,32.9,15.3,33.0,32.9,32.9,--
2026/1/3 21:33,21.1,65,9.4,99,9.2,9.4,2.9,3.6,109,938.8,1007.5,0.0,0,3.3,32.9,15.3,33.0,32.9,32.9,--
