Orario;Valle del Rio - Intensità di Pioggia - 51439 (mm/h);Valle del Rio - Pioggia Cumulata - 51438 (mm);Valle del Rio - Temperatura Aria - 51436 (°C);Valle del Rio - Umidità Relativa - 51437 (%);Selettiva
2026-01-01 00:00;0.0;0.0;-2.5;39;false
2026-01-01 00:01;0.0;0.0;;;false
2026-01-01 00:02;0.0;0.0;;;false
2026-01-01 00:03;0.0;0.0;;;false
2026-01-01 00:04;0.0;0.0;;;false
2026-01-01 00:05;0.0;0.0;;;false
2026-01-01 00:06;0.0;0.0;;;false
2026-01-01 00:07;0.0;0.0;;;false
2026-01-01 00:08;0.0;0.0;;;false
2026-01-01 00:09;0.0;0.0;;;false
2026-01-01 00:10;0.0;0.0;;;false
2026-01-01 00:11;0.0;0.0;;;false
2026-01-01 00:12;0.0;0.0;;;false
2026-01-01 00:13;0.0;0.0;;;false
2026-01-01 00:14;0.0;0.0;;;false
2026-01-01 00:15;0.0;0.0;-3.3;45;false
2026-01-01 00:16;0.0;0.0;;;false
2026-01-01 00:17;0.0;0.0;;;false
2026-01-01 00:18;0.0;0.0;;;false
2026-01-01 00:19;0.0;0.0;;;false
2026-01-01 00:20;0.0;0.0;;;false
2026-01-01 00:21;0.0;0.0;;;false
2026-01-01 00:22;0.0;0.0;;;false
2026-01-01 00:23;0.0;0.0;;;false
2026-01-01 00:24;0.0;0.0;;;false
2026-01-01 00:25;0.0;0.0;;;false
2026-01-01 00:26;0.0;0.0;;;false
2026-01-01 00:27;0.0;0.0;;;false
2026-01-01 00:28;0.0;0.0;;;false
2026-01-01 00:29;0.0;0.0;;;false
2026-01-01 00:30;0.0;0.0;-3.7;49;false
2026-01-01 00:31;0.0;0.0;;;false
2026-01-01 00:32;0.0;0.0;;;false
2026-01-01 00:33;0.0;0.0;;;false
2026-01-01 00:34;0.0;0.0;;;false
2026-01-01 00:35;0.0;0.0;;;false
2026-01-01 00:36;0.0;0.0;;;false
2026-01-01 00:37;0.0;0.0;;;false
2026-01-01 00:38;0.0;0.0;;;false
2026-01-01 00:39;0.0;0.0;;;false
2026-01-01 00:40;0.0;0.0;;;false
2026-01-01 00:41;0.0;0.0;;;false
2026-01-01 00:42;0.0;0.0;;;false
2026-01-01 00:43;0.0;0.0;;;false
2026-01-01 00:44;0.0;0.0;;;false
2026-01-01 00:45;0.0;0.0;-3.9;47;false
2026-01-01 00:46;0.0;0.0;;;false
2026-01-01 00:47;0.0;0.0;;;false
2026-01-01 00:48;0.0;0.0;;;false
2026-01-01 00:49;0.0;0.0;;;false
2026-01-01 00:50;0.0;0.0;;;false
2026-01-01 00:51;0.0;0.0;;;false
2026-01-01 00:52;0.0;0.0;;;false
2026-01-01 00:53;0.0;0.0;;;false
2026-01-01 00:54;0.0;0.0;;;false
2026-01-01 00:55;0.0;0.0;;;false
2026-01-01 00:56;0.0;0.0;;;false
2026-01-01 00:57;0.0;0.0;;;false
2026-01-01 00:58;0.0;0.0;;;false
2026-01-01 00:59;0.0;0.0;;;false
2026-01-01 01:00;0.0;0.0;-3.2;43;false
2026-01-01 01:01;0.0;0.0;;;false
2026-01-01 01:02;0.0;0.0;;;false
2026-01-01 01:03;0.0;0.0;;;false
2026-01-01 01:04;0.0;0.0;;;false
2026-01-01 01:05;0.0;0.0;;;false
2026-01-01 01:06;0.0;0.0;;;false
2026-01-01 01:07;0.0;0.0;;;false
2026-01-01 01:08;0.0;0.0;;;false
2026-01-01 01:09;0.0;0.0;;;false
2026-01-01 01:10;0.0;0.0;;;false
2026-01-01 01:11;0.0;0.0;;;false
2026-01-01 01:12;0.0;0.0;;;false
2026-01-01 01:13;0.0;0.0;;;false
2026-01-01 01:14;0.0;0.0;;;false
2026-01-01 01:15;0.0;0.0;-4.2;47;false
2026-01-01 01:16;0.0;0.0;;;false
2026-01-01 01:17;0.0;0.0;;;false
2026-01-01 01:18;0.0;0.0;;;false
2026-01-01 01:19;0.0;0.0;;;false
2026-01-01 01:20;0.0;0.0;;;false
2026-01-01 01:21;0.0;0.0;;;false
2026-01-01 01:22;0.0;0.0;;;false
2026-01-01 01:23;0.0;0.0;;;false
2026-01-01 01:24;0.0;0.0;;;false
2026-01-01 01:25;0.0;0.0;;;false
2026-01-01 01:26;0.0;0.0;;;false
2026-01-01 01:27;0.0;0.0;;;false
2026-01-01 01:28;0.0;0.0;;;false
2026-01-01 01:29;0.0;0.0;;;false
2026-01-01 01:30;0.0;0.0;-4.2;49;false
2026-01-01 01:31;0.0;0.0;;;false
2026-01-01 01:32;0.0;0.0;;;false
2026-01-01 01:33;0.0;0.0;;;false
2026-01-01 01:34;0.0;0.0;;;false
2026-01-01 01:35;0.0;0.0;;;false
2026-01-01 01:36;0.0;0.0;;;false
2026-01-01 01:37;0.0;0.0;;;false
2026-01-01 01:38;0.0;0.0;;;false
2026-01-01 01:39;0.0;0.0;;;false
2026-01-01 01:40;0.0;0.0;;;false
2026-01-01 01:41;0.0;0.0;;;false
2026-01-01 01:42;0.0;0.0;;;false
2026-01-01 01:43;0.0;0.0;;;false
2026-01-01 01:44;0.0;0.0;;;false
2026-01-01 01:45;0.0;0.0;-3.5;46;false
2026-01-01 01:46;0.0;0.0;;;false
2026-01-01 01:47;0.0;0.0;;;false
2026-01-01 01:48;0.0;0.0;;;false
2026-01-01 01:49;0.0;0.0;;;false
2026-01-01 01:50;0.0;0.0;;;false
2026-01-01 01:51;0.0;0.0;;;false
2026-01-01 01:52;0.0;0.0;;;false
2026-01-01 01:53;0.0;0.0;;;false
2026-01-01 01:54;0.0;0.0;;;false
2026-01-01 01:55;0.0;0.0;;;false
2026-01-01 01:56;0.0;0.0;;;false
2026-01-01 01:57;0.0;0.0;;;false
2026-01-01 01:58;0.0;0.0;;;false
2026-01-01 01:59;0.0;0.0;;;false
2026-01-01 02:00;0.0;0.0;-3.3;45;false
2026-01-01 02:01;0.0;0.0;;;false
2026-01-01 02:02;0.0;0.0;;;false
2026-01-01 02:03;0.0;0.0;;;false
2026-01-01 02:04;0.0;0.0;;;false
2026-01-01 02:05;0.0;0.0;;;false
2026-01-01 02:06;0.0;0.0;;;false
2026-01-01 02:07;0.0;0.0;;;false
2026-01-01 02:08;0.0;0.0;;;false
2026-01-01 02:09;0.0;0.0;;;false
2026-01-01 02:10;0.0;0.0;;;false
2026-01-01 02:11;0.0;0.0;;;false
2026-01-01 02:12;0.0;0.0;;;false
2026-01-01 02:13;0.0;0.0;;;false
2026-01-01 02:14;0.0;0.0;;;false
2026-01-01 02:15;0.0;0.0;-2.4;39;false
2026-01-01 02:16;0.0;0.0;;;false
2026-01-01 02:17;0.0;0.0;;;false
2026-01-01 02:18;0.0;0.0;;;false
2026-01-01 02:19;0.0;0.0;;;false
2026-01-01 02:20;0.0;0.0;;;false
2026-01-01 02:21;0.0;0.0;;;false
2026-01-01 02:22;0.0;0.0;;;false
2026-01-01 02:23;0.0;0.0;;;false
2026-01-01 02:24;0.0;0.0;;;false
2026-01-01 02:25;0.0;0.0;;;false
2026-01-01 02:26;0.0;0.0;;;false
2026-01-01 02:27;0.0;0.0;;;false
2026-01-01 02:28;0.0;0.0;;;false
2026-01-01 02:29;0.0;0.0;;;false
2026-01-01 02:30;0.0;0.0;-2.5;38;false
2026-01-01 02:31;0.0;0.0;;;false
2026-01-01 02:32;0.0;0.0;;;false
2026-01-01 02:33;0.0;0.0;;;false
2026-01-01 02:34;0.0;0.0;;;false
2026-01-01 02:35;0.0;0.0;;;false
2026-01-01 02:36;0.0;0.0;;;false
2026-01-01 02:37;0.0;0.0;;;false
2026-01-01 02:38;0.0;0.0;;;false
2026-01-01 02:39;0.0;0.0;;;false
2026-01-01 02:40;0.0;0.0;;;false
2026-01-01 02:41;0.0;0.0;;;false
2026-01-01 02:42;0.0;0.0;;;false
2026-01-01 02:43;0.0;0.0;;;false
2026-01-01 02:44;0.0;0.0;;;false
2026-01-01 02:45;0.0;0.0;-3.0;40;false
2026-01-01 02:46;0.0;0.0;;;false
2026-01-01 02:47;0.0;0.0;;;false
2026-01-01 02:48;0.0;0.0;;;false
2026-01-01 02:49;0.0;0.0;;;false
2026-01-01 02:50;0.0;0.0;;;false
2026-01-01 02:51;0.0;0.0;;;false
2026-01-01 02:52;0.0;0.0;;;false
2026-01-01 02:53;0.0;0.0;;;false
2026-01-01 02:54;0.0;0.0;;;false
2026-01-01 02:55;0.0;0.0;;;false
2026-01-01 02:56;0.0;0.0;;;false
2026-01-01 02:57;0.0;0.0;;;false
2026-01-01 02:58;0.0;0.0;;;false
2026-01-01 02:59;0.0;0.0;;;false
2026-01-01 03:00;0.0;0.0;-3.3;43;false
2026-01-01 03:01;0.0;0.0;;;false
2026-01-01 03:02;0.0;0.0;;;false
2026-01-01 03:03;0.0;0.0;;;false
2026-01-01 03:04;0.0;0.0;;;false
2026-01-01 03:05;0.0;0.0;;;false
2026-01-01 03:06;0.0;0.0;;;false
2026-01-01 03:07;0.0;0.0;;;false
2026-01-01 03:08;0.0;0.0;;;false
2026-01-01 03:09;0.0;0.0;;;false
2026-01-01 03:10;0.0;0.0;;;false
2026-01-01 03:11;0.0;0.0;;;false
2026-01-01 03:12;0.0;0.0;;;false
2026-01-01 03:13;0.0;0.0;;;false
2026-01-01 03:14;0.0;0.0;;;false
2026-01-01 03:15;0.0;0.0;-2.6;38;false
2026-01-01 03:16;0.0;0.0;;;false
2026-01-01 03:17;0.0;0.0;;;false
2026-01-01 03:18;0.0;0.0;;;false
2026-01-01 03:19;0.0;0.0;;;false
2026-01-01 03:20;0.0;0.0;;;false
2026-01-01 03:21;0.0;0.0;;;false
2026-01-01 03:22;0.0;0.0;;;false
2026-01-01 03:23;0.0;0.0;;;false
2026-01-01 03:24;0.0;0.0;;;false
2026-01-01 03:25;0.0;0.0;;;false
2026-01-01 03:26;0.0;0.0;;;false
2026-01-01 03:27;0.0;0.0;;;false
2026-01-01 03:28;0.0;0.0;;;false
2026-01-01 03:29;0.0;0.0;;;false
2026-01-01 03:30;0.0;0.0;-2.2;36;false
2026-01-01 03:31;0.0;0.0;;;false
2026-01-01 03:32;0.0;0.0;;;false
2026-01-01 03:33;0.0;0.0;;;false
2026-01-01 03:34;0.0;0.0;;;false
2026-01-01 03:35;0.0;0.0;;;false
2026-01-01 03:36;0.0;0.0;;;false
2026-01-01 03:37;0.0;0.0;;;false
2026-01-01 03:38;0.0;0.0;;;false
2026-01-01 03:39;0.0;0.0;;;false
2026-01-01 03:40;0.0;0.0;;;false
2026-01-01 03:41;0.0;0.0;;;false
2026-01-01 03:42;0.0;0.0;;;false
2026-01-01 03:43;0.0;0.0;;;false
2026-01-01 03:44;0.0;0.0;;;false
2026-01-01 03:45;0.0;0.0;-2.3;35;false
2026-01-01 03:46;0.0;0.0;;;false
2026-01-01 03:47;0.0;0.0;;;false
2026-01-01 03:48;0.0;0.0;;;false
2026-01-01 03:49;0.0;0.0;;;false
2026-01-01 03:50;0.0;0.0;;;false
2026-01-01 03:51;0.0;0.0;;;false
2026-01-01 03:52;0.0;0.0;;;false
2026-01-01 03:53;0.0;0.0;;;false
2026-01-01 03:54;0.0;0.0;;;false
2026-01-01 03:55;0.0;0.0;;;false
2026-01-01 03:56;0.0;0.0;;;false
2026-01-01 03:57;0.0;0.0;;;false
2026-01-01 03:58;0.0;0.0;;;false
2026-01-01 03:59;0.0;0.0;;;false
2026-01-01 04:00;0.0;0.0;-3.0;40;false
2026-01-01 04:01;0.0;0.0;;;false
2026-01-01 04:02;0.0;0.0;;;false
2026-01-01 04:03;0.0;0.0;;;false
2026-01-01 04:04;0.0;0.0;;;false
2026-01-01 04:05;0.0;0.0;;;false
2026-01-01 04:06;0.0;0.0;;;false
2026-01-01 04:07;0.0;0.0;;;false
2026-01-01 04:08;0.0;0.0;;;false
2026-01-01 04:09;0.0;0.0;;;false
2026-01-01 04:10;0.0;0.0;;;false
2026-01-01 04:11;0.0;0.0;;;false
2026-01-01 04:12;0.0;0.0;;;false
2026-01-01 04:13;0.0;0.0;;;false
2026-01-01 04:14;0.0;0.0;;;false
2026-01-01 04:15;0.0;0.0;-2.7;34;false
2026-01-01 04:16;0.0;0.0;;;false
2026-01-01 04:17;0.0;0.0;;;false
2026-01-01 04:18;0.0;0.0;;;false
2026-01-01 04:19;0.0;0.0;;;false
2026-01-01 04:20;0.0;0.0;;;false
2026-01-01 04:21;0.0;0.0;;;false
2026-01-01 04:22;0.0;0.0;;;false
2026-01-01 04:23;0.0;0.0;;;false
2026-01-01 04:24;0.0;0.0;;;false
2026-01-01 04:25;0.0;0.0;;;false
2026-01-01 04:26;0.0;0.0;;;false
2026-01-01 04:27;0.0;0.0;;;false
2026-01-01 04:28;0.0;0.0;;;false
2026-01-01 04:29;0.0;0.0;;;false
2026-01-01 04:30;0.0;0.0;-2.8;38;false
2026-01-01 04:31;0.0;0.0;;;false
2026-01-01 04:32;0.0;0.0;;;false
2026-01-01 04:33;0.0;0.0;;;false
2026-01-01 04:34;0.0;0.0;;;false
2026-01-01 04:35;0.0;0.0;;;false
2026-01-01 04:36;0.0;0.0;;;false
2026-01-01 04:37;0.0;0.0;;;false
2026-01-01 04:38;0.0;0.0;;;false
2026-01-01 04:39;0.0;0.0;;;false
2026-01-01 04:40;0.0;0.0;;;false
2026-01-01 04:41;0.0;0.0;;;false
2026-01-01 04:42;0.0;0.0;;;false
2026-01-01 04:43;0.0;0.0;;;false
2026-01-01 04:44;0.0;0.0;;;false
2026-01-01 04:45;0.0;0.0;-2.4;37;false
2026-01-01 04:46;0.0;0.0;;;false
2026-01-01 04:47;0.0;0.0;;;false
2026-01-01 04:48;0.0;0.0;;;false
2026-01-01 04:49;0.0;0.0;;;false
2026-01-01 04:50;0.0;0.0;;;false
2026-01-01 04:51;0.0;0.0;;;false
2026-01-01 04:52;0.0;0.0;;;false
2026-01-01 04:53;0.0;0.0;;;false
2026-01-01 04:54;0.0;0.0;;;false
2026-01-01 04:55;0.0;0.0;;;false
2026-01-01 04:56;0.0;0.0;;;false
2026-01-01 04:57;0.0;0.0;;;false
2026-01-01 04:58;0.0;0.0;;;false
2026-01-01 04:59;0.0;0.0;;;false
2026-01-01 05:00;0.0;0.0;-2.8;38;false
2026-01-01 05:01;0.0;0.0;;;false
2026-01-01 05:02;0.0;0.0;;;false
2026-01-01 05:03;0.0;0.0;;;false
2026-01-01 05:04;0.0;0.0;;;false
2026-01-01 05:05;0.0;0.0;;;false
2026-01-01 05:06;0.0;0.0;;;false
2026-01-01 05:07;0.0;0.0;;;false
2026-01-01 05:08;0.0;0.0;;;false
2026-01-01 05:09;0.0;0.0;;;false
2026-01-01 05:10;0.0;0.0;;;false
2026-01-01 05:11;0.0;0.0;;;false
2026-01-01 05:12;0.0;0.0;;;false
2026-01-01 05:13;0.0;0.0;;;false
2026-01-01 05:14;0.0;0.0;;;false
2026-01-01 05:15;0.0;0.0;-3.0;40;false
2026-01-01 05:16;0.0;0.0;;;false
2026-01-01 05:17;0.0;0.0;;;false
2026-01-01 05:18;0.0;0.0;;;false
2026-01-01 05:19;0.0;0.0;;;false
2026-01-01 05:20;0.0;0.0;;;false
2026-01-01 05:21;0.0;0.0;;;false
2026-01-01 05:22;0.0;0.0;;;false
2026-01-01 05:23;0.0;0.0;;;false
2026-01-01 05:24;0.0;0.0;;;false
2026-01-01 05:25;0.0;0.0;;;false
2026-01-01 05:26;0.0;0.0;;;false
2026-01-01 05:27;0.0;0.0;;;false
2026-01-01 05:28;0.0;0.0;;;false
2026-01-01 05:29;0.0;0.0;;;false
2026-01-01 05:30;0.0;0.0;-3.1;41;false
2026-01-01 05:31;0.0;0.0;;;false
2026-01-01 05:32;0.0;0.0;;;false
2026-01-01 05:33;0.0;0.0;;;false
2026-01-01 05:34;0.0;0.0;;;false
2026-01-01 05:35;0.0;0.0;;;false
2026-01-01 05:36;0.0;0.0;;;false
2026-01-01 05:37;0.0;0.0;;;false
2026-01-01 05:38;0.0;0.0;;;false
2026-01-01 05:39;0.0;0.0;;;false
2026-01-01 05:40;0.0;0.0;;;false
2026-01-01 05:41;0.0;0.0;;;false
2026-01-01 05:42;0.0;0.0;;;false
2026-01-01 05:43;0.0;0.0;;;false
2026-01-01 05:44;0.0;0.0;;;false
2026-01-01 05:45;0.0;0.0;-3.3;42;false
2026-01-01 05:46;0.0;0.0;;;false
2026-01-01 05:47;0.0;0.0;;;false
2026-01-01 05:48;0.0;0.0;;;false
2026-01-01 05:49;0.0;0.0;;;false
2026-01-01 05:50;0.0;0.0;;;false
2026-01-01 05:51;0.0;0.0;;;false
2026-01-01 05:52;0.0;0.0;;;false
2026-01-01 05:53;0.0;0.0;;;false
2026-01-01 05:54;0.0;0.0;;;false
2026-01-01 05:55;0.0;0.0;;;false
2026-01-01 05:56;0.0;0.0;;;false
2026-01-01 05:57;0.0;0.0;;;false
2026-01-01 05:58;0.0;0.0;;;false
2026-01-01 05:59;0.0;0.0;;;false
2026-01-01 06:00;0.0;0.0;-3.3;47;false
2026-01-01 06:01;0.0;0.0;;;false
2026-01-01 06:02;0.0;0.0;;;false
2026-01-01 06:03;0.0;0.0;;;false
2026-01-01 06:04;0.0;0.0;;;false
2026-01-01 06:05;0.0;0.0;;;false
2026-01-01 06:06;0.0;0.0;;;false
2026-01-01 06:07;0.0;0.0;;;false
2026-01-01 06:08;0.0;0.0;;;false
2026-01-01 06:09;0.0;0.0;;;false
2026-01-01 06:10;0.0;0.0;;;false
2026-01-01 06:11;0.0;0.0;;;false
2026-01-01 06:12;0.0;0.0;;;false
2026-01-01 06:13;0.0;0.0;;;false
2026-01-01 06:14;0.0;0.0;;;false
2026-01-01 06:15;0.0;0.0;-2.6;45;false
2026-01-01 06:16;0.0;0.0;;;false
2026-01-01 06:17;0.0;0.0;;;false
2026-01-01 06:18;0.0;0.0;;;false
2026-01-01 06:19;0.0;0.0;;;false
2026-01-01 06:20;0.0;0.0;;;false
2026-01-01 06:21;0.0;0.0;;;false
2026-01-01 06:22;0.0;0.0;;;false
2026-01-01 06:23;0.0;0.0;;;false
2026-01-01 06:24;0.0;0.0;;;false
2026-01-01 06:25;0.0;0.0;;;false
2026-01-01 06:26;0.0;0.0;;;false
2026-01-01 06:27;0.0;0.0;;;false
2026-01-01 06:28;0.0;0.0;;;false
2026-01-01 06:29;0.0;0.0;;;false
2026-01-01 06:30;0.0;0.0;-2.6;46;false
2026-01-01 06:31;0.0;0.0;;;false
2026-01-01 06:32;0.0;0.0;;;false
2026-01-01 06:33;0.0;0.0;;;false
2026-01-01 06:34;0.0;0.0;;;false
2026-01-01 06:35;0.0;0.0;;;false
2026-01-01 06:36;0.0;0.0;;;false
2026-01-01 06:37;0.0;0.0;;;false
2026-01-01 06:38;0.0;0.0;;;false
2026-01-01 06:39;0.0;0.0;;;false
2026-01-01 06:40;0.0;0.0;;;false
2026-01-01 06:41;0.0;0.0;;;false
2026-01-01 06:42;0.0;0.0;;;false
2026-01-01 06:43;0.0;0.0;;;false
2026-01-01 06:44;0.0;0.0;;;false
2026-01-01 06:45;0.0;0.0;-2.6;46;false
2026-01-01 06:46;0.0;0.0;;;false
2026-01-01 06:47;0.0;0.0;;;false
2026-01-01 06:48;0.0;0.0;;;false
2026-01-01 06:49;0.0;0.0;;;false
2026-01-01 06:50;0.0;0.0;;;false
2026-01-01 06:51;0.0;0.0;;;false
2026-01-01 06:52;0.0;0.0;;;false
2026-01-01 06:53;0.0;0.0;;;false
2026-01-01 06:54;0.0;0.0;;;false
2026-01-01 06:55;0.0;0.0;;;false
2026-01-01 06:56;0.0;0.0;;;false
2026-01-01 06:57;0.0;0.0;;;false
2026-01-01 06:58;0.0;0.0;;;false
2026-01-01 06:59;0.0;0.0;;;false
2026-01-01 07:00;0.0;0.0;-3.2;52;false
2026-01-01 07:01;0.0;0.0;;;false
2026-01-01 07:02;0.0;0.0;;;false
2026-01-01 07:03;0.0;0.0;;;false
2026-01-01 07:04;0.0;0.0;;;false
2026-01-01 07:05;0.0;0.0;;;false
2026-01-01 07:06;0.0;0.0;;;false
2026-01-01 07:07;0.0;0.0;;;false
2026-01-01 07:08;0.0;0.0;;;false
2026-01-01 07:09;0.0;0.0;;;false
2026-01-01 07:10;0.0;0.0;;;false
2026-01-01 07:11;0.0;0.0;;;false
2026-01-01 07:12;0.0;0.0;;;false
2026-01-01 07:13;0.0;0.0;;;false
2026-01-01 07:14;0.0;0.0;;;false
2026-01-01 07:15;0.0;0.0;-2.5;46;false
2026-01-01 07:16;0.0;0.0;;;false
2026-01-01 07:17;0.0;0.0;;;false
2026-01-01 07:18;0.0;0.0;;;false
2026-01-01 07:19;0.0;0.0;;;false
2026-01-01 07:20;0.0;0.0;;;false
2026-01-01 07:21;0.0;0.0;;;false
2026-01-01 07:22;0.0;0.0;;;false
2026-01-01 07:23;0.0;0.0;;;false
2026-01-01 07:24;0.0;0.0;;;false
2026-01-01 07:25;0.0;0.0;;;false
2026-01-01 07:26;0.0;0.0;;;false
2026-01-01 07:27;0.0;0.0;;;false
2026-01-01 07:28;0.0;0.0;;;false
2026-01-01 07:29;0.0;0.0;;;false
2026-01-01 07:30;0.0;0.0;-2.0;41;false
2026-01-01 07:31;0.0;0.0;;;false
2026-01-01 07:32;0.0;0.0;;;false
2026-01-01 07:33;0.0;0.0;;;false
2026-01-01 07:34;0.0;0.0;;;false
2026-01-01 07:35;0.0;0.0;;;false
2026-01-01 07:36;0.0;0.0;;;false
2026-01-01 07:37;0.0;0.0;;;false
2026-01-01 07:38;0.0;0.0;;;false
2026-01-01 07:39;0.0;0.0;;;false
2026-01-01 07:40;0.0;0.0;;;false
2026-01-01 07:41;0.0;0.0;;;false
2026-01-01 07:42;0.0;0.0;;;false
2026-01-01 07:43;0.0;0.0;;;false
2026-01-01 07:44;0.0;0.0;;;false
2026-01-01 07:45;0.0;0.0;-2.0;39;false
2026-01-01 07:46;0.0;0.0;;;false
2026-01-01 07:47;0.0;0.0;;;false
2026-01-01 07:48;0.0;0.0;;;false
2026-01-01 07:49;0.0;0.0;;;false
2026-01-01 07:50;0.0;0.0;;;false
2026-01-01 07:51;0.0;0.0;;;false
2026-01-01 07:52;0.0;0.0;;;false
2026-01-01 07:53;0.0;0.0;;;false
2026-01-01 07:54;0.0;0.0;;;false
2026-01-01 07:55;0.0;0.0;;;false
2026-01-01 07:56;0.0;0.0;;;false
2026-01-01 07:57;0.0;0.0;;;false
2026-01-01 07:58;0.0;0.0;;;false
2026-01-01 07:59;0.0;0.0;;;false
2026-01-01 08:00;0.0;0.0;-1.9;47;false
2026-01-01 08:01;0.0;0.0;;;false
2026-01-01 08:02;0.0;0.0;;;false
2026-01-01 08:03;0.0;0.0;;;false
2026-01-01 08:04;0.0;0.0;;;false
2026-01-01 08:05;0.0;0.0;;;false
2026-01-01 08:06;0.0;0.0;;;false
2026-01-01 08:07;0.0;0.0;;;false
2026-01-01 08:08;0.0;0.0;;;false
2026-01-01 08:09;0.0;0.0;;;false
2026-01-01 08:10;0.0;0.0;;;false
2026-01-01 08:11;0.0;0.0;;;false
2026-01-01 08:12;0.0;0.0;;;false
2026-01-01 08:13;0.0;0.0;;;false
2026-01-01 08:14;0.0;0.0;;;false
2026-01-01 08:15;0.0;0.0;-2.8;47;false
2026-01-01 08:16;0.0;0.0;;;false
2026-01-01 08:17;0.0;0.0;;;false
2026-01-01 08:18;0.0;0.0;;;false
2026-01-01 08:19;0.0;0.0;;;false
2026-01-01 08:20;0.0;0.0;;;false
2026-01-01 08:21;0.0;0.0;;;false
2026-01-01 08:22;0.0;0.0;;;false
2026-01-01 08:23;0.0;0.0;;;false
2026-01-01 08:24;0.0;0.0;;;false
2026-01-01 08:25;0.0;0.0;;;false
2026-01-01 08:26;0.0;0.0;;;false
2026-01-01 08:27;0.0;0.0;;;false
2026-01-01 08:28;0.0;0.0;;;false
2026-01-01 08:29;0.0;0.0;;;false
2026-01-01 08:30;0.0;0.0;-3.0;48;false
2026-01-01 08:31;0.0;0.0;;;false
2026-01-01 08:32;0.0;0.0;;;false
2026-01-01 08:33;0.0;0.0;;;false
2026-01-01 08:34;0.0;0.0;;;false
2026-01-01 08:35;0.0;0.0;;;false
2026-01-01 08:36;0.0;0.0;;;false
2026-01-01 08:37;0.0;0.0;;;false
2026-01-01 08:38;0.0;0.0;;;false
2026-01-01 08:39;0.0;0.0;;;false
2026-01-01 08:40;0.0;0.0;;;false
2026-01-01 08:41;0.0;0.0;;;false
2026-01-01 08:42;0.0;0.0;;;false
2026-01-01 08:43;0.0;0.0;;;false
2026-01-01 08:44;0.0;0.0;;;false
2026-01-01 08:45;0.0;0.0;-2.9;48;false
2026-01-01 08:46;0.0;0.0;;;false
2026-01-01 08:47;0.0;0.0;;;false
2026-01-01 08:48;0.0;0.0;;;false
2026-01-01 08:49;0.0;0.0;;;false
2026-01-01 08:50;0.0;0.0;;;false
2026-01-01 08:51;0.0;0.0;;;false
2026-01-01 08:52;0.0;0.0;;;false
2026-01-01 08:53;0.0;0.0;;;false
2026-01-01 08:54;0.0;0.0;;;false
2026-01-01 08:55;0.0;0.0;;;false
2026-01-01 08:56;0.0;0.0;;;false
2026-01-01 08:57;0.0;0.0;;;false
2026-01-01 08:58;0.0;0.0;;;false
2026-01-01 08:59;0.0;0.0;;;false
2026-01-01 09:00;0.0;0.0;-2.5;46;false
2026-01-01 09:01;0.0;0.0;;;false
2026-01-01 09:02;0.0;0.0;;;false
2026-01-01 09:03;0.0;0.0;;;false
2026-01-01 09:04;0.0;0.0;;;false
2026-01-01 09:05;0.0;0.0;;;false
2026-01-01 09:06;0.0;0.0;;;false
2026-01-01 09:07;0.0;0.0;;;false
2026-01-01 09:08;0.0;0.0;;;false
2026-01-01 09:09;0.0;0.0;;;false
2026-01-01 09:10;0.0;0.0;;;false
2026-01-01 09:11;0.0;0.0;;;false
2026-01-01 09:12;0.0;0.0;;;false
2026-01-01 09:13;0.0;0.0;;;false
2026-01-01 09:14;0.0;0.0;;;false
2026-01-01 09:15;0.0;0.0;-1.0;39;false
2026-01-01 09:16;0.0;0.0;;;false
2026-01-01 09:17;0.0;0.0;;;false
2026-01-01 09:18;0.0;0.0;;;false
2026-01-01 09:19;0.0;0.0;;;false
2026-01-01 09:20;0.0;0.0;;;false
2026-01-01 09:21;0.0;0.0;;;false
2026-01-01 09:22;0.0;0.0;;;false
2026-01-01 09:23;0.0;0.0;;;false
2026-01-01 09:24;0.0;0.0;;;false
2026-01-01 09:25;0.0;0.0;;;false
2026-01-01 09:26;0.0;0.0;;;false
2026-01-01 09:27;0.0;0.0;;;false
2026-01-01 09:28;0.0;0.0;;;false
2026-01-01 09:29;0.0;0.0;;;false
2026-01-01 09:30;0.0;0.0;0.7;35;false
2026-01-01 09:31;0.0;0.0;;;false
2026-01-01 09:32;0.0;0.0;;;false
2026-01-01 09:33;0.0;0.0;;;false
2026-01-01 09:34;0.0;0.0;;;false
2026-01-01 09:35;0.0;0.0;;;false
2026-01-01 09:36;0.0;0.0;;;false
2026-01-01 09:37;0.0;0.0;;;false
2026-01-01 09:38;0.0;0.0;;;false
2026-01-01 09:39;0.0;0.0;;;false
2026-01-01 09:40;0.0;0.0;;;false
2026-01-01 09:41;0.0;0.0;;;false
2026-01-01 09:42;0.0;0.0;;;false
2026-01-01 09:43;0.0;0.0;;;false
2026-01-01 09:44;0.0;0.0;;;false
2026-01-01 09:45;0.0;0.0;1.5;33;false
2026-01-01 09:46;0.0;0.0;;;false
2026-01-01 09:47;0.0;0.0;;;false
2026-01-01 09:48;0.0;0.0;;;false
2026-01-01 09:49;0.0;0.0;;;false
2026-01-01 09:50;0.0;0.0;;;false
2026-01-01 09:51;0.0;0.0;;;false
2026-01-01 09:52;0.0;0.0;;;false
2026-01-01 09:53;0.0;0.0;;;false
2026-01-01 09:54;0.0;0.0;;;false
2026-01-01 09:55;0.0;0.0;;;false
2026-01-01 09:56;0.0;0.0;;;false
2026-01-01 09:57;0.0;0.0;;;false
2026-01-01 09:58;0.0;0.0;;;false
2026-01-01 09:59;0.0;0.0;;;false
2026-01-01 10:00;0.0;0.0;1.9;32;false
2026-01-01 10:01;0.0;0.0;;;false
2026-01-01 10:02;0.0;0.0;;;false
2026-01-01 10:03;0.0;0.0;;;false
2026-01-01 10:04;0.0;0.0;;;false
2026-01-01 10:05;0.0;0.0;;;false
2026-01-01 10:06;0.0;0.0;;;false
2026-01-01 10:07;0.0;0.0;;;false
2026-01-01 10:08;0.0;0.0;;;false
2026-01-01 10:09;0.0;0.0;;;false
2026-01-01 10:10;0.0;0.0;;;false
2026-01-01 10:11;0.0;0.0;;;false
2026-01-01 10:12;0.0;0.0;;;false
2026-01-01 10:13;0.0;0.0;;;false
2026-01-01 10:14;0.0;0.0;;;false
2026-01-01 10:15;0.0;0.0;2.6;31;false
2026-01-01 10:16;0.0;0.0;;;false
2026-01-01 10:17;0.0;0.0;;;false
2026-01-01 10:18;0.0;0.0;;;false
2026-01-01 10:19;0.0;0.0;;;false
2026-01-01 10:20;0.0;0.0;;;false
2026-01-01 10:21;0.0;0.0;;;false
2026-01-01 10:22;0.0;0.0;;;false
2026-01-01 10:23;0.0;0.0;;;false
2026-01-01 10:24;0.0;0.0;;;false
2026-01-01 10:25;0.0;0.0;;;false
2026-01-01 10:26;0.0;0.0;;;false
2026-01-01 10:27;0.0;0.0;;;false
2026-01-01 10:28;0.0;0.0;;;false
2026-01-01 10:29;0.0;0.0;;;false
2026-01-01 10:30;0.0;0.0;3.4;29;false
2026-01-01 10:31;0.0;0.0;;;false
2026-01-01 10:32;0.0;0.0;;;false
2026-01-01 10:33;0.0;0.0;;;false
2026-01-01 10:34;0.0;0.0;;;false
2026-01-01 10:35;0.0;0.0;;;false
2026-01-01 10:36;0.0;0.0;;;false
2026-01-01 10:37;0.0;0.0;;;false
2026-01-01 10:38;0.0;0.0;;;false
2026-01-01 10:39;0.0;0.0;;;false
2026-01-01 10:40;0.0;0.0;;;false
2026-01-01 10:41;0.0;0.0;;;false
2026-01-01 10:42;0.0;0.0;;;false
2026-01-01 10:43;0.0;0.0;;;false
2026-01-01 10:44;0.0;0.0;;;false
2026-01-01 10:45;0.0;0.0;4.7;25;false
2026-01-01 10:46;0.0;0.0;;;false
2026-01-01 10:47;0.0;0.0;;;false
2026-01-01 10:48;0.0;0.0;;;false
2026-01-01 10:49;0.0;0.0;;;false
2026-01-01 10:50;0.0;0.0;;;false
2026-01-01 10:51;0.0;0.0;;;false
2026-01-01 10:52;0.0;0.0;;;false
2026-01-01 10:53;0.0;0.0;;;false
2026-01-01 10:54;0.0;0.0;;;false
2026-01-01 10:55;0.0;0.0;;;false
2026-01-01 10:56;0.0;0.0;;;false
2026-01-01 10:57;0.0;0.0;;;false
2026-01-01 10:58;0.0;0.0;;;false
2026-01-01 10:59;0.0;0.0;;;false
2026-01-01 11:00;0.0;0.0;5.7;22;false
2026-01-01 11:01;0.0;0.0;;;false
2026-01-01 11:02;0.0;0.0;;;false
2026-01-01 11:03;0.0;0.0;;;false
2026-01-01 11:04;0.0;0.0;;;false
2026-01-01 11:05;0.0;0.0;;;false
2026-01-01 11:06;0.0;0.0;;;false
2026-01-01 11:07;0.0;0.0;;;false
2026-01-01 11:08;0.0;0.0;;;false
2026-01-01 11:09;0.0;0.0;;;false
2026-01-01 11:10;0.0;0.0;;;false
2026-01-01 11:11;0.0;0.0;;;false
2026-01-01 11:12;0.0;0.0;;;false
2026-01-01 11:13;0.0;0.0;;;false
2026-01-01 11:14;0.0;0.0;;;false
2026-01-01 11:15;0.0;0.0;6.0;24;false
2026-01-01 11:16;0.0;0.0;;;false
2026-01-01 11:17;0.0;0.0;;;false
2026-01-01 11:18;0.0;0.0;;;false
2026-01-01 11:19;0.0;0.0;;;false
2026-01-01 11:20;0.0;0.0;;;false
2026-01-01 11:21;0.0;0.0;;;false
2026-01-01 11:22;0.0;0.0;;;false
2026-01-01 11:23;0.0;0.0;;;false
2026-01-01 11:24;0.0;0.0;;;false
2026-01-01 11:25;0.0;0.0;;;false
2026-01-01 11:26;0.0;0.0;;;false
2026-01-01 11:27;0.0;0.0;;;false
2026-01-01 11:28;0.0;0.0;;;false
2026-01-01 11:29;0.0;0.0;;;false
2026-01-01 11:30;0.0;0.0;5.2;35;false
2026-01-01 11:31;0.0;0.0;;;false
2026-01-01 11:32;0.0;0.0;;;false
2026-01-01 11:33;0.0;0.0;;;false
2026-01-01 11:34;0.0;0.0;;;false
2026-01-01 11:35;0.0;0.0;;;false
2026-01-01 11:36;0.0;0.0;;;false
2026-01-01 11:37;0.0;0.0;;;false
2026-01-01 11:38;0.0;0.0;;;false
2026-01-01 11:39;0.0;0.0;;;false
2026-01-01 11:40;0.0;0.0;;;false
2026-01-01 11:41;0.0;0.0;;;false
2026-01-01 11:42;0.0;0.0;;;false
2026-01-01 11:43;0.0;0.0;;;false
2026-01-01 11:44;0.0;0.0;;;false
2026-01-01 11:45;0.0;0.0;5.1;32;false
2026-01-01 11:46;0.0;0.0;;;false
2026-01-01 11:47;0.0;0.0;;;false
2026-01-01 11:48;0.0;0.0;;;false
2026-01-01 11:49;0.0;0.0;;;false
2026-01-01 11:50;0.0;0.0;;;false
2026-01-01 11:51;0.0;0.0;;;false
2026-01-01 11:52;0.0;0.0;;;false
2026-01-01 11:53;0.0;0.0;;;false
2026-01-01 11:54;0.0;0.0;;;false
2026-01-01 11:55;0.0;0.0;;;false
2026-01-01 11:56;0.0;0.0;;;false
2026-01-01 11:57;0.0;0.0;;;false
2026-01-01 11:58;0.0;0.0;;;false
2026-01-01 11:59;0.0;0.0;;;false
2026-01-01 12:00;0.0;0.0;6.0;27;false
2026-01-01 12:01;0.0;0.0;;;false
2026-01-01 12:02;0.0;0.0;;;false
2026-01-01 12:03;0.0;0.0;;;false
2026-01-01 12:04;0.0;0.0;;;false
2026-01-01 12:05;0.0;0.0;;;false
2026-01-01 12:06;0.0;0.0;;;false
2026-01-01 12:07;0.0;0.0;;;false
2026-01-01 12:08;0.0;0.0;;;false
2026-01-01 12:09;0.0;0.0;;;false
2026-01-01 12:10;0.0;0.0;;;false
2026-01-01 12:11;0.0;0.0;;;false
2026-01-01 12:12;0.0;0.0;;;false
2026-01-01 12:13;0.0;0.0;;;false
2026-01-01 12:14;0.0;0.0;;;false
2026-01-01 12:15;0.0;0.0;6.5;32;false
2026-01-01 12:16;0.0;0.0;;;false
2026-01-01 12:17;0.0;0.0;;;false
2026-01-01 12:18;0.0;0.0;;;false
2026-01-01 12:19;0.0;0.0;;;false
2026-01-01 12:20;0.0;0.0;;;false
2026-01-01 12:21;0.0;0.0;;;false
2026-01-01 12:22;0.0;0.0;;;false
2026-01-01 12:23;0.0;0.0;;;false
2026-01-01 12:24;0.0;0.0;;;false
2026-01-01 12:25;0.0;0.0;;;false
2026-01-01 12:26;0.0;0.0;;;false
2026-01-01 12:27;0.0;0.0;;;false
2026-01-01 12:28;0.0;0.0;;;false
2026-01-01 12:29;0.0;0.0;;;false
2026-01-01 12:30;0.0;0.0;6.7;32;false
2026-01-01 12:31;0.0;0.0;;;false
2026-01-01 12:32;0.0;0.0;;;false
2026-01-01 12:33;0.0;0.0;;;false
2026-01-01 12:34;0.0;0.0;;;false
2026-01-01 12:35;0.0;0.0;;;false
2026-01-01 12:36;0.0;0.0;;;false
2026-01-01 12:37;0.0;0.0;;;false
2026-01-01 12:38;0.0;0.0;;;false
2026-01-01 12:39;0.0;0.0;;;false
2026-01-01 12:40;0.0;0.0;;;false
2026-01-01 12:41;0.0;0.0;;;false
2026-01-01 12:42;0.0;0.0;;;false
2026-01-01 12:43;0.0;0.0;;;false
2026-01-01 12:44;0.0;0.0;;;false
2026-01-01 12:45;0.0;0.0;7.2;31;false
2026-01-01 12:46;0.0;0.0;;;false
2026-01-01 12:47;0.0;0.0;;;false
2026-01-01 12:48;0.0;0.0;;;false
2026-01-01 12:49;0.0;0.0;;;false
2026-01-01 12:50;0.0;0.0;;;false
2026-01-01 12:51;0.0;0.0;;;false
2026-01-01 12:52;0.0;0.0;;;false
2026-01-01 12:53;0.0;0.0;;;false
2026-01-01 12:54;0.0;0.0;;;false
2026-01-01 12:55;0.0;0.0;;;false
2026-01-01 12:56;0.0;0.0;;;false
2026-01-01 12:57;0.0;0.0;;;false
2026-01-01 12:58;0.0;0.0;;;false
2026-01-01 12:59;0.0;0.0;;;false
2026-01-01 13:00;0.0;0.0;7.3;33;false
2026-01-01 13:01;0.0;0.0;;;false
2026-01-01 13:02;0.0;0.0;;;false
2026-01-01 13:03;0.0;0.0;;;false
2026-01-01 13:04;0.0;0.0;;;false
2026-01-01 13:05;0.0;0.0;;;false
2026-01-01 13:06;0.0;0.0;;;false
2026-01-01 13:07;0.0;0.0;;;false
2026-01-01 13:08;0.0;0.0;;;false
2026-01-01 13:09;0.0;0.0;;;false
2026-01-01 13:10;0.0;0.0;;;false
2026-01-01 13:11;0.0;0.0;;;false
2026-01-01 13:12;0.0;0.0;;;false
2026-01-01 13:13;0.0;0.0;;;false
2026-01-01 13:14;0.0;0.0;;;false
2026-01-01 13:15;0.0;0.0;7.2;37;false
2026-01-01 13:16;0.0;0.0;;;false
2026-01-01 13:17;0.0;0.0;;;false
2026-01-01 13:18;0.0;0.0;;;false
2026-01-01 13:19;0.0;0.0;;;false
2026-01-01 13:20;0.0;0.0;;;false
2026-01-01 13:21;0.0;0.0;;;false
2026-01-01 13:22;0.0;0.0;;;false
2026-01-01 13:23;0.0;0.0;;;false
2026-01-01 13:24;0.0;0.0;;;false
2026-01-01 13:25;0.0;0.0;;;false
2026-01-01 13:26;0.0;0.0;;;false
2026-01-01 13:27;0.0;0.0;;;false
2026-01-01 13:28;0.0;0.0;;;false
2026-01-01 13:29;0.0;0.0;;;false
2026-01-01 13:30;0.0;0.0;6.8;40;false
2026-01-01 13:31;0.0;0.0;;;false
2026-01-01 13:32;0.0;0.0;;;false
2026-01-01 13:33;0.0;0.0;;;false
2026-01-01 13:34;0.0;0.0;;;false
2026-01-01 13:35;0.0;0.0;;;false
2026-01-01 13:36;0.0;0.0;;;false
2026-01-01 13:37;0.0;0.0;;;false
2026-01-01 13:38;0.0;0.0;;;false
2026-01-01 13:39;0.0;0.0;;;false
2026-01-01 13:40;0.0;0.0;;;false
2026-01-01 13:41;0.0;0.0;;;false
2026-01-01 13:42;0.0;0.0;;;false
2026-01-01 13:43;0.0;0.0;;;false
2026-01-01 13:44;0.0;0.0;;;false
2026-01-01 13:45;0.0;0.0;7.1;39;false
2026-01-01 13:46;0.0;0.0;;;false
2026-01-01 13:47;0.0;0.0;;;false
2026-01-01 13:48;0.0;0.0;;;false
2026-01-01 13:49;0.0;0.0;;;false
2026-01-01 13:50;0.0;0.0;;;false
2026-01-01 13:51;0.0;0.0;;;false
2026-01-01 13:52;0.0;0.0;;;false
2026-01-01 13:53;0.0;0.0;;;false
2026-01-01 13:54;0.0;0.0;;;false
2026-01-01 13:55;0.0;0.0;;;false
2026-01-01 13:56;0.0;0.0;;;false
2026-01-01 13:57;0.0;0.0;;;false
2026-01-01 13:58;0.0;0.0;;;false
2026-01-01 13:59;0.0;0.0;;;false
2026-01-01 14:00;0.0;0.0;7.2;38;false
2026-01-01 14:01;0.0;0.0;;;false
2026-01-01 14:02;0.0;0.0;;;false
2026-01-01 14:03;0.0;0.0;;;false
2026-01-01 14:04;0.0;0.0;;;false
2026-01-01 14:05;0.0;0.0;;;false
2026-01-01 14:06;0.0;0.0;;;false
2026-01-01 14:07;0.0;0.0;;;false
2026-01-01 14:08;0.0;0.0;;;false
2026-01-01 14:09;0.0;0.0;;;false
2026-01-01 14:10;0.0;0.0;;;false
2026-01-01 14:11;0.0;0.0;;;false
2026-01-01 14:12;0.0;0.0;;;false
2026-01-01 14:13;0.0;0.0;;;false
2026-01-01 14:14;0.0;0.0;;;false
2026-01-01 14:15;0.0;0.0;5.9;44;false
2026-01-01 14:16;0.0;0.0;;;false
2026-01-01 14:17;0.0;0.0;;;false
2026-01-01 14:18;0.0;0.0;;;false
2026-01-01 14:19;0.0;0.0;;;false
2026-01-01 14:20;0.0;0.0;;;false
2026-01-01 14:21;0.0;0.0;;;false
2026-01-01 14:22;0.0;0.0;;;false
2026-01-01 14:23;0.0;0.0;;;false
2026-01-01 14:24;0.0;0.0;;;false
2026-01-01 14:25;0.0;0.0;;;false
2026-01-01 14:26;0.0;0.0;;;false
2026-01-01 14:27;0.0;0.0;;;false
2026-01-01 14:28;0.0;0.0;;;false
2026-01-01 14:29;0.0;0.0;;;false
2026-01-01 14:30;0.0;0.0;5.0;45;false
2026-01-01 14:31;0.0;0.0;;;false
2026-01-01 14:32;0.0;0.0;;;false
2026-01-01 14:33;0.0;0.0;;;false
2026-01-01 14:34;0.0;0.0;;;false
2026-01-01 14:35;0.0;0.0;;;false
2026-01-01 14:36;0.0;0.0;;;false
2026-01-01 14:37;0.0;0.0;;;false
2026-01-01 14:38;0.0;0.0;;;false
2026-01-01 14:39;0.0;0.0;;;false
2026-01-01 14:40;0.0;0.0;;;false
2026-01-01 14:41;0.0;0.0;;;false
2026-01-01 14:42;0.0;0.0;;;false
2026-01-01 14:43;0.0;0.0;;;false
2026-01-01 14:44;0.0;0.0;;;false
2026-01-01 14:45;0.0;0.0;5.0;46;false
2026-01-01 14:46;0.0;0.0;;;false
2026-01-01 14:47;0.0;0.0;;;false
2026-01-01 14:48;0.0;0.0;;;false
2026-01-01 14:49;0.0;0.0;;;false
2026-01-01 14:50;0.0;0.0;;;false
2026-01-01 14:51;0.0;0.0;;;false
2026-01-01 14:52;0.0;0.0;;;false
2026-01-01 14:53;0.0;0.0;;;false
2026-01-01 14:54;0.0;0.0;;;false
2026-01-01 14:55;0.0;0.0;;;false
2026-01-01 14:56;0.0;0.0;;;false
2026-01-01 14:57;0.0;0.0;;;false
2026-01-01 14:58;0.0;0.0;;;false
2026-01-01 14:59;0.0;0.0;;;false
2026-01-01 15:00;0.0;0.0;4.3;47;false
2026-01-01 15:01;0.0;0.0;;;false
2026-01-01 15:02;0.0;0.0;;;false
2026-01-01 15:03;0.0;0.0;;;false
2026-01-01 15:04;0.0;0.0;;;false
2026-01-01 15:05;0.0;0.0;;;false
2026-01-01 15:06;0.0;0.0;;;false
2026-01-01 15:07;0.0;0.0;;;false
2026-01-01 15:08;0.0;0.0;;;false
2026-01-01 15:09;0.0;0.0;;;false
2026-01-01 15:10;0.0;0.0;;;false
2026-01-01 15:11;0.0;0.0;;;false
2026-01-01 15:12;0.0;0.0;;;false
2026-01-01 15:13;0.0;0.0;;;false
2026-01-01 15:14;0.0;0.0;;;false
2026-01-01 15:15;0.0;0.0;3.5;50;false
2026-01-01 15:16;0.0;0.0;;;false
2026-01-01 15:17;0.0;0.0;;;false
2026-01-01 15:18;0.0;0.0;;;false
2026-01-01 15:19;0.0;0.0;;;false
2026-01-01 15:20;0.0;0.0;;;false
2026-01-01 15:21;0.0;0.0;;;false
2026-01-01 15:22;0.0;0.0;;;false
2026-01-01 15:23;0.0;0.0;;;false
2026-01-01 15:24;0.0;0.0;;;false
2026-01-01 15:25;0.0;0.0;;;false
2026-01-01 15:26;0.0;0.0;;;false
2026-01-01 15:27;0.0;0.0;;;false
2026-01-01 15:28;0.0;0.0;;;false
2026-01-01 15:29;0.0;0.0;;;false
2026-01-01 15:30;0.0;0.0;3.2;51;false
2026-01-01 15:31;0.0;0.0;;;false
2026-01-01 15:32;0.0;0.0;;;false
2026-01-01 15:33;0.0;0.0;;;false
2026-01-01 15:34;0.0;0.0;;;false
2026-01-01 15:35;0.0;0.0;;;false
2026-01-01 15:36;0.0;0.0;;;false
2026-01-01 15:37;0.0;0.0;;;false
2026-01-01 15:38;0.0;0.0;;;false
2026-01-01 15:39;0.0;0.0;;;false
2026-01-01 15:40;0.0;0.0;;;false
2026-01-01 15:41;0.0;0.0;;;false
2026-01-01 15:42;0.0;0.0;;;false
2026-01-01 15:43;0.0;0.0;;;false
2026-01-01 15:44;0.0;0.0;;;false
2026-01-01 15:45;0.0;0.0;3.0;51;false
2026-01-01 15:46;0.0;0.0;;;false
2026-01-01 15:47;0.0;0.0;;;false
2026-01-01 15:48;0.0;0.0;;;false
2026-01-01 15:49;0.0;0.0;;;false
2026-01-01 15:50;0.0;0.0;;;false
2026-01-01 15:51;0.0;0.0;;;false
2026-01-01 15:52;0.0;0.0;;;false
2026-01-01 15:53;0.0;0.0;;;false
2026-01-01 15:54;0.0;0.0;;;false
2026-01-01 15:55;0.0;0.0;;;false
2026-01-01 15:56;0.0;0.0;;;false
2026-01-01 15:57;0.0;0.0;;;false
2026-01-01 15:58;0.0;0.0;;;false
2026-01-01 15:59;0.0;0.0;;;false
2026-01-01 16:00;0.0;0.0;2.8;52;false
2026-01-01 16:01;0.0;0.0;;;false
2026-01-01 16:02;0.0;0.0;;;false
2026-01-01 16:03;0.0;0.0;;;false
2026-01-01 16:04;0.0;0.0;;;false
2026-01-01 16:05;0.0;0.0;;;false
2026-01-01 16:06;0.0;0.0;;;false
2026-01-01 16:07;0.0;0.0;;;false
2026-01-01 16:08;0.0;0.0;;;false
2026-01-01 16:09;0.0;0.0;;;false
2026-01-01 16:10;0.0;0.0;;;false
2026-01-01 16:11;0.0;0.0;;;false
2026-01-01 16:12;0.0;0.0;;;false
2026-01-01 16:13;0.0;0.0;;;false
2026-01-01 16:14;0.0;0.0;;;false
2026-01-01 16:15;0.0;0.0;2.6;53;false
2026-01-01 16:16;0.0;0.0;;;false
2026-01-01 16:17;0.0;0.0;;;false
2026-01-01 16:18;0.0;0.0;;;false
2026-01-01 16:19;0.0;0.0;;;false
2026-01-01 16:20;0.0;0.0;;;false
2026-01-01 16:21;0.0;0.0;;;false
2026-01-01 16:22;0.0;0.0;;;false
2026-01-01 16:23;0.0;0.0;;;false
2026-01-01 16:24;0.0;0.0;;;false
2026-01-01 16:25;0.0;0.0;;;false
2026-01-01 16:26;0.0;0.0;;;false
2026-01-01 16:27;0.0;0.0;;;false
2026-01-01 16:28;0.0;0.0;;;false
2026-01-01 16:29;0.0;0.0;;;false
2026-01-01 16:30;0.0;0.0;2.3;53;false
2026-01-01 16:31;0.0;0.0;;;false
2026-01-01 16:32;0.0;0.0;;;false
2026-01-01 16:33;0.0;0.0;;;false
2026-01-01 16:34;0.0;0.0;;;false
2026-01-01 16:35;0.0;0.0;;;false
2026-01-01 16:36;0.0;0.0;;;false
2026-01-01 16:37;0.0;0.0;;;false
2026-01-01 16:38;0.0;0.0;;;false
2026-01-01 16:39;0.0;0.0;;;false
2026-01-01 16:40;0.0;0.0;;;false
2026-01-01 16:41;0.0;0.0;;;false
2026-01-01 16:42;0.0;0.0;;;false
2026-01-01 16:43;0.0;0.0;;;false
2026-01-01 16:44;0.0;0.0;;;false
2026-01-01 16:45;0.0;0.0;2.3;53;false
2026-01-01 16:46;0.0;0.0;;;false
2026-01-01 16:47;0.0;0.0;;;false
2026-01-01 16:48;0.0;0.0;;;false
2026-01-01 16:49;0.0;0.0;;;false
2026-01-01 16:50;0.0;0.0;;;false
2026-01-01 16:51;0.0;0.0;;;false
2026-01-01 16:52;0.0;0.0;;;false
2026-01-01 16:53;0.0;0.0;;;false
2026-01-01 16:54;0.0;0.0;;;false
2026-01-01 16:55;0.0;0.0;;;false
2026-01-01 16:56;0.0;0.0;;;false
2026-01-01 16:57;0.0;0.0;;;false
2026-01-01 16:58;0.0;0.0;;;false
2026-01-01 16:59;0.0;0.0;;;false
2026-01-01 17:00;0.0;0.0;2.1;55;false
2026-01-01 17:01;0.0;0.0;;;false
2026-01-01 17:02;0.0;0.0;;;false
2026-01-01 17:03;0.0;0.0;;;false
2026-01-01 17:04;0.0;0.0;;;false
2026-01-01 17:05;0.0;0.0;;;false
2026-01-01 17:06;0.0;0.0;;;false
2026-01-01 17:07;0.0;0.0;;;false
2026-01-01 17:08;0.0;0.0;;;false
2026-01-01 17:09;0.0;0.0;;;false
2026-01-01 17:10;0.0;0.0;;;false
2026-01-01 17:11;0.0;0.0;;;false
2026-01-01 17:12;0.0;0.0;;;false
2026-01-01 17:13;0.0;0.0;;;false
2026-01-01 17:14;0.0;0.0;;;false
2026-01-01 17:15;0.0;0.0;2.0;54;false
2026-01-01 17:16;0.0;0.0;;;false
2026-01-01 17:17;0.0;0.0;;;false
2026-01-01 17:18;0.0;0.0;;;false
2026-01-01 17:19;0.0;0.0;;;false
2026-01-01 17:20;0.0;0.0;;;false
2026-01-01 17:21;0.0;0.0;;;false
2026-01-01 17:22;0.0;0.0;;;false
2026-01-01 17:23;0.0;0.0;;;false
2026-01-01 17:24;0.0;0.0;;;false
2026-01-01 17:25;0.0;0.0;;;false
2026-01-01 17:26;0.0;0.0;;;false
2026-01-01 17:27;0.0;0.0;;;false
2026-01-01 17:28;0.0;0.0;;;false
2026-01-01 17:29;0.0;0.0;;;false
2026-01-01 17:30;0.0;0.0;1.8;52;false
2026-01-01 17:31;0.0;0.0;;;false
2026-01-01 17:32;0.0;0.0;;;false
2026-01-01 17:33;0.0;0.0;;;false
2026-01-01 17:34;0.0;0.0;;;false
2026-01-01 17:35;0.0;0.0;;;false
2026-01-01 17:36;0.0;0.0;;;false
2026-01-01 17:37;0.0;0.0;;;false
2026-01-01 17:38;0.0;0.0;;;false
2026-01-01 17:39;0.0;0.0;;;false
2026-01-01 17:40;0.0;0.0;;;false
2026-01-01 17:41;0.0;0.0;;;false
2026-01-01 17:42;0.0;0.0;;;false
2026-01-01 17:43;0.0;0.0;;;false
2026-01-01 17:44;0.0;0.0;;;false
2026-01-01 17:45;0.0;0.0;1.7;49;false
2026-01-01 17:46;0.0;0.0;;;false
2026-01-01 17:47;0.0;0.0;;;false
2026-01-01 17:48;0.0;0.0;;;false
2026-01-01 17:49;0.0;0.0;;;false
2026-01-01 17:50;0.0;0.0;;;false
2026-01-01 17:51;0.0;0.0;;;false
2026-01-01 17:52;0.0;0.0;;;false
2026-01-01 17:53;0.0;0.0;;;false
2026-01-01 17:54;0.0;0.0;;;false
2026-01-01 17:55;0.0;0.0;;;false
2026-01-01 17:56;0.0;0.0;;;false
2026-01-01 17:57;0.0;0.0;;;false
2026-01-01 17:58;0.0;0.0;;;false
2026-01-01 17:59;0.0;0.0;;;false
2026-01-01 18:00;0.0;0.0;1.6;51;false
2026-01-01 18:01;0.0;0.0;;;false
2026-01-01 18:02;0.0;0.0;;;false
2026-01-01 18:03;0.0;0.0;;;false
2026-01-01 18:04;0.0;0.0;;;false
2026-01-01 18:05;0.0;0.0;;;false
2026-01-01 18:06;0.0;0.0;;;false
2026-01-01 18:07;0.0;0.0;;;false
2026-01-01 18:08;0.0;0.0;;;false
2026-01-01 18:09;0.0;0.0;;;false
2026-01-01 18:10;0.0;0.0;;;false
2026-01-01 18:11;0.0;0.0;;;false
2026-01-01 18:12;0.0;0.0;;;false
2026-01-01 18:13;0.0;0.0;;;false
2026-01-01 18:14;0.0;0.0;;;false
2026-01-01 18:15;0.0;0.0;1.4;58;false
2026-01-01 18:16;0.0;0.0;;;false
2026-01-01 18:17;0.0;0.0;;;false
2026-01-01 18:18;0.0;0.0;;;false
2026-01-01 18:19;0.0;0.0;;;false
2026-01-01 18:20;0.0;0.0;;;false
2026-01-01 18:21;0.0;0.0;;;false
2026-01-01 18:22;0.0;0.0;;;false
2026-01-01 18:23;0.0;0.0;;;false
2026-01-01 18:24;0.0;0.0;;;false
2026-01-01 18:25;0.0;0.0;;;false
2026-01-01 18:26;0.0;0.0;;;false
2026-01-01 18:27;0.0;0.0;;;false
2026-01-01 18:28;0.0;0.0;;;false
2026-01-01 18:29;0.0;0.0;;;false
2026-01-01 18:30;0.0;0.0;1.5;61;false
2026-01-01 18:31;0.0;0.0;;;false
2026-01-01 18:32;0.0;0.0;;;false
2026-01-01 18:33;0.0;0.0;;;false
2026-01-01 18:34;0.0;0.0;;;false
2026-01-01 18:35;0.0;0.0;;;false
2026-01-01 18:36;0.0;0.0;;;false
2026-01-01 18:37;0.0;0.0;;;false
2026-01-01 18:38;0.0;0.0;;;false
2026-01-01 18:39;0.0;0.0;;;false
2026-01-01 18:40;0.0;0.0;;;false
2026-01-01 18:41;0.0;0.0;;;false
2026-01-01 18:42;0.0;0.0;;;false
2026-01-01 18:43;0.0;0.0;;;false
2026-01-01 18:44;0.0;0.0;;;false
2026-01-01 18:45;0.0;0.0;1.4;59;false
2026-01-01 18:46;0.0;0.0;;;false
2026-01-01 18:47;0.0;0.0;;;false
2026-01-01 18:48;0.0;0.0;;;false
2026-01-01 18:49;0.0;0.0;;;false
2026-01-01 18:50;0.0;0.0;;;false
2026-01-01 18:51;0.0;0.0;;;false
2026-01-01 18:52;0.0;0.0;;;false
2026-01-01 18:53;0.0;0.0;;;false
2026-01-01 18:54;0.0;0.0;;;false
2026-01-01 18:55;0.0;0.0;;;false
2026-01-01 18:56;0.0;0.0;;;false
2026-01-01 18:57;0.0;0.0;;;false
2026-01-01 18:58;0.0;0.0;;;false
2026-01-01 18:59;0.0;0.0;;;false
2026-01-01 19:00;0.0;0.0;1.4;62;false
2026-01-01 19:01;0.0;0.0;;;false
2026-01-01 19:02;0.0;0.0;;;false
2026-01-01 19:03;0.0;0.0;;;false
2026-01-01 19:04;0.0;0.0;;;false
2026-01-01 19:05;0.0;0.0;;;false
2026-01-01 19:06;0.0;0.0;;;false
2026-01-01 19:07;0.0;0.0;;;false
2026-01-01 19:08;0.0;0.0;;;false
2026-01-01 19:09;0.0;0.0;;;false
2026-01-01 19:10;0.0;0.0;;;false
2026-01-01 19:11;0.0;0.0;;;false
2026-01-01 19:12;0.0;0.0;;;false
2026-01-01 19:13;0.0;0.0;;;false
2026-01-01 19:14;0.0;0.0;;;false
2026-01-01 19:15;0.0;0.0;1.5;72;false
2026-01-01 19:16;0.0;0.0;;;false
2026-01-01 19:17;0.0;0.0;;;false
2026-01-01 19:18;0.0;0.0;;;false
2026-01-01 19:19;0.0;0.0;;;false
2026-01-01 19:20;0.0;0.0;;;false
2026-01-01 19:21;0.0;0.0;;;false
2026-01-01 19:22;0.0;0.0;;;false
2026-01-01 19:23;0.0;0.0;;;false
2026-01-01 19:24;0.0;0.0;;;false
2026-01-01 19:25;0.0;0.0;;;false
2026-01-01 19:26;0.0;0.0;;;false
2026-01-01 19:27;0.0;0.0;;;false
2026-01-01 19:28;0.0;0.0;;;false
2026-01-01 19:29;0.0;0.0;;;false
2026-01-01 19:30;0.0;0.0;1.5;60;false
2026-01-01 19:31;0.0;0.0;;;false
2026-01-01 19:32;0.0;0.0;;;false
2026-01-01 19:33;0.0;0.0;;;false
2026-01-01 19:34;0.0;0.0;;;false
2026-01-01 19:35;0.0;0.0;;;false
2026-01-01 19:36;0.0;0.0;;;false
2026-01-01 19:37;0.0;0.0;;;false
2026-01-01 19:38;0.0;0.0;;;false
2026-01-01 19:39;0.0;0.0;;;false
2026-01-01 19:40;0.0;0.0;;;false
2026-01-01 19:41;0.0;0.0;;;false
2026-01-01 19:42;0.0;0.0;;;false
2026-01-01 19:43;0.0;0.0;;;false
2026-01-01 19:44;0.0;0.0;;;false
2026-01-01 19:45;0.0;0.0;1.4;63;false
2026-01-01 19:46;0.0;0.0;;;false
2026-01-01 19:47;0.0;0.0;;;false
2026-01-01 19:48;0.0;0.0;;;false
2026-01-01 19:49;0.0;0.0;;;false
2026-01-01 19:50;0.0;0.0;;;false
2026-01-01 19:51;0.0;0.0;;;false
2026-01-01 19:52;0.0;0.0;;;false
2026-01-01 19:53;0.0;0.0;;;false
2026-01-01 19:54;0.0;0.0;;;false
2026-01-01 19:55;0.0;0.0;;;false
2026-01-01 19:56;0.0;0.0;;;false
2026-01-01 19:57;0.0;0.0;;;false
2026-01-01 19:58;0.0;0.0;;;false
2026-01-01 19:59;0.0;0.0;;;false
2026-01-01 20:00;0.0;0.0;1.5;62;false
2026-01-01 20:01;0.0;0.0;;;false
2026-01-01 20:02;0.0;0.0;;;false
2026-01-01 20:03;0.0;0.0;;;false
2026-01-01 20:04;0.0;0.0;;;false
2026-01-01 20:05;0.0;0.0;;;false
2026-01-01 20:06;0.0;0.0;;;false
2026-01-01 20:07;0.0;0.0;;;false
2026-01-01 20:08;0.0;0.0;;;false
2026-01-01 20:09;0.0;0.0;;;false
2026-01-01 20:10;0.0;0.0;;;false
2026-01-01 20:11;0.0;0.0;;;false
2026-01-01 20:12;0.0;0.0;;;false
2026-01-01 20:13;0.0;0.0;;;false
2026-01-01 20:14;0.0;0.0;;;false
2026-01-01 20:15;0.0;0.0;1.7;64;false
2026-01-01 20:16;0.0;0.0;;;false
2026-01-01 20:17;0.0;0.0;;;false
2026-01-01 20:18;0.0;0.0;;;false
2026-01-01 20:19;0.0;0.0;;;false
2026-01-01 20:20;0.0;0.0;;;false
2026-01-01 20:21;0.0;0.0;;;false
2026-01-01 20:22;0.0;0.0;;;false
2026-01-01 20:23;0.0;0.0;;;false
2026-01-01 20:24;0.0;0.0;;;false
2026-01-01 20:25;0.0;0.0;;;false
2026-01-01 20:26;0.0;0.0;;;false
2026-01-01 20:27;0.0;0.0;;;false
2026-01-01 20:28;0.0;0.0;;;false
2026-01-01 20:29;0.0;0.0;;;false
2026-01-01 20:30;0.0;0.0;1.8;69;false
2026-01-01 20:31;0.0;0.0;;;false
2026-01-01 20:32;0.0;0.0;;;false
2026-01-01 20:33;0.0;0.0;;;false
2026-01-01 20:34;0.0;0.0;;;false
2026-01-01 20:35;0.0;0.0;;;false
2026-01-01 20:36;0.0;0.0;;;false
2026-01-01 20:37;0.0;0.0;;;false
2026-01-01 20:38;0.0;0.0;;;false
2026-01-01 20:39;0.0;0.0;;;false
2026-01-01 20:40;0.0;0.0;;;false
2026-01-01 20:41;0.0;0.0;;;false
2026-01-01 20:42;0.0;0.0;;;false
2026-01-01 20:43;0.0;0.0;;;false
2026-01-01 20:44;0.0;0.0;;;false
2026-01-01 20:45;0.0;0.0;1.9;72;false
2026-01-01 20:46;0.0;0.0;;;false
2026-01-01 20:47;0.0;0.0;;;false
2026-01-01 20:48;0.0;0.0;;;false
2026-01-01 20:49;0.0;0.0;;;false
2026-01-01 20:50;0.0;0.0;;;false
2026-01-01 20:51;0.0;0.0;;;false
2026-01-01 20:52;0.0;0.0;;;false
2026-01-01 20:53;0.0;0.0;;;false
2026-01-01 20:54;0.0;0.0;;;false
2026-01-01 20:55;0.0;0.0;;;false
2026-01-01 20:56;0.0;0.0;;;false
2026-01-01 20:57;0.0;0.0;;;false
2026-01-01 20:58;0.0;0.0;;;false
2026-01-01 20:59;0.0;0.0;;;false
2026-01-01 21:00;0.0;0.0;2.3;75;false
2026-01-01 21:01;0.0;0.0;;;false
2026-01-01 21:02;0.0;0.0;;;false
2026-01-01 21:03;0.0;0.0;;;false
2026-01-01 21:04;0.0;0.0;;;false
2026-01-01 21:05;0.0;0.0;;;false
2026-01-01 21:06;0.0;0.0;;;false
2026-01-01 21:07;0.0;0.0;;;false
2026-01-01 21:08;0.0;0.0;;;false
2026-01-01 21:09;0.0;0.0;;;false
2026-01-01 21:10;0.0;0.0;;;false
2026-01-01 21:11;0.0;0.0;;;false
2026-01-01 21:12;0.0;0.0;;;false
2026-01-01 21:13;0.0;0.0;;;false
2026-01-01 21:14;0.0;0.0;;;false
2026-01-01 21:15;0.0;0.0;2.4;75;false
2026-01-01 21:16;0.0;0.0;;;false
2026-01-01 21:17;0.0;0.0;;;false
2026-01-01 21:18;0.0;0.0;;;false
2026-01-01 21:19;0.0;0.0;;;false
2026-01-01 21:20;0.0;0.0;;;false
2026-01-01 21:21;0.0;0.0;;;false
2026-01-01 21:22;0.0;0.0;;;false
2026-01-01 21:23;0.0;0.0;;;false
2026-01-01 21:24;0.0;0.0;;;false
2026-01-01 21:25;0.0;0.0;;;false
2026-01-01 21:26;0.0;0.0;;;false
2026-01-01 21:27;0.0;0.0;;;false
2026-01-01 21:28;0.0;0.0;;;false
2026-01-01 21:29;0.0;0.0;;;false
2026-01-01 21:30;0.0;0.0;3.0;82;false
2026-01-01 21:31;0.0;0.0;;;false
2026-01-01 21:32;0.0;0.0;;;false
2026-01-01 21:33;0.0;0.0;;;false
2026-01-01 21:34;0.0;0.0;;;false
2026-01-01 21:35;0.0;0.0;;;false
2026-01-01 21:36;0.0;0.0;;;false
2026-01-01 21:37;0.0;0.0;;;false
2026-01-01 21:38;0.0;0.0;;;false
2026-01-01 21:39;0.0;0.0;;;false
2026-01-01 21:40;0.0;0.0;;;false
2026-01-01 21:41;0.0;0.0;;;false
2026-01-01 21:42;0.0;0.0;;;false
2026-01-01 21:43;0.0;0.0;;;false
2026-01-01 21:44;0.0;0.0;;;false
2026-01-01 21:45;0.0;0.0;3.6;78;false
2026-01-01 21:46;0.0;0.0;;;false
2026-01-01 21:47;0.0;0.0;;;false
2026-01-01 21:48;0.0;0.0;;;false
2026-01-01 21:49;0.0;0.0;;;false
2026-01-01 21:50;0.0;0.0;;;false
2026-01-01 21:51;0.0;0.0;;;false
2026-01-01 21:52;0.0;0.0;;;false
2026-01-01 21:53;0.0;0.0;;;false
2026-01-01 21:54;0.0;0.0;;;false
2026-01-01 21:55;0.0;0.0;;;false
2026-01-01 21:56;0.0;0.0;;;false
2026-01-01 21:57;0.0;0.0;;;false
2026-01-01 21:58;0.0;0.0;;;false
2026-01-01 21:59;0.0;0.0;;;false
2026-01-01 22:00;0.0;0.0;3.7;72;false
2026-01-01 22:01;0.0;0.0;;;false
2026-01-01 22:02;0.0;0.0;;;false
2026-01-01 22:03;0.0;0.0;;;false
2026-01-01 22:04;0.0;0.0;;;false
2026-01-01 22:05;0.0;0.0;;;false
2026-01-01 22:06;0.0;0.0;;;false
2026-01-01 22:07;0.0;0.0;;;false
2026-01-01 22:08;0.0;0.0;;;false
2026-01-01 22:09;0.0;0.0;;;false
2026-01-01 22:10;0.0;0.0;;;false
2026-01-01 22:11;0.0;0.0;;;false
2026-01-01 22:12;0.0;0.0;;;false
2026-01-01 22:13;0.0;0.0;;;false
2026-01-01 22:14;0.0;0.0;;;false
2026-01-01 22:15;0.0;0.0;3.1;74;false
2026-01-01 22:16;0.0;0.0;;;false
2026-01-01 22:17;0.0;0.0;;;false
2026-01-01 22:18;0.0;0.0;;;false
2026-01-01 22:19;0.0;0.0;;;false
2026-01-01 22:20;0.0;0.0;;;false
2026-01-01 22:21;0.0;0.0;;;false
2026-01-01 22:22;0.0;0.0;;;false
2026-01-01 22:23;0.0;0.0;;;false
2026-01-01 22:24;0.0;0.0;;;false
2026-01-01 22:25;0.0;0.0;;;false
2026-01-01 22:26;0.0;0.0;;;false
2026-01-01 22:27;0.0;0.0;;;false
2026-01-01 22:28;0.0;0.0;;;false
2026-01-01 22:29;0.0;0.0;;;false
2026-01-01 22:30;0.0;0.0;3.1;76;false
2026-01-01 22:31;0.0;0.0;;;false
2026-01-01 22:32;0.0;0.0;;;false
2026-01-01 22:33;0.0;0.0;;;false
2026-01-01 22:34;0.0;0.0;;;false
2026-01-01 22:35;0.0;0.0;;;false
2026-01-01 22:36;0.0;0.0;;;false
2026-01-01 22:37;0.0;0.0;;;false
2026-01-01 22:38;0.0;0.0;;;false
2026-01-01 22:39;0.0;0.0;;;false
2026-01-01 22:40;0.0;0.0;;;false
2026-01-01 22:41;0.0;0.0;;;false
2026-01-01 22:42;0.0;0.0;;;false
2026-01-01 22:43;0.0;0.0;;;false
2026-01-01 22:44;0.0;0.0;;;false
2026-01-01 22:45;0.0;0.0;3.2;78;false
2026-01-01 22:46;0.0;0.0;;;false
2026-01-01 22:47;0.0;0.0;;;false
2026-01-01 22:48;0.0;0.0;;;false
2026-01-01 22:49;0.0;0.0;;;false
2026-01-01 22:50;0.0;0.0;;;false
2026-01-01 22:51;0.0;0.0;;;false
2026-01-01 22:52;0.0;0.0;;;false
2026-01-01 22:53;0.0;0.0;;;false
2026-01-01 22:54;0.0;0.0;;;false
2026-01-01 22:55;0.0;0.0;;;false
2026-01-01 22:56;0.0;0.0;;;false
2026-01-01 22:57;0.0;0.0;;;false
2026-01-01 22:58;0.0;0.0;;;false
2026-01-01 22:59;0.0;0.0;;;false
2026-01-01 23:00;0.0;0.0;3.3;79;false
2026-01-01 23:01;0.0;0.0;;;false
2026-01-01 23:02;0.0;0.0;;;false
2026-01-01 23:03;0.0;0.0;;;false
2026-01-01 23:04;0.0;0.0;;;false
2026-01-01 23:05;0.0;0.0;;;false
2026-01-01 23:06;0.0;0.0;;;false
2026-01-01 23:07;0.0;0.0;;;false
2026-01-01 23:08;0.0;0.0;;;false
2026-01-01 23:09;0.0;0.0;;;false
2026-01-01 23:10;0.0;0.0;;;false
2026-01-01 23:11;0.0;0.0;;;false
2026-01-01 23:12;0.0;0.0;;;false
2026-01-01 23:13;0.0;0.0;;;false
2026-01-01 23:14;0.0;0.0;;;false
2026-01-01 23:15;0.0;0.0;3.3;83;false
2026-01-01 23:16;0.0;0.0;;;false
2026-01-01 23:17;0.0;0.0;;;false
2026-01-01 23:18;0.0;0.0;;;false
2026-01-01 23:19;0.0;0.0;;;false
2026-01-01 23:20;0.0;0.0;;;false
2026-01-01 23:21;0.0;0.0;;;false
2026-01-01 23:22;0.0;0.0;;;false
2026-01-01 23:23;0.0;0.0;;;false
2026-01-01 23:24;0.0;0.0;;;false
2026-01-01 23:25;0.0;0.0;;;false
2026-01-01 23:26;0.0;0.0;;;false
2026-01-01 23:27;0.0;0.0;;;false
2026-01-01 23:28;0.0;0.0;;;false
2026-01-01 23:29;0.0;0.0;;;false
2026-01-01 23:30;0.0;0.0;3.6;84;false
2026-01-01 23:31;0.0;0.0;;;false
2026-01-01 23:32;0.0;0.0;;;false
2026-01-01 23:33;0.0;0.0;;;false
2026-01-01 23:34;0.0;0.0;;;false
2026-01-01 23:35;0.0;0.0;;;false
2026-01-01 23:36;0.0;0.0;;;false
2026-01-01 23:37;0.0;0.0;;;false
2026-01-01 23:38;0.0;0.0;;;false
2026-01-01 23:39;0.0;0.0;;;false
2026-01-01 23:40;0.0;0.0;;;false
2026-01-01 23:41;0.0;0.0;;;false
2026-01-01 23:42;0.0;0.0;;;false
2026-01-01 23:43;0.0;0.0;;;false
2026-01-01 23:44;0.0;0.0;;;false
2026-01-01 23:45;0.0;0.0;3.6;87;false
2026-01-01 23:46;0.0;0.0;;;false
2026-01-01 23:47;0.0;0.0;;;false
2026-01-01 23:48;0.0;0.0;;;false
2026-01-01 23:49;0.0;0.0;;;false
2026-01-01 23:50;0.0;0.0;;;false
2026-01-01 23:51;0.0;0.0;;;false
2026-01-01 23:52;0.0;0.0;;;false
2026-01-01 23:53;0.0;0.0;;;false
2026-01-01 23:54;0.0;0.0;;;false
2026-01-01 23:55;0.0;0.0;;;false
2026-01-01 23:56;0.0;0.0;;;false
2026-01-01 23:57;0.0;0.0;;;false
2026-01-01 23:58;0.0;0.0;;;false
2026-01-01 23:59;0.0;0.0;;;false
2026-01-02 00:00;0.0;0.0;3.2;92;false
2026-01-02 00:01;0.0;0.0;;;false
2026-01-02 00:02;0.0;0.0;;;false
2026-01-02 00:03;0.0;0.0;;;false
2026-01-02 00:04;0.0;0.0;;;false
2026-01-02 00:05;0.0;0.0;;;false
2026-01-02 00:06;0.0;0.0;;;false
2026-01-02 00:07;0.0;0.0;;;false
2026-01-02 00:08;2.0;0.0;;;false
2026-01-02 00:09;2.9;0.2;;;false
2026-01-02 00:10;2.9;0.2;;;false
2026-01-02 00:11;2.9;0.2;;;false
2026-01-02 00:12;2.3;0.2;;;false
2026-01-02 00:13;1.9;0.4;;;false
2026-01-02 00:14;1.9;0.4;;;false
2026-01-02 00:15;1.9;0.4;2.8;95;false
2026-01-02 00:16;1.9;0.4;;;false
2026-01-02 00:17;1.9;0.4;;;false
2026-01-02 00:18;1.9;0.4;;;false
2026-01-02 00:19;1.9;0.6;;;false
2026-01-02 00:20;1.9;0.6;;;false
2026-01-02 00:21;1.9;0.6;;;false
2026-01-02 00:22;1.9;0.6;;;false
2026-01-02 00:23;1.9;0.6;;;false
2026-01-02 00:24;1.9;0.6;;;false
2026-01-02 00:25;0.0;0.6;;;false
2026-01-02 00:26;2.2;0.6;;;false
2026-01-02 00:27;2.3;0.8;;;false
2026-01-02 00:28;2.3;0.8;;;false
2026-01-02 00:29;2.3;0.8;;;false
2026-01-02 00:30;2.3;0.8;2.7;97;false
2026-01-02 00:31;2.6;0.8;;;false
2026-01-02 00:32;2.7;1.0;;;false
2026-01-02 00:33;2.7;1.0;;;false
2026-01-02 00:34;2.7;1.0;;;false
2026-01-02 00:35;2.7;1.0;;;false
2026-01-02 00:36;2.7;1.2;;;false
2026-01-02 00:37;2.7;1.2;;;false
2026-01-02 00:38;2.7;1.2;;;false
2026-01-02 00:39;2.7;1.2;;;false
2026-01-02 00:40;3.9;1.2;;;false
2026-01-02 00:41;4.1;1.4;;;false
2026-01-02 00:42;4.1;1.4;;;false
2026-01-02 00:43;4.2;1.4;;;false
2026-01-02 00:44;4.2;1.6;;;false
2026-01-02 00:45;4.1;1.6;2.9;98;false
2026-01-02 00:46;2.2;1.8;;;false
2026-01-02 00:47;2.2;1.8;;;false
2026-01-02 00:48;2.2;1.8;;;false
2026-01-02 00:49;2.2;1.8;;;false
2026-01-02 00:50;2.2;1.8;;;false
2026-01-02 00:51;2.7;1.8;;;false
2026-01-02 00:52;2.9;2.0;;;false
2026-01-02 00:53;2.9;2.0;;;false
2026-01-02 00:54;2.9;2.0;;;false
2026-01-02 00:55;2.8;2.0;;;false
2026-01-02 00:56;2.7;2.2;;;false
2026-01-02 00:57;2.7;2.2;;;false
2026-01-02 00:58;2.7;2.2;;;false
2026-01-02 00:59;2.7;2.2;;;false
2026-01-02 01:00;2.3;2.4;3.3;99;false
2026-01-02 01:01;2.3;2.4;;;false
2026-01-02 01:02;2.3;2.4;;;false
2026-01-02 01:03;2.3;2.4;;;false
2026-01-02 01:04;2.3;2.4;;;false
2026-01-02 01:05;3.0;2.4;;;false
2026-01-02 01:06;3.0;2.6;;;false
2026-01-02 01:07;3.0;2.6;;;false
2026-01-02 01:08;3.0;2.6;;;false
2026-01-02 01:09;2.5;2.6;;;false
2026-01-02 01:10;2.5;2.8;;;false
2026-01-02 01:11;2.5;2.8;;;false
2026-01-02 01:12;2.5;2.8;;;false
2026-01-02 01:13;2.4;2.8;;;false
2026-01-02 01:14;1.9;3.0;;;false
2026-01-02 01:15;1.9;3.0;3.1;99;false
2026-01-02 01:16;1.9;3.0;;;false
2026-01-02 01:17;1.9;3.0;;;false
2026-01-02 01:18;1.9;3.0;;;false
2026-01-02 01:19;1.9;3.0;;;false
2026-01-02 01:20;0.0;3.0;;;false
2026-01-02 01:21;0.0;3.0;;;false
2026-01-02 01:22;2.1;3.0;;;false
2026-01-02 01:23;2.3;3.2;;;false
2026-01-02 01:24;2.3;3.2;;;false
2026-01-02 01:25;2.3;3.2;;;false
2026-01-02 01:26;2.3;3.2;;;false
2026-01-02 01:27;3.9;3.2;;;false
2026-01-02 01:28;4.5;3.4;;;false
2026-01-02 01:29;4.8;3.4;;;false
2026-01-02 01:30;8.9;3.6;3.1;99;false
2026-01-02 01:31;6.1;3.6;;;false
2026-01-02 01:32;5.0;3.8;;;false
2026-01-02 01:33;4.1;3.8;;;false
2026-01-02 01:34;1.9;4.0;;;false
2026-01-02 01:35;1.9;4.0;;;false
2026-01-02 01:36;1.9;4.0;;;false
2026-01-02 01:37;1.9;4.0;;;false
2026-01-02 01:38;1.9;4.0;;;false
2026-01-02 01:39;1.9;4.0;;;false
2026-01-02 01:40;0.0;4.0;;;false
2026-01-02 01:41;0.0;4.0;;;false
2026-01-02 01:42;1.0;4.0;;;false
2026-01-02 01:43;4.1;4.2;;;false
2026-01-02 01:44;4.1;4.2;;;false
2026-01-02 01:45;4.0;4.2;2.6;97;false
2026-01-02 01:46;3.8;4.4;;;false
2026-01-02 01:47;3.8;4.4;;;false
2026-01-02 01:48;3.9;4.4;;;false
2026-01-02 01:49;5.3;4.6;;;false
2026-01-02 01:50;5.3;4.6;;;false
2026-01-02 01:51;4.9;4.6;;;false
2026-01-02 01:52;4.8;4.8;;;false
2026-01-02 01:53;5.0;4.8;;;false
2026-01-02 01:54;5.3;5.0;;;false
2026-01-02 01:55;5.4;5.0;;;false
2026-01-02 01:56;6.5;5.2;;;false
2026-01-02 01:57;6.1;5.2;;;false
2026-01-02 01:58;5.0;5.4;;;false
2026-01-02 01:59;5.0;5.4;;;false
2026-01-02 02:00;4.2;5.4;2.3;98;false
2026-01-02 02:01;4.1;5.6;;;false
2026-01-02 02:02;4.1;5.6;;;false
2026-01-02 02:03;2.7;5.6;;;false
2026-01-02 02:04;2.7;5.8;;;false
2026-01-02 02:05;2.7;5.8;;;false
2026-01-02 02:06;2.7;5.8;;;false
2026-01-02 02:07;2.3;5.8;;;false
2026-01-02 02:08;1.9;6.0;;;false
2026-01-02 02:09;1.9;6.0;;;false
2026-01-02 02:10;1.9;6.0;;;false
2026-01-02 02:11;1.9;6.0;;;false
2026-01-02 02:12;1.9;6.0;;;false
2026-01-02 02:13;1.9;6.0;;;false
2026-01-02 02:14;0.0;6.0;;;false
2026-01-02 02:15;0.0;6.0;2.1;99;false
2026-01-02 02:16;1.7;6.0;;;false
2026-01-02 02:17;1.7;6.2;;;false
2026-01-02 02:18;1.7;6.2;;;false
2026-01-02 02:19;1.7;6.2;;;false
2026-01-02 02:20;1.7;6.2;;;false
2026-01-02 02:21;1.7;6.2;;;false
2026-01-02 02:22;1.7;6.2;;;false
2026-01-02 02:23;0.8;6.2;;;false
2026-01-02 02:24;1.9;6.4;;;false
2026-01-02 02:25;1.9;6.4;;;false
2026-01-02 02:26;1.9;6.4;;;false
2026-01-02 02:27;1.9;6.4;;;false
2026-01-02 02:28;1.9;6.4;;;false
2026-01-02 02:29;1.9;6.4;;;false
2026-01-02 02:30;0.7;6.4;2.4;98;false
2026-01-02 02:31;1.9;6.6;;;false
2026-01-02 02:32;1.9;6.6;;;false
2026-01-02 02:33;1.9;6.6;;;false
2026-01-02 02:34;1.9;6.6;;;false
2026-01-02 02:35;1.9;6.6;;;false
2026-01-02 02:36;1.9;6.6;;;false
2026-01-02 02:37;0.0;6.6;;;false
2026-01-02 02:38;0.0;6.6;;;false
2026-01-02 02:39;0.0;6.6;;;false
2026-01-02 02:40;0.4;6.6;;;false
2026-01-02 02:41;1.9;6.8;;;false
2026-01-02 02:42;1.9;6.8;;;false
2026-01-02 02:43;1.9;6.8;;;false
2026-01-02 02:44;1.9;6.8;;;false
2026-01-02 02:45;1.9;6.8;2.8;99;false
2026-01-02 02:46;1.9;6.8;;;false
2026-01-02 02:47;0.0;6.8;;;false
2026-01-02 02:48;0.0;6.8;;;false
2026-01-02 02:49;0.0;6.8;;;false
2026-01-02 02:50;0.0;6.8;;;false
2026-01-02 02:51;0.0;6.8;;;false
2026-01-02 02:52;0.0;6.8;;;false
2026-01-02 02:53;0.0;6.8;;;false
2026-01-02 02:54;0.0;6.8;;;false
2026-01-02 02:55;0.0;6.8;;;false
2026-01-02 02:56;0.0;6.8;;;false
2026-01-02 02:57;0.0;6.8;;;false
2026-01-02 02:58;0.0;6.8;;;false
2026-01-02 02:59;0.0;6.8;;;false
2026-01-02 03:00;0.0;6.8;3.2;99;false
2026-01-02 03:01;0.0;6.8;;;false
2026-01-02 03:02;0.0;6.8;;;false
2026-01-02 03:03;0.0;6.8;;;false
2026-01-02 03:04;0.0;6.8;;;false
2026-01-02 03:05;0.0;6.8;;;false
2026-01-02 03:06;0.0;6.8;;;false
2026-01-02 03:07;0.0;6.8;;;false
2026-01-02 03:08;0.0;6.8;;;false
2026-01-02 03:09;0.0;6.8;;;false
2026-01-02 03:10;0.0;6.8;;;false
2026-01-02 03:11;0.0;6.8;;;false
2026-01-02 03:12;0.0;6.8;;;false
2026-01-02 03:13;0.0;6.8;;;false
2026-01-02 03:14;0.0;6.8;;;false
2026-01-02 03:15;0.0;6.8;3.3;99;false
2026-01-02 03:16;0.0;6.8;;;false
2026-01-02 03:17;0.0;6.8;;;false
2026-01-02 03:18;0.0;6.8;;;false
2026-01-02 03:19;0.0;6.8;;;false
2026-01-02 03:20;0.0;6.8;;;false
2026-01-02 03:21;0.0;6.8;;;false
2026-01-02 03:22;1.3;6.8;;;false
2026-01-02 03:23;1.8;7.0;;;false
2026-01-02 03:24;1.8;7.0;;;false
2026-01-02 03:25;1.8;7.0;;;false
2026-01-02 03:26;1.8;7.0;;;false
2026-01-02 03:27;1.8;7.0;;;false
2026-01-02 03:28;1.8;7.0;;;false
2026-01-02 03:29;0.0;7.0;;;false
2026-01-02 03:30;0.0;7.0;3.2;99;false
2026-01-02 03:31;0.0;7.0;;;false
2026-01-02 03:32;0.0;7.0;;;false
2026-01-02 03:33;0.0;7.0;;;false
2026-01-02 03:34;0.0;7.0;;;false
2026-01-02 03:35;1.7;7.0;;;false
2026-01-02 03:36;1.7;7.2;;;false
2026-01-02 03:37;1.7;7.2;;;false
2026-01-02 03:38;1.7;7.2;;;false
2026-01-02 03:39;1.7;7.2;;;false
2026-01-02 03:40;1.7;7.2;;;false
2026-01-02 03:41;1.7;7.2;;;false
2026-01-02 03:42;1.7;7.2;;;false
2026-01-02 03:43;2.3;7.4;;;false
2026-01-02 03:44;2.3;7.4;;;false
2026-01-02 03:45;2.3;7.4;3.3;99;false
2026-01-02 03:46;2.3;7.4;;;false
2026-01-02 03:47;2.0;7.4;;;false
2026-01-02 03:48;1.8;7.6;;;false
2026-01-02 03:49;1.8;7.6;;;false
2026-01-02 03:50;1.8;7.6;;;false
2026-01-02 03:51;1.8;7.6;;;false
2026-01-02 03:52;1.8;7.6;;;false
2026-01-02 03:53;1.8;7.6;;;false
2026-01-02 03:54;1.7;7.6;;;false
2026-01-02 03:55;1.7;7.8;;;false
2026-01-02 03:56;1.7;7.8;;;false
2026-01-02 03:57;1.7;7.8;;;false
2026-01-02 03:58;1.7;7.8;;;false
2026-01-02 03:59;1.7;7.8;;;false
2026-01-02 04:00;1.7;7.8;3.6;99;false
2026-01-02 04:01;0.0;7.8;;;false
2026-01-02 04:02;0.0;7.8;;;false
2026-01-02 04:03;0.0;7.8;;;false
2026-01-02 04:04;0.0;7.8;;;false
2026-01-02 04:05;0.0;7.8;;;false
2026-01-02 04:06;0.0;7.8;;;false
2026-01-02 04:07;0.0;7.8;;;false
2026-01-02 04:08;0.0;7.8;;;false
2026-01-02 04:09;0.0;7.8;;;false
2026-01-02 04:10;0.0;7.8;;;false
2026-01-02 04:11;0.0;7.8;;;false
2026-01-02 04:12;0.0;7.8;;;false
2026-01-02 04:13;0.0;7.8;;;false
2026-01-02 04:14;0.0;7.8;;;false
2026-01-02 04:15;0.0;7.8;3.8;99;false
2026-01-02 04:16;0.0;7.8;;;false
2026-01-02 04:17;0.0;7.8;;;false
2026-01-02 04:18;0.0;7.8;;;false
2026-01-02 04:19;0.0;7.8;;;false
2026-01-02 04:20;0.0;7.8;;;false
2026-01-02 04:21;0.0;7.8;;;false
2026-01-02 04:22;0.0;7.8;;;false
2026-01-02 04:23;0.0;7.8;;;false
2026-01-02 04:24;0.0;7.8;;;false
2026-01-02 04:25;0.0;7.8;;;false
2026-01-02 04:26;0.0;7.8;;;false
2026-01-02 04:27;0.0;7.8;;;false
2026-01-02 04:28;0.0;7.8;;;false
2026-01-02 04:29;0.0;7.8;;;false
2026-01-02 04:30;0.0;7.8;4.3;99;false
2026-01-02 04:31;0.0;7.8;;;false
2026-01-02 04:32;0.0;7.8;;;false
2026-01-02 04:33;0.0;7.8;;;false
2026-01-02 04:34;0.0;7.8;;;false
2026-01-02 04:35;0.0;7.8;;;false
2026-01-02 04:36;0.0;7.8;;;false
2026-01-02 04:37;0.0;7.8;;;false
2026-01-02 04:38;0.0;7.8;;;false
2026-01-02 04:39;0.0;7.8;;;false
2026-01-02 04:40;0.0;7.8;;;false
2026-01-02 04:41;0.0;7.8;;;false
2026-01-02 04:42;0.0;7.8;;;false
2026-01-02 04:43;0.0;7.8;;;false
2026-01-02 04:44;0.0;7.8;;;false
2026-01-02 04:45;0.0;7.8;4.2;99;false
2026-01-02 04:46;0.0;7.8;;;false
2026-01-02 04:47;0.0;7.8;;;false
2026-01-02 04:48;0.0;7.8;;;false
2026-01-02 04:49;0.0;7.8;;;false
2026-01-02 04:50;0.0;7.8;;;false
2026-01-02 04:51;0.0;7.8;;;false
2026-01-02 04:52;0.0;7.8;;;false
2026-01-02 04:53;0.0;7.8;;;false
2026-01-02 04:54;0.0;7.8;;;false
2026-01-02 04:55;0.0;7.8;;;false
2026-01-02 04:56;0.0;7.8;;;false
2026-01-02 04:57;0.0;7.8;;;false
2026-01-02 04:58;0.0;7.8;;;false
2026-01-02 04:59;0.0;7.8;;;false
2026-01-02 05:00;0.0;7.8;4.1;99;false
2026-01-02 05:01;0.0;7.8;;;false
2026-01-02 05:02;0.0;7.8;;;false
2026-01-02 05:03;0.0;7.8;;;false
2026-01-02 05:04;0.0;7.8;;;false
2026-01-02 05:05;0.0;7.8;;;false
2026-01-02 05:06;0.0;7.8;;;false
2026-01-02 05:07;0.0;7.8;;;false
2026-01-02 05:08;0.0;7.8;;;false
2026-01-02 05:09;0.0;7.8;;;false
2026-01-02 05:10;0.0;7.8;;;false
2026-01-02 05:11;0.0;7.8;;;false
2026-01-02 05:12;0.0;7.8;;;false
2026-01-02 05:13;0.0;7.8;;;false
2026-01-02 05:14;0.0;7.8;;;false
2026-01-02 05:15;0.0;7.8;4.0;99;false
2026-01-02 05:16;0.0;7.8;;;false
2026-01-02 05:17;0.0;7.8;;;false
2026-01-02 05:18;0.0;7.8;;;false
2026-01-02 05:19;0.0;7.8;;;false
2026-01-02 05:20;0.0;7.8;;;false
2026-01-02 05:21;0.0;7.8;;;false
2026-01-02 05:22;0.0;7.8;;;false
2026-01-02 05:23;0.0;7.8;;;false
2026-01-02 05:24;0.0;7.8;;;false
2026-01-02 05:25;0.0;7.8;;;false
2026-01-02 05:26;0.0;7.8;;;false
2026-01-02 05:27;0.0;7.8;;;false
2026-01-02 05:28;0.0;7.8;;;false
2026-01-02 05:29;0.8;7.8;;;false
2026-01-02 05:30;1.9;8.0;4.1;99;false
2026-01-02 05:31;1.9;8.0;;;false
2026-01-02 05:32;1.9;8.0;;;false
2026-01-02 05:33;1.9;8.0;;;false
2026-01-02 05:34;1.9;8.0;;;false
2026-01-02 05:35;1.9;8.0;;;false
2026-01-02 05:36;0.0;8.0;;;false
2026-01-02 05:37;0.0;8.0;;;false
2026-01-02 05:38;0.0;8.0;;;false
2026-01-02 05:39;0.0;8.0;;;false
2026-01-02 05:40;0.0;8.0;;;false
2026-01-02 05:41;0.0;8.0;;;false
2026-01-02 05:42;0.0;8.0;;;false
2026-01-02 05:43;0.0;8.0;;;false
2026-01-02 05:44;0.0;8.0;;;false
2026-01-02 05:45;0.0;8.0;3.8;99;false
2026-01-02 05:46;0.0;8.0;;;false
2026-01-02 05:47;0.0;8.0;;;false
2026-01-02 05:48;0.0;8.0;;;false
2026-01-02 05:49;0.0;8.0;;;false
2026-01-02 05:50;1.1;8.0;;;false
2026-01-02 05:51;1.8;8.2;;;false
2026-01-02 05:52;1.8;8.2;;;false
2026-01-02 05:53;1.8;8.2;;;false
2026-01-02 05:54;1.8;8.2;;;false
2026-01-02 05:55;1.8;8.2;;;false
2026-01-02 05:56;1.8;8.2;;;false
2026-01-02 05:57;0.0;8.2;;;false
2026-01-02 05:58;0.0;8.2;;;false
2026-01-02 05:59;0.0;8.2;;;false
2026-01-02 06:00;0.0;8.2;3.7;99;false
2026-01-02 06:01;0.0;8.2;;;false
2026-01-02 06:02;1.3;8.2;;;false
2026-01-02 06:03;1.8;8.4;;;false
2026-01-02 06:04;1.8;8.4;;;false
2026-01-02 06:05;1.8;8.4;;;false
2026-01-02 06:06;1.8;8.4;;;false
2026-01-02 06:07;1.8;8.4;;;false
2026-01-02 06:08;1.8;8.4;;;false
2026-01-02 06:09;0.0;8.4;;;false
2026-01-02 06:10;0.0;8.4;;;false
2026-01-02 06:11;0.0;8.4;;;false
2026-01-02 06:12;0.0;8.4;;;false
2026-01-02 06:13;0.0;8.4;;;false
2026-01-02 06:14;0.0;8.4;;;false
2026-01-02 06:15;0.0;8.4;3.7;99;false
2026-01-02 06:16;0.0;8.4;;;false
2026-01-02 06:17;0.0;8.4;;;false
2026-01-02 06:18;0.0;8.4;;;false
2026-01-02 06:19;0.0;8.4;;;false
2026-01-02 06:20;0.0;8.4;;;false
2026-01-02 06:21;0.0;8.4;;;false
2026-01-02 06:22;0.0;8.4;;;false
2026-01-02 06:23;0.0;8.4;;;false
2026-01-02 06:24;0.0;8.4;;;false
2026-01-02 06:25;0.0;8.4;;;false
2026-01-02 06:26;0.0;8.4;;;false
2026-01-02 06:27;0.0;8.4;;;false
2026-01-02 06:28;0.0;8.4;;;false
2026-01-02 06:29;0.0;8.4;;;false
2026-01-02 06:30;0.0;8.4;3.9;99;false
2026-01-02 06:31;0.0;8.4;;;false
2026-01-02 06:32;0.0;8.4;;;false
2026-01-02 06:33;0.0;8.4;;;false
2026-01-02 06:34;0.0;8.4;;;false
2026-01-02 06:35;0.0;8.4;;;false
2026-01-02 06:36;0.0;8.4;;;false
2026-01-02 06:37;0.0;8.4;;;false
2026-01-02 06:38;0.0;8.4;;;false
2026-01-02 06:39;0.0;8.4;;;false
2026-01-02 06:40;0.0;8.4;;;false
2026-01-02 06:41;0.0;8.4;;;false
2026-01-02 06:42;0.0;8.4;;;false
2026-01-02 06:43;0.0;8.4;;;false
2026-01-02 06:44;0.0;8.4;;;false
2026-01-02 06:45;0.0;8.4;3.9;99;false
2026-01-02 06:46;0.0;8.4;;;false
2026-01-02 06:47;0.0;8.4;;;false
2026-01-02 06:48;0.0;8.4;;;false
2026-01-02 06:49;0.0;8.4;;;false
2026-01-02 06:50;0.0;8.4;;;false
2026-01-02 06:51;0.0;8.4;;;false
2026-01-02 06:52;0.0;8.4;;;false
2026-01-02 06:53;0.0;8.4;;;false
2026-01-02 06:54;0.0;8.4;;;false
2026-01-02 06:55;0.0;8.4;;;false
2026-01-02 06:56;0.0;8.4;;;false
2026-01-02 06:57;0.0;8.4;;;false
2026-01-02 06:58;0.0;8.4;;;false
2026-01-02 06:59;0.0;8.4;;;false
2026-01-02 07:00;0.0;8.4;4.1;99;false
2026-01-02 07:01;0.0;8.4;;;false
2026-01-02 07:02;0.0;8.4;;;false
2026-01-02 07:03;0.0;8.4;;;false
2026-01-02 07:04;0.0;8.4;;;false
2026-01-02 07:05;0.0;8.4;;;false
2026-01-02 07:06;0.0;8.4;;;false
2026-01-02 07:07;0.0;8.4;;;false
2026-01-02 07:08;0.0;8.4;;;false
2026-01-02 07:09;0.0;8.4;;;false
2026-01-02 07:10;0.0;8.4;;;false
2026-01-02 07:11;0.0;8.4;;;false
2026-01-02 07:12;0.0;8.4;;;false
2026-01-02 07:13;0.0;8.4;;;false
2026-01-02 07:14;0.0;8.4;;;false
2026-01-02 07:15;0.0;8.4;4.0;99;false
2026-01-02 07:16;0.0;8.4;;;false
2026-01-02 07:17;0.0;8.4;;;false
2026-01-02 07:18;0.0;8.4;;;false
2026-01-02 07:19;0.0;8.4;;;false
2026-01-02 07:20;0.0;8.4;;;false
2026-01-02 07:21;0.0;8.4;;;false
2026-01-02 07:22;0.0;8.4;;;false
2026-01-02 07:23;0.0;8.4;;;false
2026-01-02 07:24;0.0;8.4;;;false
2026-01-02 07:25;0.0;8.4;;;false
2026-01-02 07:26;0.0;8.4;;;false
2026-01-02 07:27;0.0;8.4;;;false
2026-01-02 07:28;0.0;8.4;;;false
2026-01-02 07:29;0.0;8.4;;;false
2026-01-02 07:30;0.0;8.4;4.0;99;false
2026-01-02 07:31;0.0;8.4;;;false
2026-01-02 07:32;0.0;8.4;;;false
2026-01-02 07:33;1.3;8.4;;;false
2026-01-02 07:34;1.8;8.6;;;false
2026-01-02 07:35;1.8;8.6;;;false
2026-01-02 07:36;1.8;8.6;;;false
2026-01-02 07:37;1.8;8.6;;;false
2026-01-02 07:38;1.8;8.6;;;false
2026-01-02 07:39;1.8;8.6;;;false
2026-01-02 07:40;0.0;8.6;;;false
2026-01-02 07:41;0.0;8.6;;;false
2026-01-02 07:42;0.0;8.6;;;false
2026-01-02 07:43;0.0;8.6;;;false
2026-01-02 07:44;0.0;8.6;;;false
2026-01-02 07:45;0.0;8.6;4.1;99;false
2026-01-02 07:46;0.0;8.6;;;false
2026-01-02 07:47;1.2;8.6;;;false
2026-01-02 07:48;1.8;8.8;;;false
2026-01-02 07:49;1.8;8.8;;;false
2026-01-02 07:50;1.8;8.8;;;false
2026-01-02 07:51;1.8;8.8;;;false
2026-01-02 07:52;1.8;8.8;;;false
2026-01-02 07:53;1.8;8.8;;;false
2026-01-02 07:54;0.0;8.8;;;false
2026-01-02 07:55;0.0;8.8;;;false
2026-01-02 07:56;0.0;8.8;;;false
2026-01-02 07:57;0.0;8.8;;;false
2026-01-02 07:58;0.0;8.8;;;false
2026-01-02 07:59;0.0;8.8;;;false
2026-01-02 08:00;0.0;8.8;4.0;99;false
2026-01-02 08:01;0.0;8.8;;;false
2026-01-02 08:02;0.0;8.8;;;false
2026-01-02 08:03;0.0;8.8;;;false
2026-01-02 08:04;0.0;8.8;;;false
2026-01-02 08:05;0.0;8.8;;;false
2026-01-02 08:06;0.0;8.8;;;false
2026-01-02 08:07;0.0;8.8;;;false
2026-01-02 08:08;0.0;8.8;;;false
2026-01-02 08:09;0.0;8.8;;;false
2026-01-02 08:10;0.0;8.8;;;false
2026-01-02 08:11;0.0;8.8;;;false
2026-01-02 08:12;0.0;8.8;;;false
2026-01-02 08:13;0.0;8.8;;;false
2026-01-02 08:14;0.0;8.8;;;false
2026-01-02 08:15;0.0;8.8;4.0;99;false
2026-01-02 08:16;0.0;8.8;;;false
2026-01-02 08:17;0.0;8.8;;;false
2026-01-02 08:18;0.0;8.8;;;false
2026-01-02 08:19;0.0;8.8;;;false
2026-01-02 08:20;0.0;8.8;;;false
2026-01-02 08:21;0.0;8.8;;;false
2026-01-02 08:22;0.0;8.8;;;false
2026-01-02 08:23;0.0;8.8;;;false
2026-01-02 08:24;0.0;8.8;;;false
2026-01-02 08:25;0.0;8.8;;;false
2026-01-02 08:26;0.0;8.8;;;false
2026-01-02 08:27;0.0;8.8;;;false
2026-01-02 08:28;0.0;8.8;;;false
2026-01-02 08:29;0.0;8.8;;;false
2026-01-02 08:30;0.0;8.8;4.0;99;false
2026-01-02 08:31;0.0;8.8;;;false
2026-01-02 08:32;0.0;8.8;;;false
2026-01-02 08:33;0.0;8.8;;;false
2026-01-02 08:34;0.0;8.8;;;false
2026-01-02 08:35;0.0;8.8;;;false
2026-01-02 08:36;0.0;8.8;;;false
2026-01-02 08:37;0.0;8.8;;;false
2026-01-02 08:38;0.0;8.8;;;false
2026-01-02 08:39;0.0;8.8;;;false
2026-01-02 08:40;0.0;8.8;;;false
2026-01-02 08:41;0.0;8.8;;;false
2026-01-02 08:42;0.0;8.8;;;false
2026-01-02 08:43;0.0;8.8;;;false
2026-01-02 08:44;0.0;8.8;;;false
2026-01-02 08:45;0.0;8.8;4.0;99;false
2026-01-02 08:46;0.0;8.8;;;false
2026-01-02 08:47;0.0;8.8;;;false
2026-01-02 08:48;0.0;8.8;;;false
2026-01-02 08:49;1.5;8.8;;;false
2026-01-02 08:50;1.7;9.0;;;false
2026-01-02 08:51;1.7;9.0;;;false
2026-01-02 08:52;1.7;9.0;;;false
2026-01-02 08:53;1.7;9.0;;;false
2026-01-02 08:54;1.7;9.0;;;false
2026-01-02 08:55;1.7;9.0;;;false
2026-01-02 08:56;0.0;9.0;;;false
2026-01-02 08:57;0.0;9.0;;;false
2026-01-02 08:58;0.0;9.0;;;false
2026-01-02 08:59;0.0;9.0;;;false
2026-01-02 09:00;0.0;9.0;4.1;99;false
2026-01-02 09:01;0.0;9.0;;;false
2026-01-02 09:02;0.0;9.0;;;false
2026-01-02 09:03;0.0;9.0;;;false
2026-01-02 09:04;0.0;9.0;;;false
2026-01-02 09:05;0.0;9.0;;;false
2026-01-02 09:06;0.0;9.0;;;false
2026-01-02 09:07;0.0;9.0;;;false
2026-01-02 09:08;0.0;9.0;;;false
2026-01-02 09:09;0.0;9.0;;;false
2026-01-02 09:10;0.0;9.0;;;false
2026-01-02 09:11;0.0;9.0;;;false
2026-01-02 09:12;0.0;9.0;;;false
2026-01-02 09:13;0.0;9.0;;;false
2026-01-02 09:14;0.0;9.0;;;false
2026-01-02 09:15;0.0;9.0;4.1;99;false
2026-01-02 09:16;0.0;9.0;;;false
2026-01-02 09:17;0.0;9.0;;;false
2026-01-02 09:18;0.0;9.0;;;false
2026-01-02 09:19;0.0;9.0;;;false
2026-01-02 09:20;0.0;9.0;;;false
2026-01-02 09:21;0.0;9.0;;;false
2026-01-02 09:22;0.0;9.0;;;false
2026-01-02 09:23;0.0;9.0;;;false
2026-01-02 09:24;0.0;9.0;;;false
2026-01-02 09:25;0.0;9.0;;;false
2026-01-02 09:26;0.5;9.0;;;false
2026-01-02 09:27;1.9;9.2;;;false
2026-01-02 09:28;1.9;9.2;;;false
2026-01-02 09:29;1.9;9.2;;;false
2026-01-02 09:30;1.9;9.2;4.1;99;false
2026-01-02 09:31;1.9;9.2;;;false
2026-01-02 09:32;1.9;9.2;;;false
2026-01-02 09:33;0.0;9.2;;;false
2026-01-02 09:34;0.0;9.2;;;false
2026-01-02 09:35;0.0;9.2;;;false
2026-01-02 09:36;0.0;9.2;;;false
2026-01-02 09:37;0.0;9.2;;;false
2026-01-02 09:38;0.0;9.2;;;false
2026-01-02 09:39;0.0;9.2;;;false
2026-01-02 09:40;0.0;9.2;;;false
2026-01-02 09:41;0.0;9.2;;;false
2026-01-02 09:42;0.0;9.2;;;false
2026-01-02 09:43;0.0;9.2;;;false
2026-01-02 09:44;0.0;9.2;;;false
2026-01-02 09:45;0.0;9.2;4.2;99;false
2026-01-02 09:46;0.0;9.2;;;false
2026-01-02 09:47;0.0;9.2;;;false
2026-01-02 09:48;0.0;9.2;;;false
2026-01-02 09:49;0.0;9.2;;;false
2026-01-02 09:50;0.0;9.2;;;false
2026-01-02 09:51;0.0;9.2;;;false
2026-01-02 09:52;0.0;9.2;;;false
2026-01-02 09:53;0.0;9.2;;;false
2026-01-02 09:54;0.0;9.2;;;false
2026-01-02 09:55;0.0;9.2;;;false
2026-01-02 09:56;0.0;9.2;;;false
2026-01-02 09:57;0.0;9.2;;;false
2026-01-02 09:58;0.0;9.2;;;false
2026-01-02 09:59;0.0;9.2;;;false
2026-01-02 10:00;0.0;9.2;4.3;99;false
2026-01-02 10:01;0.0;9.2;;;false
2026-01-02 10:02;0.0;9.2;;;false
2026-01-02 10:03;0.0;9.2;;;false
2026-01-02 10:04;0.0;9.2;;;false
2026-01-02 10:05;0.0;9.2;;;false
2026-01-02 10:06;0.0;9.2;;;false
2026-01-02 10:07;0.0;9.2;;;false
2026-01-02 10:08;0.0;9.2;;;false
2026-01-02 10:09;0.0;9.2;;;false
2026-01-02 10:10;0.0;9.2;;;false
2026-01-02 10:11;0.0;9.2;;;false
2026-01-02 10:12;0.0;9.2;;;false
2026-01-02 10:13;0.0;9.2;;;false
2026-01-02 10:14;0.0;9.2;;;false
2026-01-02 10:15;0.0;9.2;4.3;99;false
2026-01-02 10:16;0.0;9.2;;;false
2026-01-02 10:17;0.0;9.2;;;false
2026-01-02 10:18;0.0;9.2;;;false
2026-01-02 10:19;0.0;9.2;;;false
2026-01-02 10:20;0.0;9.2;;;false
2026-01-02 10:21;0.0;9.2;;;false
2026-01-02 10:22;0.0;9.2;;;false
2026-01-02 10:23;0.0;9.2;;;false
2026-01-02 10:24;0.0;9.2;;;false
2026-01-02 10:25;0.0;9.2;;;false
2026-01-02 10:26;2.0;9.4;;;false
2026-01-02 10:27;2.0;9.4;;;false
2026-01-02 10:28;2.0;9.4;;;false
2026-01-02 10:29;2.0;9.4;;;false
2026-01-02 10:30;2.0;9.4;4.4;99;false
2026-01-02 10:31;2.0;9.4;;;false
2026-01-02 10:32;0.0;9.4;;;false
2026-01-02 10:33;0.0;9.4;;;false
2026-01-02 10:34;0.0;9.4;;;false
2026-01-02 10:35;0.0;9.4;;;false
2026-01-02 10:36;0.0;9.4;;;false
2026-01-02 10:37;0.0;9.4;;;false
2026-01-02 10:38;0.0;9.4;;;false
2026-01-02 10:39;0.0;9.4;;;false
2026-01-02 10:40;0.0;9.4;;;false
2026-01-02 10:41;0.0;9.4;;;false
2026-01-02 10:42;0.9;9.4;;;false
2026-01-02 10:43;1.9;9.6;;;false
2026-01-02 10:44;1.9;9.6;;;false
2026-01-02 10:45;1.9;9.6;4.4;99;false
2026-01-02 10:46;1.9;9.6;;;false
2026-01-02 10:47;1.9;9.6;;;false
2026-01-02 10:48;1.9;9.6;;;false
2026-01-02 10:49;0.0;9.6;;;false
2026-01-02 10:50;0.0;9.6;;;false
2026-01-02 10:51;0.0;9.6;;;false
2026-01-02 10:52;0.0;9.6;;;false
2026-01-02 10:53;0.0;9.6;;;false
2026-01-02 10:54;0.0;9.6;;;false
2026-01-02 10:55;0.0;9.6;;;false
2026-01-02 10:56;0.0;9.6;;;false
2026-01-02 10:57;0.0;9.6;;;false
2026-01-02 10:58;0.0;9.6;;;false
2026-01-02 10:59;0.0;9.6;;;false
2026-01-02 11:00;0.0;9.6;4.5;99;false
2026-01-02 11:01;0.0;9.6;;;false
2026-01-02 11:02;0.0;9.6;;;false
2026-01-02 11:03;0.0;9.6;;;false
2026-01-02 11:04;0.0;9.6;;;false
2026-01-02 11:05;0.0;9.6;;;false
2026-01-02 11:06;0.0;9.6;;;false
2026-01-02 11:07;0.0;9.6;;;false
2026-01-02 11:08;0.0;9.6;;;false
2026-01-02 11:09;0.0;9.6;;;false
2026-01-02 11:10;0.0;9.6;;;false
2026-01-02 11:11;0.0;9.6;;;false
2026-01-02 11:12;0.0;9.6;;;false
2026-01-02 11:13;0.0;9.6;;;false
2026-01-02 11:14;0.0;9.6;;;false
2026-01-02 11:15;0.0;9.6;5.4;96;false
2026-01-02 11:16;0.0;9.6;;;false
2026-01-02 11:17;0.0;9.6;;;false
2026-01-02 11:18;0.0;9.6;;;false
2026-01-02 11:19;0.0;9.6;;;false
2026-01-02 11:20;0.0;9.6;;;false
2026-01-02 11:21;0.0;9.6;;;false
2026-01-02 11:22;0.0;9.6;;;false
2026-01-02 11:23;0.0;9.6;;;false
2026-01-02 11:24;0.0;9.6;;;false
2026-01-02 11:25;0.0;9.6;;;false
2026-01-02 11:26;0.0;9.6;;;false
2026-01-02 11:27;0.0;9.6;;;false
2026-01-02 11:28;0.0;9.6;;;false
2026-01-02 11:29;0.0;9.6;;;false
2026-01-02 11:30;0.0;9.6;6.1;90;false
2026-01-02 11:31;0.0;9.6;;;false
2026-01-02 11:32;0.0;9.6;;;false
2026-01-02 11:33;0.0;9.6;;;false
2026-01-02 11:34;0.0;9.6;;;false
2026-01-02 11:35;0.0;9.6;;;false
2026-01-02 11:36;0.0;9.6;;;false
2026-01-02 11:37;0.0;9.6;;;false
2026-01-02 11:38;0.0;9.6;;;false
2026-01-02 11:39;0.0;9.6;;;false
2026-01-02 11:40;0.0;9.6;;;false
2026-01-02 11:41;0.0;9.6;;;false
2026-01-02 11:42;0.0;9.6;;;false
2026-01-02 11:43;0.0;9.6;;;false
2026-01-02 11:44;0.0;9.6;;;false
2026-01-02 11:45;0.0;9.6;6.3;84;false
2026-01-02 11:46;0.0;9.6;;;false
2026-01-02 11:47;0.0;9.6;;;false
2026-01-02 11:48;0.0;9.6;;;false
2026-01-02 11:49;0.0;9.6;;;false
2026-01-02 11:50;0.0;9.6;;;false
2026-01-02 11:51;0.0;9.6;;;false
2026-01-02 11:52;0.0;9.6;;;false
2026-01-02 11:53;0.0;9.6;;;false
2026-01-02 11:54;0.0;9.6;;;false
2026-01-02 11:55;0.0;9.6;;;false
2026-01-02 11:56;0.0;9.6;;;false
2026-01-02 11:57;0.0;9.6;;;false
2026-01-02 11:58;0.0;9.6;;;false
2026-01-02 11:59;0.0;9.6;;;false
2026-01-02 12:00;0.0;9.6;6.0;92;false
2026-01-02 12:01;0.0;9.6;;;false
2026-01-02 12:02;1.4;9.6;;;false
2026-01-02 12:03;1.8;9.8;;;false
2026-01-02 12:04;1.8;9.8;;;false
2026-01-02 12:05;1.8;9.8;;;false
2026-01-02 12:06;1.8;9.8;;;false
2026-01-02 12:07;1.8;9.8;;;false
2026-01-02 12:08;1.8;9.8;;;false
2026-01-02 12:09;0.0;9.8;;;false
2026-01-02 12:10;0.0;9.8;;;false
2026-01-02 12:11;0.0;9.8;;;false
2026-01-02 12:12;0.0;9.8;;;false
2026-01-02 12:13;0.0;9.8;;;false
2026-01-02 12:14;0.0;9.8;;;false
2026-01-02 12:15;0.0;9.8;5.5;93;false
2026-01-02 12:16;0.0;9.8;;;false
2026-01-02 12:17;0.0;9.8;;;false
2026-01-02 12:18;0.0;9.8;;;false
2026-01-02 12:19;0.0;9.8;;;false
2026-01-02 12:20;0.0;9.8;;;false
2026-01-02 12:21;0.0;9.8;;;false
2026-01-02 12:22;0.0;9.8;;;false
2026-01-02 12:23;0.0;9.8;;;false
2026-01-02 12:24;0.0;9.8;;;false
2026-01-02 12:25;0.0;9.8;;;false
2026-01-02 12:26;0.4;9.8;;;false
2026-01-02 12:27;1.9;10.0;;;false
2026-01-02 12:28;1.9;10.0;;;false
2026-01-02 12:29;1.9;10.0;;;false
2026-01-02 12:30;1.9;10.0;5.4;95;false
2026-01-02 12:31;1.9;10.0;;;false
2026-01-02 12:32;1.9;10.0;;;false
2026-01-02 12:33;0.0;10.0;;;false
2026-01-02 12:34;0.0;10.0;;;false
2026-01-02 12:35;0.0;10.0;;;false
2026-01-02 12:36;0.0;10.0;;;false
2026-01-02 12:37;0.0;10.0;;;false
2026-01-02 12:38;0.0;10.0;;;false
2026-01-02 12:39;0.0;10.0;;;false
2026-01-02 12:40;0.0;10.0;;;false
2026-01-02 12:41;0.0;10.0;;;false
2026-01-02 12:42;0.0;10.0;;;false
2026-01-02 12:43;0.0;10.0;;;false
2026-01-02 12:44;0.0;10.0;;;false
2026-01-02 12:45;0.0;10.0;5.3;96;false
2026-01-02 12:46;0.0;10.0;;;false
2026-01-02 12:47;0.0;10.0;;;false
2026-01-02 12:48;0.0;10.0;;;false
2026-01-02 12:49;0.0;10.0;;;false
2026-01-02 12:50;0.0;10.0;;;false
2026-01-02 12:51;0.0;10.0;;;false
2026-01-02 12:52;0.0;10.0;;;false
2026-01-02 12:53;0.0;10.0;;;false
2026-01-02 12:54;0.0;10.0;;;false
2026-01-02 12:55;1.5;10.0;;;false
2026-01-02 12:56;1.8;10.2;;;false
2026-01-02 12:57;1.8;10.2;;;false
2026-01-02 12:58;1.8;10.2;;;false
2026-01-02 12:59;1.8;10.2;;;false
2026-01-02 13:00;1.8;10.2;5.3;95;false
2026-01-02 13:01;1.8;10.2;;;false
2026-01-02 13:02;0.0;10.2;;;false
2026-01-02 13:03;0.0;10.2;;;false
2026-01-02 13:04;0.0;10.2;;;false
2026-01-02 13:05;0.0;10.2;;;false
2026-01-02 13:06;0.0;10.2;;;false
2026-01-02 13:07;0.0;10.2;;;false
2026-01-02 13:08;0.0;10.2;;;false
2026-01-02 13:09;0.0;10.2;;;false
2026-01-02 13:10;0.0;10.2;;;false
2026-01-02 13:11;0.0;10.2;;;false
2026-01-02 13:12;1.5;10.2;;;false
2026-01-02 13:13;1.8;10.4;;;false
2026-01-02 13:14;1.8;10.4;;;false
2026-01-02 13:15;1.8;10.4;5.6;91;false
2026-01-02 13:16;1.8;10.4;;;false
2026-01-02 13:17;1.8;10.4;;;false
2026-01-02 13:18;1.8;10.4;;;false
2026-01-02 13:19;0.0;10.4;;;false
2026-01-02 13:20;0.0;10.4;;;false
2026-01-02 13:21;0.0;10.4;;;false
2026-01-02 13:22;0.0;10.4;;;false
2026-01-02 13:23;0.0;10.4;;;false
2026-01-02 13:24;0.0;10.4;;;false
2026-01-02 13:25;0.0;10.4;;;false
2026-01-02 13:26;0.0;10.4;;;false
2026-01-02 13:27;0.0;10.4;;;false
2026-01-02 13:28;0.0;10.4;;;false
2026-01-02 13:29;0.0;10.4;;;false
2026-01-02 13:30;0.0;10.4;6.6;83;false
2026-01-02 13:31;0.0;10.4;;;false
2026-01-02 13:32;0.0;10.4;;;false
2026-01-02 13:33;0.0;10.4;;;false
2026-01-02 13:34;0.0;10.4;;;false
2026-01-02 13:35;0.0;10.4;;;false
2026-01-02 13:36;0.0;10.4;;;false
2026-01-02 13:37;0.0;10.4;;;false
2026-01-02 13:38;0.0;10.4;;;false
2026-01-02 13:39;0.0;10.4;;;false
2026-01-02 13:40;0.0;10.4;;;false
2026-01-02 13:41;0.0;10.4;;;false
2026-01-02 13:42;0.0;10.4;;;false
2026-01-02 13:43;0.0;10.4;;;false
2026-01-02 13:44;0.0;10.4;;;false
2026-01-02 13:45;0.0;10.4;6.1;89;false
2026-01-02 13:46;0.0;10.4;;;false
2026-01-02 13:47;0.0;10.4;;;false
2026-01-02 13:48;0.0;10.4;;;false
2026-01-02 13:49;0.0;10.4;;;false
2026-01-02 13:50;0.0;10.4;;;false
2026-01-02 13:51;0.0;10.4;;;false
2026-01-02 13:52;0.0;10.4;;;false
2026-01-02 13:53;0.0;10.4;;;false
2026-01-02 13:54;0.0;10.4;;;false
2026-01-02 13:55;0.0;10.4;;;false
2026-01-02 13:56;0.0;10.4;;;false
2026-01-02 13:57;0.0;10.4;;;false
2026-01-02 13:58;0.0;10.4;;;false
2026-01-02 13:59;0.0;10.4;;;false
2026-01-02 14:00;0.0;10.4;6.0;89;false
2026-01-02 14:01;0.0;10.4;;;false
2026-01-02 14:02;0.0;10.4;;;false
2026-01-02 14:03;0.0;10.4;;;false
2026-01-02 14:04;0.0;10.4;;;false
2026-01-02 14:05;0.0;10.4;;;false
2026-01-02 14:06;0.0;10.4;;;false
2026-01-02 14:07;0.0;10.4;;;false
2026-01-02 14:08;0.0;10.4;;;false
2026-01-02 14:09;0.0;10.4;;;false
2026-01-02 14:10;0.0;10.4;;;false
2026-01-02 14:11;0.0;10.4;;;false
2026-01-02 14:12;0.0;10.4;;;false
2026-01-02 14:13;0.0;10.4;;;false
2026-01-02 14:14;0.0;10.4;;;false
2026-01-02 14:15;0.0;10.4;5.8;90;false
2026-01-02 14:16;0.0;10.4;;;false
2026-01-02 14:17;0.0;10.4;;;false
2026-01-02 14:18;0.0;10.4;;;false
2026-01-02 14:19;0.0;10.4;;;false
2026-01-02 14:20;0.0;10.4;;;false
2026-01-02 14:21;0.0;10.4;;;false
2026-01-02 14:22;0.0;10.4;;;false
2026-01-02 14:23;0.0;10.4;;;false
2026-01-02 14:24;0.0;10.4;;;false
2026-01-02 14:25;0.0;10.4;;;false
2026-01-02 14:26;0.0;10.4;;;false
2026-01-02 14:27;0.0;10.4;;;false
2026-01-02 14:28;0.0;10.4;;;false
2026-01-02 14:29;0.0;10.4;;;false
2026-01-02 14:30;0.0;10.4;5.8;93;false
2026-01-02 14:31;0.0;10.4;;;false
2026-01-02 14:32;0.0;10.4;;;false
2026-01-02 14:33;0.0;10.4;;;false
2026-01-02 14:34;0.0;10.4;;;false
2026-01-02 14:35;0.0;10.4;;;false
2026-01-02 14:36;0.0;10.4;;;false
2026-01-02 14:37;0.0;10.4;;;false
2026-01-02 14:38;0.0;10.4;;;false
2026-01-02 14:39;0.0;10.4;;;false
2026-01-02 14:40;0.0;10.4;;;false
2026-01-02 14:41;0.0;10.4;;;false
2026-01-02 14:42;0.0;10.4;;;false
2026-01-02 14:43;0.0;10.4;;;false
2026-01-02 14:44;0.0;10.4;;;false
2026-01-02 14:45;0.0;10.4;5.7;95;false
2026-01-02 14:46;0.0;10.4;;;false
2026-01-02 14:47;0.0;10.4;;;false
2026-01-02 14:48;0.0;10.4;;;false
2026-01-02 14:49;0.0;10.4;;;false
2026-01-02 14:50;0.0;10.4;;;false
2026-01-02 14:51;0.0;10.4;;;false
2026-01-02 14:52;0.0;10.4;;;false
2026-01-02 14:53;0.0;10.4;;;false
2026-01-02 14:54;0.0;10.4;;;false
2026-01-02 14:55;0.0;10.4;;;false
2026-01-02 14:56;0.0;10.4;;;false
2026-01-02 14:57;0.0;10.4;;;false
2026-01-02 14:58;0.0;10.4;;;false
2026-01-02 14:59;0.0;10.4;;;false
2026-01-02 15:00;0.0;10.4;5.4;96;false
2026-01-02 15:01;0.0;10.4;;;false
2026-01-02 15:02;0.0;10.4;;;false
2026-01-02 15:03;0.0;10.4;;;false
2026-01-02 15:04;0.0;10.4;;;false
2026-01-02 15:05;0.0;10.4;;;false
2026-01-02 15:06;0.0;10.4;;;false
2026-01-02 15:07;0.0;10.4;;;false
2026-01-02 15:08;0.0;10.4;;;false
2026-01-02 15:09;0.0;10.4;;;false
2026-01-02 15:10;0.0;10.4;;;false
2026-01-02 15:11;0.0;10.4;;;false
2026-01-02 15:12;0.0;10.4;;;false
2026-01-02 15:13;0.0;10.4;;;false
2026-01-02 15:14;0.0;10.4;;;false
2026-01-02 15:15;0.0;10.4;5.4;98;false
2026-01-02 15:16;0.0;10.4;;;false
2026-01-02 15:17;0.0;10.4;;;false
2026-01-02 15:18;0.0;10.4;;;false
2026-01-02 15:19;0.0;10.4;;;false
2026-01-02 15:20;0.0;10.4;;;false
2026-01-02 15:21;0.0;10.4;;;false
2026-01-02 15:22;0.0;10.4;;;false
2026-01-02 15:23;0.0;10.4;;;false
2026-01-02 15:24;0.0;10.4;;;false
2026-01-02 15:25;0.0;10.4;;;false
2026-01-02 15:26;0.0;10.4;;;false
2026-01-02 15:27;0.0;10.4;;;false
2026-01-02 15:28;0.0;10.4;;;false
2026-01-02 15:29;0.0;10.4;;;false
2026-01-02 15:30;0.0;10.4;6.2;96;false
2026-01-02 15:31;0.0;10.4;;;false
2026-01-02 15:32;0.0;10.4;;;false
2026-01-02 15:33;0.0;10.4;;;false
2026-01-02 15:34;0.0;10.4;;;false
2026-01-02 15:35;0.0;10.4;;;false
2026-01-02 15:36;0.0;10.4;;;false
2026-01-02 15:37;0.0;10.4;;;false
2026-01-02 15:38;0.0;10.4;;;false
2026-01-02 15:39;0.0;10.4;;;false
2026-01-02 15:40;0.0;10.4;;;false
2026-01-02 15:41;0.0;10.4;;;false
2026-01-02 15:42;0.0;10.4;;;false
2026-01-02 15:43;0.0;10.4;;;false
2026-01-02 15:44;0.0;10.4;;;false
2026-01-02 15:45;0.0;10.4;6.4;93;false
2026-01-02 15:46;0.0;10.4;;;false
2026-01-02 15:47;0.0;10.4;;;false
2026-01-02 15:48;0.0;10.4;;;false
2026-01-02 15:49;0.0;10.4;;;false
2026-01-02 15:50;0.0;10.4;;;false
2026-01-02 15:51;0.0;10.4;;;false
2026-01-02 15:52;0.0;10.4;;;false
2026-01-02 15:53;0.0;10.4;;;false
2026-01-02 15:54;0.0;10.4;;;false
2026-01-02 15:55;0.0;10.4;;;false
2026-01-02 15:56;0.0;10.4;;;false
2026-01-02 15:57;0.0;10.4;;;false
2026-01-02 15:58;0.0;10.4;;;false
2026-01-02 15:59;0.0;10.4;;;false
2026-01-02 16:00;0.0;10.4;5.8;95;false
2026-01-02 16:01;0.0;10.4;;;false
2026-01-02 16:02;0.0;10.4;;;false
2026-01-02 16:03;0.0;10.4;;;false
2026-01-02 16:04;0.0;10.4;;;false
2026-01-02 16:05;0.0;10.4;;;false
2026-01-02 16:06;0.0;10.4;;;false
2026-01-02 16:07;0.0;10.4;;;false
2026-01-02 16:08;0.0;10.4;;;false
2026-01-02 16:09;0.0;10.4;;;false
2026-01-02 16:10;0.0;10.4;;;false
2026-01-02 16:11;0.0;10.4;;;false
2026-01-02 16:12;0.0;10.4;;;false
2026-01-02 16:13;0.0;10.4;;;false
2026-01-02 16:14;0.0;10.4;;;false
2026-01-02 16:15;5.4;10.4;5.5;97;false
2026-01-02 16:16;6.9;10.6;;;false
2026-01-02 16:17;7.0;10.8;;;false
2026-01-02 16:18;6.3;10.8;;;false
2026-01-02 16:19;4.9;11.0;;;false
2026-01-02 16:20;4.9;11.0;;;false
2026-01-02 16:21;2.1;11.0;;;false
2026-01-02 16:22;1.7;11.2;;;false
2026-01-02 16:23;1.7;11.2;;;false
2026-01-02 16:24;1.7;11.2;;;false
2026-01-02 16:25;1.7;11.2;;;false
2026-01-02 16:26;1.7;11.2;;;false
2026-01-02 16:27;1.7;11.2;;;false
2026-01-02 16:28;1.6;11.2;;;false
2026-01-02 16:29;3.8;11.4;;;false
2026-01-02 16:30;3.8;11.4;5.2;99;false
2026-01-02 16:31;3.3;11.4;;;false
2026-01-02 16:32;2.1;11.6;;;false
2026-01-02 16:33;2.1;11.6;;;false
2026-01-02 16:34;2.1;11.6;;;false
2026-01-02 16:35;2.1;11.6;;;false
2026-01-02 16:36;2.1;11.6;;;false
2026-01-02 16:37;2.3;11.6;;;false
2026-01-02 16:38;2.4;11.8;;;false
2026-01-02 16:39;2.4;11.8;;;false
2026-01-02 16:40;2.4;11.8;;;false
2026-01-02 16:41;2.4;11.8;;;false
2026-01-02 16:42;2.3;11.8;;;false
2026-01-02 16:43;2.2;12.0;;;false
2026-01-02 16:44;2.2;12.0;;;false
2026-01-02 16:45;2.2;12.0;5.1;99;false
2026-01-02 16:46;2.2;12.0;;;false
2026-01-02 16:47;2.4;12.0;;;false
2026-01-02 16:48;4.2;12.2;;;false
2026-01-02 16:49;4.2;12.2;;;false
2026-01-02 16:50;4.2;12.2;;;false
2026-01-02 16:51;4.1;12.4;;;false
2026-01-02 16:52;4.1;12.4;;;false
2026-01-02 16:53;3.6;12.4;;;false
2026-01-02 16:54;2.7;12.6;;;false
2026-01-02 16:55;2.7;12.6;;;false
2026-01-02 16:56;2.7;12.6;;;false
2026-01-02 16:57;2.7;12.6;;;false
2026-01-02 16:58;4.1;12.6;;;false
2026-01-02 16:59;4.1;12.8;;;false
2026-01-02 17:00;4.1;12.8;5.2;99;false
2026-01-02 17:01;3.4;13.0;;;false
2026-01-02 17:02;3.4;13.0;;;false
2026-01-02 17:03;3.4;13.0;;;false
2026-01-02 17:04;2.5;13.0;;;false
2026-01-02 17:05;1.8;13.2;;;false
2026-01-02 17:06;1.8;13.2;;;false
2026-01-02 17:07;1.8;13.2;;;false
2026-01-02 17:08;1.8;13.2;;;false
2026-01-02 17:09;1.8;13.2;;;false
2026-01-02 17:10;1.8;13.2;;;false
2026-01-02 17:11;0.0;13.2;;;false
2026-01-02 17:12;1.5;13.2;;;false
2026-01-02 17:13;2.9;13.4;;;false
2026-01-02 17:14;2.9;13.4;;;false
2026-01-02 17:15;2.9;13.4;5.2;99;false
2026-01-02 17:16;3.8;13.4;;;false
2026-01-02 17:17;5.3;13.6;;;false
2026-01-02 17:18;5.4;13.6;;;false
2026-01-02 17:19;5.7;13.8;;;false
2026-01-02 17:20;5.7;13.8;;;false
2026-01-02 17:21;3.0;14.0;;;false
2026-01-02 17:22;3.0;14.0;;;false
2026-01-02 17:23;3.0;14.0;;;false
2026-01-02 17:24;3.0;14.0;;;false
2026-01-02 17:25;2.6;14.2;;;false
2026-01-02 17:26;2.6;14.2;;;false
2026-01-02 17:27;2.6;14.2;;;false
2026-01-02 17:28;2.6;14.2;;;false
2026-01-02 17:29;3.3;14.2;;;false
2026-01-02 17:30;4.5;14.4;5.1;99;false
2026-01-02 17:31;4.5;14.4;;;false
2026-01-02 17:32;2.9;14.4;;;false
2026-01-02 17:33;2.2;14.6;;;false
2026-01-02 17:34;2.2;14.6;;;false
2026-01-02 17:35;2.2;14.6;;;false
2026-01-02 17:36;2.2;14.6;;;false
2026-01-02 17:37;2.1;14.6;;;false
2026-01-02 17:38;1.9;14.8;;;false
2026-01-02 17:39;1.9;14.8;;;false
2026-01-02 17:40;1.9;14.8;;;false
2026-01-02 17:41;1.9;14.8;;;false
2026-01-02 17:42;1.9;14.8;;;false
2026-01-02 17:43;1.9;14.8;;;false
2026-01-02 17:44;0.0;14.8;;;false
2026-01-02 17:45;0.0;14.8;5.1;99;false
2026-01-02 17:46;0.7;14.8;;;false
2026-01-02 17:47;1.9;15.0;;;false
2026-01-02 17:48;1.9;15.0;;;false
2026-01-02 17:49;1.9;15.0;;;false
2026-01-02 17:50;1.9;15.0;;;false
2026-01-02 17:51;1.9;15.0;;;false
2026-01-02 17:52;1.9;15.0;;;false
2026-01-02 17:53;0.0;15.0;;;false
2026-01-02 17:54;0.0;15.0;;;false
2026-01-02 17:55;0.0;15.0;;;false
2026-01-02 17:56;0.0;15.0;;;false
2026-01-02 17:57;0.0;15.0;;;false
2026-01-02 17:58;0.0;15.0;;;false
2026-01-02 17:59;0.7;15.0;;;false
2026-01-02 18:00;1.9;15.2;5.3;99;false
2026-01-02 18:01;1.9;15.2;;;false
2026-01-02 18:02;1.9;15.2;;;false
2026-01-02 18:03;1.9;15.2;;;false
2026-01-02 18:04;1.9;15.2;;;false
2026-01-02 18:05;1.9;15.2;;;false
2026-01-02 18:06;0.0;15.2;;;false
2026-01-02 18:07;0.0;15.2;;;false
2026-01-02 18:08;0.0;15.2;;;false
2026-01-02 18:09;0.0;15.2;;;false
2026-01-02 18:10;0.0;15.2;;;false
2026-01-02 18:11;0.0;15.2;;;false
2026-01-02 18:12;0.4;15.2;;;false
2026-01-02 18:13;1.9;15.4;;;false
2026-01-02 18:14;1.9;15.4;;;false
2026-01-02 18:15;1.9;15.4;5.4;99;false
2026-01-02 18:16;1.9;15.4;;;false
2026-01-02 18:17;1.9;15.4;;;false
2026-01-02 18:18;1.9;15.4;;;false
2026-01-02 18:19;0.0;15.4;;;false
2026-01-02 18:20;0.0;15.4;;;false
2026-01-02 18:21;0.0;15.4;;;false
2026-01-02 18:22;0.0;15.4;;;false
2026-01-02 18:23;0.0;15.4;;;false
2026-01-02 18:24;0.0;15.4;;;false
2026-01-02 18:25;0.0;15.4;;;false
2026-01-02 18:26;0.0;15.4;;;false
2026-01-02 18:27;3.3;15.4;;;false
2026-01-02 18:28;3.9;15.6;;;false
2026-01-02 18:29;3.9;15.6;;;false
2026-01-02 18:30;7.0;15.6;5.4;99;false
2026-01-02 18:31;7.3;15.8;;;false
2026-01-02 18:32;5.5;16.0;;;false
2026-01-02 18:33;5.4;16.0;;;false
2026-01-02 18:34;4.1;16.2;;;false
2026-01-02 18:35;4.1;16.2;;;false
2026-01-02 18:36;4.7;16.2;;;false
2026-01-02 18:37;7.8;16.4;;;false
2026-01-02 18:38;8.6;16.4;;;false
2026-01-02 18:39;9.1;16.6;;;false
2026-01-02 18:40;9.1;16.8;;;false
2026-01-02 18:41;1.9;16.8;;;false
2026-01-02 18:42;1.7;17.0;;;false
2026-01-02 18:43;1.7;17.0;;;false
2026-01-02 18:44;1.7;17.0;;;false
2026-01-02 18:45;1.7;17.0;5.4;99;false
2026-01-02 18:46;1.7;17.0;;;false
2026-01-02 18:47;1.7;17.0;;;false
2026-01-02 18:48;0.0;17.0;;;false
2026-01-02 18:49;0.0;17.0;;;false
2026-01-02 18:50;0.0;17.0;;;false
2026-01-02 18:51;0.0;17.0;;;false
2026-01-02 18:52;1.7;17.0;;;false
2026-01-02 18:53;5.2;17.2;;;false
2026-01-02 18:54;5.1;17.2;;;false
2026-01-02 18:55;2.0;17.4;;;false
2026-01-02 18:56;2.0;17.4;;;false
2026-01-02 18:57;2.0;17.4;;;false
2026-01-02 18:58;2.0;17.4;;;false
2026-01-02 18:59;2.0;17.4;;;false
2026-01-02 19:00;2.0;17.4;5.4;99;false
2026-01-02 19:01;0.0;17.4;;;false
2026-01-02 19:02;0.0;17.4;;;false
2026-01-02 19:03;0.0;17.4;;;false
2026-01-02 19:04;0.0;17.4;;;false
2026-01-02 19:05;1.2;17.4;;;false
2026-01-02 19:06;1.8;17.6;;;false
2026-01-02 19:07;1.8;17.6;;;false
2026-01-02 19:08;1.8;17.6;;;false
2026-01-02 19:09;1.8;17.6;;;false
2026-01-02 19:10;1.8;17.6;;;false
2026-01-02 19:11;1.8;17.6;;;false
2026-01-02 19:12;0.0;17.6;;;false
2026-01-02 19:13;2.0;17.6;;;false
2026-01-02 19:14;2.5;17.8;;;false
2026-01-02 19:15;2.5;17.8;5.5;99;false
2026-01-02 19:16;2.5;17.8;;;false
2026-01-02 19:17;2.5;17.8;;;false
2026-01-02 19:18;2.0;18.0;;;false
2026-01-02 19:19;2.0;18.0;;;false
2026-01-02 19:20;2.0;18.0;;;false
2026-01-02 19:21;2.0;18.0;;;false
2026-01-02 19:22;2.0;18.0;;;false
2026-01-02 19:23;2.0;18.0;;;false
2026-01-02 19:24;0.0;18.0;;;false
2026-01-02 19:25;0.0;18.0;;;false
2026-01-02 19:26;0.0;18.0;;;false
2026-01-02 19:27;0.0;18.0;;;false
2026-01-02 19:28;0.0;18.0;;;false
2026-01-02 19:29;0.0;18.0;;;false
2026-01-02 19:30;0.0;18.0;5.5;99;false
2026-01-02 19:31;0.0;18.0;;;false
2026-01-02 19:32;0.0;18.0;;;false
2026-01-02 19:33;0.0;18.0;;;false
2026-01-02 19:34;0.0;18.0;;;false
2026-01-02 19:35;0.0;18.0;;;false
2026-01-02 19:36;0.0;18.0;;;false
2026-01-02 19:37;0.0;18.0;;;false
2026-01-02 19:38;0.0;18.0;;;false
2026-01-02 19:39;0.0;18.0;;;false
2026-01-02 19:40;0.0;18.0;;;false
2026-01-02 19:41;0.0;18.0;;;false
2026-01-02 19:42;0.0;18.0;;;false
2026-01-02 19:43;0.0;18.0;;;false
2026-01-02 19:44;0.0;18.0;;;false
2026-01-02 19:45;0.0;18.0;5.5;99;false
2026-01-02 19:46;0.0;18.0;;;false
2026-01-02 19:47;0.0;18.0;;;false
2026-01-02 19:48;0.0;18.0;;;false
2026-01-02 19:49;0.0;18.0;;;false
2026-01-02 19:50;0.0;18.0;;;false
2026-01-02 19:51;0.0;18.0;;;false
2026-01-02 19:52;0.0;18.0;;;false
2026-01-02 19:53;0.0;18.0;;;false
2026-01-02 19:54;0.0;18.0;;;false
2026-01-02 19:55;0.0;18.0;;;false
2026-01-02 19:56;0.0;18.0;;;false
2026-01-02 19:57;0.0;18.0;;;false
2026-01-02 19:58;0.0;18.0;;;false
2026-01-02 19:59;0.0;18.0;;;false
2026-01-02 20:00;0.6;18.0;5.7;99;false
2026-01-02 20:01;6.6;18.2;;;false
2026-01-02 20:02;5.8;18.2;;;false
2026-01-02 20:03;3.6;18.4;;;false
2026-01-02 20:04;3.6;18.4;;;false
2026-01-02 20:05;3.6;18.4;;;false
2026-01-02 20:06;6.3;18.4;;;false
2026-01-02 20:07;6.3;18.6;;;false
2026-01-02 20:08;6.5;18.8;;;false
2026-01-02 20:09;5.7;18.8;;;false
2026-01-02 20:10;3.3;19.0;;;false
2026-01-02 20:11;3.3;19.0;;;false
2026-01-02 20:12;3.3;19.0;;;false
2026-01-02 20:13;3.5;19.0;;;false
2026-01-02 20:14;3.6;19.2;;;false
2026-01-02 20:15;3.6;19.2;5.6;99;false
2026-01-02 20:16;3.5;19.2;;;false
2026-01-02 20:17;3.5;19.4;;;false
2026-01-02 20:18;3.5;19.4;;;false
2026-01-02 20:19;3.5;19.4;;;false
2026-01-02 20:20;3.4;19.4;;;false
2026-01-02 20:21;3.4;19.6;;;false
2026-01-02 20:22;3.4;19.6;;;false
2026-01-02 20:23;3.9;19.6;;;false
2026-01-02 20:24;5.5;19.8;;;false
2026-01-02 20:25;5.3;19.8;;;false
2026-01-02 20:26;2.6;20.0;;;false
2026-01-02 20:27;2.6;20.0;;;false
2026-01-02 20:28;2.6;20.0;;;false
2026-01-02 20:29;2.6;20.0;;;false
2026-01-02 20:30;2.2;20.0;5.6;99;false
2026-01-02 20:31;1.8;20.2;;;false
2026-01-02 20:32;1.8;20.2;;;false
2026-01-02 20:33;1.8;20.2;;;false
2026-01-02 20:34;1.8;20.2;;;false
2026-01-02 20:35;1.8;20.2;;;false
2026-01-02 20:36;1.8;20.2;;;false
2026-01-02 20:37;6.4;20.2;;;false
2026-01-02 20:38;6.8;20.4;;;false
2026-01-02 20:39;3.4;20.6;;;false
2026-01-02 20:40;3.4;20.6;;;false
2026-01-02 20:41;3.4;20.6;;;false
2026-01-02 20:42;6.4;20.6;;;false
2026-01-02 20:43;7.5;20.8;;;false
2026-01-02 20:44;10.9;21.0;;;false
2026-01-02 20:45;9.6;21.2;5.6;99;false
2026-01-02 20:46;12.2;21.2;;;false
2026-01-02 20:47;8.8;21.4;;;false
2026-01-02 20:48;6.1;21.6;;;false
2026-01-02 20:49;2.3;21.8;;;false
2026-01-02 20:50;2.3;21.8;;;false
2026-01-02 20:51;2.3;21.8;;;false
2026-01-02 20:52;2.3;21.8;;;false
2026-01-02 20:53;2.5;21.8;;;false
2026-01-02 20:54;3.2;22.0;;;false
2026-01-02 20:55;3.2;22.0;;;false
2026-01-02 20:56;3.2;22.0;;;false
2026-01-02 20:57;3.2;22.0;;;false
2026-01-02 20:58;3.2;22.2;;;false
2026-01-02 20:59;3.2;22.2;;;false
2026-01-02 21:00;3.2;22.2;5.6;99;false
2026-01-02 21:01;6.8;22.2;;;false
2026-01-02 21:02;9.5;22.4;;;false
2026-01-02 21:03;10.1;22.6;;;false
2026-01-02 21:04;8.1;22.8;;;false
2026-01-02 21:05;6.2;22.8;;;false
2026-01-02 21:06;5.2;23.0;;;false
2026-01-02 21:07;5.1;23.0;;;false
2026-01-02 21:08;4.9;23.2;;;false
2026-01-02 21:09;4.9;23.2;;;false
2026-01-02 21:10;2.5;23.2;;;false
2026-01-02 21:11;2.3;23.4;;;false
2026-01-02 21:12;2.3;23.4;;;false
2026-01-02 21:13;2.3;23.4;;;false
2026-01-02 21:14;2.3;23.4;;;false
2026-01-02 21:15;7.2;23.4;5.5;99;false
2026-01-02 21:16;6.8;23.6;;;false
2026-01-02 21:17;4.3;23.8;;;false
2026-01-02 21:18;4.3;23.8;;;false
2026-01-02 21:19;3.9;23.8;;;false
2026-01-02 21:20;3.7;24.0;;;false
2026-01-02 21:21;3.7;24.0;;;false
2026-01-02 21:22;3.9;24.0;;;false
2026-01-02 21:23;4.2;24.2;;;false
2026-01-02 21:24;4.2;24.2;;;false
2026-01-02 21:25;4.0;24.2;;;false
2026-01-02 21:26;3.8;24.4;;;false
2026-01-02 21:27;3.8;24.4;;;false
2026-01-02 21:28;5.1;24.4;;;false
2026-01-02 21:29;7.6;24.6;;;false
2026-01-02 21:30;8.4;24.6;5.5;99;false
2026-01-02 21:31;8.2;24.8;;;false
2026-01-02 21:32;7.4;25.0;;;false
2026-01-02 21:33;6.7;25.0;;;false
2026-01-02 21:34;6.4;25.2;;;false
2026-01-02 21:35;6.3;25.2;;;false
2026-01-02 21:36;6.3;25.4;;;false
2026-01-02 21:37;4.3;25.4;;;false
2026-01-02 21:38;4.2;25.6;;;false
2026-01-02 21:39;5.0;25.6;;;false
2026-01-02 21:40;9.4;25.8;;;false
2026-01-02 21:41;7.5;25.8;;;false
2026-01-02 21:42;6.6;26.0;;;false
2026-01-02 21:43;4.6;26.2;;;false
2026-01-02 21:44;4.6;26.2;;;false
2026-01-02 21:45;4.7;26.2;5.6;99;false
2026-01-02 21:46;4.9;26.4;;;false
2026-01-02 21:47;5.1;26.4;;;false
2026-01-02 21:48;6.8;26.6;;;false
2026-01-02 21:49;6.1;26.6;;;false
2026-01-02 21:50;4.8;26.8;;;false
2026-01-02 21:51;4.8;26.8;;;false
2026-01-02 21:52;6.5;26.8;;;false
2026-01-02 21:53;6.6;27.0;;;false
2026-01-02 21:54;5.3;27.2;;;false
2026-01-02 21:55;5.3;27.2;;;false
2026-01-02 21:56;3.8;27.2;;;false
2026-01-02 21:57;3.5;27.4;;;false
2026-01-02 21:58;3.5;27.4;;;false
2026-01-02 21:59;2.8;27.4;;;false
2026-01-02 22:00;1.9;27.6;5.7;99;false
2026-01-02 22:01;1.9;27.6;;;false
2026-01-02 22:02;1.9;27.6;;;false
2026-01-02 22:03;1.9;27.6;;;false
2026-01-02 22:04;1.9;27.6;;;false
2026-01-02 22:05;1.9;27.6;;;false
2026-01-02 22:06;0.3;27.6;;;false
2026-01-02 22:07;2.0;27.8;;;false
2026-01-02 22:08;2.0;27.8;;;false
2026-01-02 22:09;2.0;27.8;;;false
2026-01-02 22:10;2.0;27.8;;;false
2026-01-02 22:11;2.0;27.8;;;false
2026-01-02 22:12;2.0;27.8;;;false
2026-01-02 22:13;0.0;27.8;;;false
2026-01-02 22:14;0.0;27.8;;;false
2026-01-02 22:15;0.0;27.8;5.8;99;false
2026-01-02 22:16;0.0;27.8;;;false
2026-01-02 22:17;0.0;27.8;;;false
2026-01-02 22:18;0.0;27.8;;;false
2026-01-02 22:19;0.0;27.8;;;false
2026-01-02 22:20;0.0;27.8;;;false
2026-01-02 22:21;0.0;27.8;;;false
2026-01-02 22:22;0.0;27.8;;;false
2026-01-02 22:23;1.5;27.8;;;false
2026-01-02 22:24;1.7;28.0;;;false
2026-01-02 22:25;1.7;28.0;;;false
2026-01-02 22:26;1.7;28.0;;;false
2026-01-02 22:27;1.7;28.0;;;false
2026-01-02 22:28;1.7;28.0;;;false
2026-01-02 22:29;1.7;28.0;;;false
2026-01-02 22:30;0.0;28.0;5.9;99;false
2026-01-02 22:31;0.0;28.0;;;false
2026-01-02 22:32;0.0;28.0;;;false
2026-01-02 22:33;0.0;28.0;;;false
2026-01-02 22:34;0.0;28.0;;;false
2026-01-02 22:35;0.0;28.0;;;false
2026-01-02 22:36;0.0;28.0;;;false
2026-01-02 22:37;0.0;28.0;;;false
2026-01-02 22:38;0.0;28.0;;;false
2026-01-02 22:39;0.0;28.0;;;false
2026-01-02 22:40;0.0;28.0;;;false
2026-01-02 22:41;0.0;28.0;;;false
2026-01-02 22:42;0.0;28.0;;;false
2026-01-02 22:43;0.0;28.0;;;false
2026-01-02 22:44;0.0;28.0;;;false
2026-01-02 22:45;0.0;28.0;5.9;99;false
2026-01-02 22:46;0.0;28.0;;;false
2026-01-02 22:47;0.0;28.0;;;false
2026-01-02 22:48;0.0;28.0;;;false
2026-01-02 22:49;0.0;28.0;;;false
2026-01-02 22:50;0.0;28.0;;;false
2026-01-02 22:51;0.0;28.0;;;false
2026-01-02 22:52;0.0;28.0;;;false
2026-01-02 22:53;0.0;28.0;;;false
2026-01-02 22:54;0.0;28.0;;;false
2026-01-02 22:55;1.5;28.0;;;false
2026-01-02 22:56;1.8;28.2;;;false
2026-01-02 22:57;1.8;28.2;;;false
2026-01-02 22:58;1.8;28.2;;;false
2026-01-02 22:59;1.8;28.2;;;false
2026-01-02 23:00;1.8;28.2;5.9;98;false
2026-01-02 23:01;1.8;28.2;;;false
2026-01-02 23:02;0.0;28.2;;;false
2026-01-02 23:03;0.0;28.2;;;false
2026-01-02 23:04;0.0;28.2;;;false
2026-01-02 23:05;0.0;28.2;;;false
2026-01-02 23:06;0.0;28.2;;;false
2026-01-02 23:07;0.0;28.2;;;false
2026-01-02 23:08;0.0;28.2;;;false
2026-01-02 23:09;0.0;28.2;;;false
2026-01-02 23:10;0.0;28.2;;;false
2026-01-02 23:11;0.0;28.2;;;false
2026-01-02 23:12;0.0;28.2;;;false
2026-01-02 23:13;0.0;28.2;;;false
2026-01-02 23:14;0.7;28.2;;;false
2026-01-02 23:15;1.9;28.4;5.9;98;false
2026-01-02 23:16;1.9;28.4;;;false
2026-01-02 23:17;1.9;28.4;;;false
2026-01-02 23:18;1.9;28.4;;;false
2026-01-02 23:19;1.9;28.4;;;false
2026-01-02 23:20;1.9;28.4;;;false
2026-01-02 23:21;0.0;28.4;;;false
2026-01-02 23:22;0.0;28.4;;;false
2026-01-02 23:23;0.0;28.4;;;false
2026-01-02 23:24;0.0;28.4;;;false
2026-01-02 23:25;0.0;28.4;;;false
2026-01-02 23:26;0.0;28.4;;;false
2026-01-02 23:27;0.0;28.4;;;false
2026-01-02 23:28;0.0;28.4;;;false
2026-01-02 23:29;0.0;28.4;;;false
2026-01-02 23:30;0.1;28.4;6.0;99;false
2026-01-02 23:31;2.0;28.6;;;false
2026-01-02 23:32;2.0;28.6;;;false
2026-01-02 23:33;2.0;28.6;;;false
2026-01-02 23:34;2.0;28.6;;;false
2026-01-02 23:35;2.0;28.6;;;false
2026-01-02 23:36;2.0;28.6;;;false
2026-01-02 23:37;0.0;28.6;;;false
2026-01-02 23:38;0.0;28.6;;;false
2026-01-02 23:39;0.0;28.6;;;false
2026-01-02 23:40;0.0;28.6;;;false
2026-01-02 23:41;0.0;28.6;;;false
2026-01-02 23:42;0.0;28.6;;;false
2026-01-02 23:43;0.0;28.6;;;false
2026-01-02 23:44;0.0;28.6;;;false
2026-01-02 23:45;0.0;28.6;6.1;99;false
2026-01-02 23:46;0.0;28.6;;;false
2026-01-02 23:47;0.0;28.6;;;false
2026-01-02 23:48;0.0;28.6;;;false
2026-01-02 23:49;0.0;28.6;;;false
2026-01-02 23:50;0.0;28.6;;;false
2026-01-02 23:51;0.0;28.6;;;false
2026-01-02 23:52;0.0;28.6;;;false
2026-01-02 23:53;0.0;28.6;;;false
2026-01-02 23:54;0.0;28.6;;;false
2026-01-02 23:55;0.0;28.6;;;false
2026-01-02 23:56;0.0;28.6;;;false
2026-01-02 23:57;0.0;28.6;;;false
2026-01-02 23:58;0.0;28.6;;;false
2026-01-02 23:59;0.0;28.6;;;false
2026-01-03 00:00;0.0;28.6;6.1;99;false
2026-01-03 00:01;0.0;28.6;;;false
2026-01-03 00:02;0.0;28.6;;;false
2026-01-03 00:03;0.0;28.6;;;false
2026-01-03 00:04;0.0;28.6;;;false
2026-01-03 00:05;0.0;28.6;;;false
2026-01-03 00:06;0.0;28.6;;;false
2026-01-03 00:07;0.0;28.6;;;false
2026-01-03 00:08;0.0;28.6;;;false
2026-01-03 00:09;0.0;28.6;;;false
2026-01-03 00:10;0.0;28.6;;;false
2026-01-03 00:11;0.0;28.6;;;false
2026-01-03 00:12;0.0;28.6;;;false
2026-01-03 00:13;0.4;28.6;;;false
2026-01-03 00:14;1.9;28.8;;;false
2026-01-03 00:15;1.9;28.8;6.1;99;false
2026-01-03 00:16;1.9;28.8;;;false
2026-01-03 00:17;1.9;28.8;;;false
2026-01-03 00:18;1.9;28.8;;;false
2026-01-03 00:19;1.9;28.8;;;false
2026-01-03 00:20;0.0;28.8;;;false
2026-01-03 00:21;0.0;28.8;;;false
2026-01-03 00:22;0.0;28.8;;;false
2026-01-03 00:23;1.5;28.8;;;false
2026-01-03 00:24;1.8;29.0;;;false
2026-01-03 00:25;1.8;29.0;;;false
2026-01-03 00:26;1.8;29.0;;;false
2026-01-03 00:27;1.8;29.0;;;false
2026-01-03 00:28;1.8;29.0;;;false
2026-01-03 00:29;1.8;29.0;;;false
2026-01-03 00:30;0.6;29.0;6.2;99;false
2026-01-03 00:31;3.2;29.2;;;false
2026-01-03 00:32;3.2;29.2;;;false
2026-01-03 00:33;3.2;29.2;;;false
2026-01-03 00:34;3.1;29.2;;;false
2026-01-03 00:35;3.0;29.4;;;false
2026-01-03 00:36;3.0;29.4;;;false
2026-01-03 00:37;3.0;29.4;;;false
2026-01-03 00:38;5.5;29.4;;;false
2026-01-03 00:39;8.7;29.6;;;false
2026-01-03 00:40;2.6;29.8;;;false
2026-01-03 00:41;2.6;29.8;;;false
2026-01-03 00:42;2.6;29.8;;;false
2026-01-03 00:43;2.6;29.8;;;false
2026-01-03 00:44;2.2;29.8;;;false
2026-01-03 00:45;1.8;30.0;6.2;99;false
2026-01-03 00:46;1.8;30.0;;;false
2026-01-03 00:47;1.8;30.0;;;false
2026-01-03 00:48;1.8;30.0;;;false
2026-01-03 00:49;1.8;30.0;;;false
2026-01-03 00:50;1.8;30.0;;;false
2026-01-03 00:51;0.0;30.0;;;false
2026-01-03 00:52;0.0;30.0;;;false
2026-01-03 00:53;0.0;30.0;;;false
2026-01-03 00:54;0.0;30.0;;;false
2026-01-03 00:55;0.0;30.0;;;false
2026-01-03 00:56;0.0;30.0;;;false
2026-01-03 00:57;0.0;30.0;;;false
2026-01-03 00:58;0.0;30.0;;;false
2026-01-03 00:59;0.0;30.0;;;false
2026-01-03 01:00;0.0;30.0;6.4;99;false
2026-01-03 01:01;0.0;30.0;;;false
2026-01-03 01:02;0.0;30.0;;;false
2026-01-03 01:03;0.0;30.0;;;false
2026-01-03 01:04;0.0;30.0;;;false
2026-01-03 01:05;0.0;30.0;;;false
2026-01-03 01:06;0.0;30.0;;;false
2026-01-03 01:07;0.0;30.0;;;false
2026-01-03 01:08;0.0;30.0;;;false
2026-01-03 01:09;0.0;30.0;;;false
2026-01-03 01:10;0.0;30.0;;;false
2026-01-03 01:11;0.0;30.0;;;false
2026-01-03 01:12;0.0;30.0;;;false
2026-01-03 01:13;0.0;30.0;;;false
2026-01-03 01:14;0.0;30.0;;;false
2026-01-03 01:15;0.0;30.0;6.4;99;false
2026-01-03 01:16;0.0;30.0;;;false
2026-01-03 01:17;0.0;30.0;;;false
2026-01-03 01:18;0.0;30.0;;;false
2026-01-03 01:19;0.0;30.0;;;false
2026-01-03 01:20;0.0;30.0;;;false
2026-01-03 01:21;0.0;30.0;;;false
2026-01-03 01:22;0.0;30.0;;;false
2026-01-03 01:23;0.0;30.0;;;false
2026-01-03 01:24;0.0;30.0;;;false
2026-01-03 01:25;0.0;30.0;;;false
2026-01-03 01:26;0.0;30.0;;;false
2026-01-03 01:27;0.0;30.0;;;false
2026-01-03 01:28;0.0;30.0;;;false
2026-01-03 01:29;0.0;30.0;;;false
2026-01-03 01:30;0.0;30.0;6.4;97;false
2026-01-03 01:31;0.0;30.0;;;false
2026-01-03 01:32;0.0;30.0;;;false
2026-01-03 01:33;0.0;30.0;;;false
2026-01-03 01:34;0.0;30.0;;;false
2026-01-03 01:35;0.0;30.0;;;false
2026-01-03 01:36;0.0;30.0;;;false
2026-01-03 01:37;0.0;30.0;;;false
2026-01-03 01:38;0.0;30.0;;;false
2026-01-03 01:39;0.0;30.0;;;false
2026-01-03 01:40;0.0;30.0;;;false
2026-01-03 01:41;0.0;30.0;;;false
2026-01-03 01:42;0.0;30.0;;;false
2026-01-03 01:43;0.0;30.0;;;false
2026-01-03 01:44;0.0;30.0;;;false
2026-01-03 01:45;0.0;30.0;6.2;97;false
2026-01-03 01:46;0.0;30.0;;;false
2026-01-03 01:47;0.0;30.0;;;false
2026-01-03 01:48;0.0;30.0;;;false
2026-01-03 01:49;0.0;30.0;;;false
2026-01-03 01:50;0.0;30.0;;;false
2026-01-03 01:51;0.0;30.0;;;false
2026-01-03 01:52;0.0;30.0;;;false
2026-01-03 01:53;0.0;30.0;;;false
2026-01-03 01:54;0.0;30.0;;;false
2026-01-03 01:55;0.0;30.0;;;false
2026-01-03 01:56;0.0;30.0;;;false
2026-01-03 01:57;0.0;30.0;;;false
2026-01-03 01:58;0.0;30.0;;;false
2026-01-03 01:59;0.0;30.0;;;false
2026-01-03 02:00;0.0;30.0;6.1;94;false
2026-01-03 02:01;0.0;30.0;;;false
2026-01-03 02:02;0.0;30.0;;;false
2026-01-03 02:03;0.0;30.0;;;false
2026-01-03 02:04;0.0;30.0;;;false
2026-01-03 02:05;0.0;30.0;;;false
2026-01-03 02:06;0.0;30.0;;;false
2026-01-03 02:07;0.0;30.0;;;false
2026-01-03 02:08;0.0;30.0;;;false
2026-01-03 02:09;0.0;30.0;;;false
2026-01-03 02:10;0.0;30.0;;;false
2026-01-03 02:11;0.0;30.0;;;false
2026-01-03 02:12;0.0;30.0;;;false
2026-01-03 02:13;0.0;30.0;;;false
2026-01-03 02:14;0.0;30.0;;;false
2026-01-03 02:15;0.0;30.0;6.3;93;false
2026-01-03 02:16;0.0;30.0;;;false
2026-01-03 02:17;0.0;30.0;;;false
2026-01-03 02:18;0.0;30.0;;;false
2026-01-03 02:19;0.0;30.0;;;false
2026-01-03 02:20;0.0;30.0;;;false
2026-01-03 02:21;0.0;30.0;;;false
2026-01-03 02:22;0.0;30.0;;;false
2026-01-03 02:23;0.0;30.0;;;false
2026-01-03 02:24;0.0;30.0;;;false
2026-01-03 02:25;0.0;30.0;;;false
2026-01-03 02:26;0.0;30.0;;;false
2026-01-03 02:27;0.0;30.0;;;false
2026-01-03 02:28;0.0;30.0;;;false
2026-01-03 02:29;0.0;30.0;;;false
2026-01-03 02:30;0.0;30.0;6.4;93;false
2026-01-03 02:31;0.0;30.0;;;false
2026-01-03 02:32;0.0;30.0;;;false
2026-01-03 02:33;0.0;30.0;;;false
2026-01-03 02:34;0.0;30.0;;;false
2026-01-03 02:35;0.0;30.0;;;false
2026-01-03 02:36;0.0;30.0;;;false
2026-01-03 02:37;0.0;30.0;;;false
2026-01-03 02:38;0.0;30.0;;;false
2026-01-03 02:39;0.0;30.0;;;false
2026-01-03 02:40;0.0;30.0;;;false
2026-01-03 02:41;0.0;30.0;;;false
2026-01-03 02:42;0.0;30.0;;;false
2026-01-03 02:43;0.0;30.0;;;false
2026-01-03 02:44;0.0;30.0;;;false
2026-01-03 02:45;0.0;30.0;6.3;94;false
2026-01-03 02:46;0.0;30.0;;;false
2026-01-03 02:47;0.0;30.0;;;false
2026-01-03 02:48;0.0;30.0;;;false
2026-01-03 02:49;0.0;30.0;;;false
2026-01-03 02:50;0.0;30.0;;;false
2026-01-03 02:51;0.0;30.0;;;false
2026-01-03 02:52;0.0;30.0;;;false
2026-01-03 02:53;0.0;30.0;;;false
2026-01-03 02:54;0.0;30.0;;;false
2026-01-03 02:55;0.0;30.0;;;false
2026-01-03 02:56;0.0;30.0;;;false
2026-01-03 02:57;0.0;30.0;;;false
2026-01-03 02:58;0.0;30.0;;;false
2026-01-03 02:59;0.0;30.0;;;false
2026-01-03 03:00;0.0;30.0;6.4;95;false
2026-01-03 03:01;0.0;30.0;;;false
2026-01-03 03:02;0.0;30.0;;;false
2026-01-03 03:03;0.0;30.0;;;false
2026-01-03 03:04;0.0;30.0;;;false
2026-01-03 03:05;0.0;30.0;;;false
2026-01-03 03:06;0.0;30.0;;;false
2026-01-03 03:07;0.0;30.0;;;false
2026-01-03 03:08;0.0;30.0;;;false
2026-01-03 03:09;0.0;30.0;;;false
2026-01-03 03:10;0.0;30.0;;;false
2026-01-03 03:11;0.0;30.0;;;false
2026-01-03 03:12;0.0;30.0;;;false
2026-01-03 03:13;0.0;30.0;;;false
2026-01-03 03:14;0.0;30.0;;;false
2026-01-03 03:15;0.0;30.0;6.3;95;false
2026-01-03 03:16;0.0;30.0;;;false
2026-01-03 03:17;0.0;30.0;;;false
2026-01-03 03:18;0.0;30.0;;;false
2026-01-03 03:19;0.0;30.0;;;false
2026-01-03 03:20;0.0;30.0;;;false
2026-01-03 03:21;0.0;30.0;;;false
2026-01-03 03:22;0.0;30.0;;;false
2026-01-03 03:23;0.0;30.0;;;false
2026-01-03 03:24;0.0;30.0;;;false
2026-01-03 03:25;0.0;30.0;;;false
2026-01-03 03:26;0.0;30.0;;;false
2026-01-03 03:27;0.0;30.0;;;false
2026-01-03 03:28;0.0;30.0;;;false
2026-01-03 03:29;0.0;30.0;;;false
2026-01-03 03:30;0.0;30.0;6.4;95;false
2026-01-03 03:31;0.0;30.0;;;false
2026-01-03 03:32;0.0;30.0;;;false
2026-01-03 03:33;0.0;30.0;;;false
2026-01-03 03:34;0.0;30.0;;;false
2026-01-03 03:35;0.0;30.0;;;false
2026-01-03 03:36;0.0;30.0;;;false
2026-01-03 03:37;0.0;30.0;;;false
2026-01-03 03:38;0.0;30.0;;;false
2026-01-03 03:39;0.0;30.0;;;false
2026-01-03 03:40;0.0;30.0;;;false
2026-01-03 03:41;0.0;30.0;;;false
2026-01-03 03:42;0.0;30.0;;;false
2026-01-03 03:43;0.0;30.0;;;false
2026-01-03 03:44;0.0;30.0;;;false
2026-01-03 03:45;0.0;30.0;6.4;94;false
2026-01-03 03:46;0.0;30.0;;;false
2026-01-03 03:47;0.0;30.0;;;false
2026-01-03 03:48;0.0;30.0;;;false
2026-01-03 03:49;0.0;30.0;;;false
2026-01-03 03:50;0.0;30.0;;;false
2026-01-03 03:51;0.0;30.0;;;false
2026-01-03 03:52;0.0;30.0;;;false
2026-01-03 03:53;0.0;30.0;;;false
2026-01-03 03:54;0.0;30.0;;;false
2026-01-03 03:55;0.0;30.0;;;false
2026-01-03 03:56;0.0;30.0;;;false
2026-01-03 03:57;0.0;30.0;;;false
2026-01-03 03:58;0.0;30.0;;;false
2026-01-03 03:59;0.0;30.0;;;false
2026-01-03 04:00;0.0;30.0;6.4;95;false
2026-01-03 04:01;0.0;30.0;;;false
2026-01-03 04:02;0.0;30.0;;;false
2026-01-03 04:03;0.0;30.0;;;false
2026-01-03 04:04;0.0;30.0;;;false
2026-01-03 04:05;0.0;30.0;;;false
2026-01-03 04:06;0.0;30.0;;;false
2026-01-03 04:07;0.0;30.0;;;false
2026-01-03 04:08;0.0;30.0;;;false
2026-01-03 04:09;0.0;30.0;;;false
2026-01-03 04:10;0.0;30.0;;;false
2026-01-03 04:11;0.0;30.0;;;false
2026-01-03 04:12;0.0;30.0;;;false
2026-01-03 04:13;0.0;30.0;;;false
2026-01-03 04:14;0.0;30.0;;;false
2026-01-03 04:15;0.0;30.0;6.3;96;false
2026-01-03 04:16;0.0;30.0;;;false
2026-01-03 04:17;0.0;30.0;;;false
2026-01-03 04:18;0.0;30.0;;;false
2026-01-03 04:19;0.0;30.0;;;false
2026-01-03 04:20;0.0;30.0;;;false
2026-01-03 04:21;0.0;30.0;;;false
2026-01-03 04:22;0.0;30.0;;;false
2026-01-03 04:23;0.0;30.0;;;false
2026-01-03 04:24;0.0;30.0;;;false
2026-01-03 04:25;0.0;30.0;;;false
2026-01-03 04:26;0.0;30.0;;;false
2026-01-03 04:27;0.0;30.0;;;false
2026-01-03 04:28;0.0;30.0;;;false
2026-01-03 04:29;0.0;30.0;;;false
2026-01-03 04:30;0.0;30.0;6.4;94;false
2026-01-03 04:31;0.0;30.0;;;false
2026-01-03 04:32;0.0;30.0;;;false
2026-01-03 04:33;0.0;30.0;;;false
2026-01-03 04:34;0.0;30.0;;;false
2026-01-03 04:35;0.0;30.0;;;false
2026-01-03 04:36;0.0;30.0;;;false
2026-01-03 04:37;0.0;30.0;;;false
2026-01-03 04:38;0.0;30.0;;;false
2026-01-03 04:39;0.0;30.0;;;false
2026-01-03 04:40;0.0;30.0;;;false
2026-01-03 04:41;0.0;30.0;;;false
2026-01-03 04:42;0.0;30.0;;;false
2026-01-03 04:43;0.0;30.0;;;false
2026-01-03 04:44;0.0;30.0;;;false
2026-01-03 04:45;0.0;30.0;6.5;92;false
2026-01-03 04:46;0.0;30.0;;;false
2026-01-03 04:47;0.0;30.0;;;false
2026-01-03 04:48;0.0;30.0;;;false
2026-01-03 04:49;0.0;30.0;;;false
2026-01-03 04:50;0.0;30.0;;;false
2026-01-03 04:51;0.0;30.0;;;false
2026-01-03 04:52;0.0;30.0;;;false
2026-01-03 04:53;0.0;30.0;;;false
2026-01-03 04:54;0.0;30.0;;;false
2026-01-03 04:55;0.0;30.0;;;false
2026-01-03 04:56;0.0;30.0;;;false
2026-01-03 04:57;0.0;30.0;;;false
2026-01-03 04:58;0.0;30.0;;;false
2026-01-03 04:59;3.2;30.0;;;false
2026-01-03 05:00;3.4;30.2;6.6;94;false
2026-01-03 05:01;3.4;30.2;;;false
2026-01-03 05:02;3.3;30.2;;;false
2026-01-03 05:03;3.1;30.4;;;false
2026-01-03 05:04;3.1;30.4;;;false
2026-01-03 05:05;3.1;30.4;;;false
2026-01-03 05:06;3.9;30.4;;;false
2026-01-03 05:07;4.5;30.6;;;false
2026-01-03 05:08;4.5;30.6;;;false
2026-01-03 05:09;2.0;30.6;;;false
2026-01-03 05:10;1.7;30.8;;;false
2026-01-03 05:11;1.7;30.8;;;false
2026-01-03 05:12;1.7;30.8;;;false
2026-01-03 05:13;1.7;30.8;;;false
2026-01-03 05:14;1.7;30.8;;;false
2026-01-03 05:15;1.7;30.8;6.3;97;false
2026-01-03 05:16;0.0;30.8;;;false
2026-01-03 05:17;0.0;30.8;;;false
2026-01-03 05:18;0.0;30.8;;;false
2026-01-03 05:19;0.0;30.8;;;false
2026-01-03 05:20;0.0;30.8;;;false
2026-01-03 05:21;0.0;30.8;;;false
2026-01-03 05:22;0.0;30.8;;;false
2026-01-03 05:23;0.0;30.8;;;false
2026-01-03 05:24;0.0;30.8;;;false
2026-01-03 05:25;0.0;30.8;;;false
2026-01-03 05:26;0.0;30.8;;;false
2026-01-03 05:27;0.0;30.8;;;false
2026-01-03 05:28;0.0;30.8;;;false
2026-01-03 05:29;0.0;30.8;;;false
2026-01-03 05:30;1.4;30.8;6.4;94;false
2026-01-03 05:31;1.8;31.0;;;false
2026-01-03 05:32;1.8;31.0;;;false
2026-01-03 05:33;1.8;31.0;;;false
2026-01-03 05:34;1.8;31.0;;;false
2026-01-03 05:35;1.8;31.0;;;false
2026-01-03 05:36;1.8;31.0;;;false
2026-01-03 05:37;0.0;31.0;;;false
2026-01-03 05:38;0.0;31.0;;;false
2026-01-03 05:39;0.0;31.0;;;false
2026-01-03 05:40;0.0;31.0;;;false
2026-01-03 05:41;0.0;31.0;;;false
2026-01-03 05:42;0.0;31.0;;;false
2026-01-03 05:43;0.0;31.0;;;false
2026-01-03 05:44;0.0;31.0;;;false
2026-01-03 05:45;0.0;31.0;6.3;95;false
2026-01-03 05:46;1.6;31.0;;;false
2026-01-03 05:47;2.1;31.2;;;false
2026-01-03 05:48;2.1;31.2;;;false
2026-01-03 05:49;2.1;31.2;;;false
2026-01-03 05:50;2.1;31.2;;;false
2026-01-03 05:51;2.1;31.2;;;false
2026-01-03 05:52;2.0;31.4;;;false
2026-01-03 05:53;2.0;31.4;;;false
2026-01-03 05:54;2.0;31.4;;;false
2026-01-03 05:55;2.0;31.4;;;false
2026-01-03 05:56;2.0;31.4;;;false
2026-01-03 05:57;2.0;31.4;;;false
2026-01-03 05:58;0.1;31.4;;;false
2026-01-03 05:59;2.6;31.6;;;false
2026-01-03 06:00;2.6;31.6;6.3;96;false
2026-01-03 06:01;2.6;31.6;;;false
2026-01-03 06:02;2.6;31.6;;;false
2026-01-03 06:03;3.8;31.6;;;false
2026-01-03 06:04;6.2;31.8;;;false
2026-01-03 06:05;5.7;31.8;;;false
2026-01-03 06:06;5.0;32.0;;;false
2026-01-03 06:07;5.0;32.0;;;false
2026-01-03 06:08;4.6;32.2;;;false
2026-01-03 06:09;4.6;32.2;;;false
2026-01-03 06:10;4.6;32.2;;;false
2026-01-03 06:11;4.7;32.4;;;false
2026-01-03 06:12;4.7;32.4;;;false
2026-01-03 06:13;4.7;32.4;;;false
2026-01-03 06:14;4.7;32.6;;;false
2026-01-03 06:15;4.6;32.6;6.1;98;false
2026-01-03 06:16;4.5;32.8;;;false
2026-01-03 06:17;4.5;32.8;;;false
2026-01-03 06:18;4.1;32.8;;;false
2026-01-03 06:19;3.9;33.0;;;false
2026-01-03 06:20;3.9;33.0;;;false
2026-01-03 06:21;3.5;33.0;;;false
2026-01-03 06:22;3.2;33.2;;;false
2026-01-03 06:23;3.2;33.2;;;false
2026-01-03 06:24;3.2;33.2;;;false
2026-01-03 06:25;2.6;33.2;;;false
2026-01-03 06:26;2.4;33.4;;;false
2026-01-03 06:27;2.4;33.4;;;false
2026-01-03 06:28;2.4;33.4;;;false
2026-01-03 06:29;2.4;33.4;;;false
2026-01-03 06:30;1.9;33.4;6.2;99;false
2026-01-03 06:31;1.8;33.6;;;false
2026-01-03 06:32;1.8;33.6;;;false
2026-01-03 06:33;1.8;33.6;;;false
2026-01-03 06:34;1.8;33.6;;;false
2026-01-03 06:35;1.8;33.6;;;false
2026-01-03 06:36;1.8;33.6;;;false
2026-01-03 06:37;1.5;33.6;;;false
2026-01-03 06:38;1.8;33.8;;;false
2026-01-03 06:39;1.8;33.8;;;false
2026-01-03 06:40;1.8;33.8;;;false
2026-01-03 06:41;1.8;33.8;;;false
2026-01-03 06:42;1.8;33.8;;;false
2026-01-03 06:43;1.8;33.8;;;false
2026-01-03 06:44;0.0;33.8;;;false
2026-01-03 06:45;0.0;33.8;6.3;99;false
2026-01-03 06:46;0.6;33.8;;;false
2026-01-03 06:47;1.9;34.0;;;false
2026-01-03 06:48;1.9;34.0;;;false
2026-01-03 06:49;1.9;34.0;;;false
2026-01-03 06:50;1.9;34.0;;;false
2026-01-03 06:51;1.9;34.0;;;false
2026-01-03 06:52;1.9;34.0;;;false
2026-01-03 06:53;0.0;34.0;;;false
2026-01-03 06:54;0.0;34.0;;;false
2026-01-03 06:55;0.0;34.0;;;false
2026-01-03 06:56;0.0;34.0;;;false
2026-01-03 06:57;0.0;34.0;;;false
2026-01-03 06:58;0.0;34.0;;;false
2026-01-03 06:59;0.0;34.0;;;false
2026-01-03 07:00;0.0;34.0;6.4;99;false
2026-01-03 07:01;0.0;34.0;;;false
2026-01-03 07:02;0.0;34.0;;;false
2026-01-03 07:03;0.0;34.0;;;false
2026-01-03 07:04;0.0;34.0;;;false
2026-01-03 07:05;0.0;34.0;;;false
2026-01-03 07:06;0.0;34.0;;;false
2026-01-03 07:07;0.0;34.0;;;false
2026-01-03 07:08;0.0;34.0;;;false
2026-01-03 07:09;0.0;34.0;;;false
2026-01-03 07:10;0.0;34.0;;;false
2026-01-03 07:11;0.0;34.0;;;false
2026-01-03 07:12;0.0;34.0;;;false
2026-01-03 07:13;0.0;34.0;;;false
2026-01-03 07:14;0.0;34.0;;;false
2026-01-03 07:15;0.0;34.0;6.3;99;false
2026-01-03 07:16;0.0;34.0;;;false
2026-01-03 07:17;0.0;34.0;;;false
2026-01-03 07:18;0.0;34.0;;;false
2026-01-03 07:19;0.0;34.0;;;false
2026-01-03 07:20;0.0;34.0;;;false
2026-01-03 07:21;0.0;34.0;;;false
2026-01-03 07:22;0.0;34.0;;;false
2026-01-03 07:23;0.0;34.0;;;false
2026-01-03 07:24;0.0;34.0;;;false
2026-01-03 07:25;0.0;34.0;;;false
2026-01-03 07:26;0.0;34.0;;;false
2026-01-03 07:27;0.0;34.0;;;false
2026-01-03 07:28;0.0;34.0;;;false
2026-01-03 07:29;0.0;34.0;;;false
2026-01-03 07:30;0.0;34.0;6.1;99;false
2026-01-03 07:31;0.0;34.0;;;false
2026-01-03 07:32;0.0;34.0;;;false
2026-01-03 07:33;0.0;34.0;;;false
2026-01-03 07:34;0.0;34.0;;;false
2026-01-03 07:35;0.0;34.0;;;false
2026-01-03 07:36;0.0;34.0;;;false
2026-01-03 07:37;0.0;34.0;;;false
2026-01-03 07:38;0.0;34.0;;;false
2026-01-03 07:39;0.0;34.0;;;false
2026-01-03 07:40;0.0;34.0;;;false
2026-01-03 07:41;0.0;34.0;;;false
2026-01-03 07:42;0.0;34.0;;;false
2026-01-03 07:43;0.0;34.0;;;false
2026-01-03 07:44;0.0;34.0;;;false
2026-01-03 07:45;0.0;34.0;6.2;95;false
2026-01-03 07:46;0.0;34.0;;;false
2026-01-03 07:47;0.0;34.0;;;false
2026-01-03 07:48;0.0;34.0;;;false
2026-01-03 07:49;0.0;34.0;;;false
2026-01-03 07:50;0.0;34.0;;;false
2026-01-03 07:51;0.0;34.0;;;false
2026-01-03 07:52;0.0;34.0;;;false
2026-01-03 07:53;0.0;34.0;;;false
2026-01-03 07:54;1.4;34.0;;;false
2026-01-03 07:55;1.8;34.2;;;false
2026-01-03 07:56;1.8;34.2;;;false
2026-01-03 07:57;1.8;34.2;;;false
2026-01-03 07:58;1.8;34.2;;;false
2026-01-03 07:59;1.8;34.2;;;false
2026-01-03 08:00;1.8;34.2;6.2;95;false
2026-01-03 08:01;0.0;34.2;;;false
2026-01-03 08:02;0.0;34.2;;;false
2026-01-03 08:03;0.0;34.2;;;false
2026-01-03 08:04;0.0;34.2;;;false
2026-01-03 08:05;0.0;34.2;;;false
2026-01-03 08:06;0.0;34.2;;;false
2026-01-03 08:07;0.0;34.2;;;false
2026-01-03 08:08;0.0;34.2;;;false
2026-01-03 08:09;0.0;34.2;;;false
2026-01-03 08:10;0.0;34.2;;;false
2026-01-03 08:11;0.0;34.2;;;false
2026-01-03 08:12;0.0;34.2;;;false
2026-01-03 08:13;0.0;34.2;;;false
2026-01-03 08:14;0.0;34.2;;;false
2026-01-03 08:15;0.0;34.2;6.7;92;false
2026-01-03 08:16;0.0;34.2;;;false
2026-01-03 08:17;0.0;34.2;;;false
2026-01-03 08:18;0.0;34.2;;;false
2026-01-03 08:19;0.0;34.2;;;false
2026-01-03 08:20;0.0;34.2;;;false
2026-01-03 08:21;0.0;34.2;;;false
2026-01-03 08:22;0.0;34.2;;;false
2026-01-03 08:23;0.0;34.2;;;false
2026-01-03 08:24;0.0;34.2;;;false
2026-01-03 08:25;0.0;34.2;;;false
2026-01-03 08:26;0.0;34.2;;;false
2026-01-03 08:27;0.0;34.2;;;false
2026-01-03 08:28;0.0;34.2;;;false
2026-01-03 08:29;0.0;34.2;;;false
2026-01-03 08:30;0.0;34.2;6.7;93;false
2026-01-03 08:31;0.0;34.2;;;false
2026-01-03 08:32;0.0;34.2;;;false
2026-01-03 08:33;0.0;34.2;;;false
2026-01-03 08:34;0.0;34.2;;;false
2026-01-03 08:35;0.0;34.2;;;false
2026-01-03 08:36;0.0;34.2;;;false
2026-01-03 08:37;0.0;34.2;;;false
2026-01-03 08:38;0.0;34.2;;;false
2026-01-03 08:39;0.0;34.2;;;false
2026-01-03 08:40;0.0;34.2;;;false
2026-01-03 08:41;0.0;34.2;;;false
2026-01-03 08:42;0.0;34.2;;;false
2026-01-03 08:43;0.0;34.2;;;false
2026-01-03 08:44;0.0;34.2;;;false
2026-01-03 08:45;0.0;34.2;7.4;90;false
2026-01-03 08:46;0.0;34.2;;;false
2026-01-03 08:47;0.0;34.2;;;false
2026-01-03 08:48;0.0;34.2;;;false
2026-01-03 08:49;0.0;34.2;;;false
2026-01-03 08:50;0.0;34.2;;;false
2026-01-03 08:51;0.0;34.2;;;false
2026-01-03 08:52;0.0;34.2;;;false
2026-01-03 08:53;0.0;34.2;;;false
2026-01-03 08:54;0.0;34.2;;;false
2026-01-03 08:55;0.0;34.2;;;false
2026-01-03 08:56;0.0;34.2;;;false
2026-01-03 08:57;0.0;34.2;;;false
2026-01-03 08:58;0.0;34.2;;;false
2026-01-03 08:59;0.0;34.2;;;false
2026-01-03 09:00;0.0;34.2;8.0;89;false
2026-01-03 09:01;0.0;34.2;;;false
2026-01-03 09:02;0.0;34.2;;;false
2026-01-03 09:03;0.0;34.2;;;false
2026-01-03 09:04;0.0;34.2;;;false
2026-01-03 09:05;0.0;34.2;;;false
2026-01-03 09:06;0.0;34.2;;;false
2026-01-03 09:07;0.0;34.2;;;false
2026-01-03 09:08;0.0;34.2;;;false
2026-01-03 09:09;0.0;34.2;;;false
2026-01-03 09:10;0.0;34.2;;;false
2026-01-03 09:11;0.0;34.2;;;false
2026-01-03 09:12;0.0;34.2;;;false
2026-01-03 09:13;0.0;34.2;;;false
2026-01-03 09:14;0.0;34.2;;;false
2026-01-03 09:15;0.0;34.2;8.0;90;false
2026-01-03 09:16;0.0;34.2;;;false
2026-01-03 09:17;0.0;34.2;;;false
2026-01-03 09:18;0.0;34.2;;;false
2026-01-03 09:19;0.0;34.2;;;false
2026-01-03 09:20;0.0;34.2;;;false
2026-01-03 09:21;0.0;34.2;;;false
2026-01-03 09:22;0.0;34.2;;;false
2026-01-03 09:23;0.0;34.2;;;false
2026-01-03 09:24;0.0;34.2;;;false
2026-01-03 09:25;0.0;34.2;;;false
2026-01-03 09:26;0.0;34.2;;;false
2026-01-03 09:27;0.0;34.2;;;false
2026-01-03 09:28;0.0;34.2;;;false
2026-01-03 09:29;0.0;34.2;;;false
2026-01-03 09:30;0.0;34.2;7.6;92;false
2026-01-03 09:31;0.0;34.2;;;false
2026-01-03 09:32;0.0;34.2;;;false
2026-01-03 09:33;0.0;34.2;;;false
2026-01-03 09:34;0.0;34.2;;;false
2026-01-03 09:35;0.0;34.2;;;false
2026-01-03 09:36;0.0;34.2;;;false
2026-01-03 09:37;0.0;34.2;;;false
2026-01-03 09:38;0.0;34.2;;;false
2026-01-03 09:39;0.0;34.2;;;false
2026-01-03 09:40;0.0;34.2;;;false
2026-01-03 09:41;0.0;34.2;;;false
2026-01-03 09:42;0.0;34.2;;;false
2026-01-03 09:43;0.0;34.2;;;false
2026-01-03 09:44;0.0;34.2;;;false
2026-01-03 09:45;0.0;34.2;7.9;93;false
2026-01-03 09:46;0.0;34.2;;;false
2026-01-03 09:47;0.0;34.2;;;false
2026-01-03 09:48;0.0;34.2;;;false
2026-01-03 09:49;0.0;34.2;;;false
2026-01-03 09:50;0.0;34.2;;;false
2026-01-03 09:51;0.0;34.2;;;false
2026-01-03 09:52;0.0;34.2;;;false
2026-01-03 09:53;0.0;34.2;;;false
2026-01-03 09:54;0.0;34.2;;;false
2026-01-03 09:55;0.0;34.2;;;false
2026-01-03 09:56;0.0;34.2;;;false
2026-01-03 09:57;0.0;34.2;;;false
2026-01-03 09:58;0.0;34.2;;;false
2026-01-03 09:59;0.0;34.2;;;false
2026-01-03 10:00;0.0;34.2;8.5;85;false
2026-01-03 10:01;0.0;34.2;;;false
2026-01-03 10:02;0.0;34.2;;;false
2026-01-03 10:03;0.0;34.2;;;false
2026-01-03 10:04;0.0;34.2;;;false
2026-01-03 10:05;0.0;34.2;;;false
2026-01-03 10:06;0.0;34.2;;;false
2026-01-03 10:07;0.0;34.2;;;false
2026-01-03 10:08;0.0;34.2;;;false
2026-01-03 10:09;0.0;34.2;;;false
2026-01-03 10:10;0.0;34.2;;;false
2026-01-03 10:11;0.0;34.2;;;false
2026-01-03 10:12;0.0;34.2;;;false
2026-01-03 10:13;0.0;34.2;;;false
2026-01-03 10:14;0.0;34.2;;;false
2026-01-03 10:15;0.0;34.2;9.0;80;false
2026-01-03 10:16;0.0;34.2;;;false
2026-01-03 10:17;0.0;34.2;;;false
2026-01-03 10:18;0.0;34.2;;;false
2026-01-03 10:19;0.0;34.2;;;false
2026-01-03 10:20;0.0;34.2;;;false
2026-01-03 10:21;0.0;34.2;;;false
2026-01-03 10:22;0.0;34.2;;;false
2026-01-03 10:23;0.0;34.2;;;false
2026-01-03 10:24;0.0;34.2;;;false
2026-01-03 10:25;0.0;34.2;;;false
2026-01-03 10:26;0.0;34.2;;;false
2026-01-03 10:27;0.0;34.2;;;false
2026-01-03 10:28;0.0;34.2;;;false
2026-01-03 10:29;0.0;34.2;;;false
2026-01-03 10:30;0.0;34.2;9.5;77;false
2026-01-03 10:31;0.0;34.2;;;false
2026-01-03 10:32;0.0;34.2;;;false
2026-01-03 10:33;0.0;34.2;;;false
2026-01-03 10:34;0.0;34.2;;;false
2026-01-03 10:35;0.0;34.2;;;false
2026-01-03 10:36;0.0;34.2;;;false
2026-01-03 10:37;0.0;34.2;;;false
2026-01-03 10:38;0.0;34.2;;;false
2026-01-03 10:39;0.0;34.2;;;false
2026-01-03 10:40;0.0;34.2;;;false
2026-01-03 10:41;0.0;34.2;;;false
2026-01-03 10:42;0.0;34.2;;;false
2026-01-03 10:43;0.0;34.2;;;false
2026-01-03 10:44;0.0;34.2;;;false
2026-01-03 10:45;0.0;34.2;9.6;79;false
2026-01-03 10:46;0.0;34.2;;;false
2026-01-03 10:47;0.0;34.2;;;false
2026-01-03 10:48;0.0;34.2;;;false
2026-01-03 10:49;0.0;34.2;;;false
2026-01-03 10:50;0.0;34.2;;;false
2026-01-03 10:51;0.0;34.2;;;false
2026-01-03 10:52;0.0;34.2;;;false
2026-01-03 10:53;0.0;34.2;;;false
2026-01-03 10:54;0.0;34.2;;;false
2026-01-03 10:55;0.0;34.2;;;false
2026-01-03 10:56;0.0;34.2;;;false
2026-01-03 10:57;0.0;34.2;;;false
2026-01-03 10:58;0.0;34.2;;;false
2026-01-03 10:59;0.0;34.2;;;false
2026-01-03 11:00;0.0;34.2;9.8;82;false
2026-01-03 11:01;0.0;34.2;;;false
2026-01-03 11:02;0.0;34.2;;;false
2026-01-03 11:03;0.0;34.2;;;false
2026-01-03 11:04;0.0;34.2;;;false
2026-01-03 11:05;0.0;34.2;;;false
2026-01-03 11:06;0.0;34.2;;;false
2026-01-03 11:07;0.0;34.2;;;false
2026-01-03 11:08;0.0;34.2;;;false
2026-01-03 11:09;0.0;34.2;;;false
2026-01-03 11:10;0.0;34.2;;;false
2026-01-03 11:11;0.0;34.2;;;false
2026-01-03 11:12;0.0;34.2;;;false
2026-01-03 11:13;0.0;34.2;;;false
2026-01-03 11:14;0.0;34.2;;;false
2026-01-03 11:15;0.0;34.2;10.3;79;false
2026-01-03 11:16;0.0;34.2;;;false
2026-01-03 11:17;0.0;34.2;;;false
2026-01-03 11:18;0.0;34.2;;;false
2026-01-03 11:19;0.0;34.2;;;false
2026-01-03 11:20;0.0;34.2;;;false
2026-01-03 11:21;0.0;34.2;;;false
2026-01-03 11:22;0.0;34.2;;;false
2026-01-03 11:23;0.0;34.2;;;false
2026-01-03 11:24;0.0;34.2;;;false
2026-01-03 11:25;0.0;34.2;;;false
2026-01-03 11:26;0.0;34.2;;;false
2026-01-03 11:27;0.0;34.2;;;false
2026-01-03 11:28;0.0;34.2;;;false
2026-01-03 11:29;0.0;34.2;;;false
2026-01-03 11:30;0.0;34.2;8.9;85;false
2026-01-03 11:31;0.0;34.2;;;false
2026-01-03 11:32;0.0;34.2;;;false
2026-01-03 11:33;0.0;34.2;;;false
2026-01-03 11:34;0.0;34.2;;;false
2026-01-03 11:35;0.0;34.2;;;false
2026-01-03 11:36;0.0;34.2;;;false
2026-01-03 11:37;0.0;34.2;;;false
2026-01-03 11:38;0.0;34.2;;;false
2026-01-03 11:39;0.0;34.2;;;false
2026-01-03 11:40;0.0;34.2;;;false
2026-01-03 11:41;0.0;34.2;;;false
2026-01-03 11:42;0.0;34.2;;;false
2026-01-03 11:43;0.0;34.2;;;false
2026-01-03 11:44;0.0;34.2;;;false
2026-01-03 11:45;0.0;34.2;8.8;86;false
2026-01-03 11:46;0.0;34.2;;;false
2026-01-03 11:47;0.0;34.2;;;false
2026-01-03 11:48;0.0;34.2;;;false
2026-01-03 11:49;0.0;34.2;;;false
2026-01-03 11:50;0.0;34.2;;;false
2026-01-03 11:51;0.0;34.2;;;false
2026-01-03 11:52;0.0;34.2;;;false
2026-01-03 11:53;0.0;34.2;;;false
2026-01-03 11:54;0.0;34.2;;;false
2026-01-03 11:55;0.0;34.2;;;false
2026-01-03 11:56;0.0;34.2;;;false
2026-01-03 11:57;0.0;34.2;;;false
2026-01-03 11:58;0.0;34.2;;;false
2026-01-03 11:59;0.0;34.2;;;false
2026-01-03 12:00;0.0;34.2;9.1;86;false
2026-01-03 12:01;0.0;34.2;;;false
2026-01-03 12:02;0.0;34.2;;;false
2026-01-03 12:03;0.0;34.2;;;false
2026-01-03 12:04;0.0;34.2;;;false
2026-01-03 12:05;0.0;34.2;;;false
2026-01-03 12:06;0.0;34.2;;;false
2026-01-03 12:07;0.0;34.2;;;false
2026-01-03 12:08;0.0;34.2;;;false
2026-01-03 12:09;0.0;34.2;;;false
2026-01-03 12:10;0.0;34.2;;;false
2026-01-03 12:11;0.0;34.2;;;false
2026-01-03 12:12;0.0;34.2;;;false
2026-01-03 12:13;0.0;34.2;;;false
2026-01-03 12:14;0.0;34.2;;;false
2026-01-03 12:15;0.0;34.2;9.4;82;false
2026-01-03 12:16;0.0;34.2;;;false
2026-01-03 12:17;0.0;34.2;;;false
2026-01-03 12:18;0.0;34.2;;;false
2026-01-03 12:19;0.0;34.2;;;false
2026-01-03 12:20;0.0;34.2;;;false
2026-01-03 12:21;0.0;34.2;;;false
2026-01-03 12:22;0.0;34.2;;;false
2026-01-03 12:23;0.0;34.2;;;false
2026-01-03 12:24;0.0;34.2;;;false
2026-01-03 12:25;0.0;34.2;;;false
2026-01-03 12:26;0.0;34.2;;;false
2026-01-03 12:27;0.0;34.2;;;false
2026-01-03 12:28;0.0;34.2;;;false
2026-01-03 12:29;0.0;34.2;;;false
2026-01-03 12:30;0.0;34.2;9.1;85;false
2026-01-03 12:31;0.0;34.2;;;false
2026-01-03 12:32;0.0;34.2;;;false
2026-01-03 12:33;0.0;34.2;;;false
2026-01-03 12:34;0.0;34.2;;;false
2026-01-03 12:35;0.0;34.2;;;false
2026-01-03 12:36;0.0;34.2;;;false
2026-01-03 12:37;0.0;34.2;;;false
2026-01-03 12:38;0.0;34.2;;;false
2026-01-03 12:39;0.0;34.2;;;false
2026-01-03 12:40;0.0;34.2;;;false
2026-01-03 12:41;0.0;34.2;;;false
2026-01-03 12:42;0.0;34.2;;;false
2026-01-03 12:43;0.0;34.2;;;false
2026-01-03 12:44;0.0;34.2;;;false
2026-01-03 12:45;0.0;34.2;8.9;85;false
2026-01-03 12:46;0.0;34.2;;;false
2026-01-03 12:47;0.0;34.2;;;false
2026-01-03 12:48;0.0;34.2;;;false
2026-01-03 12:49;0.0;34.2;;;false
2026-01-03 12:50;0.0;34.2;;;false
2026-01-03 12:51;0.0;34.2;;;false
2026-01-03 12:52;0.0;34.2;;;false
2026-01-03 12:53;0.0;34.2;;;false
2026-01-03 12:54;0.0;34.2;;;false
2026-01-03 12:55;0.0;34.2;;;false
2026-01-03 12:56;0.0;34.2;;;false
2026-01-03 12:57;0.0;34.2;;;false
2026-01-03 12:58;0.0;34.2;;;false
2026-01-03 12:59;0.0;34.2;;;false
2026-01-03 13:00;0.0;34.2;8.6;85;false
2026-01-03 13:01;0.0;34.2;;;false
2026-01-03 13:02;0.0;34.2;;;false
2026-01-03 13:03;0.0;34.2;;;false
2026-01-03 13:04;0.0;34.2;;;false
2026-01-03 13:05;0.0;34.2;;;false
2026-01-03 13:06;0.0;34.2;;;false
2026-01-03 13:07;0.0;34.2;;;false
2026-01-03 13:08;0.0;34.2;;;false
2026-01-03 13:09;0.0;34.2;;;false
2026-01-03 13:10;0.0;34.2;;;false
2026-01-03 13:11;0.0;34.2;;;false
2026-01-03 13:12;0.0;34.2;;;false
2026-01-03 13:13;0.0;34.2;;;false
2026-01-03 13:14;0.0;34.2;;;false
2026-01-03 13:15;0.0;34.2;8.5;85;false
2026-01-03 13:16;0.0;34.2;;;false
2026-01-03 13:17;0.0;34.2;;;false
2026-01-03 13:18;0.0;34.2;;;false
2026-01-03 13:19;0.0;34.2;;;false
2026-01-03 13:20;0.0;34.2;;;false
2026-01-03 13:21;0.0;34.2;;;false
2026-01-03 13:22;0.0;34.2;;;false
2026-01-03 13:23;0.0;34.2;;;false
2026-01-03 13:24;0.0;34.2;;;false
2026-01-03 13:25;0.0;34.2;;;false
2026-01-03 13:26;0.0;34.2;;;false
2026-01-03 13:27;0.0;34.2;;;false
2026-01-03 13:28;0.0;34.2;;;false
2026-01-03 13:29;0.0;34.2;;;false
2026-01-03 13:30;0.0;34.2;8.4;86;false
2026-01-03 13:31;0.0;34.2;;;false
2026-01-03 13:32;0.0;34.2;;;false
2026-01-03 13:33;0.0;34.2;;;false
2026-01-03 13:34;0.0;34.2;;;false
2026-01-03 13:35;0.0;34.2;;;false
2026-01-03 13:36;0.0;34.2;;;false
2026-01-03 13:37;0.0;34.2;;;false
2026-01-03 13:38;0.0;34.2;;;false
2026-01-03 13:39;0.0;34.2;;;false
2026-01-03 13:40;0.0;34.2;;;false
2026-01-03 13:41;0.0;34.2;;;false
2026-01-03 13:42;0.0;34.2;;;false
2026-01-03 13:43;0.0;34.2;;;false
2026-01-03 13:44;0.0;34.2;;;false
2026-01-03 13:45;0.0;34.2;8.2;91;false
2026-01-03 13:46;0.0;34.2;;;false
2026-01-03 13:47;0.0;34.2;;;false
2026-01-03 13:48;0.0;34.2;;;false
2026-01-03 13:49;0.0;34.2;;;false
2026-01-03 13:50;0.0;34.2;;;false
2026-01-03 13:51;0.0;34.2;;;false
2026-01-03 13:52;0.0;34.2;;;false
2026-01-03 13:53;0.0;34.2;;;false
2026-01-03 13:54;0.0;34.2;;;false
2026-01-03 13:55;0.0;34.2;;;false
2026-01-03 13:56;0.0;34.2;;;false
2026-01-03 13:57;0.0;34.2;;;false
2026-01-03 13:58;0.0;34.2;;;false
2026-01-03 13:59;0.0;34.2;;;false
2026-01-03 14:00;0.0;34.2;8.1;90;false
2026-01-03 14:01;0.0;34.2;;;false
2026-01-03 14:02;0.0;34.2;;;false
2026-01-03 14:03;0.0;34.2;;;false
2026-01-03 14:04;0.0;34.2;;;false
2026-01-03 14:05;0.0;34.2;;;false
2026-01-03 14:06;0.0;34.2;;;false
2026-01-03 14:07;0.0;34.2;;;false
2026-01-03 14:08;0.0;34.2;;;false
2026-01-03 14:09;0.0;34.2;;;false
2026-01-03 14:10;0.0;34.2;;;false
2026-01-03 14:11;0.0;34.2;;;false
2026-01-03 14:12;0.0;34.2;;;false
2026-01-03 14:13;0.0;34.2;;;false
2026-01-03 14:14;0.0;34.2;;;false
2026-01-03 14:15;0.0;34.2;8.1;91;false
2026-01-03 14:16;0.0;34.2;;;false
2026-01-03 14:17;0.0;34.2;;;false
2026-01-03 14:18;0.0;34.2;;;false
2026-01-03 14:19;0.0;34.2;;;false
2026-01-03 14:20;0.0;34.2;;;false
2026-01-03 14:21;0.0;34.2;;;false
2026-01-03 14:22;0.0;34.2;;;false
2026-01-03 14:23;0.0;34.2;;;false
2026-01-03 14:24;0.0;34.2;;;false
2026-01-03 14:25;0.0;34.2;;;false
2026-01-03 14:26;0.0;34.2;;;false
2026-01-03 14:27;0.0;34.2;;;false
2026-01-03 14:28;0.0;34.2;;;false
2026-01-03 14:29;0.0;34.2;;;false
2026-01-03 14:30;0.0;34.2;8.3;85;false
2026-01-03 14:31;0.0;34.2;;;false
2026-01-03 14:32;0.0;34.2;;;false
2026-01-03 14:33;0.0;34.2;;;false
2026-01-03 14:34;0.0;34.2;;;false
2026-01-03 14:35;0.0;34.2;;;false
2026-01-03 14:36;0.0;34.2;;;false
2026-01-03 14:37;0.0;34.2;;;false
2026-01-03 14:38;0.0;34.2;;;false
2026-01-03 14:39;0.0;34.2;;;false
2026-01-03 14:40;0.0;34.2;;;false
2026-01-03 14:41;0.0;34.2;;;false
2026-01-03 14:42;0.0;34.2;;;false
2026-01-03 14:43;0.0;34.2;;;false
2026-01-03 14:44;0.0;34.2;;;false
2026-01-03 14:45;0.0;34.2;8.3;85;false
2026-01-03 14:46;0.0;34.2;;;false
2026-01-03 14:47;0.0;34.2;;;false
2026-01-03 14:48;0.0;34.2;;;false
2026-01-03 14:49;0.0;34.2;;;false
2026-01-03 14:50;0.0;34.2;;;false
2026-01-03 14:51;0.0;34.2;;;false
2026-01-03 14:52;0.0;34.2;;;false
2026-01-03 14:53;0.0;34.2;;;false
2026-01-03 14:54;0.0;34.2;;;false
2026-01-03 14:55;0.0;34.2;;;false
2026-01-03 14:56;0.0;34.2;;;false
2026-01-03 14:57;0.0;34.2;;;false
2026-01-03 14:58;0.0;34.2;;;false
2026-01-03 14:59;0.0;34.2;;;false
2026-01-03 15:00;0.0;34.2;8.3;80;false
2026-01-03 15:01;0.0;34.2;;;false
2026-01-03 15:02;0.0;34.2;;;false
2026-01-03 15:03;0.0;34.2;;;false
2026-01-03 15:04;0.0;34.2;;;false
2026-01-03 15:05;0.0;34.2;;;false
2026-01-03 15:06;0.0;34.2;;;false
2026-01-03 15:07;0.0;34.2;;;false
2026-01-03 15:08;0.0;34.2;;;false
2026-01-03 15:09;0.0;34.2;;;false
2026-01-03 15:10;0.0;34.2;;;false
2026-01-03 15:11;0.0;34.2;;;false
2026-01-03 15:12;0.0;34.2;;;false
2026-01-03 15:13;0.0;34.2;;;false
2026-01-03 15:14;0.0;34.2;;;false
2026-01-03 15:15;0.0;34.2;8.3;81;false
2026-01-03 15:16;0.0;34.2;;;false
2026-01-03 15:17;0.0;34.2;;;false
2026-01-03 15:18;0.0;34.2;;;false
2026-01-03 15:19;0.0;34.2;;;false
2026-01-03 15:20;0.0;34.2;;;false
2026-01-03 15:21;0.0;34.2;;;false
2026-01-03 15:22;0.0;34.2;;;false
2026-01-03 15:23;0.0;34.2;;;false
2026-01-03 15:24;0.0;34.2;;;false
2026-01-03 15:25;0.0;34.2;;;false
2026-01-03 15:26;0.0;34.2;;;false
2026-01-03 15:27;0.0;34.2;;;false
2026-01-03 15:28;0.0;34.2;;;false
2026-01-03 15:29;0.0;34.2;;;false
2026-01-03 15:30;0.0;34.2;8.2;83;false
2026-01-03 15:31;0.0;34.2;;;false
2026-01-03 15:32;0.0;34.2;;;false
2026-01-03 15:33;0.0;34.2;;;false
2026-01-03 15:34;0.0;34.2;;;false
2026-01-03 15:35;0.0;34.2;;;false
2026-01-03 15:36;0.0;34.2;;;false
2026-01-03 15:37;0.0;34.2;;;false
2026-01-03 15:38;0.0;34.2;;;false
2026-01-03 15:39;0.0;34.2;;;false
2026-01-03 15:40;0.0;34.2;;;false
2026-01-03 15:41;0.0;34.2;;;false
2026-01-03 15:42;0.0;34.2;;;false
2026-01-03 15:43;0.0;34.2;;;false
2026-01-03 15:44;0.0;34.2;;;false
2026-01-03 15:45;0.0;34.2;8.1;84;false
2026-01-03 15:46;0.0;34.2;;;false
2026-01-03 15:47;0.0;34.2;;;false
2026-01-03 15:48;0.0;34.2;;;false
2026-01-03 15:49;0.0;34.2;;;false
2026-01-03 15:50;0.0;34.2;;;false
2026-01-03 15:51;0.0;34.2;;;false
2026-01-03 15:52;0.0;34.2;;;false
2026-01-03 15:53;0.0;34.2;;;false
2026-01-03 15:54;0.0;34.2;;;false
2026-01-03 15:55;0.0;34.2;;;false
2026-01-03 15:56;0.0;34.2;;;false
2026-01-03 15:57;0.0;34.2;;;false
2026-01-03 15:58;0.0;34.2;;;false
2026-01-03 15:59;0.0;34.2;;;false
2026-01-03 16:00;0.0;34.2;7.9;89;false
2026-01-03 16:01;0.0;34.2;;;false
2026-01-03 16:02;0.0;34.2;;;false
2026-01-03 16:03;0.0;34.2;;;false
2026-01-03 16:04;0.0;34.2;;;false
2026-01-03 16:05;0.0;34.2;;;false
2026-01-03 16:06;0.0;34.2;;;false
2026-01-03 16:07;0.0;34.2;;;false
2026-01-03 16:08;0.0;34.2;;;false
2026-01-03 16:09;0.0;34.2;;;false
2026-01-03 16:10;0.0;34.2;;;false
2026-01-03 16:11;0.0;34.2;;;false
2026-01-03 16:12;0.0;34.2;;;false
2026-01-03 16:13;0.0;34.2;;;false
2026-01-03 16:14;0.0;34.2;;;false
2026-01-03 16:15;0.0;34.2;7.5;91;false
2026-01-03 16:16;0.0;34.2;;;false
2026-01-03 16:17;0.0;34.2;;;false
2026-01-03 16:18;0.0;34.2;;;false
2026-01-03 16:19;0.0;34.2;;;false
2026-01-03 16:20;0.6;34.2;;;false
2026-01-03 16:21;1.9;34.4;;;false
2026-01-03 16:22;1.9;34.4;;;false
2026-01-03 16:23;1.9;34.4;;;false
2026-01-03 16:24;1.9;34.4;;;false
2026-01-03 16:25;1.9;34.4;;;false
2026-01-03 16:26;1.9;34.4;;;false
2026-01-03 16:27;0.0;34.4;;;false
2026-01-03 16:28;0.0;34.4;;;false
2026-01-03 16:29;0.0;34.4;;;false
2026-01-03 16:30;0.0;34.4;7.3;94;false
2026-01-03 16:31;0.0;34.4;;;false
2026-01-03 16:32;0.0;34.4;;;false
2026-01-03 16:33;0.0;34.4;;;false
2026-01-03 16:34;0.0;34.4;;;false
2026-01-03 16:35;0.0;34.4;;;false
2026-01-03 16:36;0.0;34.4;;;false
2026-01-03 16:37;0.0;34.4;;;false
2026-01-03 16:38;0.0;34.4;;;false
2026-01-03 16:39;0.0;34.4;;;false
2026-01-03 16:40;0.0;34.4;;;false
2026-01-03 16:41;0.0;34.4;;;false
2026-01-03 16:42;0.0;34.4;;;false
2026-01-03 16:43;0.0;34.4;;;false
2026-01-03 16:44;0.0;34.4;;;false
2026-01-03 16:45;0.0;34.4;7.3;93;false
2026-01-03 16:46;0.0;34.4;;;false
2026-01-03 16:47;0.0;34.4;;;false
2026-01-03 16:48;0.0;34.4;;;false
2026-01-03 16:49;0.0;34.4;;;false
2026-01-03 16:50;0.0;34.4;;;false
2026-01-03 16:51;0.0;34.4;;;false
2026-01-03 16:52;0.0;34.4;;;false
2026-01-03 16:53;0.0;34.4;;;false
2026-01-03 16:54;0.0;34.4;;;false
2026-01-03 16:55;0.0;34.4;;;false
2026-01-03 16:56;0.0;34.4;;;false
2026-01-03 16:57;0.0;34.4;;;false
2026-01-03 16:58;0.0;34.4;;;false
2026-01-03 16:59;0.0;34.4;;;false
2026-01-03 17:00;0.0;34.4;7.3;93;false
2026-01-03 17:01;0.0;34.4;;;false
2026-01-03 17:02;0.0;34.4;;;false
2026-01-03 17:03;0.0;34.4;;;false
2026-01-03 17:04;0.0;34.4;;;false
2026-01-03 17:05;0.0;34.4;;;false
2026-01-03 17:06;0.0;34.4;;;false
2026-01-03 17:07;0.0;34.4;;;false
2026-01-03 17:08;0.0;34.4;;;false
2026-01-03 17:09;0.0;34.4;;;false
2026-01-03 17:10;0.0;34.4;;;false
2026-01-03 17:11;0.0;34.4;;;false
2026-01-03 17:12;1.0;34.4;;;false
2026-01-03 17:13;1.8;34.6;;;false
2026-01-03 17:14;1.8;34.6;;;false
2026-01-03 17:15;1.8;34.6;7.3;95;false
2026-01-03 17:16;1.8;34.6;;;false
2026-01-03 17:17;1.8;34.6;;;false
2026-01-03 17:18;1.8;34.6;;;false
2026-01-03 17:19;0.0;34.6;;;false
2026-01-03 17:20;0.0;34.6;;;false
2026-01-03 17:21;0.0;34.6;;;false
2026-01-03 17:22;1.7;34.6;;;false
2026-01-03 17:23;6.1;34.8;;;false
2026-01-03 17:24;5.5;34.8;;;false
2026-01-03 17:25;4.3;35.0;;;false
2026-01-03 17:26;4.3;35.0;;;false
2026-01-03 17:27;3.1;35.0;;;false
2026-01-03 17:28;2.0;35.2;;;false
2026-01-03 17:29;2.0;35.2;;;false
2026-01-03 17:30;2.0;35.2;7.1;97;false
2026-01-03 17:31;2.0;35.2;;;false
2026-01-03 17:32;2.0;35.2;;;false
2026-01-03 17:33;2.1;35.2;;;false
2026-01-03 17:34;2.2;35.4;;;false
2026-01-03 17:35;2.2;35.4;;;false
2026-01-03 17:36;2.2;35.4;;;false
2026-01-03 17:37;2.2;35.4;;;false
2026-01-03 17:38;2.2;35.4;;;false
2026-01-03 17:39;4.7;35.4;;;false
2026-01-03 17:40;5.0;35.6;;;false
2026-01-03 17:41;4.1;35.6;;;false
2026-01-03 17:42;3.2;35.8;;;false
2026-01-03 17:43;3.2;35.8;;;false
2026-01-03 17:44;3.2;35.8;;;false
2026-01-03 17:45;5.8;35.8;6.9;98;false
2026-01-03 17:46;6.9;36.0;;;false
2026-01-03 17:47;1.9;36.0;;;false
2026-01-03 17:48;1.7;36.2;;;false
2026-01-03 17:49;1.7;36.2;;;false
2026-01-03 17:50;1.7;36.2;;;false
2026-01-03 17:51;1.7;36.2;;;false
2026-01-03 17:52;1.7;36.2;;;false
2026-01-03 17:53;1.7;36.2;;;false
2026-01-03 17:54;0.0;36.2;;;false
2026-01-03 17:55;0.0;36.2;;;false
2026-01-03 17:56;0.0;36.2;;;false
2026-01-03 17:57;0.0;36.2;;;false
2026-01-03 17:58;0.0;36.2;;;false
2026-01-03 17:59;3.8;36.2;;;false
2026-01-03 18:00;3.9;36.4;6.9;99;false
2026-01-03 18:01;3.9;36.4;;;false
2026-01-03 18:02;2.0;36.4;;;false
2026-01-03 18:03;1.7;36.6;;;false
2026-01-03 18:04;1.7;36.6;;;false
2026-01-03 18:05;1.7;36.6;;;false
2026-01-03 18:06;1.7;36.6;;;false
2026-01-03 18:07;1.7;36.6;;;false
2026-01-03 18:08;1.7;36.6;;;false
2026-01-03 18:09;1.7;36.6;;;false
2026-01-03 18:10;2.0;36.8;;;false
2026-01-03 18:11;2.0;36.8;;;false
2026-01-03 18:12;2.0;36.8;;;false
2026-01-03 18:13;2.0;36.8;;;false
2026-01-03 18:14;2.0;36.8;;;false
2026-01-03 18:15;1.7;36.8;6.9;99;false
2026-01-03 18:16;1.7;37.0;;;false
2026-01-03 18:17;1.7;37.0;;;false
2026-01-03 18:18;1.7;37.0;;;false
2026-01-03 18:19;1.7;37.0;;;false
2026-01-03 18:20;1.7;37.0;;;false
2026-01-03 18:21;1.7;37.0;;;false
2026-01-03 18:22;0.0;37.0;;;false
2026-01-03 18:23;0.0;37.0;;;false
2026-01-03 18:24;1.0;37.0;;;false
2026-01-03 18:25;1.8;37.2;;;false
2026-01-03 18:26;1.8;37.2;;;false
2026-01-03 18:27;1.8;37.2;;;false
2026-01-03 18:28;1.8;37.2;;;false
2026-01-03 18:29;1.8;37.2;;;false
2026-01-03 18:30;1.8;37.2;6.9;99;false
2026-01-03 18:31;0.0;37.2;;;false
2026-01-03 18:32;0.0;37.2;;;false
2026-01-03 18:33;0.0;37.2;;;false
2026-01-03 18:34;0.0;37.2;;;false
2026-01-03 18:35;0.0;37.2;;;false
2026-01-03 18:36;0.0;37.2;;;false
2026-01-03 18:37;0.0;37.2;;;false
2026-01-03 18:38;0.0;37.2;;;false
2026-01-03 18:39;0.0;37.2;;;false
2026-01-03 18:40;0.0;37.2;;;false
2026-01-03 18:41;0.0;37.2;;;false
2026-01-03 18:42;0.0;37.2;;;false
2026-01-03 18:43;0.0;37.2;;;false
2026-01-03 18:44;0.0;37.2;;;false
2026-01-03 18:45;0.0;37.2;7.0;99;false
2026-01-03 18:46;0.0;37.2;;;false
2026-01-03 18:47;0.0;37.2;;;false
2026-01-03 18:48;0.0;37.2;;;false
2026-01-03 18:49;0.0;37.2;;;false
2026-01-03 18:50;0.0;37.2;;;false
2026-01-03 18:51;0.0;37.2;;;false
2026-01-03 18:52;0.0;37.2;;;false
2026-01-03 18:53;0.0;37.2;;;false
2026-01-03 18:54;0.0;37.2;;;false
2026-01-03 18:55;0.0;37.2;;;false
2026-01-03 18:56;0.0;37.2;;;false
2026-01-03 18:57;0.0;37.2;;;false
2026-01-03 18:58;0.0;37.2;;;false
2026-01-03 18:59;0.0;37.2;;;false
2026-01-03 19:00;0.0;37.2;7.7;99;false
2026-01-03 19:01;0.0;37.2;;;false
2026-01-03 19:02;0.0;37.2;;;false
2026-01-03 19:03;0.0;37.2;;;false
2026-01-03 19:04;0.0;37.2;;;false
2026-01-03 19:05;0.0;37.2;;;false
2026-01-03 19:06;0.0;37.2;;;false
2026-01-03 19:07;0.0;37.2;;;false
2026-01-03 19:08;0.0;37.2;;;false
2026-01-03 19:09;0.0;37.2;;;false
2026-01-03 19:10;0.0;37.2;;;false
2026-01-03 19:11;0.0;37.2;;;false
2026-01-03 19:12;0.0;37.2;;;false
2026-01-03 19:13;0.0;37.2;;;false
2026-01-03 19:14;0.0;37.2;;;false
2026-01-03 19:15;0.0;37.2;7.7;99;false
2026-01-03 19:16;0.0;37.2;;;false
2026-01-03 19:17;0.0;37.2;;;false
2026-01-03 19:18;0.0;37.2;;;false
2026-01-03 19:19;0.0;37.2;;;false
2026-01-03 19:20;0.0;37.2;;;false
2026-01-03 19:21;0.0;37.2;;;false
2026-01-03 19:22;0.0;37.2;;;false
2026-01-03 19:23;0.0;37.2;;;false
2026-01-03 19:24;0.0;37.2;;;false
2026-01-03 19:25;0.0;37.2;;;false
2026-01-03 19:26;0.0;37.2;;;false
2026-01-03 19:27;0.0;37.2;;;false
2026-01-03 19:28;1.4;37.2;;;false
2026-01-03 19:29;3.7;37.4;;;false
2026-01-03 19:30;3.7;37.4;7.8;99;false
2026-01-03 19:31;3.8;37.4;;;false
2026-01-03 19:32;4.4;37.6;;;false
2026-01-03 19:33;4.4;37.6;;;false
2026-01-03 19:34;4.7;37.6;;;false
2026-01-03 19:35;5.0;37.8;;;false
2026-01-03 19:36;5.0;37.8;;;false
2026-01-03 19:37;4.8;38.0;;;false
2026-01-03 19:38;4.8;38.0;;;false
2026-01-03 19:39;3.3;38.0;;;false
2026-01-03 19:40;2.1;38.2;;;false
2026-01-03 19:41;2.1;38.2;;;false
2026-01-03 19:42;2.1;38.2;;;false
2026-01-03 19:43;2.1;38.2;;;false
2026-01-03 19:44;2.1;38.2;;;false
2026-01-03 19:45;3.1;38.2;8.0;99;false
2026-01-03 19:46;3.2;38.4;;;false
2026-01-03 19:47;3.2;38.4;;;false
2026-01-03 19:48;3.9;38.4;;;false
2026-01-03 19:49;7.2;38.6;;;false
2026-01-03 19:50;7.0;38.6;;;false
2026-01-03 19:51;6.8;38.8;;;false
2026-01-03 19:52;7.1;38.8;;;false
2026-01-03 19:53;7.0;39.0;;;false
2026-01-03 19:54;4.5;39.2;;;false
2026-01-03 19:55;4.5;39.2;;;false
2026-01-03 19:56;7.5;39.2;;;false
2026-01-03 19:57;9.5;39.4;;;false
2026-01-03 19:58;6.1;39.6;;;false
2026-01-03 19:59;5.4;39.6;;;false
2026-01-03 20:00;4.4;39.8;8.0;99;false
2026-01-03 20:01;4.4;39.8;;;false
2026-01-03 20:02;5.5;39.8;;;false
2026-01-03 20:03;6.0;40.0;;;false
2026-01-03 20:04;8.0;40.0;;;false
2026-01-03 20:05;8.2;40.2;;;false
2026-01-03 20:06;6.9;40.4;;;false
2026-01-03 20:07;5.3;40.4;;;false
2026-01-03 20:08;4.3;40.6;;;false
2026-01-03 20:09;4.3;40.6;;;false
2026-01-03 20:10;5.7;40.6;;;false
2026-01-03 20:11;6.0;40.8;;;false
2026-01-03 20:12;5.7;40.8;;;false
2026-01-03 20:13;5.6;41.0;;;false
2026-01-03 20:14;9.8;41.0;;;false
2026-01-03 20:15;13.3;41.2;8.0;99;false
2026-01-03 20:16;10.6;41.4;;;false
2026-01-03 20:17;11.8;41.6;;;false
2026-01-03 20:18;8.0;41.8;;;false
2026-01-03 20:19;5.3;42.0;;;false
2026-01-03 20:20;6.9;42.0;;;false
2026-01-03 20:21;10.4;42.2;;;false
2026-01-03 20:22;14.1;42.4;;;false
2026-01-03 20:23;9.4;42.6;;;false
2026-01-03 20:24;5.5;42.8;;;false
2026-01-03 20:25;5.7;42.8;;;false
2026-01-03 20:26;7.8;43.0;;;false
2026-01-03 20:27;15.2;43.0;;;false
2026-01-03 20:28;17.0;43.2;;;false
2026-01-03 20:29;14.8;43.6;;;false
2026-01-03 20:30;26.8;43.8;8.0;99;false
2026-01-03 20:31;19.7;44.2;;;false
2026-01-03 20:32;15.8;44.6;;;false
2026-01-03 20:33;16.8;44.8;;;false
2026-01-03 20:34;13.2;45.2;;;false
2026-01-03 20:35;16.4;45.4;;;false
2026-01-03 20:36;16.0;45.6;;;false
2026-01-03 20:37;19.2;45.8;;;false
2026-01-03 20:38;18.8;46.2;;;false
2026-01-03 20:39;23.8;46.6;;;false
2026-01-03 20:40;26.3;47.0;;;false
2026-01-03 20:41;14.9;47.4;;;false
2026-01-03 20:42;12.1;47.6;;;false
2026-01-03 20:43;8.2;47.8;;;false
2026-01-03 20:44;4.4;48.0;;;false
2026-01-03 20:45;4.4;48.0;8.0;99;false
2026-01-03 20:46;5.7;48.0;;;false
2026-01-03 20:47;6.9;48.2;;;false
2026-01-03 20:48;12.3;48.2;;;false
2026-01-03 20:49;16.2;48.4;;;false
2026-01-03 20:50;15.2;48.8;;;false
2026-01-03 20:51;10.7;49.1;;;false
2026-01-03 20:52;9.0;49.3;;;false
2026-01-03 20:53;8.1;49.5;;;false
2026-01-03 20:54;7.9;49.5;;;false
2026-01-03 20:55;8.1;49.7;;;false
2026-01-03 20:56;9.4;49.9;;;false
2026-01-03 20:57;7.1;49.9;;;false
2026-01-03 20:58;7.2;50.1;;;false
2026-01-03 20:59;10.2;50.3;;;false
2026-01-03 21:00;12.0;50.3;8.0;99;false
2026-01-03 21:01;13.6;50.5;;;false
2026-01-03 21:02;11.5;50.9;;;false
2026-01-03 21:03;9.7;51.1;;;false
2026-01-03 21:04;7.9;51.1;;;false
2026-01-03 21:05;7.2;51.3;;;false
2026-01-03 21:06;6.6;51.5;;;false
2026-01-03 21:07;6.5;51.5;;;false
2026-01-03 21:08;6.4;51.7;;;false
2026-01-03 21:09;4.5;51.7;;;false
2026-01-03 21:10;2.3;51.9;;;false
2026-01-03 21:11;2.3;51.9;;;false
2026-01-03 21:12;2.3;51.9;;;false
2026-01-03 21:13;2.3;51.9;;;false
2026-01-03 21:14;2.2;51.9;;;false
2026-01-03 21:15;1.9;52.1;8.2;99;false
2026-01-03 21:16;1.9;52.1;;;false
2026-01-03 21:17;1.9;52.1;;;false
2026-01-03 21:18;1.9;52.1;;;false
2026-01-03 21:19;1.9;52.1;;;false
2026-01-03 21:20;1.9;52.1;;;false
2026-01-03 21:21;0.0;52.1;;;false
2026-01-03 21:22;0.0;52.1;;;false
2026-01-03 21:23;0.4;52.1;;;false
2026-01-03 21:24;1.9;52.3;;;false
2026-01-03 21:25;1.9;52.3;;;false
2026-01-03 21:26;1.9;52.3;;;false
2026-01-03 21:27;1.9;52.3;;;false
2026-01-03 21:28;1.9;52.3;;;false
2026-01-03 21:29;1.9;52.3;;;false
2026-01-03 21:30;0.0;52.3;8.4;99;false
2026-01-03 21:31;0.0;52.3;;;false
2026-01-03 21:32;0.0;52.3;;;false
2026-01-03 21:33;0.8;52.3;;;false
2026-01-03 21:34;1.9;52.5;;;false
2026-01-03 21:35;1.9;52.5;;;false
2026-01-03 21:36;1.9;52.5;;;false
2026-01-03 21:37;1.9;52.5;;;false
2026-01-03 21:38;1.9;52.5;;;false
2026-01-03 21:39;1.9;52.5;;;false
2026-01-03 21:40;0.0;52.5;;;false
2026-01-03 21:41;0.0;52.5;;;false
2026-01-03 21:42;0.0;52.5;;;false
2026-01-03 21:43;0.0;52.5;;;false
2026-01-03 21:44;0.0;52.5;;;false
2026-01-03 21:45;0.0;52.5;8.5;99;false
2026-01-03 21:46;0.0;52.5;;;false
2026-01-03 21:47;0.0;52.5;;;false
2026-01-03 21:48;0.0;52.5;;;false
2026-01-03 21:49;0.0;52.5;;;false
2026-01-03 21:50;0.0;52.5;;;false
2026-01-03 21:51;0.0;52.5;;;false
2026-01-03 21:52;0.0;52.5;;;false
2026-01-03 21:53;0.2;52.5;;;false
2026-01-03 21:54;2.3;52.7;;;false
2026-01-03 21:55;2.3;52.7;;;false
2026-01-03 21:56;2.3;52.7;;;false
2026-01-03 21:57;2.3;52.7;;;false
2026-01-03 21:58;2.3;52.7;;;false
2026-01-03 21:59;2.5;52.7;;;false
2026-01-03 22:00;2.5;52.9;8.4;99;false
2026-01-03 22:01;2.5;52.9;;;false
2026-01-03 22:02;2.5;52.9;;;false
2026-01-03 22:03;2.5;52.9;;;false
2026-01-03 22:04;2.0;53.1;;;false
2026-01-03 22:05;2.0;53.1;;;false
2026-01-03 22:06;2.0;53.1;;;false
2026-01-03 22:07;2.0;53.1;;;false
2026-01-03 22:08;2.0;53.1;;;false
2026-01-03 22:09;2.0;53.1;;;false
2026-01-03 22:10;0.0;53.1;;;false
2026-01-03 22:11;0.0;53.1;;;false
2026-01-03 22:12;1.4;53.1;;;false
2026-01-03 22:13;1.8;53.3;;;false
2026-01-03 22:14;1.8;53.3;;;false
2026-01-03 22:15;1.8;53.3;8.4;99;false
2026-01-03 22:16;1.8;53.3;;;false
2026-01-03 22:17;1.8;53.3;;;false
2026-01-03 22:18;1.8;53.3;;;false
2026-01-03 22:19;0.0;53.3;;;false
2026-01-03 22:20;0.0;53.3;;;false
2026-01-03 22:21;0.0;53.3;;;false
2026-01-03 22:22;0.0;53.3;;;false
2026-01-03 22:23;0.0;53.3;;;false
2026-01-03 22:24;0.0;53.3;;;false
2026-01-03 22:25;0.0;53.3;;;false
2026-01-03 22:26;0.0;53.3;;;false
2026-01-03 22:27;0.0;53.3;;;false
2026-01-03 22:28;0.0;53.3;;;false
2026-01-03 22:29;0.0;53.3;;;false
2026-01-03 22:30;0.0;53.3;8.4;99;false
2026-01-03 22:31;0.0;53.3;;;false
2026-01-03 22:32;0.0;53.3;;;false
2026-01-03 22:33;0.0;53.3;;;false
2026-01-03 22:34;0.0;53.3;;;false
2026-01-03 22:35;0.0;53.3;;;false
2026-01-03 22:36;1.3;53.3;;;false
2026-01-03 22:37;1.8;53.5;;;false
2026-01-03 22:38;1.8;53.5;;;false
2026-01-03 22:39;1.8;53.5;;;false
2026-01-03 22:40;1.8;53.5;;;false
2026-01-03 22:41;1.8;53.5;;;false
2026-01-03 22:42;1.8;53.5;;;false
2026-01-03 22:43;0.0;53.5;;;false
2026-01-03 22:44;0.0;53.5;;;false
2026-01-03 22:45;0.0;53.5;8.5;99;false
2026-01-03 22:46;0.0;53.5;;;false
2026-01-03 22:47;0.0;53.5;;;false
2026-01-03 22:48;0.0;53.5;;;false
2026-01-03 22:49;0.0;53.5;;;false
2026-01-03 22:50;0.0;53.5;;;false
2026-01-03 22:51;0.0;53.5;;;false
2026-01-03 22:52;0.0;53.5;;;false
2026-01-03 22:53;0.0;53.5;;;false
2026-01-03 22:54;0.0;53.5;;;false
2026-01-03 22:55;0.0;53.5;;;false
2026-01-03 22:56;0.0;53.5;;;false
2026-01-03 22:57;0.0;53.5;;;false
2026-01-03 22:58;0.0;53.5;;;false
2026-01-03 22:59;0.0;53.5;;;false
2026-01-03 23:00;0.0;53.5;8.6;99;false
2026-01-03 23:01;0.0;53.5;;;false
2026-01-03 23:02;0.0;53.5;;;false
2026-01-03 23:03;0.0;53.5;;;false
2026-01-03 23:04;0.0;53.5;;;false
2026-01-03 23:05;0.0;53.5;;;false
2026-01-03 23:06;0.0;53.5;;;false
2026-01-03 23:07;0.0;53.5;;;false
2026-01-03 23:08;0.0;53.5;;;false
2026-01-03 23:09;0.0;53.5;;;false
2026-01-03 23:10;0.0;53.5;;;false
2026-01-03 23:11;0.0;53.5;;;false
2026-01-03 23:12;0.0;53.5;;;false
2026-01-03 23:13;0.0;53.5;;;false
2026-01-03 23:14;0.0;53.5;;;false
2026-01-03 23:15;0.0;53.5;8.6;99;false
2026-01-03 23:16;0.0;53.5;;;false
2026-01-03 23:17;0.0;53.5;;;false
2026-01-03 23:18;0.0;53.5;;;false
2026-01-03 23:19;0.0;53.5;;;false
2026-01-03 23:20;0.0;53.5;;;false
2026-01-03 23:21;0.0;53.5;;;false
2026-01-03 23:22;0.0;53.5;;;false
2026-01-03 23:23;0.0;53.5;;;false
2026-01-03 23:24;0.0;53.5;;;false
2026-01-03 23:25;0.0;53.5;;;false
2026-01-03 23:26;0.0;53.5;;;false
2026-01-03 23:27;0.0;53.5;;;false
2026-01-03 23:28;0.0;53.5;;;false
2026-01-03 23:29;0.0;53.5;;;false
2026-01-03 23:30;0.0;53.5;8.6;99;false
2026-01-03 23:31;0.0;53.5;;;false
2026-01-03 23:32;0.0;53.5;;;false
2026-01-03 23:33;0.0;53.5;;;false
2026-01-03 23:34;0.0;53.5;;;false
2026-01-03 23:35;0.0;53.5;;;false
2026-01-03 23:36;0.0;53.5;;;false
2026-01-03 23:37;0.0;53.5;;;false
2026-01-03 23:38;0.0;53.5;;;false
2026-01-03 23:39;0.0;53.5;;;false
2026-01-03 23:40;0.0;53.5;;;false
2026-01-03 23:41;0.0;53.5;;;false
2026-01-03 23:42;0.0;53.5;;;false
2026-01-03 23:43;0.0;53.5;;;false
2026-01-03 23:44;0.0;53.5;;;false
2026-01-03 23:45;0.0;53.5;8.7;99;false
2026-01-03 23:46;0.0;53.5;;;false
2026-01-03 23:47;0.0;53.5;;;false
2026-01-03 23:48;0.6;53.5;;;false
2026-01-03 23:49;1.9;53.7;;;false
2026-01-03 23:50;1.9;53.7;;;false
2026-01-03 23:51;1.9;53.7;;;false
2026-01-03 23:52;1.9;53.7;;;false
2026-01-03 23:53;1.9;53.7;;;false
2026-01-03 23:54;1.9;53.7;;;false
2026-01-03 23:55;0.0;53.7;;;false
2026-01-03 23:56;0.0;53.7;;;false
2026-01-03 23:57;0.0;53.7;;;false
2026-01-03 23:58;0.0;53.7;;;false
2026-01-03 23:59;0.0;53.7;;;false
2026-01-04 00:00;0.0;53.7;8.7;99;false
2026-01-04 00:01;0.0;53.7;;;false
2026-01-04 00:02;0.0;53.7;;;false
2026-01-04 00:03;0.0;53.7;;;false
2026-01-04 00:04;0.0;53.7;;;false
2026-01-04 00:05;0.0;53.7;;;false
2026-01-04 00:06;0.0;53.7;;;false
2026-01-04 00:07;0.0;53.7;;;false
2026-01-04 00:08;0.0;53.7;;;false
2026-01-04 00:09;0.0;53.7;;;false
2026-01-04 00:10;0.0;53.7;;;false
2026-01-04 00:11;0.0;53.7;;;false
2026-01-04 00:12;0.0;53.7;;;false
2026-01-04 00:13;0.0;53.7;;;false
2026-01-04 00:14;0.0;53.7;;;false
2026-01-04 00:15;0.0;53.7;8.8;99;false
2026-01-04 00:16;0.0;53.7;;;false
2026-01-04 00:17;0.0;53.7;;;false
2026-01-04 00:18;0.0;53.7;;;false
2026-01-04 00:19;0.0;53.7;;;false
2026-01-04 00:20;0.0;53.7;;;false
2026-01-04 00:21;0.0;53.7;;;false
2026-01-04 00:22;0.0;53.7;;;false
2026-01-04 00:23;0.0;53.7;;;false
2026-01-04 00:24;0.0;53.7;;;false
2026-01-04 00:25;0.0;53.7;;;false
2026-01-04 00:26;0.0;53.7;;;false
2026-01-04 00:27;0.0;53.7;;;false
2026-01-04 00:28;0.0;53.7;;;false
2026-01-04 00:29;0.0;53.7;;;false
2026-01-04 00:30;0.0;53.7;8.8;99;false
2026-01-04 00:31;0.0;53.7;;;false
2026-01-04 00:32;0.0;53.7;;;false
2026-01-04 00:33;1.5;53.7;;;false
2026-01-04 00:34;1.8;53.9;;;false
2026-01-04 00:35;1.8;53.9;;;false
2026-01-04 00:36;1.8;53.9;;;false
2026-01-04 00:37;1.8;53.9;;;false
2026-01-04 00:38;1.8;53.9;;;false
2026-01-04 00:39;1.8;53.9;;;false
2026-01-04 00:40;1.6;53.9;;;false
2026-01-04 00:41;1.7;54.1;;;false
2026-01-04 00:42;1.7;54.1;;;false
2026-01-04 00:43;1.7;54.1;;;false
2026-01-04 00:44;1.7;54.1;;;false
2026-01-04 00:45;1.7;54.1;8.8;99;false
2026-01-04 00:46;1.7;54.1;;;false
2026-01-04 00:47;0.0;54.1;;;false
2026-01-04 00:48;0.0;54.1;;;false
2026-01-04 00:49;0.0;54.1;;;false
2026-01-04 00:50;0.0;54.1;;;false
2026-01-04 00:51;0.0;54.1;;;false
2026-01-04 00:52;0.0;54.1;;;false
2026-01-04 00:53;0.0;54.1;;;false
2026-01-04 00:54;0.0;54.1;;;false
2026-01-04 00:55;0.0;54.1;;;false
2026-01-04 00:56;0.0;54.1;;;false
2026-01-04 00:57;0.0;54.1;;;false
2026-01-04 00:58;0.0;54.1;;;false
2026-01-04 00:59;0.0;54.1;;;false
2026-01-04 01:00;0.0;54.1;8.8;99;false
2026-01-04 01:01;0.0;54.1;;;false
2026-01-04 01:02;0.0;54.1;;;false
2026-01-04 01:03;0.0;54.1;;;false
2026-01-04 01:04;0.0;54.1;;;false
2026-01-04 01:05;0.0;54.1;;;false
2026-01-04 01:06;0.0;54.1;;;false
2026-01-04 01:07;0.0;54.1;;;false
2026-01-04 01:08;0.0;54.1;;;false
2026-01-04 01:09;0.0;54.1;;;false
2026-01-04 01:10;0.0;54.1;;;false
2026-01-04 01:11;0.0;54.1;;;false
2026-01-04 01:12;0.0;54.1;;;false
2026-01-04 01:13;0.0;54.1;;;false
2026-01-04 01:14;0.0;54.1;;;false
2026-01-04 01:15;0.0;54.1;8.8;99;false
2026-01-04 01:16;0.0;54.1;;;false
2026-01-04 01:17;0.0;54.1;;;false
2026-01-04 01:18;0.0;54.1;;;false
2026-01-04 01:19;0.0;54.1;;;false
2026-01-04 01:20;0.0;54.1;;;false
2026-01-04 01:21;0.0;54.1;;;false
2026-01-04 01:22;0.0;54.1;;;false
2026-01-04 01:23;0.0;54.1;;;false
2026-01-04 01:24;0.0;54.1;;;false
2026-01-04 01:25;0.0;54.1;;;false
2026-01-04 01:26;0.0;54.1;;;false
2026-01-04 01:27;0.0;54.1;;;false
2026-01-04 01:28;0.0;54.1;;;false
2026-01-04 01:29;0.0;54.1;;;false
2026-01-04 01:30;0.0;54.1;8.7;99;false
2026-01-04 01:31;0.0;54.1;;;false
2026-01-04 01:32;0.0;54.1;;;false
2026-01-04 01:33;0.0;54.1;;;false
2026-01-04 01:34;0.0;54.1;;;false
2026-01-04 01:35;0.0;54.1;;;false
2026-01-04 01:36;0.0;54.1;;;false
2026-01-04 01:37;0.0;54.1;;;false
2026-01-04 01:38;0.0;54.1;;;false
2026-01-04 01:39;0.0;54.1;;;false
2026-01-04 01:40;0.0;54.1;;;false
2026-01-04 01:41;0.0;54.1;;;false
2026-01-04 01:42;0.0;54.1;;;false
2026-01-04 01:43;0.0;54.1;;;false
2026-01-04 01:44;0.0;54.1;;;false
2026-01-04 01:45;0.0;54.1;8.7;99;false
2026-01-04 01:46;0.0;54.1;;;false
2026-01-04 01:47;0.0;54.1;;;false
2026-01-04 01:48;0.0;54.1;;;false
2026-01-04 01:49;0.0;54.1;;;false
2026-01-04 01:50;0.0;54.1;;;false
2026-01-04 01:51;0.0;54.1;;;false
2026-01-04 01:52;0.0;54.1;;;false
2026-01-04 01:53;0.0;54.1;;;false
2026-01-04 01:54;0.0;54.1;;;false
2026-01-04 01:55;0.0;54.1;;;false
2026-01-04 01:56;0.0;54.1;;;false
2026-01-04 01:57;0.0;54.1;;;false
2026-01-04 01:58;0.0;54.1;;;false
2026-01-04 01:59;0.0;54.1;;;false
2026-01-04 02:00;0.0;54.1;8.8;99;false
2026-01-04 02:01;0.0;54.1;;;false
2026-01-04 02:02;0.0;54.1;;;false
2026-01-04 02:03;0.0;54.1;;;false
2026-01-04 02:04;3.2;54.1;;;false
2026-01-04 02:05;3.2;54.3;;;false
2026-01-04 02:06;3.2;54.3;;;false
2026-01-04 02:07;3.2;54.3;;;false
2026-01-04 02:08;3.3;54.5;;;false
2026-01-04 02:09;3.3;54.5;;;false
2026-01-04 02:10;3.3;54.5;;;false
2026-01-04 02:11;2.8;54.5;;;false
2026-01-04 02:12;2.5;54.7;;;false
2026-01-04 02:13;2.5;54.7;;;false
2026-01-04 02:14;2.5;54.7;;;false
2026-01-04 02:15;2.5;54.7;8.8;99;false
2026-01-04 02:16;1.8;54.7;;;false
2026-01-04 02:17;1.7;54.9;;;false
2026-01-04 02:18;1.7;54.9;;;false
2026-01-04 02:19;1.7;54.9;;;false
2026-01-04 02:20;1.7;54.9;;;false
2026-01-04 02:21;1.7;54.9;;;false
2026-01-04 02:22;1.7;54.9;;;false
2026-01-04 02:23;0.0;54.9;;;false
2026-01-04 02:24;0.0;54.9;;;false
2026-01-04 02:25;1.2;54.9;;;false
2026-01-04 02:26;1.8;55.1;;;false
2026-01-04 02:27;1.8;55.1;;;false
2026-01-04 02:28;1.8;55.1;;;false
2026-01-04 02:29;1.8;55.1;;;false
2026-01-04 02:30;1.8;55.1;8.8;99;false
2026-01-04 02:31;1.8;55.1;;;false
2026-01-04 02:32;0.0;55.1;;;false
2026-01-04 02:33;0.0;55.1;;;false
2026-01-04 02:34;0.0;55.1;;;false
2026-01-04 02:35;0.0;55.1;;;false
2026-01-04 02:36;0.0;55.1;;;false
2026-01-04 02:37;0.0;55.1;;;false
2026-01-04 02:38;0.0;55.1;;;false
2026-01-04 02:39;0.0;55.1;;;false
2026-01-04 02:40;0.0;55.1;;;false
2026-01-04 02:41;0.0;55.1;;;false
2026-01-04 02:42;0.0;55.1;;;false
2026-01-04 02:43;0.0;55.1;;;false
2026-01-04 02:44;0.0;55.1;;;false
2026-01-04 02:45;0.0;55.1;8.8;99;false
2026-01-04 02:46;0.0;55.1;;;false
2026-01-04 02:47;0.0;55.1;;;false
2026-01-04 02:48;0.0;55.1;;;false
2026-01-04 02:49;0.0;55.1;;;false
2026-01-04 02:50;0.0;55.1;;;false
2026-01-04 02:51;0.0;55.1;;;false
2026-01-04 02:52;0.0;55.1;;;false
2026-01-04 02:53;0.0;55.1;;;false
2026-01-04 02:54;0.0;55.1;;;false
2026-01-04 02:55;0.0;55.1;;;false
2026-01-04 02:56;0.0;55.1;;;false
2026-01-04 02:57;0.0;55.1;;;false
2026-01-04 02:58;0.0;55.1;;;false
2026-01-04 02:59;0.0;55.1;;;false
2026-01-04 03:00;0.0;55.1;9.0;99;false
2026-01-04 03:01;0.0;55.1;;;false
2026-01-04 03:02;0.0;55.1;;;false
2026-01-04 03:03;0.0;55.1;;;false
2026-01-04 03:04;0.0;55.1;;;false
2026-01-04 03:05;0.0;55.1;;;false
2026-01-04 03:06;0.0;55.1;;;false
2026-01-04 03:07;0.0;55.1;;;false
2026-01-04 03:08;0.0;55.1;;;false
2026-01-04 03:09;0.0;55.1;;;false
2026-01-04 03:10;0.0;55.1;;;false
2026-01-04 03:11;0.0;55.1;;;false
2026-01-04 03:12;0.0;55.1;;;false
2026-01-04 03:13;0.0;55.1;;;false
2026-01-04 03:14;0.0;55.1;;;false
2026-01-04 03:15;0.0;55.1;9.1;99;false
2026-01-04 03:16;0.0;55.1;;;false
2026-01-04 03:17;0.0;55.1;;;false
2026-01-04 03:18;0.0;55.1;;;false
2026-01-04 03:19;0.0;55.1;;;false
2026-01-04 03:20;0.0;55.1;;;false
2026-01-04 03:21;0.0;55.1;;;false
2026-01-04 03:22;0.0;55.1;;;false
2026-01-04 03:23;0.0;55.1;;;false
2026-01-04 03:24;0.0;55.1;;;false
2026-01-04 03:25;0.0;55.1;;;false
2026-01-04 03:26;0.0;55.1;;;false
2026-01-04 03:27;0.0;55.1;;;false
2026-01-04 03:28;0.0;55.1;;;false
2026-01-04 03:29;0.0;55.1;;;false
2026-01-04 03:30;0.0;55.1;9.0;99;false
2026-01-04 03:31;0.0;55.1;;;false
2026-01-04 03:32;0.0;55.1;;;false
2026-01-04 03:33;0.0;55.1;;;false
2026-01-04 03:34;0.0;55.1;;;false
2026-01-04 03:35;0.0;55.1;;;false
2026-01-04 03:36;0.0;55.1;;;false
2026-01-04 03:37;0.0;55.1;;;false
2026-01-04 03:38;0.0;55.1;;;false
2026-01-04 03:39;0.0;55.1;;;false
2026-01-04 03:40;0.0;55.1;;;false
2026-01-04 03:41;0.0;55.1;;;false
2026-01-04 03:42;0.0;55.1;;;false
2026-01-04 03:43;0.0;55.1;;;false
2026-01-04 03:44;0.0;55.1;;;false
2026-01-04 03:45;0.0;55.1;9.1;99;false
2026-01-04 03:46;0.0;55.1;;;false
2026-01-04 03:47;0.0;55.1;;;false
2026-01-04 03:48;0.0;55.1;;;false
2026-01-04 03:49;0.0;55.1;;;false
2026-01-04 03:50;0.0;55.1;;;false
2026-01-04 03:51;0.0;55.1;;;false
2026-01-04 03:52;0.0;55.1;;;false
2026-01-04 03:53;0.0;55.1;;;false
2026-01-04 03:54;0.0;55.1;;;false
2026-01-04 03:55;0.0;55.1;;;false
2026-01-04 03:56;0.0;55.1;;;false
2026-01-04 03:57;0.0;55.1;;;false
2026-01-04 03:58;0.0;55.1;;;false
2026-01-04 03:59;0.0;55.1;;;false
2026-01-04 04:00;0.0;55.1;9.0;99;false
2026-01-04 04:01;0.0;55.1;;;false
2026-01-04 04:02;0.0;55.1;;;false
2026-01-04 04:03;0.0;55.1;;;false
2026-01-04 04:04;0.0;55.1;;;false
2026-01-04 04:05;0.0;55.1;;;false
2026-01-04 04:06;0.0;55.1;;;false
2026-01-04 04:07;0.0;55.1;;;false
2026-01-04 04:08;0.0;55.1;;;false
2026-01-04 04:09;0.0;55.1;;;false
2026-01-04 04:10;0.0;55.1;;;false
2026-01-04 04:11;0.0;55.1;;;false
2026-01-04 04:12;0.0;55.1;;;false
2026-01-04 04:13;0.0;55.1;;;false
2026-01-04 04:14;0.0;55.1;;;false
2026-01-04 04:15;0.0;55.1;9.0;99;false
2026-01-04 04:16;0.0;55.1;;;false
2026-01-04 04:17;0.0;55.1;;;false
2026-01-04 04:18;0.0;55.1;;;false
2026-01-04 04:19;0.0;55.1;;;false
2026-01-04 04:20;0.0;55.1;;;false
2026-01-04 04:21;0.0;55.1;;;false
2026-01-04 04:22;0.0;55.1;;;false
2026-01-04 04:23;0.0;55.1;;;false
2026-01-04 04:24;0.0;55.1;;;false
2026-01-04 04:25;0.0;55.1;;;false
2026-01-04 04:26;0.0;55.1;;;false
2026-01-04 04:27;0.0;55.1;;;false
2026-01-04 04:28;0.0;55.1;;;false
2026-01-04 04:29;0.0;55.1;;;false
2026-01-04 04:30;0.0;55.1;9.1;99;false
2026-01-04 04:31;0.0;55.1;;;false
2026-01-04 04:32;0.0;55.1;;;false
2026-01-04 04:33;0.0;55.1;;;false
2026-01-04 04:34;0.0;55.1;;;false
2026-01-04 04:35;0.0;55.1;;;false
2026-01-04 04:36;0.0;55.1;;;false
2026-01-04 04:37;0.0;55.1;;;false
2026-01-04 04:38;0.0;55.1;;;false
2026-01-04 04:39;0.0;55.1;;;false
2026-01-04 04:40;0.0;55.1;;;false
2026-01-04 04:41;0.0;55.1;;;false
2026-01-04 04:42;0.0;55.1;;;false
2026-01-04 04:43;0.0;55.1;;;false
2026-01-04 04:44;0.0;55.1;;;false
2026-01-04 04:45;0.0;55.1;9.1;99;false
2026-01-04 04:46;0.0;55.1;;;false
2026-01-04 04:47;0.0;55.1;;;false
2026-01-04 04:48;0.0;55.1;;;false
2026-01-04 04:49;0.0;55.1;;;false
2026-01-04 04:50;0.0;55.1;;;false
2026-01-04 04:51;0.0;55.1;;;false
2026-01-04 04:52;0.0;55.1;;;false
2026-01-04 04:53;0.0;55.1;;;false
2026-01-04 04:54;0.0;55.1;;;false
2026-01-04 04:55;0.0;55.1;;;false
2026-01-04 04:56;0.0;55.1;;;false
2026-01-04 04:57;0.0;55.1;;;false
2026-01-04 04:58;0.0;55.1;;;false
2026-01-04 04:59;0.0;55.1;;;false
2026-01-04 05:00;0.0;55.1;9.2;99;false
2026-01-04 05:01;0.0;55.1;;;false
2026-01-04 05:02;0.0;55.1;;;false
2026-01-04 05:03;0.0;55.1;;;false
2026-01-04 05:04;0.0;55.1;;;false
2026-01-04 05:05;0.0;55.1;;;false
2026-01-04 05:06;0.0;55.1;;;false
2026-01-04 05:07;0.0;55.1;;;false
2026-01-04 05:08;0.0;55.1;;;false
2026-01-04 05:09;0.0;55.1;;;false
2026-01-04 05:10;0.0;55.1;;;false
2026-01-04 05:11;0.0;55.1;;;false
2026-01-04 05:12;0.0;55.1;;;false
2026-01-04 05:13;0.0;55.1;;;false
2026-01-04 05:14;0.0;55.1;;;false
2026-01-04 05:15;0.0;55.1;9.2;99;false
2026-01-04 05:16;0.0;55.1;;;false
2026-01-04 05:17;0.0;55.1;;;false
2026-01-04 05:18;0.0;55.1;;;false
2026-01-04 05:19;0.0;55.1;;;false
2026-01-04 05:20;0.0;55.1;;;false
2026-01-04 05:21;0.0;55.1;;;false
2026-01-04 05:22;0.0;55.1;;;false
2026-01-04 05:23;0.0;55.1;;;false
2026-01-04 05:24;0.0;55.1;;;false
2026-01-04 05:25;0.0;55.1;;;false
2026-01-04 05:26;0.0;55.1;;;false
2026-01-04 05:27;0.0;55.1;;;false
2026-01-04 05:28;0.0;55.1;;;false
2026-01-04 05:29;0.0;55.1;;;false
2026-01-04 05:30;0.0;55.1;9.1;99;false
2026-01-04 05:31;0.0;55.1;;;false
2026-01-04 05:32;0.0;55.1;;;false
2026-01-04 05:33;0.0;55.1;;;false
2026-01-04 05:34;0.0;55.1;;;false
2026-01-04 05:35;0.0;55.1;;;false
2026-01-04 05:36;0.0;55.1;;;false
2026-01-04 05:37;0.0;55.1;;;false
2026-01-04 05:38;0.0;55.1;;;false
2026-01-04 05:39;0.0;55.1;;;false
2026-01-04 05:40;0.0;55.1;;;false
2026-01-04 05:41;0.0;55.1;;;false
2026-01-04 05:42;0.0;55.1;;;false
2026-01-04 05:43;0.0;55.1;;;false
2026-01-04 05:44;0.0;55.1;;;false
2026-01-04 05:45;0.0;55.1;9.0;99;false
2026-01-04 05:46;0.0;55.1;;;false
2026-01-04 05:47;0.0;55.1;;;false
2026-01-04 05:48;0.0;55.1;;;false
2026-01-04 05:49;0.0;55.1;;;false
2026-01-04 05:50;0.0;55.1;;;false
2026-01-04 05:51;0.0;55.1;;;false
2026-01-04 05:52;0.0;55.1;;;false
2026-01-04 05:53;0.0;55.1;;;false
2026-01-04 05:54;0.0;55.1;;;false
2026-01-04 05:55;0.0;55.1;;;false
2026-01-04 05:56;1.1;55.1;;;false
2026-01-04 05:57;1.8;55.3;;;false
2026-01-04 05:58;1.8;55.3;;;false
2026-01-04 05:59;1.8;55.3;;;false
2026-01-04 06:00;1.8;55.3;8.9;99;false
2026-01-04 06:01;1.8;55.3;;;false
2026-01-04 06:02;1.8;55.3;;;false
2026-01-04 06:03;0.0;55.3;;;false
2026-01-04 06:04;0.0;55.3;;;false
2026-01-04 06:05;0.0;55.3;;;false
2026-01-04 06:06;0.0;55.3;;;false
2026-01-04 06:07;0.0;55.3;;;false
2026-01-04 06:08;0.0;55.3;;;false
2026-01-04 06:09;0.0;55.3;;;false
2026-01-04 06:10;0.0;55.3;;;false
2026-01-04 06:11;0.0;55.3;;;false
2026-01-04 06:12;0.0;55.3;;;false
2026-01-04 06:13;0.0;55.3;;;false
2026-01-04 06:14;0.0;55.3;;;false
2026-01-04 06:15;0.0;55.3;8.8;99;false
2026-01-04 06:16;0.0;55.3;;;false
2026-01-04 06:17;0.0;55.3;;;false
2026-01-04 06:18;0.0;55.3;;;false
2026-01-04 06:19;0.0;55.3;;;false
2026-01-04 06:20;0.0;55.3;;;false
2026-01-04 06:21;0.0;55.3;;;false
2026-01-04 06:22;0.0;55.3;;;false
2026-01-04 06:23;0.0;55.3;;;false
2026-01-04 06:24;0.0;55.3;;;false
2026-01-04 06:25;0.0;55.3;;;false
2026-01-04 06:26;0.0;55.3;;;false
2026-01-04 06:27;0.8;55.3;;;false
2026-01-04 06:28;1.9;55.5;;;false
2026-01-04 06:29;1.9;55.5;;;false
2026-01-04 06:30;1.9;55.5;8.7;99;false
2026-01-04 06:31;1.9;55.5;;;false
2026-01-04 06:32;1.9;55.5;;;false
2026-01-04 06:33;1.9;55.5;;;false
2026-01-04 06:34;0.0;55.5;;;false
2026-01-04 06:35;0.0;55.5;;;false
2026-01-04 06:36;0.0;55.5;;;false
2026-01-04 06:37;0.0;55.5;;;false
2026-01-04 06:38;0.0;55.5;;;false
2026-01-04 06:39;0.0;55.5;;;false
2026-01-04 06:40;0.0;55.5;;;false
2026-01-04 06:41;0.0;55.5;;;false
2026-01-04 06:42;0.0;55.5;;;false
2026-01-04 06:43;0.0;55.5;;;false
2026-01-04 06:44;0.0;55.5;;;false
2026-01-04 06:45;0.0;55.5;8.6;99;false
2026-01-04 06:46;0.0;55.5;;;false
2026-01-04 06:47;0.0;55.5;;;false
2026-01-04 06:48;0.0;55.5;;;false
2026-01-04 06:49;0.0;55.5;;;false
2026-01-04 06:50;0.0;55.5;;;false
2026-01-04 06:51;0.0;55.5;;;false
2026-01-04 06:52;0.0;55.5;;;false
2026-01-04 06:53;0.0;55.5;;;false
2026-01-04 06:54;0.0;55.5;;;false
2026-01-04 06:55;0.0;55.5;;;false
2026-01-04 06:56;0.0;55.5;;;false
2026-01-04 06:57;0.0;55.5;;;false
2026-01-04 06:58;0.0;55.5;;;false
2026-01-04 06:59;0.0;55.5;;;false
2026-01-04 07:00;0.0;55.5;8.5;99;false
2026-01-04 07:01;0.0;55.5;;;false
2026-01-04 07:02;0.0;55.5;;;false
2026-01-04 07:03;0.0;55.5;;;false
2026-01-04 07:04;0.0;55.5;;;false
2026-01-04 07:05;0.0;55.5;;;false
2026-01-04 07:06;0.0;55.5;;;false
2026-01-04 07:07;0.0;55.5;;;false
2026-01-04 07:08;0.0;55.5;;;false
2026-01-04 07:09;0.0;55.5;;;false
2026-01-04 07:10;0.0;55.5;;;false
2026-01-04 07:11;0.0;55.5;;;false
2026-01-04 07:12;0.0;55.5;;;false
2026-01-04 07:13;0.0;55.5;;;false
2026-01-04 07:14;0.0;55.5;;;false
2026-01-04 07:15;0.0;55.5;8.4;99;false
2026-01-04 07:16;0.0;55.5;;;false
2026-01-04 07:17;0.0;55.5;;;false
2026-01-04 07:18;0.0;55.5;;;false
2026-01-04 07:19;0.0;55.5;;;false
2026-01-04 07:20;0.0;55.5;;;false
2026-01-04 07:21;0.0;55.5;;;false
2026-01-04 07:22;0.0;55.5;;;false
2026-01-04 07:23;0.0;55.5;;;false
2026-01-04 07:24;0.0;55.5;;;false
2026-01-04 07:25;0.0;55.5;;;false
2026-01-04 07:26;0.0;55.5;;;false
2026-01-04 07:27;0.0;55.5;;;false
2026-01-04 07:28;0.4;55.5;;;false
2026-01-04 07:29;1.9;55.7;;;false
2026-01-04 07:30;1.9;55.7;8.4;99;false
2026-01-04 07:31;1.9;55.7;;;false
2026-01-04 07:32;1.9;55.7;;;false
2026-01-04 07:33;1.9;55.7;;;false
2026-01-04 07:34;1.9;55.7;;;false
2026-01-04 07:35;0.0;55.7;;;false
2026-01-04 07:36;0.0;55.7;;;false
2026-01-04 07:37;0.0;55.7;;;false
2026-01-04 07:38;0.0;55.7;;;false
2026-01-04 07:39;0.0;55.7;;;false
2026-01-04 07:40;0.0;55.7;;;false
2026-01-04 07:41;0.0;55.7;;;false
2026-01-04 07:42;0.0;55.7;;;false
2026-01-04 07:43;0.0;55.7;;;false
2026-01-04 07:44;0.0;55.7;;;false
2026-01-04 07:45;0.0;55.7;8.5;99;false
2026-01-04 07:46;0.0;55.7;;;false
2026-01-04 07:47;0.0;55.7;;;false
2026-01-04 07:48;0.0;55.7;;;false
2026-01-04 07:49;0.0;55.7;;;false
2026-01-04 07:50;0.0;55.7;;;false
2026-01-04 07:51;0.0;55.7;;;false
2026-01-04 07:52;0.0;55.7;;;false
2026-01-04 07:53;0.0;55.7;;;false
2026-01-04 07:54;0.0;55.7;;;false
2026-01-04 07:55;0.0;55.7;;;false
2026-01-04 07:56;0.0;55.7;;;false
2026-01-04 07:57;0.0;55.7;;;false
2026-01-04 07:58;0.0;55.7;;;false
2026-01-04 07:59;0.0;55.7;;;false
2026-01-04 08:00;0.0;55.7;8.5;99;false
2026-01-04 08:01;0.0;55.7;;;false
2026-01-04 08:02;0.0;55.7;;;false
2026-01-04 08:03;0.0;55.7;;;false
2026-01-04 08:04;0.0;55.7;;;false
2026-01-04 08:05;0.0;55.7;;;false
2026-01-04 08:06;0.0;55.7;;;false
2026-01-04 08:07;0.0;55.7;;;false
2026-01-04 08:08;0.0;55.7;;;false
2026-01-04 08:09;0.0;55.7;;;false
2026-01-04 08:10;0.0;55.7;;;false
2026-01-04 08:11;0.0;55.7;;;false
2026-01-04 08:12;0.0;55.7;;;false
2026-01-04 08:13;0.0;55.7;;;false
2026-01-04 08:14;0.0;55.7;;;false
2026-01-04 08:15;0.0;55.7;8.5;99;false
2026-01-04 08:16;0.0;55.7;;;false
2026-01-04 08:17;0.0;55.7;;;false
2026-01-04 08:18;0.0;55.7;;;false
2026-01-04 08:19;0.0;55.7;;;false
2026-01-04 08:20;0.0;55.7;;;false
2026-01-04 08:21;0.0;55.7;;;false
2026-01-04 08:22;0.0;55.7;;;false
2026-01-04 08:23;0.0;55.7;;;false
2026-01-04 08:24;0.0;55.7;;;false
2026-01-04 08:25;0.0;55.7;;;false
2026-01-04 08:26;0.0;55.7;;;false
2026-01-04 08:27;0.0;55.7;;;false
2026-01-04 08:28;0.0;55.7;;;false
2026-01-04 08:29;0.0;55.7;;;false
2026-01-04 08:30;0.0;55.7;8.5;99;false
2026-01-04 08:31;0.0;55.7;;;false
2026-01-04 08:32;0.0;55.7;;;false
2026-01-04 08:33;0.0;55.7;;;false
2026-01-04 08:34;0.0;55.7;;;false
2026-01-04 08:35;0.0;55.7;;;false
2026-01-04 08:36;0.0;55.7;;;false
2026-01-04 08:37;0.0;55.7;;;false
2026-01-04 08:38;0.0;55.7;;;false
2026-01-04 08:39;0.0;55.7;;;false
2026-01-04 08:40;0.0;55.7;;;false
2026-01-04 08:41;0.0;55.7;;;false
2026-01-04 08:42;0.0;55.7;;;false
2026-01-04 08:43;0.0;55.7;;;false
2026-01-04 08:44;0.0;55.7;;;false
2026-01-04 08:45;0.0;55.7;8.5;99;false
2026-01-04 08:46;0.0;55.7;;;false
2026-01-04 08:47;0.0;55.7;;;false
2026-01-04 08:48;0.0;55.7;;;false
2026-01-04 08:49;0.0;55.7;;;false
2026-01-04 08:50;0.0;55.7;;;false
2026-01-04 08:51;0.0;55.7;;;false
2026-01-04 08:52;0.0;55.7;;;false
2026-01-04 08:53;0.0;55.7;;;false
2026-01-04 08:54;0.0;55.7;;;false
2026-01-04 08:55;0.0;55.7;;;false
2026-01-04 08:56;0.0;55.7;;;false
2026-01-04 08:57;0.0;55.7;;;false
2026-01-04 08:58;0.0;55.7;;;false
2026-01-04 08:59;0.0;55.7;;;false
2026-01-04 09:00;0.0;55.7;8.5;99;false
2026-01-04 09:01;0.0;55.7;;;false
2026-01-04 09:02;0.0;55.7;;;false
2026-01-04 09:03;0.0;55.7;;;false
2026-01-04 09:04;0.0;55.7;;;false
2026-01-04 09:05;0.0;55.7;;;false
2026-01-04 09:06;0.0;55.7;;;false
2026-01-04 09:07;0.0;55.7;;;false
2026-01-04 09:08;0.0;55.7;;;false
2026-01-04 09:09;0.0;55.7;;;false
2026-01-04 09:10;0.0;55.7;;;false
2026-01-04 09:11;0.0;55.7;;;false
2026-01-04 09:12;0.0;55.7;;;false
2026-01-04 09:13;0.0;55.7;;;false
2026-01-04 09:14;0.0;55.7;;;false
2026-01-04 09:15;0.0;55.7;8.4;98;false
2026-01-04 09:16;0.0;55.7;;;false
2026-01-04 09:17;0.0;55.7;;;false
2026-01-04 09:18;0.0;55.7;;;false
2026-01-04 09:19;0.0;55.7;;;false
2026-01-04 09:20;0.0;55.7;;;false
2026-01-04 09:21;0.0;55.7;;;false
2026-01-04 09:22;0.0;55.7;;;false
2026-01-04 09:23;0.0;55.7;;;false
2026-01-04 09:24;0.0;55.7;;;false
2026-01-04 09:25;0.0;55.7;;;false
2026-01-04 09:26;0.0;55.7;;;false
2026-01-04 09:27;0.0;55.7;;;false
2026-01-04 09:28;0.0;55.7;;;false
2026-01-04 09:29;0.0;55.7;;;false
2026-01-04 09:30;0.0;55.7;8.4;98;false
2026-01-04 09:31;0.0;55.7;;;false
2026-01-04 09:32;0.0;55.7;;;false
2026-01-04 09:33;0.0;55.7;;;false
2026-01-04 09:34;0.0;55.7;;;false
2026-01-04 09:35;0.0;55.7;;;false
2026-01-04 09:36;0.0;55.7;;;false
2026-01-04 09:37;0.0;55.7;;;false
2026-01-04 09:38;0.0;55.7;;;false
2026-01-04 09:39;0.0;55.7;;;false
2026-01-04 09:40;0.0;55.7;;;false
2026-01-04 09:41;0.0;55.7;;;false
2026-01-04 09:42;0.0;55.7;;;false
2026-01-04 09:43;0.0;55.7;;;false
2026-01-04 09:44;0.0;55.7;;;false
2026-01-04 09:45;0.0;55.7;8.4;98;false
2026-01-04 09:46;0.0;55.7;;;false
2026-01-04 09:47;0.0;55.7;;;false
2026-01-04 09:48;0.0;55.7;;;false
2026-01-04 09:49;0.0;55.7;;;false
2026-01-04 09:50;0.0;55.7;;;false
2026-01-04 09:51;0.0;55.7;;;false
2026-01-04 09:52;0.0;55.7;;;false
2026-01-04 09:53;0.0;55.7;;;false
2026-01-04 09:54;0.0;55.7;;;false
2026-01-04 09:55;0.0;55.7;;;false
2026-01-04 09:56;0.0;55.7;;;false
2026-01-04 09:57;0.0;55.7;;;false
2026-01-04 09:58;0.0;55.7;;;false
2026-01-04 09:59;0.0;55.7;;;false
2026-01-04 10:00;0.0;55.7;8.4;98;false
2026-01-04 10:01;0.0;55.7;;;false
2026-01-04 10:02;0.0;55.7;;;false
2026-01-04 10:03;0.0;55.7;;;false
2026-01-04 10:04;0.0;55.7;;;false
2026-01-04 10:05;0.0;55.7;;;false
2026-01-04 10:06;0.0;55.7;;;false
2026-01-04 10:07;0.0;55.7;;;false
2026-01-04 10:08;0.0;55.7;;;false
2026-01-04 10:09;0.0;55.7;;;false
2026-01-04 10:10;0.0;55.7;;;false
2026-01-04 10:11;0.0;55.7;;;false
2026-01-04 10:12;0.0;55.7;;;false
2026-01-04 10:13;0.0;55.7;;;false
2026-01-04 10:14;0.0;55.7;;;false
2026-01-04 10:15;0.0;55.7;8.5;98;false
2026-01-04 10:16;0.0;55.7;;;false
2026-01-04 10:17;0.0;55.7;;;false
2026-01-04 10:18;0.0;55.7;;;false
2026-01-04 10:19;0.0;55.7;;;false
2026-01-04 10:20;0.0;55.7;;;false
2026-01-04 10:21;0.0;55.7;;;false
2026-01-04 10:22;0.0;55.7;;;false
2026-01-04 10:23;0.0;55.7;;;false
2026-01-04 10:24;0.0;55.7;;;false
2026-01-04 10:25;0.0;55.7;;;false
2026-01-04 10:26;0.0;55.7;;;false
2026-01-04 10:27;0.0;55.7;;;false
2026-01-04 10:28;0.0;55.7;;;false
2026-01-04 10:29;0.0;55.7;;;false
2026-01-04 10:30;0.0;55.7;8.7;97;false
2026-01-04 10:31;0.0;55.7;;;false
2026-01-04 10:32;0.0;55.7;;;false
2026-01-04 10:33;0.0;55.7;;;false
2026-01-04 10:34;0.0;55.7;;;false
2026-01-04 10:35;0.0;55.7;;;false
2026-01-04 10:36;0.0;55.7;;;false
2026-01-04 10:37;0.0;55.7;;;false
2026-01-04 10:38;0.0;55.7;;;false
2026-01-04 10:39;0.0;55.7;;;false
2026-01-04 10:40;0.0;55.7;;;false
2026-01-04 10:41;0.0;55.7;;;false
2026-01-04 10:42;0.0;55.7;;;false
2026-01-04 10:43;0.0;55.7;;;false
2026-01-04 10:44;0.0;55.7;;;false
2026-01-04 10:45;0.0;55.7;8.7;97;false
2026-01-04 10:46;0.0;55.7;;;false
2026-01-04 10:47;0.0;55.7;;;false
2026-01-04 10:48;0.0;55.7;;;false
2026-01-04 10:49;0.0;55.7;;;false
2026-01-04 10:50;0.0;55.7;;;false
2026-01-04 10:51;0.0;55.7;;;false
2026-01-04 10:52;0.0;55.7;;;false
2026-01-04 10:53;0.0;55.7;;;false
2026-01-04 10:54;0.0;55.7;;;false
2026-01-04 10:55;0.0;55.7;;;false
2026-01-04 10:56;0.0;55.7;;;false
2026-01-04 10:57;0.0;55.7;;;false
2026-01-04 10:58;1.3;55.7;;;false
2026-01-04 10:59;1.8;55.9;;;false
2026-01-04 11:00;1.8;55.9;8.8;94;false
2026-01-04 11:01;1.8;55.9;;;false
2026-01-04 11:02;1.8;55.9;;;false
2026-01-04 11:03;1.8;55.9;;;false
2026-01-04 11:04;1.8;55.9;;;false
2026-01-04 11:05;0.0;55.9;;;false
2026-01-04 11:06;0.0;55.9;;;false
2026-01-04 11:07;0.0;55.9;;;false
2026-01-04 11:08;0.0;55.9;;;false
2026-01-04 11:09;0.0;55.9;;;false
2026-01-04 11:10;0.0;55.9;;;false
2026-01-04 11:11;0.0;55.9;;;false
2026-01-04 11:12;0.0;55.9;;;false
2026-01-04 11:13;0.0;55.9;;;false
2026-01-04 11:14;0.0;55.9;;;false
2026-01-04 11:15;0.0;55.9;8.7;95;false
2026-01-04 11:16;0.0;55.9;;;false
2026-01-04 11:17;0.0;55.9;;;false
2026-01-04 11:18;0.0;55.9;;;false
2026-01-04 11:19;0.0;55.9;;;false
2026-01-04 11:20;0.0;55.9;;;false
2026-01-04 11:21;0.0;55.9;;;false
2026-01-04 11:22;0.0;55.9;;;false
2026-01-04 11:23;0.0;55.9;;;false
2026-01-04 11:24;0.0;55.9;;;false
2026-01-04 11:25;0.0;55.9;;;false
2026-01-04 11:26;0.0;55.9;;;false
2026-01-04 11:27;0.0;55.9;;;false
2026-01-04 11:28;0.0;55.9;;;false
2026-01-04 11:29;0.0;55.9;;;false
2026-01-04 11:30;0.0;55.9;8.8;95;false
2026-01-04 11:31;0.0;55.9;;;false
2026-01-04 11:32;0.0;55.9;;;false
2026-01-04 11:33;0.0;55.9;;;false
2026-01-04 11:34;0.0;55.9;;;false
2026-01-04 11:35;0.0;55.9;;;false
2026-01-04 11:36;0.0;55.9;;;false
2026-01-04 11:37;0.0;55.9;;;false
2026-01-04 11:38;0.0;55.9;;;false
2026-01-04 11:39;0.0;55.9;;;false
2026-01-04 11:40;0.0;55.9;;;false
2026-01-04 11:41;0.0;55.9;;;false
2026-01-04 11:42;0.0;55.9;;;false
2026-01-04 11:43;0.0;55.9;;;false
2026-01-04 11:44;0.0;55.9;;;false
2026-01-04 11:45;0.0;55.9;8.9;95;false
2026-01-04 11:46;0.0;55.9;;;false
2026-01-04 11:47;0.0;55.9;;;false
2026-01-04 11:48;0.0;55.9;;;false
2026-01-04 11:49;0.0;55.9;;;false
2026-01-04 11:50;0.0;55.9;;;false
2026-01-04 11:51;0.0;55.9;;;false
2026-01-04 11:52;0.0;55.9;;;false
2026-01-04 11:53;0.0;55.9;;;false
2026-01-04 11:54;0.0;55.9;;;false
2026-01-04 11:55;0.0;55.9;;;false
2026-01-04 11:56;0.0;55.9;;;false
2026-01-04 11:57;0.0;55.9;;;false
2026-01-04 11:58;0.0;55.9;;;false
2026-01-04 11:59;0.0;55.9;;;false
2026-01-04 12:00;0.0;55.9;9.0;97;false
2026-01-04 12:01;0.0;55.9;;;false
2026-01-04 12:02;0.0;55.9;;;false
2026-01-04 12:03;0.0;55.9;;;false
2026-01-04 12:04;0.0;55.9;;;false
2026-01-04 12:05;0.0;55.9;;;false
2026-01-04 12:06;0.0;55.9;;;false
2026-01-04 12:07;0.3;55.9;;;false
2026-01-04 12:08;1.9;56.1;;;false
2026-01-04 12:09;1.9;56.1;;;false
2026-01-04 12:10;1.9;56.1;;;false
2026-01-04 12:11;1.9;56.1;;;false
2026-01-04 12:12;1.9;56.1;;;false
2026-01-04 12:13;1.9;56.1;;;false
2026-01-04 12:14;0.0;56.1;;;false
2026-01-04 12:15;0.0;56.1;8.9;97;false
2026-01-04 12:16;0.0;56.1;;;false
2026-01-04 12:17;0.0;56.1;;;false
2026-01-04 12:18;0.0;56.1;;;false
2026-01-04 12:19;0.0;56.1;;;false
2026-01-04 12:20;0.0;56.1;;;false
2026-01-04 12:21;0.0;56.1;;;false
2026-01-04 12:22;0.0;56.1;;;false
2026-01-04 12:23;0.0;56.1;;;false
2026-01-04 12:24;0.0;56.1;;;false
2026-01-04 12:25;0.0;56.1;;;false
2026-01-04 12:26;0.0;56.1;;;false
2026-01-04 12:27;0.0;56.1;;;false
2026-01-04 12:28;0.0;56.1;;;false
2026-01-04 12:29;0.0;56.1;;;false
2026-01-04 12:30;0.0;56.1;8.8;97;false
2026-01-04 12:31;0.0;56.1;;;false
2026-01-04 12:32;0.0;56.1;;;false
2026-01-04 12:33;0.0;56.1;;;false
2026-01-04 12:34;0.0;56.1;;;false
2026-01-04 12:35;0.0;56.1;;;false
2026-01-04 12:36;0.0;56.1;;;false
2026-01-04 12:37;0.0;56.1;;;false
2026-01-04 12:38;0.0;56.1;;;false
2026-01-04 12:39;0.0;56.1;;;false
2026-01-04 12:40;0.0;56.1;;;false
2026-01-04 12:41;0.0;56.1;;;false
2026-01-04 12:42;0.0;56.1;;;false
2026-01-04 12:43;0.0;56.1;;;false
2026-01-04 12:44;0.0;56.1;;;false
2026-01-04 12:45;0.0;56.1;8.7;97;false
2026-01-04 12:46;0.0;56.1;;;false
2026-01-04 12:47;0.0;56.1;;;false
2026-01-04 12:48;0.0;56.1;;;false
2026-01-04 12:49;0.0;56.1;;;false
2026-01-04 12:50;0.0;56.1;;;false
2026-01-04 12:51;0.0;56.1;;;false
2026-01-04 12:52;0.0;56.1;;;false
2026-01-04 12:53;0.0;56.1;;;false
2026-01-04 12:54;0.0;56.1;;;false
2026-01-04 12:55;0.0;56.1;;;false
2026-01-04 12:56;0.0;56.1;;;false
2026-01-04 12:57;0.0;56.1;;;false
2026-01-04 12:58;0.0;56.1;;;false
2026-01-04 12:59;0.0;56.1;;;false
2026-01-04 13:00;0.0;56.1;8.6;96;false
2026-01-04 13:01;13.5;56.1;;;false
2026-01-04 13:02;12.3;56.5;;;false
2026-01-04 13:03;9.4;56.7;;;false
2026-01-04 13:04;2.4;56.7;;;false
2026-01-04 13:05;1.7;56.9;;;false
2026-01-04 13:06;1.7;56.9;;;false
2026-01-04 13:07;1.7;56.9;;;false
2026-01-04 13:08;1.7;56.9;;;false
2026-01-04 13:09;1.7;56.9;;;false
2026-01-04 13:10;1.7;56.9;;;false
2026-01-04 13:11;0.0;56.9;;;false
2026-01-04 13:12;0.0;56.9;;;false
2026-01-04 13:13;0.0;56.9;;;false
2026-01-04 13:14;0.0;56.9;;;false
2026-01-04 13:15;0.0;56.9;8.5;98;false
2026-01-04 13:16;4.0;56.9;;;false
2026-01-04 13:17;4.6;57.1;;;false
2026-01-04 13:18;4.9;57.1;;;false
2026-01-04 13:19;5.8;57.3;;;false
2026-01-04 13:20;6.9;57.3;;;false
2026-01-04 13:21;10.7;57.5;;;false
2026-01-04 13:22;5.0;57.7;;;false
2026-01-04 13:23;5.0;57.7;;;false
2026-01-04 13:24;3.3;57.7;;;false
2026-01-04 13:25;2.8;57.9;;;false
2026-01-04 13:26;2.8;57.9;;;false
2026-01-04 13:27;2.8;57.9;;;false
2026-01-04 13:28;3.1;57.9;;;false
2026-01-04 13:29;3.5;58.1;;;false
2026-01-04 13:30;3.5;58.1;8.3;95;false
2026-01-04 13:31;3.9;58.1;;;false
2026-01-04 13:32;7.5;58.3;;;false
2026-01-04 13:33;5.3;58.3;;;false
2026-01-04 13:34;3.0;58.5;;;false
2026-01-04 13:35;3.0;58.5;;;false
2026-01-04 13:36;3.0;58.5;;;false
2026-01-04 13:37;3.4;58.5;;;false
2026-01-04 13:38;3.6;58.7;;;false
2026-01-04 13:39;3.6;58.7;;;false
2026-01-04 13:40;3.5;58.7;;;false
2026-01-04 13:41;3.1;58.9;;;false
2026-01-04 13:42;3.1;58.9;;;false
2026-01-04 13:43;3.1;58.9;;;false
2026-01-04 13:44;3.3;58.9;;;false
2026-01-04 13:45;4.0;59.1;8.3;94;false
2026-01-04 13:46;4.0;59.1;;;false
2026-01-04 13:47;4.3;59.1;;;false
2026-01-04 13:48;5.2;59.3;;;false
2026-01-04 13:49;5.2;59.3;;;false
2026-01-04 13:50;4.5;59.3;;;false
2026-01-04 13:51;4.4;59.5;;;false
2026-01-04 13:52;4.2;59.5;;;false
2026-01-04 13:53;3.7;59.7;;;false
2026-01-04 13:54;3.7;59.7;;;false
2026-01-04 13:55;3.7;59.7;;;false
2026-01-04 13:56;4.2;59.9;;;false
2026-01-04 13:57;4.2;59.9;;;false
2026-01-04 13:58;4.1;59.9;;;false
2026-01-04 13:59;3.9;60.1;;;false
2026-01-04 14:00;3.9;60.1;8.1;96;false
2026-01-04 14:01;3.9;60.1;;;false
2026-01-04 14:02;4.0;60.3;;;false
2026-01-04 14:03;4.0;60.3;;;false
2026-01-04 14:04;4.0;60.3;;;false
2026-01-04 14:05;3.9;60.5;;;false
2026-01-04 14:06;3.9;60.5;;;false
2026-01-04 14:07;3.9;60.5;;;false
2026-01-04 14:08;3.5;60.5;;;false
2026-01-04 14:09;3.4;60.7;;;false
2026-01-04 14:10;3.4;60.7;;;false
2026-01-04 14:11;3.9;60.7;;;false
2026-01-04 14:12;4.4;60.9;;;false
2026-01-04 14:13;4.4;60.9;;;false
2026-01-04 14:14;4.5;60.9;;;false
2026-01-04 14:15;4.5;61.1;8.0;95;false
2026-01-04 14:16;4.8;61.1;;;false
2026-01-04 14:17;7.1;61.3;;;false
2026-01-04 14:18;6.2;61.3;;;false
2026-01-04 14:19;4.9;61.5;;;false
2026-01-04 14:20;4.9;61.5;;;false
2026-01-04 14:21;7.1;61.5;;;false
2026-01-04 14:22;6.6;61.7;;;false
2026-01-04 14:23;5.3;61.9;;;false
2026-01-04 14:24;5.3;61.9;;;false
2026-01-04 14:25;5.3;62.1;;;false
2026-01-04 14:26;5.3;62.1;;;false
2026-01-04 14:27;5.4;62.1;;;false
2026-01-04 14:28;5.4;62.3;;;false
2026-01-04 14:29;4.8;62.3;;;false
2026-01-04 14:30;4.3;62.5;7.8;97;false
2026-01-04 14:31;4.3;62.5;;;false
2026-01-04 14:32;3.9;62.5;;;false
2026-01-04 14:33;3.8;62.7;;;false
2026-01-04 14:34;3.8;62.7;;;false
2026-01-04 14:35;2.6;62.7;;;false
2026-01-04 14:36;1.8;62.9;;;false
2026-01-04 14:37;1.8;62.9;;;false
2026-01-04 14:38;1.8;62.9;;;false
2026-01-04 14:39;1.8;62.9;;;false
2026-01-04 14:40;1.8;62.9;;;false
2026-01-04 14:41;;62.9;;;false
2026-01-04 14:42;;63.1;;;false
2026-01-04 14:43;;63.1;;;false
2026-01-04 14:44;;63.1;;;false
2026-01-04 14:45;;63.1;7.8;97;false
